symbol,pattern,date,timeframe,direction,context,confirmation
KSHINTL,Three Black Crows,2026-05-06,1D,bearish,at support,failed
KSHINTL,Inside Bar,2026-05-08,1D,neutral,midair,neutral
KSHINTL,NR4,2026-05-08,1D,neutral,midair,neutral
KSHINTL,Bullish Engulfing,2026-05-11,1D,bullish,midair,failed
KSHINTL,Outside Bar,2026-05-11,1D,neutral,midair,neutral
KSHINTL,Bearish Engulfing,2026-05-12,1D,bearish,midair,failed
KSHINTL,Inverted Hammer,2026-05-13,1D,bullish,midair,confirmed
KSHINTL,Bearish Pin Bar,2026-05-13,1D,bearish,midair,failed
KSHINTL,Tweezer Bottom,2026-05-13,1D,bullish,midair,confirmed
KSHINTL,NR7,2026-05-13,1D,neutral,midair,neutral
KSHINTL,Morning Star,2026-05-14,1D,bullish,midair,failed
KSHINTL,Inside Bar,2026-05-15,1D,neutral,midair,neutral
KSHINTL,Bearish Engulfing,2026-05-19,1D,bearish,midair,failed
KSHINTL,Outside Bar,2026-05-19,1D,neutral,midair,neutral
KSHINTL,Shooting Star,2026-05-22,1D,bearish,midair,confirmed
KSHINTL,NR4,2026-05-22,1D,neutral,midair,neutral
KSHINTL,Three White Soldiers,2026-05-22,1D,bullish,midair,failed
KSHINTL,Bearish Engulfing,2026-05-25,1D,bearish,at resistance,failed
KSHINTL,Outside Bar,2026-05-25,1D,neutral,at resistance,neutral
KSHINTL,Doji,2026-05-28,1D,neutral,midair,neutral
KSHINTL,Inside Bar,2026-05-28,1D,neutral,midair,neutral
KSHINTL,Outside Bar,2026-05-29,1D,neutral,midair,neutral
KSHINTL,Shooting Star,2026-06-01,1D,bearish,midair,failed
KSHINTL,Bearish Pin Bar,2026-06-01,1D,bearish,midair,failed
KSHINTL,Bullish Harami,2026-06-01,1D,bullish,midair,confirmed
KSHINTL,Inside Bar,2026-06-01,1D,neutral,midair,neutral
KSHINTL,Long-legged Doji,2026-06-02,1D,neutral,midair,pending (last bar)
DEEDEV,Shooting Star,2026-05-05,1D,bearish,at resistance,confirmed
DEEDEV,Bearish Pin Bar,2026-05-05,1D,bearish,at resistance,confirmed
DEEDEV,Bullish Engulfing,2026-05-07,1D,bullish,at support,confirmed
DEEDEV,Three White Soldiers,2026-05-11,1D,bullish,midair,failed
DEEDEV,Shooting Star,2026-05-13,1D,bearish,midair,failed
DEEDEV,Inside Bar,2026-05-13,1D,neutral,midair,neutral
DEEDEV,NR4,2026-05-13,1D,neutral,midair,neutral
DEEDEV,Hanging Man,2026-05-14,1D,bearish,midair,failed
DEEDEV,Bullish Pin Bar,2026-05-14,1D,bullish,midair,confirmed
DEEDEV,Inside Bar,2026-05-14,1D,neutral,midair,neutral
DEEDEV,NR7,2026-05-14,1D,neutral,midair,neutral
DEEDEV,Long-legged Doji,2026-05-15,1D,neutral,midair,neutral
DEEDEV,Bearish Marubozu,2026-05-18,1D,bearish,midair,confirmed
DEEDEV,Bearish Engulfing,2026-05-18,1D,bearish,midair,confirmed
DEEDEV,Shooting Star,2026-05-19,1D,bearish,at S/R confluence,failed
DEEDEV,Bearish Pin Bar,2026-05-19,1D,bearish,at S/R confluence,failed
DEEDEV,NR7,2026-05-19,1D,neutral,at S/R confluence,neutral
DEEDEV,Bullish Marubozu,2026-05-20,1D,bullish,midair,confirmed
DEEDEV,Bullish Engulfing,2026-05-20,1D,bullish,midair,confirmed
DEEDEV,Outside Bar,2026-05-20,1D,neutral,midair,neutral
DEEDEV,Dragonfly Doji,2026-05-21,1D,bullish,midair,confirmed
DEEDEV,Hammer,2026-05-21,1D,bullish,midair,confirmed
DEEDEV,Bullish Pin Bar,2026-05-21,1D,bullish,midair,confirmed
DEEDEV,Doji,2026-05-22,1D,neutral,midair,neutral
DEEDEV,Dragonfly Doji,2026-05-25,1D,bullish,midair,failed
DEEDEV,Bullish Pin Bar,2026-05-25,1D,bullish,midair,failed
DEEDEV,Doji,2026-05-26,1D,neutral,midair,neutral
DEEDEV,Outside Bar,2026-05-26,1D,neutral,midair,neutral
DEEDEV,Bullish Marubozu,2026-05-27,1D,bullish,midair,confirmed
DEEDEV,Inside Bar,2026-05-27,1D,neutral,midair,neutral
DEEDEV,NR4,2026-06-01,1D,neutral,midair,neutral
DEEDEV,Three White Soldiers,2026-06-01,1D,bullish,midair,confirmed
DEEDEV,Dragonfly Doji,2026-06-02,1D,bullish,midair,pending (last bar)
DEEDEV,Hanging Man,2026-06-02,1D,bearish,midair,pending (last bar)
DEEDEV,Bullish Pin Bar,2026-06-02,1D,bullish,midair,pending (last bar)
DEEDEV,Three White Soldiers,2026-06-02,1D,bullish,midair,pending (last bar)
540492,Bullish Marubozu,2026-05-04,1D,bullish,at resistance,confirmed
540492,Shooting Star,2026-05-05,1D,bearish,at resistance,confirmed
540492,Bearish Pin Bar,2026-05-05,1D,bearish,at resistance,confirmed
540492,Three White Soldiers,2026-05-05,1D,bullish,at resistance,failed
540492,Doji,2026-05-06,1D,neutral,at resistance,neutral
540492,Doji,2026-05-07,1D,neutral,midair,neutral
540492,Doji,2026-05-08,1D,neutral,midair,neutral
540492,Doji,2026-05-11,1D,neutral,midair,neutral
540492,Doji,2026-05-12,1D,neutral,at S/R confluence,neutral
540492,Doji,2026-05-13,1D,neutral,at S/R confluence,neutral
540492,Doji,2026-05-14,1D,neutral,at resistance,neutral
540492,Doji,2026-05-15,1D,neutral,at resistance,neutral
540492,Gravestone Doji,2026-05-18,1D,bearish,at support,confirmed
540492,Inverted Hammer,2026-05-18,1D,bullish,at support,failed
540492,Bearish Pin Bar,2026-05-18,1D,bearish,at support,confirmed
540492,Outside Bar,2026-05-18,1D,neutral,at support,neutral
540492,Bullish Marubozu,2026-05-20,1D,bullish,at support,failed
540492,Inside Bar,2026-05-20,1D,neutral,at support,neutral
540492,Hammer,2026-05-25,1D,bullish,at support,confirmed
540492,Inside Bar,2026-05-25,1D,neutral,at support,neutral
540492,Bullish Engulfing,2026-05-26,1D,bullish,at support,failed
540492,Outside Bar,2026-05-26,1D,neutral,at support,neutral
540492,Inside Bar,2026-05-27,1D,neutral,at support,neutral
540492,NR7,2026-05-27,1D,neutral,at support,neutral
540492,Outside Bar,2026-05-29,1D,neutral,at support,neutral
540492,Three Black Crows,2026-06-01,1D,bearish,at support,pending (last bar)
STLTECH,Three White Soldiers,2026-05-06,1D,bullish,midair,confirmed
STLTECH,Doji,2026-05-07,1D,neutral,midair,neutral
STLTECH,Doji,2026-05-08,1D,neutral,midair,neutral
STLTECH,Doji,2026-05-11,1D,neutral,midair,neutral
STLTECH,Long-legged Doji,2026-05-12,1D,neutral,midair,neutral
STLTECH,Outside Bar,2026-05-12,1D,neutral,midair,neutral
STLTECH,Bullish Engulfing,2026-05-13,1D,bullish,midair,confirmed
STLTECH,Tweezer Top,2026-05-13,1D,bearish,midair,failed
STLTECH,Inside Bar,2026-05-13,1D,neutral,midair,neutral
STLTECH,Outside Bar,2026-05-14,1D,neutral,at resistance,neutral
STLTECH,Inside Bar,2026-05-19,1D,neutral,midair,neutral
STLTECH,NR4,2026-05-19,1D,neutral,midair,neutral
STLTECH,Three White Soldiers,2026-05-22,1D,bullish,midair,confirmed
STLTECH,Doji,2026-05-25,1D,neutral,midair,neutral
STLTECH,Doji,2026-05-26,1D,neutral,midair,neutral
STLTECH,Doji,2026-05-27,1D,neutral,midair,neutral
STLTECH,Doji,2026-05-28,1D,neutral,midair,neutral
STLTECH,Tweezer Top,2026-05-28,1D,bearish,midair,failed
STLTECH,Doji,2026-05-29,1D,neutral,midair,neutral
STLTECH,Doji,2026-06-01,1D,neutral,midair,neutral
STLTECH,Dragonfly Doji,2026-06-02,1D,bullish,midair,pending (last bar)
STLTECH,Bullish Pin Bar,2026-06-02,1D,bullish,midair,pending (last bar)
STLTECH,Outside Bar,2026-06-02,1D,neutral,midair,pending (last bar)
KSHITIJPOL,Doji,2026-05-06,1D,neutral,at support,neutral
KSHITIJPOL,Dragonfly Doji,2026-05-07,1D,bullish,at S/R confluence,confirmed
KSHITIJPOL,Bullish Pin Bar,2026-05-07,1D,bullish,at S/R confluence,confirmed
KSHITIJPOL,Outside Bar,2026-05-07,1D,neutral,at S/R confluence,neutral
KSHITIJPOL,Dragonfly Doji,2026-05-08,1D,bullish,midair,confirmed
KSHITIJPOL,Bullish Pin Bar,2026-05-08,1D,bullish,midair,confirmed
KSHITIJPOL,Doji,2026-05-11,1D,neutral,midair,neutral
KSHITIJPOL,Bearish Marubozu,2026-05-12,1D,bearish,at resistance,confirmed
KSHITIJPOL,Doji,2026-05-13,1D,neutral,midair,neutral
KSHITIJPOL,Doji,2026-05-14,1D,neutral,midair,neutral
KSHITIJPOL,Bearish Marubozu,2026-05-15,1D,bearish,at S/R confluence,confirmed
KSHITIJPOL,Outside Bar,2026-05-15,1D,neutral,at S/R confluence,neutral
KSHITIJPOL,Doji,2026-05-18,1D,neutral,at S/R confluence,neutral
KSHITIJPOL,Bullish Marubozu,2026-05-19,1D,bullish,at S/R confluence,failed
KSHITIJPOL,Outside Bar,2026-05-19,1D,neutral,at S/R confluence,neutral
KSHITIJPOL,Hammer,2026-05-25,1D,bullish,midair,confirmed
KSHITIJPOL,NR4,2026-05-25,1D,neutral,midair,neutral
KSHITIJPOL,Bullish Engulfing,2026-05-26,1D,bullish,midair,confirmed
KSHITIJPOL,Outside Bar,2026-05-26,1D,neutral,midair,neutral
KSHITIJPOL,Dragonfly Doji,2026-05-27,1D,bullish,at resistance,failed
KSHITIJPOL,Bullish Pin Bar,2026-05-27,1D,bullish,at resistance,failed
KSHITIJPOL,Doji,2026-05-28,1D,neutral,at resistance,neutral
KSHITIJPOL,Tweezer Top,2026-05-28,1D,bearish,at resistance,failed
KSHITIJPOL,Bearish Marubozu,2026-06-01,1D,bearish,midair,failed
KSHITIJPOL,Gravestone Doji,2026-06-02,1D,bearish,midair,pending (last bar)
KSHITIJPOL,Bearish Pin Bar,2026-06-02,1D,bearish,midair,pending (last bar)
ANTELOPUS,NR4,2026-05-07,1D,neutral,at S/R confluence,neutral
ANTELOPUS,Three Black Crows,2026-05-07,1D,bearish,at S/R confluence,confirmed
ANTELOPUS,Hanging Man,2026-05-08,1D,bearish,at S/R confluence,failed
ANTELOPUS,Three Black Crows,2026-05-08,1D,bearish,at S/R confluence,failed
ANTELOPUS,NR4,2026-05-11,1D,neutral,at S/R confluence,neutral
ANTELOPUS,Bullish Marubozu,2026-05-12,1D,bullish,at resistance,confirmed
ANTELOPUS,Three White Soldiers,2026-05-13,1D,bullish,at resistance,failed
ANTELOPUS,Morning Star,2026-05-18,1D,bullish,at resistance,failed
ANTELOPUS,Inside Bar,2026-05-19,1D,neutral,at resistance,neutral
ANTELOPUS,NR4,2026-05-19,1D,neutral,at resistance,neutral
ANTELOPUS,Tweezer Top,2026-05-20,1D,bearish,at resistance,confirmed
ANTELOPUS,Outside Bar,2026-05-20,1D,neutral,at resistance,neutral
ANTELOPUS,Three Black Crows,2026-05-21,1D,bearish,at resistance,confirmed
ANTELOPUS,NR7,2026-05-22,1D,neutral,at S/R confluence,neutral
ANTELOPUS,Three Black Crows,2026-05-22,1D,bearish,at S/R confluence,failed
ANTELOPUS,Outside Bar,2026-05-25,1D,neutral,at resistance,neutral
ANTELOPUS,Bullish Marubozu,2026-05-26,1D,bullish,at resistance,failed
ANTELOPUS,NR7,2026-05-26,1D,neutral,at resistance,neutral
ANTELOPUS,Doji,2026-05-28,1D,neutral,at resistance,neutral
ANTELOPUS,Inside Bar,2026-05-28,1D,neutral,at resistance,neutral
ANTELOPUS,Inverted Hammer,2026-05-29,1D,bullish,at resistance,confirmed
ANTELOPUS,Tweezer Bottom,2026-05-29,1D,bullish,at resistance,confirmed
ANTELOPUS,Morning Star,2026-05-29,1D,bullish,at resistance,confirmed
ANTELOPUS,Three White Soldiers,2026-06-02,1D,bullish,midair,pending (last bar)
SCPL,Bullish Marubozu,2026-05-05,1D,bullish,midair,confirmed
SCPL,Three White Soldiers,2026-05-05,1D,bullish,midair,confirmed
SCPL,Three White Soldiers,2026-05-06,1D,bullish,midair,confirmed
SCPL,Three White Soldiers,2026-05-07,1D,bullish,at resistance,failed
SCPL,Outside Bar,2026-05-08,1D,neutral,at resistance,neutral
SCPL,Shooting Star,2026-05-11,1D,bearish,midair,confirmed
SCPL,Bearish Pin Bar,2026-05-11,1D,bearish,midair,confirmed
SCPL,Outside Bar,2026-05-11,1D,neutral,midair,neutral
SCPL,Bearish Marubozu,2026-05-12,1D,bearish,midair,failed
SCPL,Bearish Engulfing,2026-05-12,1D,bearish,midair,failed
SCPL,Piercing Line,2026-05-13,1D,bullish,midair,failed
SCPL,NR4,2026-05-15,1D,neutral,midair,neutral
SCPL,NR7,2026-05-18,1D,neutral,midair,neutral
SCPL,Inverted Hammer,2026-05-19,1D,bullish,midair,confirmed
SCPL,Bearish Pin Bar,2026-05-19,1D,bearish,midair,failed
SCPL,NR7,2026-05-19,1D,neutral,midair,neutral
SCPL,Three White Soldiers,2026-05-19,1D,bullish,midair,confirmed
SCPL,Three White Soldiers,2026-05-20,1D,bullish,midair,confirmed
SCPL,Doji,2026-05-21,1D,neutral,at resistance,neutral
SCPL,Hammer,2026-05-21,1D,bullish,at resistance,failed
SCPL,Bullish Pin Bar,2026-05-21,1D,bullish,at resistance,failed
SCPL,Evening Star,2026-05-22,1D,bearish,midair,confirmed
SCPL,Bearish Marubozu,2026-05-25,1D,bearish,midair,confirmed
SCPL,Three Black Crows,2026-05-25,1D,bearish,midair,confirmed
SCPL,Three Black Crows,2026-05-26,1D,bearish,midair,confirmed
SCPL,Three Black Crows,2026-05-27,1D,bearish,midair,failed
SCPL,NR7,2026-05-29,1D,neutral,midair,neutral
SCPL,Bullish Marubozu,2026-06-01,1D,bullish,midair,confirmed
SCPL,NR7,2026-06-01,1D,neutral,midair,neutral
SCPL,Morning Star,2026-06-01,1D,bullish,midair,confirmed
SCPL,Outside Bar,2026-06-02,1D,neutral,at resistance,pending (last bar)
SCPL,Three White Soldiers,2026-06-02,1D,bullish,at resistance,pending (last bar)
ATLANTAELE,Tweezer Top,2026-05-06,1D,bearish,at support,failed
ATLANTAELE,Three Black Crows,2026-05-06,1D,bearish,at support,failed
ATLANTAELE,Bullish Engulfing,2026-05-07,1D,bullish,midair,confirmed
ATLANTAELE,Tweezer Bottom,2026-05-07,1D,bullish,midair,confirmed
ATLANTAELE,Inside Bar,2026-05-07,1D,neutral,midair,neutral
ATLANTAELE,Long-legged Doji,2026-05-08,1D,neutral,midair,neutral
ATLANTAELE,Doji,2026-05-11,1D,neutral,midair,neutral
ATLANTAELE,Dragonfly Doji,2026-05-12,1D,bullish,at resistance,failed
ATLANTAELE,Bullish Pin Bar,2026-05-12,1D,bullish,at resistance,failed
ATLANTAELE,Tweezer Bottom,2026-05-13,1D,bullish,at resistance,confirmed
ATLANTAELE,NR4,2026-05-18,1D,neutral,midair,neutral
ATLANTAELE,Three Black Crows,2026-05-18,1D,bearish,midair,confirmed
ATLANTAELE,Three Black Crows,2026-05-19,1D,bearish,at support,failed
ATLANTAELE,Bullish Engulfing,2026-05-20,1D,bullish,midair,failed
ATLANTAELE,Doji,2026-05-21,1D,neutral,midair,neutral
ATLANTAELE,Inverted Hammer,2026-05-21,1D,bullish,midair,confirmed
ATLANTAELE,Bearish Pin Bar,2026-05-21,1D,bearish,midair,failed
ATLANTAELE,NR7,2026-05-21,1D,neutral,midair,neutral
ATLANTAELE,Tweezer Bottom,2026-05-22,1D,bullish,midair,confirmed
ATLANTAELE,Three White Soldiers,2026-05-26,1D,bullish,midair,confirmed
ATLANTAELE,Bullish Marubozu,2026-05-27,1D,bullish,at resistance,failed
ATLANTAELE,NR7,2026-05-27,1D,neutral,at resistance,neutral
ATLANTAELE,Three White Soldiers,2026-05-27,1D,bullish,at resistance,failed
ATLANTAELE,Doji,2026-05-28,1D,neutral,at resistance,neutral
ATLANTAELE,Tweezer Top,2026-05-28,1D,bearish,at resistance,failed
ATLANTAELE,Dragonfly Doji,2026-05-29,1D,bullish,midair,confirmed
ATLANTAELE,Hanging Man,2026-05-29,1D,bearish,midair,failed
ATLANTAELE,Bullish Pin Bar,2026-05-29,1D,bullish,midair,confirmed
ATLANTAELE,Outside Bar,2026-05-29,1D,neutral,midair,neutral
ATLANTAELE,Inside Bar,2026-06-02,1D,neutral,midair,pending (last bar)
BHAGYANGR,Doji,2026-05-05,1D,neutral,midair,neutral
BHAGYANGR,Bearish Pin Bar,2026-05-05,1D,bearish,midair,failed
BHAGYANGR,Bullish Marubozu,2026-05-06,1D,bullish,midair,confirmed
BHAGYANGR,Doji,2026-05-07,1D,neutral,midair,neutral
BHAGYANGR,Long-legged Doji,2026-05-08,1D,neutral,midair,neutral
BHAGYANGR,Outside Bar,2026-05-08,1D,neutral,midair,neutral
BHAGYANGR,Bearish Engulfing,2026-05-11,1D,bearish,midair,failed
BHAGYANGR,Outside Bar,2026-05-11,1D,neutral,midair,neutral
BHAGYANGR,Bullish Marubozu,2026-05-12,1D,bullish,midair,confirmed
BHAGYANGR,Bullish Engulfing,2026-05-12,1D,bullish,midair,confirmed
BHAGYANGR,Inside Bar,2026-05-12,1D,neutral,midair,neutral
BHAGYANGR,Bullish Marubozu,2026-05-13,1D,bullish,at resistance,failed
BHAGYANGR,NR4,2026-05-13,1D,neutral,at resistance,neutral
BHAGYANGR,Dark Cloud Cover,2026-05-14,1D,bearish,midair,confirmed
BHAGYANGR,Outside Bar,2026-05-14,1D,neutral,midair,neutral
BHAGYANGR,Bearish Marubozu,2026-05-18,1D,bearish,midair,confirmed
BHAGYANGR,NR7,2026-05-18,1D,neutral,midair,neutral
BHAGYANGR,Three Black Crows,2026-05-18,1D,bearish,midair,confirmed
BHAGYANGR,Bearish Marubozu,2026-05-19,1D,bearish,midair,failed
BHAGYANGR,Three Black Crows,2026-05-19,1D,bearish,midair,failed
BHAGYANGR,Long-legged Doji,2026-05-22,1D,neutral,midair,neutral
BHAGYANGR,NR4,2026-05-26,1D,neutral,midair,neutral
BHAGYANGR,Three White Soldiers,2026-05-26,1D,bullish,midair,failed
BHAGYANGR,Inside Bar,2026-05-27,1D,neutral,midair,neutral
BHAGYANGR,NR7,2026-05-27,1D,neutral,midair,neutral
BHAGYANGR,Bullish Engulfing,2026-05-29,1D,bullish,midair,confirmed
BHAGYANGR,Outside Bar,2026-05-29,1D,neutral,midair,neutral
BHAGYANGR,Bullish Marubozu,2026-06-01,1D,bullish,midair,confirmed
BHAGYANGR,Three White Soldiers,2026-06-02,1D,bullish,midair,pending (last bar)
AEROFLEX,Bullish Marubozu,2026-05-07,1D,bullish,at resistance,confirmed
AEROFLEX,Three White Soldiers,2026-05-07,1D,bullish,at resistance,confirmed
AEROFLEX,Three White Soldiers,2026-05-08,1D,bullish,midair,failed
AEROFLEX,Bearish Marubozu,2026-05-11,1D,bearish,midair,confirmed
AEROFLEX,NR4,2026-05-11,1D,neutral,midair,neutral
AEROFLEX,Doji,2026-05-13,1D,neutral,midair,neutral
AEROFLEX,Bearish Pin Bar,2026-05-13,1D,bearish,midair,confirmed
AEROFLEX,Inside Bar,2026-05-13,1D,neutral,midair,neutral
AEROFLEX,NR4,2026-05-13,1D,neutral,midair,neutral
AEROFLEX,Bullish Harami,2026-05-15,1D,bullish,midair,failed
AEROFLEX,Outside Bar,2026-05-15,1D,neutral,midair,neutral
AEROFLEX,Doji,2026-05-18,1D,neutral,midair,neutral
AEROFLEX,Hanging Man,2026-05-18,1D,bearish,midair,failed
AEROFLEX,Bullish Pin Bar,2026-05-18,1D,bullish,midair,confirmed
AEROFLEX,Bearish Harami,2026-05-18,1D,bearish,midair,failed
AEROFLEX,Inside Bar,2026-05-18,1D,neutral,midair,neutral
AEROFLEX,NR7,2026-05-18,1D,neutral,midair,neutral
AEROFLEX,Dark Cloud Cover,2026-05-21,1D,bearish,midair,failed
AEROFLEX,Outside Bar,2026-05-22,1D,neutral,midair,neutral
AEROFLEX,Hanging Man,2026-05-25,1D,bearish,at resistance,confirmed
AEROFLEX,NR7,2026-05-25,1D,neutral,at resistance,neutral
AEROFLEX,Shooting Star,2026-05-27,1D,bearish,at resistance,failed
AEROFLEX,Bearish Pin Bar,2026-05-27,1D,bearish,at resistance,failed
AEROFLEX,Bullish Harami,2026-05-27,1D,bullish,at resistance,failed
AEROFLEX,Doji,2026-05-28,1D,neutral,at resistance,neutral
AEROFLEX,Inside Bar,2026-05-28,1D,neutral,at resistance,neutral
AEROFLEX,Hanging Man,2026-05-29,1D,bearish,midair,confirmed
AEROFLEX,Bullish Pin Bar,2026-05-29,1D,bullish,midair,failed
AEROFLEX,Outside Bar,2026-05-29,1D,neutral,midair,neutral
AEROFLEX,Evening Star,2026-05-29,1D,bearish,midair,confirmed
AEROFLEX,Bullish Engulfing,2026-06-02,1D,bullish,at resistance,pending (last bar)
UFBL,Tweezer Top,2026-05-05,1D,bearish,at resistance,failed
UFBL,Outside Bar,2026-05-05,1D,neutral,at resistance,neutral
UFBL,Bullish Engulfing,2026-05-06,1D,bullish,at resistance,confirmed
UFBL,NR7,2026-05-07,1D,neutral,midair,neutral
UFBL,Three White Soldiers,2026-05-08,1D,bullish,midair,failed
UFBL,Long-legged Doji,2026-05-11,1D,neutral,midair,neutral
UFBL,Bearish Harami,2026-05-11,1D,bearish,midair,confirmed
UFBL,Inside Bar,2026-05-11,1D,neutral,midair,neutral
UFBL,Evening Star,2026-05-12,1D,bearish,at resistance,failed
UFBL,Inside Bar,2026-05-13,1D,neutral,at resistance,neutral
UFBL,NR7,2026-05-13,1D,neutral,at resistance,neutral
UFBL,Morning Star,2026-05-14,1D,bullish,at resistance,confirmed
UFBL,Long-legged Doji,2026-05-15,1D,neutral,at resistance,neutral
UFBL,Three White Soldiers,2026-05-15,1D,bullish,at resistance,confirmed
UFBL,Long-legged Doji,2026-05-18,1D,neutral,at resistance,neutral
UFBL,Inside Bar,2026-05-18,1D,neutral,at resistance,neutral
UFBL,Evening Star,2026-05-19,1D,bearish,at resistance,failed
UFBL,Bullish Marubozu,2026-05-20,1D,bullish,at resistance,confirmed
UFBL,Bullish Engulfing,2026-05-20,1D,bullish,at resistance,confirmed
UFBL,Bullish Marubozu,2026-05-21,1D,bullish,midair,failed
UFBL,Hanging Man,2026-05-22,1D,bearish,midair,failed
UFBL,NR4,2026-05-22,1D,neutral,midair,neutral
UFBL,Bullish Engulfing,2026-05-25,1D,bullish,at resistance,failed
UFBL,Bearish Harami,2026-05-26,1D,bearish,midair,failed
UFBL,NR7,2026-05-27,1D,neutral,midair,neutral
UFBL,Morning Star,2026-05-29,1D,bullish,midair,failed
UFBL,Bearish Engulfing,2026-06-01,1D,bearish,midair,failed
UFBL,Outside Bar,2026-06-01,1D,neutral,midair,neutral
534755,Gravestone Doji,2026-05-04,1D,bearish,at support,failed
534755,Bearish Pin Bar,2026-05-04,1D,bearish,at support,failed
534755,Bullish Marubozu,2026-05-05,1D,bullish,at support,failed
534755,Inside Bar,2026-05-05,1D,neutral,at support,neutral
534755,Bearish Marubozu,2026-05-06,1D,bearish,at support,failed
534755,Bearish Engulfing,2026-05-06,1D,bearish,at support,failed
534755,Outside Bar,2026-05-06,1D,neutral,at support,neutral
534755,Gravestone Doji,2026-05-07,1D,bearish,at support,failed
534755,Shooting Star,2026-05-07,1D,bearish,at support,failed
534755,Bearish Pin Bar,2026-05-07,1D,bearish,at support,failed
534755,Bearish Marubozu,2026-05-08,1D,bearish,at support,failed
534755,Tweezer Bottom,2026-05-08,1D,bullish,at support,failed
534755,Bearish Marubozu,2026-05-11,1D,bearish,at support,failed
534755,Tweezer Bottom,2026-05-11,1D,bullish,at support,confirmed
534755,NR4,2026-05-11,1D,neutral,at support,neutral
534755,Dragonfly Doji,2026-05-12,1D,bullish,at support,failed
534755,Bullish Pin Bar,2026-05-12,1D,bullish,at support,failed
534755,Tweezer Bottom,2026-05-12,1D,bullish,at support,failed
534755,Bearish Marubozu,2026-05-13,1D,bearish,at support,failed
534755,NR7,2026-05-13,1D,neutral,at support,neutral
534755,Bullish Marubozu,2026-05-14,1D,bullish,at resistance,failed
534755,Bullish Engulfing,2026-05-14,1D,bullish,at resistance,failed
534755,Gravestone Doji,2026-05-15,1D,bearish,at resistance,failed
534755,Bearish Pin Bar,2026-05-15,1D,bearish,at resistance,failed
534755,Shooting Star,2026-05-18,1D,bearish,at resistance,failed
534755,Bearish Pin Bar,2026-05-18,1D,bearish,at resistance,failed
534755,Gravestone Doji,2026-05-19,1D,bearish,at resistance,confirmed
534755,Bearish Pin Bar,2026-05-19,1D,bearish,at resistance,confirmed
534755,Inside Bar,2026-05-19,1D,neutral,at resistance,neutral
534755,NR4,2026-05-19,1D,neutral,at resistance,neutral
534755,Bearish Marubozu,2026-05-20,1D,bearish,at S/R confluence,failed
534755,Evening Star,2026-05-20,1D,bearish,at S/R confluence,failed
534755,Piercing Line,2026-05-21,1D,bullish,at resistance,failed
534755,Outside Bar,2026-05-21,1D,neutral,at resistance,neutral
534755,Doji,2026-05-22,1D,neutral,at resistance,neutral
534755,Inside Bar,2026-05-22,1D,neutral,at resistance,neutral
534755,Bearish Marubozu,2026-05-25,1D,bearish,at support,failed
534755,Tweezer Top,2026-05-25,1D,bearish,at support,failed
534755,Evening Star,2026-05-25,1D,bearish,at support,failed
534755,Bullish Marubozu,2026-05-26,1D,bullish,at S/R confluence,confirmed
534755,Bullish Harami,2026-05-26,1D,bullish,at S/R confluence,confirmed
534755,Inside Bar,2026-05-26,1D,neutral,at S/R confluence,neutral
534755,Doji,2026-05-27,1D,neutral,at resistance,neutral
534755,Doji,2026-05-29,1D,neutral,midair,neutral
534755,Doji,2026-06-01,1D,neutral,midair,pending (last bar)
OMNI,Hammer,2026-05-06,1D,bullish,at resistance,failed
OMNI,Inside Bar,2026-05-07,1D,neutral,at resistance,neutral
OMNI,NR4,2026-05-08,1D,neutral,at resistance,neutral
OMNI,Shooting Star,2026-05-11,1D,bearish,at resistance,confirmed
OMNI,Bearish Pin Bar,2026-05-11,1D,bearish,at resistance,confirmed
OMNI,Bearish Engulfing,2026-05-11,1D,bearish,at resistance,confirmed
OMNI,Bullish Harami,2026-05-13,1D,bullish,at resistance,failed
OMNI,Inside Bar,2026-05-13,1D,neutral,at resistance,neutral
OMNI,NR4,2026-05-15,1D,neutral,midair,neutral
OMNI,Three Black Crows,2026-05-18,1D,bearish,at support,failed
OMNI,Bullish Harami,2026-05-19,1D,bullish,midair,confirmed
OMNI,Inside Bar,2026-05-19,1D,neutral,midair,neutral
OMNI,NR7,2026-05-19,1D,neutral,midair,neutral
OMNI,Inverted Hammer,2026-05-20,1D,bullish,midair,confirmed
OMNI,Bearish Pin Bar,2026-05-20,1D,bearish,midair,failed
OMNI,NR7,2026-05-21,1D,neutral,at resistance,neutral
OMNI,Three White Soldiers,2026-05-21,1D,bullish,at resistance,confirmed
OMNI,Three White Soldiers,2026-05-22,1D,bullish,at resistance,failed
OMNI,Bearish Engulfing,2026-05-25,1D,bearish,at resistance,confirmed
OMNI,Outside Bar,2026-05-25,1D,neutral,at resistance,neutral
OMNI,Inside Bar,2026-05-26,1D,neutral,at resistance,neutral
OMNI,Shooting Star,2026-05-27,1D,bearish,at resistance,failed
OMNI,NR7,2026-05-27,1D,neutral,at resistance,neutral
OMNI,Doji,2026-05-28,1D,neutral,at resistance,neutral
OMNI,Inside Bar,2026-05-28,1D,neutral,at resistance,neutral
OMNI,Morning Star,2026-05-29,1D,bullish,midair,failed
OMNI,Long-legged Doji,2026-06-01,1D,neutral,midair,neutral
OMNI,Inside Bar,2026-06-02,1D,neutral,midair,pending (last bar)
532380,Shooting Star,2026-05-04,1D,bearish,midair,confirmed
532380,Inside Bar,2026-05-04,1D,neutral,midair,neutral
532380,Tweezer Top,2026-05-05,1D,bearish,midair,failed
532380,Inside Bar,2026-05-06,1D,neutral,at resistance,neutral
532380,NR4,2026-05-06,1D,neutral,at resistance,neutral
532380,Bearish Harami,2026-05-07,1D,bearish,at resistance,confirmed
532380,Inside Bar,2026-05-07,1D,neutral,at resistance,neutral
532380,NR7,2026-05-07,1D,neutral,at resistance,neutral
532380,Long-legged Doji,2026-05-08,1D,neutral,midair,neutral
532380,Inverted Hammer,2026-05-12,1D,bullish,at support,failed
532380,Bearish Pin Bar,2026-05-12,1D,bearish,at support,confirmed
532380,Outside Bar,2026-05-12,1D,neutral,at support,neutral
532380,Bearish Marubozu,2026-05-13,1D,bearish,at S/R confluence,failed
532380,NR4,2026-05-13,1D,neutral,at S/R confluence,neutral
532380,Evening Star,2026-05-13,1D,bearish,at S/R confluence,failed
532380,Tweezer Bottom,2026-05-18,1D,bullish,at S/R confluence,confirmed
532380,Bearish Marubozu,2026-05-19,1D,bearish,at S/R confluence,failed
532380,NR7,2026-05-19,1D,neutral,at S/R confluence,neutral
532380,Dragonfly Doji,2026-05-20,1D,bullish,at support,confirmed
532380,Hammer,2026-05-20,1D,bullish,at support,confirmed
532380,Bullish Pin Bar,2026-05-20,1D,bullish,at support,confirmed
532380,NR7,2026-05-20,1D,neutral,at support,neutral
532380,Bullish Engulfing,2026-05-21,1D,bullish,at support,confirmed
532380,Outside Bar,2026-05-21,1D,neutral,at support,neutral
532380,Morning Star,2026-05-21,1D,bullish,at support,confirmed
532380,Doji,2026-05-22,1D,neutral,at resistance,neutral
532380,Bearish Marubozu,2026-05-25,1D,bearish,at support,confirmed
532380,Outside Bar,2026-05-25,1D,neutral,at support,neutral
532380,Gravestone Doji,2026-05-26,1D,bearish,midair,failed
532380,Shooting Star,2026-05-26,1D,bearish,midair,failed
532380,Bearish Pin Bar,2026-05-26,1D,bearish,midair,failed
532380,NR4,2026-05-29,1D,neutral,at support,neutral
532380,Three White Soldiers,2026-05-29,1D,bullish,at support,confirmed
532380,Bullish Marubozu,2026-06-01,1D,bullish,at resistance,pending (last bar)
532380,Outside Bar,2026-06-01,1D,neutral,at resistance,pending (last bar)
532380,Three White Soldiers,2026-06-01,1D,bullish,at resistance,pending (last bar)
CPPLUS,Doji,2026-05-06,1D,neutral,midair,neutral
CPPLUS,Hanging Man,2026-05-06,1D,bearish,midair,failed
CPPLUS,Bullish Pin Bar,2026-05-06,1D,bullish,midair,confirmed
CPPLUS,Outside Bar,2026-05-06,1D,neutral,midair,neutral
CPPLUS,Inside Bar,2026-05-07,1D,neutral,midair,neutral
CPPLUS,NR4,2026-05-07,1D,neutral,midair,neutral
CPPLUS,Bullish Engulfing,2026-05-08,1D,bullish,at resistance,confirmed
CPPLUS,Tweezer Top,2026-05-08,1D,bearish,at resistance,failed
CPPLUS,NR4,2026-05-11,1D,neutral,at resistance,neutral
CPPLUS,Doji,2026-05-12,1D,neutral,at resistance,neutral
CPPLUS,Bearish Harami,2026-05-12,1D,bearish,at resistance,confirmed
CPPLUS,Tweezer Top,2026-05-12,1D,bearish,at resistance,confirmed
CPPLUS,Inside Bar,2026-05-12,1D,neutral,at resistance,neutral
CPPLUS,NR7,2026-05-12,1D,neutral,at resistance,neutral
CPPLUS,Shooting Star,2026-05-13,1D,bearish,at resistance,failed
CPPLUS,Tweezer Top,2026-05-13,1D,bearish,at resistance,failed
CPPLUS,Inside Bar,2026-05-13,1D,neutral,at resistance,neutral
CPPLUS,NR7,2026-05-13,1D,neutral,at resistance,neutral
CPPLUS,Outside Bar,2026-05-14,1D,neutral,at resistance,neutral
CPPLUS,Bearish Engulfing,2026-05-15,1D,bearish,midair,confirmed
CPPLUS,Outside Bar,2026-05-15,1D,neutral,midair,neutral
CPPLUS,Hanging Man,2026-05-18,1D,bearish,midair,confirmed
CPPLUS,Bullish Pin Bar,2026-05-18,1D,bullish,midair,failed
CPPLUS,Inside Bar,2026-05-19,1D,neutral,at support,neutral
CPPLUS,NR4,2026-05-19,1D,neutral,at support,neutral
CPPLUS,Three Black Crows,2026-05-19,1D,bearish,at support,failed
CPPLUS,Piercing Line,2026-05-20,1D,bullish,at support,confirmed
CPPLUS,Outside Bar,2026-05-20,1D,neutral,at support,neutral
CPPLUS,NR4,2026-05-21,1D,neutral,midair,neutral
CPPLUS,Doji,2026-05-22,1D,neutral,midair,neutral
CPPLUS,Inverted Hammer,2026-05-22,1D,bullish,midair,confirmed
CPPLUS,Bearish Pin Bar,2026-05-22,1D,bearish,midair,failed
CPPLUS,Tweezer Bottom,2026-05-22,1D,bullish,midair,confirmed
CPPLUS,Inside Bar,2026-05-22,1D,neutral,midair,neutral
CPPLUS,NR7,2026-05-22,1D,neutral,midair,neutral
CPPLUS,Morning Star,2026-05-25,1D,bullish,at resistance,confirmed
CPPLUS,Three White Soldiers,2026-05-26,1D,bullish,midair,failed
CPPLUS,Doji,2026-05-28,1D,neutral,midair,neutral
CPPLUS,Inside Bar,2026-05-28,1D,neutral,midair,neutral
CPPLUS,Dragonfly Doji,2026-05-29,1D,bullish,midair,confirmed
CPPLUS,Bullish Pin Bar,2026-05-29,1D,bullish,midair,confirmed
BLISSGVS,Three Black Crows,2026-05-06,1D,bearish,at resistance,failed
BLISSGVS,NR4,2026-05-07,1D,neutral,midair,neutral
BLISSGVS,Bearish Harami,2026-05-08,1D,bearish,at resistance,failed
BLISSGVS,Tweezer Top,2026-05-08,1D,bearish,at resistance,failed
BLISSGVS,Inside Bar,2026-05-08,1D,neutral,at resistance,neutral
BLISSGVS,NR4,2026-05-08,1D,neutral,at resistance,neutral
BLISSGVS,Outside Bar,2026-05-11,1D,neutral,at resistance,neutral
BLISSGVS,Doji,2026-05-12,1D,neutral,at resistance,neutral
BLISSGVS,Inverted Hammer,2026-05-12,1D,bullish,at resistance,confirmed
BLISSGVS,Bearish Pin Bar,2026-05-12,1D,bearish,at resistance,failed
BLISSGVS,Outside Bar,2026-05-13,1D,neutral,at resistance,neutral
BLISSGVS,Bullish Engulfing,2026-05-18,1D,bullish,midair,failed
BLISSGVS,Bullish Harami,2026-05-20,1D,bullish,midair,confirmed
BLISSGVS,NR4,2026-05-20,1D,neutral,midair,neutral
BLISSGVS,NR7,2026-05-22,1D,neutral,midair,neutral
BLISSGVS,Three White Soldiers,2026-05-22,1D,bullish,midair,confirmed
BLISSGVS,Bullish Marubozu,2026-05-26,1D,bullish,midair,confirmed
BLISSGVS,Three White Soldiers,2026-05-29,1D,bullish,midair,failed
BLISSGVS,Bearish Harami,2026-06-01,1D,bearish,midair,failed
BLISSGVS,Inside Bar,2026-06-01,1D,neutral,midair,neutral
BLISSGVS,Bullish Engulfing,2026-06-02,1D,bullish,midair,pending (last bar)
BLISSGVS,Outside Bar,2026-06-02,1D,neutral,midair,pending (last bar)
SAKAR,Bearish Harami,2026-05-05,1D,bearish,at resistance,confirmed
SAKAR,Three Black Crows,2026-05-07,1D,bearish,at resistance,confirmed
SAKAR,Three Black Crows,2026-05-08,1D,bearish,midair,confirmed
SAKAR,NR4,2026-05-11,1D,neutral,at support,neutral
SAKAR,Three Black Crows,2026-05-11,1D,bearish,at support,failed
SAKAR,Bullish Engulfing,2026-05-12,1D,bullish,at resistance,confirmed
SAKAR,Inside Bar,2026-05-13,1D,neutral,midair,neutral
SAKAR,Inside Bar,2026-05-14,1D,neutral,midair,neutral
SAKAR,NR7,2026-05-14,1D,neutral,midair,neutral
SAKAR,Bullish Engulfing,2026-05-15,1D,bullish,midair,confirmed
SAKAR,Outside Bar,2026-05-15,1D,neutral,midair,neutral
SAKAR,Tweezer Top,2026-05-19,1D,bearish,midair,failed
SAKAR,Inside Bar,2026-05-19,1D,neutral,midair,neutral
SAKAR,Bullish Engulfing,2026-05-20,1D,bullish,midair,failed
SAKAR,Inside Bar,2026-05-21,1D,neutral,midair,neutral
SAKAR,NR4,2026-05-21,1D,neutral,midair,neutral
SAKAR,Outside Bar,2026-05-25,1D,neutral,midair,neutral
SAKAR,Inside Bar,2026-05-26,1D,neutral,midair,neutral
SAKAR,NR4,2026-05-27,1D,neutral,midair,neutral
SAKAR,Long-legged Doji,2026-05-29,1D,neutral,midair,neutral
SAKAR,Bearish Pin Bar,2026-05-29,1D,bearish,midair,failed
SAKAR,NR7,2026-05-29,1D,neutral,midair,neutral
SAKAR,Shooting Star,2026-06-01,1D,bearish,at resistance,confirmed
SAKAR,Morning Star,2026-06-01,1D,bullish,at resistance,failed
SAKAR,Hanging Man,2026-06-02,1D,bearish,at resistance,pending (last bar)
SAKAR,Bullish Pin Bar,2026-06-02,1D,bullish,at resistance,pending (last bar)
539669,Gravestone Doji,2026-05-04,1D,bearish,at S/R confluence,failed
539669,Inverted Hammer,2026-05-04,1D,bullish,at S/R confluence,confirmed
539669,Bearish Pin Bar,2026-05-04,1D,bearish,at S/R confluence,failed
539669,Outside Bar,2026-05-04,1D,neutral,at S/R confluence,neutral
539669,Doji,2026-05-05,1D,neutral,midair,neutral
539669,Inside Bar,2026-05-05,1D,neutral,midair,neutral
539669,Dragonfly Doji,2026-05-06,1D,bullish,at resistance,failed
539669,Bullish Pin Bar,2026-05-06,1D,bullish,at resistance,failed
539669,Outside Bar,2026-05-06,1D,neutral,at resistance,neutral
539669,Bearish Marubozu,2026-05-07,1D,bearish,midair,failed
539669,Bearish Engulfing,2026-05-11,1D,bearish,midair,confirmed
539669,Inside Bar,2026-05-11,1D,neutral,midair,neutral
539669,Bearish Marubozu,2026-05-12,1D,bearish,at S/R confluence,failed
539669,Tweezer Bottom,2026-05-13,1D,bullish,at support,failed
539669,NR4,2026-05-13,1D,neutral,at support,neutral
539669,Doji,2026-05-14,1D,neutral,at S/R confluence,neutral
539669,Bearish Pin Bar,2026-05-14,1D,bearish,at S/R confluence,confirmed
539669,Tweezer Bottom,2026-05-14,1D,bullish,at S/R confluence,failed
539669,Long-legged Doji,2026-05-19,1D,neutral,at resistance,neutral
539669,Long-legged Doji,2026-05-20,1D,neutral,midair,neutral
539669,Tweezer Bottom,2026-05-20,1D,bullish,midair,confirmed
539669,NR7,2026-05-20,1D,neutral,midair,neutral
539669,Bullish Marubozu,2026-05-21,1D,bullish,at S/R confluence,confirmed
539669,Tweezer Bottom,2026-05-21,1D,bullish,at S/R confluence,confirmed
539669,Doji,2026-05-22,1D,neutral,midair,neutral
539669,Dragonfly Doji,2026-05-25,1D,bullish,at resistance,confirmed
539669,Bullish Pin Bar,2026-05-25,1D,bullish,at resistance,confirmed
539669,Bullish Marubozu,2026-05-26,1D,bullish,midair,confirmed
539669,Hanging Man,2026-05-27,1D,bearish,at resistance,failed
539669,Bullish Pin Bar,2026-05-27,1D,bullish,at resistance,confirmed
539669,Bullish Marubozu,2026-05-29,1D,bullish,midair,confirmed
539669,NR4,2026-05-29,1D,neutral,midair,neutral
539669,Three White Soldiers,2026-05-29,1D,bullish,midair,confirmed
539669,Bullish Marubozu,2026-06-01,1D,bullish,midair,pending (last bar)
539669,Three White Soldiers,2026-06-01,1D,bullish,midair,pending (last bar)
SANGINITA,Gravestone Doji,2026-05-06,1D,bearish,at resistance,failed
SANGINITA,Shooting Star,2026-05-06,1D,bearish,at resistance,failed
SANGINITA,Bearish Pin Bar,2026-05-06,1D,bearish,at resistance,failed
SANGINITA,Three White Soldiers,2026-05-06,1D,bullish,at resistance,confirmed
SANGINITA,Outside Bar,2026-05-07,1D,neutral,at support,neutral
SANGINITA,Three White Soldiers,2026-05-07,1D,bullish,at support,confirmed
SANGINITA,Doji,2026-05-08,1D,neutral,midair,neutral
SANGINITA,Doji,2026-05-11,1D,neutral,at resistance,neutral
SANGINITA,Tweezer Top,2026-05-12,1D,bearish,midair,confirmed
SANGINITA,Gravestone Doji,2026-05-13,1D,bearish,midair,confirmed
SANGINITA,Bearish Pin Bar,2026-05-13,1D,bearish,midair,confirmed
SANGINITA,Inside Bar,2026-05-13,1D,neutral,midair,neutral
SANGINITA,Gravestone Doji,2026-05-14,1D,bearish,at support,confirmed
SANGINITA,Bearish Pin Bar,2026-05-14,1D,bearish,at support,confirmed
SANGINITA,Dragonfly Doji,2026-05-15,1D,bullish,at support,confirmed
SANGINITA,Bullish Pin Bar,2026-05-15,1D,bullish,at support,confirmed
SANGINITA,NR4,2026-05-15,1D,neutral,at support,neutral
SANGINITA,Dragonfly Doji,2026-05-18,1D,bullish,midair,confirmed
SANGINITA,Bullish Pin Bar,2026-05-18,1D,bullish,midair,confirmed
SANGINITA,Doji,2026-05-19,1D,neutral,midair,neutral
SANGINITA,Doji,2026-05-20,1D,neutral,at resistance,neutral
SANGINITA,Doji,2026-05-21,1D,neutral,at resistance,neutral
SANGINITA,Doji,2026-05-22,1D,neutral,at resistance,neutral
SANGINITA,Doji,2026-05-25,1D,neutral,midair,neutral
SANGINITA,Doji,2026-05-26,1D,neutral,midair,neutral
SANGINITA,Doji,2026-05-27,1D,neutral,midair,neutral
SANGINITA,Doji,2026-05-29,1D,neutral,midair,neutral
SANGINITA,Dragonfly Doji,2026-06-01,1D,bullish,midair,confirmed
SANGINITA,Bullish Pin Bar,2026-06-01,1D,bullish,midair,confirmed
SANGINITA,Doji,2026-06-02,1D,neutral,midair,pending (last bar)
OMAXAUTO,Bullish Marubozu,2026-05-05,1D,bullish,midair,confirmed
OMAXAUTO,Three White Soldiers,2026-05-07,1D,bullish,midair,confirmed
OMAXAUTO,Dragonfly Doji,2026-05-08,1D,bullish,at resistance,failed
OMAXAUTO,Bullish Pin Bar,2026-05-08,1D,bullish,at resistance,failed
OMAXAUTO,Outside Bar,2026-05-11,1D,neutral,at resistance,neutral
OMAXAUTO,Shooting Star,2026-05-12,1D,bearish,midair,failed
OMAXAUTO,Bearish Pin Bar,2026-05-12,1D,bearish,midair,failed
OMAXAUTO,Bullish Marubozu,2026-05-13,1D,bullish,midair,failed
OMAXAUTO,Bullish Engulfing,2026-05-13,1D,bullish,midair,failed
OMAXAUTO,Tweezer Top,2026-05-13,1D,bearish,midair,confirmed
OMAXAUTO,Bearish Harami,2026-05-14,1D,bearish,midair,confirmed
OMAXAUTO,Inside Bar,2026-05-14,1D,neutral,midair,neutral
OMAXAUTO,NR4,2026-05-14,1D,neutral,midair,neutral
OMAXAUTO,Gravestone Doji,2026-05-15,1D,bearish,midair,confirmed
OMAXAUTO,Shooting Star,2026-05-15,1D,bearish,midair,confirmed
OMAXAUTO,Bearish Pin Bar,2026-05-15,1D,bearish,midair,confirmed
OMAXAUTO,NR7,2026-05-15,1D,neutral,midair,neutral
OMAXAUTO,Evening Star,2026-05-15,1D,bearish,midair,confirmed
OMAXAUTO,Long-legged Doji,2026-05-18,1D,neutral,at support,neutral
OMAXAUTO,Three Black Crows,2026-05-18,1D,bearish,at support,failed
OMAXAUTO,Inside Bar,2026-05-19,1D,neutral,midair,neutral
OMAXAUTO,Tweezer Bottom,2026-05-20,1D,bullish,at support,confirmed
OMAXAUTO,NR7,2026-05-20,1D,neutral,at support,neutral
OMAXAUTO,Hammer,2026-05-21,1D,bullish,midair,confirmed
OMAXAUTO,Bullish Pin Bar,2026-05-21,1D,bullish,midair,confirmed
OMAXAUTO,Bullish Marubozu,2026-05-22,1D,bullish,midair,confirmed
OMAXAUTO,NR7,2026-05-22,1D,neutral,midair,neutral
OMAXAUTO,Doji,2026-05-25,1D,neutral,midair,neutral
OMAXAUTO,Dragonfly Doji,2026-05-26,1D,bullish,at resistance,confirmed
OMAXAUTO,Bullish Pin Bar,2026-05-26,1D,bullish,at resistance,confirmed
OMAXAUTO,Bullish Marubozu,2026-05-27,1D,bullish,midair,failed
OMAXAUTO,Bullish Harami,2026-06-01,1D,bullish,midair,failed
OMAXAUTO,Inside Bar,2026-06-01,1D,neutral,midair,neutral
OMAXAUTO,Bearish Marubozu,2026-06-02,1D,bearish,midair,pending (last bar)
OMAXAUTO,Bearish Engulfing,2026-06-02,1D,bearish,midair,pending (last bar)
SIGMAADV,Inside Bar,2026-05-05,1D,neutral,at support,neutral
SIGMAADV,Inside Bar,2026-05-06,1D,neutral,at support,neutral
SIGMAADV,Bullish Marubozu,2026-05-07,1D,bullish,midair,confirmed
SIGMAADV,NR4,2026-05-08,1D,neutral,midair,neutral
SIGMAADV,Three White Soldiers,2026-05-08,1D,bullish,midair,confirmed
SIGMAADV,Three White Soldiers,2026-05-11,1D,bullish,at resistance,failed
SIGMAADV,Gravestone Doji,2026-05-13,1D,bearish,midair,confirmed
SIGMAADV,Shooting Star,2026-05-13,1D,bearish,midair,confirmed
SIGMAADV,Bearish Pin Bar,2026-05-13,1D,bearish,midair,confirmed
SIGMAADV,NR7,2026-05-13,1D,neutral,midair,neutral
SIGMAADV,Shooting Star,2026-05-14,1D,bearish,midair,failed
SIGMAADV,Bearish Pin Bar,2026-05-14,1D,bearish,midair,failed
SIGMAADV,Three Black Crows,2026-05-14,1D,bearish,midair,failed
SIGMAADV,Bullish Marubozu,2026-05-15,1D,bullish,midair,failed
SIGMAADV,Bearish Harami,2026-05-18,1D,bearish,midair,confirmed
SIGMAADV,Doji,2026-05-19,1D,neutral,at support,neutral
SIGMAADV,Bearish Pin Bar,2026-05-19,1D,bearish,at support,failed
SIGMAADV,Outside Bar,2026-05-19,1D,neutral,at support,neutral
SIGMAADV,Evening Star,2026-05-19,1D,bearish,at support,failed
SIGMAADV,Bullish Marubozu,2026-05-20,1D,bullish,midair,confirmed
SIGMAADV,Bullish Engulfing,2026-05-20,1D,bullish,midair,confirmed
SIGMAADV,Inside Bar,2026-05-20,1D,neutral,midair,neutral
SIGMAADV,Morning Star,2026-05-20,1D,bullish,midair,confirmed
SIGMAADV,Dragonfly Doji,2026-05-21,1D,bullish,at resistance,confirmed
SIGMAADV,Bullish Pin Bar,2026-05-21,1D,bullish,at resistance,confirmed
SIGMAADV,NR7,2026-05-21,1D,neutral,at resistance,neutral
SIGMAADV,Dragonfly Doji,2026-05-25,1D,bullish,midair,confirmed
SIGMAADV,Bullish Pin Bar,2026-05-25,1D,bullish,midair,confirmed
SIGMAADV,Doji,2026-05-26,1D,neutral,midair,neutral
SIGMAADV,Hanging Man,2026-05-27,1D,bearish,midair,failed
SIGMAADV,Bullish Pin Bar,2026-05-27,1D,bullish,midair,confirmed
SIGMAADV,Dragonfly Doji,2026-05-29,1D,bullish,midair,confirmed
SIGMAADV,Bullish Pin Bar,2026-05-29,1D,bullish,midair,confirmed
SPORTKING,Outside Bar,2026-05-05,1D,neutral,at resistance,neutral
SPORTKING,Long-legged Doji,2026-05-07,1D,neutral,at resistance,neutral
SPORTKING,Inside Bar,2026-05-07,1D,neutral,at resistance,neutral
SPORTKING,Evening Star,2026-05-08,1D,bearish,at resistance,confirmed
SPORTKING,Bearish Engulfing,2026-05-12,1D,bearish,at resistance,failed
SPORTKING,Tweezer Top,2026-05-12,1D,bearish,at resistance,failed
SPORTKING,Bullish Engulfing,2026-05-13,1D,bullish,at resistance,failed
SPORTKING,Inside Bar,2026-05-13,1D,neutral,at resistance,neutral
SPORTKING,NR4,2026-05-13,1D,neutral,at resistance,neutral
SPORTKING,NR7,2026-05-14,1D,neutral,at resistance,neutral
SPORTKING,NR7,2026-05-15,1D,neutral,at resistance,neutral
SPORTKING,Evening Star,2026-05-15,1D,bearish,at resistance,confirmed
SPORTKING,Bullish Engulfing,2026-05-20,1D,bullish,at resistance,confirmed
SPORTKING,Outside Bar,2026-05-20,1D,neutral,at resistance,neutral
SPORTKING,Inside Bar,2026-05-22,1D,neutral,midair,neutral
SPORTKING,NR4,2026-05-22,1D,neutral,midair,neutral
SPORTKING,Three White Soldiers,2026-05-22,1D,bullish,midair,confirmed
SPORTKING,Hanging Man,2026-05-25,1D,bearish,midair,failed
SPORTKING,Bullish Pin Bar,2026-05-25,1D,bullish,midair,confirmed
SPORTKING,Bullish Engulfing,2026-05-26,1D,bullish,midair,confirmed
SPORTKING,Evening Star,2026-05-29,1D,bearish,midair,failed
SPORTKING,Inside Bar,2026-06-02,1D,neutral,midair,pending (last bar)
RUBICON,Bearish Marubozu,2026-05-07,1D,bearish,at support,failed
RUBICON,Bearish Engulfing,2026-05-07,1D,bearish,at support,failed
RUBICON,Outside Bar,2026-05-07,1D,neutral,at support,neutral
RUBICON,Long-legged Doji,2026-05-11,1D,neutral,at support,neutral
RUBICON,Bearish Harami,2026-05-11,1D,bearish,at support,confirmed
RUBICON,Tweezer Top,2026-05-11,1D,bearish,at support,confirmed
RUBICON,NR4,2026-05-11,1D,neutral,at support,neutral
RUBICON,Outside Bar,2026-05-12,1D,neutral,at support,neutral
RUBICON,Evening Star,2026-05-12,1D,bearish,at support,failed
RUBICON,Inside Bar,2026-05-13,1D,neutral,at support,neutral
RUBICON,Inverted Hammer,2026-05-14,1D,bullish,at support,confirmed
RUBICON,NR7,2026-05-14,1D,neutral,at support,neutral
RUBICON,Doji,2026-05-15,1D,neutral,at support,neutral
RUBICON,Inverted Hammer,2026-05-15,1D,bullish,at support,confirmed
RUBICON,Bearish Pin Bar,2026-05-15,1D,bearish,at support,failed
RUBICON,Three White Soldiers,2026-05-15,1D,bullish,at support,confirmed
RUBICON,Outside Bar,2026-05-18,1D,neutral,at resistance,neutral
RUBICON,Three White Soldiers,2026-05-18,1D,bullish,at resistance,failed
RUBICON,Bearish Engulfing,2026-05-21,1D,bearish,midair,confirmed
RUBICON,Tweezer Top,2026-05-21,1D,bearish,midair,confirmed
RUBICON,NR4,2026-05-21,1D,neutral,midair,neutral
RUBICON,NR4,2026-05-22,1D,neutral,at support,neutral
RUBICON,NR7,2026-05-25,1D,neutral,at support,neutral
RUBICON,Three Black Crows,2026-05-25,1D,bearish,at support,failed
RUBICON,Bullish Engulfing,2026-05-26,1D,bullish,midair,failed
RUBICON,Doji,2026-05-28,1D,neutral,midair,neutral
RUBICON,Inside Bar,2026-05-28,1D,neutral,midair,neutral
RUBICON,Tweezer Bottom,2026-05-29,1D,bullish,at resistance,confirmed
RUBICON,Morning Star,2026-05-29,1D,bullish,at resistance,confirmed
RUBICON,Three White Soldiers,2026-06-02,1D,bullish,midair,pending (last bar)
HFCL,Three White Soldiers,2026-05-06,1D,bullish,midair,confirmed
HFCL,NR4,2026-05-07,1D,neutral,midair,neutral
HFCL,Three White Soldiers,2026-05-07,1D,bullish,midair,failed
HFCL,Bullish Engulfing,2026-05-11,1D,bullish,midair,failed
HFCL,Outside Bar,2026-05-11,1D,neutral,midair,neutral
HFCL,NR7,2026-05-12,1D,neutral,midair,neutral
HFCL,Outside Bar,2026-05-13,1D,neutral,at resistance,neutral
HFCL,Hanging Man,2026-05-14,1D,bearish,at resistance,confirmed
HFCL,Bullish Pin Bar,2026-05-14,1D,bullish,at resistance,failed
HFCL,Outside Bar,2026-05-14,1D,neutral,at resistance,neutral
HFCL,Inside Bar,2026-05-15,1D,neutral,midair,neutral
HFCL,Three Black Crows,2026-05-18,1D,bearish,midair,confirmed
HFCL,Three Black Crows,2026-05-19,1D,bearish,at support,failed
HFCL,Bullish Harami,2026-05-20,1D,bullish,midair,confirmed
HFCL,Inside Bar,2026-05-20,1D,neutral,midair,neutral
HFCL,NR7,2026-05-20,1D,neutral,midair,neutral
HFCL,Three White Soldiers,2026-05-22,1D,bullish,midair,confirmed
HFCL,Three White Soldiers,2026-05-25,1D,bullish,midair,failed
HFCL,Shooting Star,2026-05-26,1D,bearish,midair,failed
HFCL,Doji,2026-05-28,1D,neutral,midair,neutral
HFCL,Inside Bar,2026-05-28,1D,neutral,midair,neutral
HFCL,Outside Bar,2026-05-29,1D,neutral,midair,neutral
HFCL,Shooting Star,2026-06-01,1D,bearish,midair,failed
HFCL,Inside Bar,2026-06-01,1D,neutral,midair,neutral
HFCL,Outside Bar,2026-06-02,1D,neutral,midair,pending (last bar)
HFCL,Three White Soldiers,2026-06-02,1D,bullish,midair,pending (last bar)
E2E,NR4,2026-05-07,1D,neutral,at resistance,neutral
E2E,Three White Soldiers,2026-05-07,1D,bullish,at resistance,confirmed
E2E,Hanging Man,2026-05-08,1D,bearish,midair,failed
E2E,Bullish Pin Bar,2026-05-08,1D,bullish,midair,confirmed
E2E,Three White Soldiers,2026-05-08,1D,bullish,midair,confirmed
E2E,Three White Soldiers,2026-05-11,1D,bullish,at resistance,failed
E2E,Bearish Marubozu,2026-05-12,1D,bearish,midair,confirmed
E2E,Inside Bar,2026-05-12,1D,neutral,midair,neutral
E2E,Doji,2026-05-13,1D,neutral,at resistance,neutral
E2E,Outside Bar,2026-05-14,1D,neutral,at resistance,neutral
E2E,Inside Bar,2026-05-15,1D,neutral,at S/R confluence,neutral
E2E,Bullish Marubozu,2026-05-19,1D,bullish,at S/R confluence,confirmed
E2E,Outside Bar,2026-05-19,1D,neutral,at S/R confluence,neutral
E2E,NR4,2026-05-20,1D,neutral,at resistance,neutral
E2E,Three White Soldiers,2026-05-20,1D,bullish,at resistance,confirmed
E2E,Long-legged Doji,2026-05-21,1D,neutral,midair,neutral
E2E,Three White Soldiers,2026-05-21,1D,bullish,midair,confirmed
E2E,Outside Bar,2026-05-22,1D,neutral,at resistance,neutral
E2E,Three White Soldiers,2026-05-22,1D,bullish,at resistance,confirmed
E2E,Doji,2026-05-25,1D,neutral,midair,neutral
E2E,Bullish Pin Bar,2026-05-25,1D,bullish,midair,confirmed
E2E,Three White Soldiers,2026-05-25,1D,bullish,midair,confirmed
E2E,Three White Soldiers,2026-05-26,1D,bullish,at resistance,confirmed
E2E,Shooting Star,2026-05-27,1D,bearish,at resistance,failed
E2E,Bearish Pin Bar,2026-05-27,1D,bearish,at resistance,failed
E2E,NR4,2026-05-27,1D,neutral,at resistance,neutral
E2E,Three White Soldiers,2026-05-27,1D,bullish,at resistance,failed
E2E,Doji,2026-05-28,1D,neutral,at resistance,neutral
E2E,Inside Bar,2026-05-28,1D,neutral,at resistance,neutral
E2E,Outside Bar,2026-05-29,1D,neutral,at resistance,neutral
E2E,Evening Star,2026-05-29,1D,bearish,at resistance,failed
E2E,Hanging Man,2026-06-01,1D,bearish,midair,failed
E2E,Bullish Pin Bar,2026-06-01,1D,bullish,midair,confirmed
E2E,Hanging Man,2026-06-02,1D,bearish,at resistance,pending (last bar)
E2E,Bullish Pin Bar,2026-06-02,1D,bullish,at resistance,pending (last bar)
E2E,Morning Star,2026-06-02,1D,bullish,at resistance,pending (last bar)
VIDYAWIRES,Bearish Engulfing,2026-05-06,1D,bearish,midair,failed
VIDYAWIRES,Bullish Harami,2026-05-07,1D,bullish,midair,confirmed
VIDYAWIRES,Inside Bar,2026-05-07,1D,neutral,midair,neutral
VIDYAWIRES,NR4,2026-05-07,1D,neutral,midair,neutral
VIDYAWIRES,Morning Star,2026-05-08,1D,bullish,midair,confirmed
VIDYAWIRES,Outside Bar,2026-05-11,1D,neutral,midair,neutral
VIDYAWIRES,Three White Soldiers,2026-05-11,1D,bullish,midair,failed
VIDYAWIRES,Long-legged Doji,2026-05-12,1D,neutral,midair,neutral
VIDYAWIRES,Bearish Harami,2026-05-12,1D,bearish,midair,confirmed
VIDYAWIRES,Shooting Star,2026-05-13,1D,bearish,midair,failed
VIDYAWIRES,Bearish Pin Bar,2026-05-13,1D,bearish,midair,failed
VIDYAWIRES,Outside Bar,2026-05-13,1D,neutral,midair,neutral
VIDYAWIRES,Inside Bar,2026-05-14,1D,neutral,at resistance,neutral
VIDYAWIRES,Three Black Crows,2026-05-19,1D,bearish,midair,confirmed
VIDYAWIRES,NR4,2026-05-20,1D,neutral,midair,neutral
VIDYAWIRES,NR7,2026-05-21,1D,neutral,midair,neutral
VIDYAWIRES,NR7,2026-05-22,1D,neutral,midair,neutral
VIDYAWIRES,Bullish Marubozu,2026-05-27,1D,bullish,midair,failed
VIDYAWIRES,Three White Soldiers,2026-05-27,1D,bullish,midair,failed
VIDYAWIRES,Doji,2026-05-28,1D,neutral,midair,neutral
VIDYAWIRES,Tweezer Top,2026-05-28,1D,bearish,midair,confirmed
VIDYAWIRES,Outside Bar,2026-05-29,1D,neutral,midair,neutral
VIDYAWIRES,Bullish Marubozu,2026-06-01,1D,bullish,midair,failed
VIDYAWIRES,Bullish Harami,2026-06-01,1D,bullish,midair,failed
VIDYAWIRES,Inside Bar,2026-06-01,1D,neutral,midair,neutral
VIDYAWIRES,Bearish Engulfing,2026-06-02,1D,bearish,midair,pending (last bar)
VIDYAWIRES,Outside Bar,2026-06-02,1D,neutral,midair,pending (last bar)
NGLFINE,Three White Soldiers,2026-05-06,1D,bullish,at resistance,confirmed
NGLFINE,Inside Bar,2026-05-07,1D,neutral,midair,neutral
NGLFINE,Evening Star,2026-05-08,1D,bearish,midair,confirmed
NGLFINE,NR4,2026-05-11,1D,neutral,midair,neutral
NGLFINE,Three Black Crows,2026-05-11,1D,bearish,midair,confirmed
NGLFINE,NR7,2026-05-12,1D,neutral,at support,neutral
NGLFINE,Three Black Crows,2026-05-12,1D,bearish,at support,confirmed
NGLFINE,Shooting Star,2026-05-13,1D,bearish,at support,failed
NGLFINE,NR7,2026-05-13,1D,neutral,at support,neutral
NGLFINE,Three Black Crows,2026-05-13,1D,bearish,at support,failed
NGLFINE,Bullish Engulfing,2026-05-14,1D,bullish,midair,confirmed
NGLFINE,Outside Bar,2026-05-14,1D,neutral,midair,neutral
NGLFINE,Morning Star,2026-05-14,1D,bullish,midair,confirmed
NGLFINE,Bearish Engulfing,2026-05-18,1D,bearish,at support,failed
NGLFINE,Tweezer Bottom,2026-05-20,1D,bullish,at resistance,confirmed
NGLFINE,Morning Star,2026-05-20,1D,bullish,at resistance,confirmed
NGLFINE,NR4,2026-05-21,1D,neutral,at resistance,neutral
NGLFINE,Three White Soldiers,2026-05-21,1D,bullish,at resistance,confirmed
NGLFINE,Outside Bar,2026-05-22,1D,neutral,at resistance,neutral
NGLFINE,Three White Soldiers,2026-05-22,1D,bullish,at resistance,confirmed
NGLFINE,Long-legged Doji,2026-05-26,1D,neutral,midair,neutral
NGLFINE,Three Black Crows,2026-05-27,1D,bearish,at resistance,failed
NGLFINE,Tweezer Top,2026-05-29,1D,bearish,at resistance,confirmed
NGLFINE,Inside Bar,2026-05-29,1D,neutral,at resistance,neutral
NGLFINE,NR7,2026-06-02,1D,neutral,midair,pending (last bar)
BAJAJCON,Hanging Man,2026-05-06,1D,bearish,at S/R confluence,failed
BAJAJCON,Bullish Pin Bar,2026-05-06,1D,bullish,at S/R confluence,confirmed
BAJAJCON,Bearish Harami,2026-05-11,1D,bearish,midair,failed
BAJAJCON,Tweezer Top,2026-05-12,1D,bearish,at resistance,confirmed
BAJAJCON,Inside Bar,2026-05-12,1D,neutral,at resistance,neutral
BAJAJCON,NR4,2026-05-12,1D,neutral,at resistance,neutral
BAJAJCON,Bullish Engulfing,2026-05-15,1D,bullish,midair,failed
BAJAJCON,Morning Star,2026-05-15,1D,bullish,midair,failed
BAJAJCON,Inside Bar,2026-05-18,1D,neutral,midair,neutral
BAJAJCON,NR7,2026-05-18,1D,neutral,midair,neutral
BAJAJCON,Doji,2026-05-19,1D,neutral,midair,neutral
BAJAJCON,Shooting Star,2026-05-19,1D,bearish,midair,failed
BAJAJCON,Bearish Pin Bar,2026-05-19,1D,bearish,midair,failed
BAJAJCON,Bullish Harami,2026-05-19,1D,bullish,midair,confirmed
BAJAJCON,NR7,2026-05-19,1D,neutral,midair,neutral
BAJAJCON,Outside Bar,2026-05-20,1D,neutral,at resistance,neutral
BAJAJCON,Morning Star,2026-05-20,1D,bullish,at resistance,failed
BAJAJCON,Doji,2026-05-21,1D,neutral,at resistance,neutral
BAJAJCON,Inverted Hammer,2026-05-21,1D,bullish,at resistance,confirmed
BAJAJCON,Bearish Pin Bar,2026-05-21,1D,bearish,at resistance,failed
BAJAJCON,Bearish Harami,2026-05-21,1D,bearish,at resistance,failed
BAJAJCON,Tweezer Bottom,2026-05-22,1D,bullish,at resistance,failed
BAJAJCON,Inside Bar,2026-05-26,1D,neutral,at resistance,neutral
BAJAJCON,NR7,2026-05-26,1D,neutral,at resistance,neutral
BAJAJCON,Doji,2026-05-28,1D,neutral,at resistance,neutral
BAJAJCON,Inside Bar,2026-05-28,1D,neutral,at resistance,neutral
BAJAJCON,Shooting Star,2026-05-29,1D,bearish,at resistance,failed
BAJAJCON,Outside Bar,2026-05-29,1D,neutral,at resistance,neutral
BAJAJCON,Shooting Star,2026-06-01,1D,bearish,at resistance,failed
BAJAJCON,Bearish Pin Bar,2026-06-01,1D,bearish,at resistance,failed
BAJAJCON,Bullish Harami,2026-06-01,1D,bullish,at resistance,confirmed
BAJAJCON,Inside Bar,2026-06-01,1D,neutral,at resistance,neutral
BAJAJCON,Bullish Marubozu,2026-06-02,1D,bullish,at resistance,pending (last bar)
BAJAJCON,Tweezer Top,2026-06-02,1D,bearish,at resistance,pending (last bar)
MTARTECH,Long-legged Doji,2026-05-06,1D,neutral,at support,neutral
MTARTECH,Tweezer Top,2026-05-06,1D,bearish,at support,failed
MTARTECH,Inside Bar,2026-05-06,1D,neutral,at support,neutral
MTARTECH,Tweezer Top,2026-05-08,1D,bearish,midair,failed
MTARTECH,Doji,2026-05-11,1D,neutral,midair,neutral
MTARTECH,Hanging Man,2026-05-11,1D,bearish,midair,confirmed
MTARTECH,Bullish Pin Bar,2026-05-11,1D,bullish,midair,failed
MTARTECH,Bullish Harami,2026-05-11,1D,bullish,midair,failed
MTARTECH,Bearish Engulfing,2026-05-12,1D,bearish,at support,failed
MTARTECH,Bullish Engulfing,2026-05-13,1D,bullish,midair,confirmed
MTARTECH,Outside Bar,2026-05-13,1D,neutral,midair,neutral
MTARTECH,Bearish Harami,2026-05-15,1D,bearish,midair,confirmed
MTARTECH,Inside Bar,2026-05-15,1D,neutral,midair,neutral
MTARTECH,Hanging Man,2026-05-18,1D,bearish,midair,confirmed
MTARTECH,Inside Bar,2026-05-19,1D,neutral,midair,neutral
MTARTECH,Three Black Crows,2026-05-19,1D,bearish,midair,failed
MTARTECH,Bullish Engulfing,2026-05-20,1D,bullish,midair,confirmed
MTARTECH,Outside Bar,2026-05-20,1D,neutral,midair,neutral
MTARTECH,Shooting Star,2026-05-22,1D,bearish,midair,confirmed
MTARTECH,Bearish Pin Bar,2026-05-22,1D,bearish,midair,confirmed
MTARTECH,Three White Soldiers,2026-05-22,1D,bullish,midair,failed
MTARTECH,Bearish Engulfing,2026-05-25,1D,bearish,midair,confirmed
MTARTECH,NR7,2026-05-25,1D,neutral,midair,neutral
MTARTECH,NR7,2026-05-26,1D,neutral,midair,neutral
MTARTECH,Long-legged Doji,2026-05-27,1D,neutral,midair,neutral
MTARTECH,Bullish Harami,2026-05-27,1D,bullish,midair,failed
MTARTECH,NR7,2026-05-27,1D,neutral,midair,neutral
MTARTECH,Doji,2026-05-28,1D,neutral,midair,neutral
MTARTECH,Inside Bar,2026-05-28,1D,neutral,midair,neutral
MTARTECH,Long-legged Doji,2026-05-29,1D,neutral,midair,neutral
MTARTECH,Outside Bar,2026-05-29,1D,neutral,midair,neutral
MTARTECH,Evening Star,2026-05-29,1D,bearish,midair,confirmed
MTARTECH,Hanging Man,2026-06-02,1D,bearish,midair,pending (last bar)
MTARTECH,Bullish Harami,2026-06-02,1D,bullish,midair,pending (last bar)
MTARTECH,Inside Bar,2026-06-02,1D,neutral,midair,pending (last bar)
GVPIL,Doji,2026-05-06,1D,neutral,at support,neutral
GVPIL,Hanging Man,2026-05-06,1D,bearish,at support,failed
GVPIL,Bullish Pin Bar,2026-05-06,1D,bullish,at support,confirmed
GVPIL,Bullish Harami,2026-05-06,1D,bullish,at support,confirmed
GVPIL,Morning Star,2026-05-07,1D,bullish,midair,failed
GVPIL,NR4,2026-05-08,1D,neutral,midair,neutral
GVPIL,NR4,2026-05-11,1D,neutral,at support,neutral
GVPIL,Dragonfly Doji,2026-05-12,1D,bullish,midair,confirmed
GVPIL,Bullish Pin Bar,2026-05-12,1D,bullish,midair,confirmed
GVPIL,NR7,2026-05-12,1D,neutral,midair,neutral
GVPIL,Hanging Man,2026-05-13,1D,bearish,midair,failed
GVPIL,Bullish Pin Bar,2026-05-13,1D,bullish,midair,confirmed
GVPIL,Outside Bar,2026-05-13,1D,neutral,midair,neutral
GVPIL,Hanging Man,2026-05-14,1D,bearish,at resistance,confirmed
GVPIL,Bullish Pin Bar,2026-05-14,1D,bullish,at resistance,failed
GVPIL,Shooting Star,2026-05-18,1D,bearish,midair,confirmed
GVPIL,Bearish Pin Bar,2026-05-18,1D,bearish,midair,confirmed
GVPIL,NR4,2026-05-18,1D,neutral,midair,neutral
GVPIL,Three Black Crows,2026-05-18,1D,bearish,midair,confirmed
GVPIL,Three Black Crows,2026-05-19,1D,bearish,at support,failed
GVPIL,Bullish Marubozu,2026-05-20,1D,bullish,midair,confirmed
GVPIL,Bullish Engulfing,2026-05-20,1D,bullish,midair,confirmed
GVPIL,Tweezer Top,2026-05-20,1D,bearish,midair,failed
GVPIL,Inside Bar,2026-05-20,1D,neutral,midair,neutral
GVPIL,Bullish Marubozu,2026-05-21,1D,bullish,midair,confirmed
GVPIL,NR7,2026-05-21,1D,neutral,midair,neutral
GVPIL,Three White Soldiers,2026-05-22,1D,bullish,at resistance,confirmed
GVPIL,Three White Soldiers,2026-05-25,1D,bullish,midair,confirmed
GVPIL,Three White Soldiers,2026-05-26,1D,bullish,midair,confirmed
GVPIL,Three White Soldiers,2026-05-27,1D,bullish,midair,failed
GVPIL,Doji,2026-05-28,1D,neutral,midair,neutral
GVPIL,Inside Bar,2026-05-28,1D,neutral,midair,neutral
GVPIL,Bullish Marubozu,2026-05-29,1D,bullish,midair,failed
GVPIL,Bearish Marubozu,2026-06-01,1D,bearish,midair,failed
GVPIL,Bearish Engulfing,2026-06-01,1D,bearish,midair,failed
GVPIL,Outside Bar,2026-06-01,1D,neutral,midair,neutral
GVPIL,Bullish Marubozu,2026-06-02,1D,bullish,midair,pending (last bar)
MODISONLTD,Bearish Harami,2026-05-07,1D,bearish,at S/R confluence,failed
MODISONLTD,Hanging Man,2026-05-08,1D,bearish,at S/R confluence,failed
MODISONLTD,Bullish Harami,2026-05-08,1D,bullish,at S/R confluence,confirmed
MODISONLTD,Inside Bar,2026-05-08,1D,neutral,at S/R confluence,neutral
MODISONLTD,NR4,2026-05-08,1D,neutral,at S/R confluence,neutral
MODISONLTD,Outside Bar,2026-05-11,1D,neutral,at resistance,neutral
MODISONLTD,Morning Star,2026-05-11,1D,bullish,at resistance,failed
MODISONLTD,Bearish Engulfing,2026-05-12,1D,bearish,at S/R confluence,failed
MODISONLTD,Tweezer Bottom,2026-05-13,1D,bullish,at S/R confluence,failed
MODISONLTD,Inside Bar,2026-05-13,1D,neutral,at S/R confluence,neutral
MODISONLTD,Bearish Engulfing,2026-05-14,1D,bearish,at S/R confluence,failed
MODISONLTD,Bullish Engulfing,2026-05-15,1D,bullish,at S/R confluence,confirmed
MODISONLTD,Tweezer Bottom,2026-05-15,1D,bullish,at S/R confluence,confirmed
MODISONLTD,Outside Bar,2026-05-15,1D,neutral,at S/R confluence,neutral
MODISONLTD,Outside Bar,2026-05-18,1D,neutral,at resistance,neutral
MODISONLTD,Shooting Star,2026-05-20,1D,bearish,at resistance,failed
MODISONLTD,Bearish Pin Bar,2026-05-20,1D,bearish,at resistance,failed
MODISONLTD,NR4,2026-05-20,1D,neutral,at resistance,neutral
MODISONLTD,Long-legged Doji,2026-05-21,1D,neutral,at resistance,neutral
MODISONLTD,Inside Bar,2026-05-21,1D,neutral,at resistance,neutral
MODISONLTD,NR4,2026-05-21,1D,neutral,at resistance,neutral
MODISONLTD,Bearish Engulfing,2026-05-22,1D,bearish,at resistance,failed
MODISONLTD,Tweezer Top,2026-05-22,1D,bearish,at resistance,failed
MODISONLTD,NR4,2026-05-22,1D,neutral,at resistance,neutral
MODISONLTD,Doji,2026-05-25,1D,neutral,midair,neutral
MODISONLTD,Dragonfly Doji,2026-05-26,1D,bullish,midair,confirmed
MODISONLTD,Hanging Man,2026-05-26,1D,bearish,midair,failed
MODISONLTD,Bullish Pin Bar,2026-05-26,1D,bullish,midair,confirmed
MODISONLTD,Morning Star,2026-05-26,1D,bullish,midair,confirmed
MODISONLTD,Doji,2026-05-28,1D,neutral,midair,neutral
MODISONLTD,Inside Bar,2026-05-28,1D,neutral,midair,neutral
MODISONLTD,Outside Bar,2026-05-29,1D,neutral,midair,neutral
MODISONLTD,Dragonfly Doji,2026-06-01,1D,bullish,midair,confirmed
MODISONLTD,Hanging Man,2026-06-01,1D,bearish,midair,failed
MODISONLTD,Bullish Pin Bar,2026-06-01,1D,bullish,midair,confirmed
MODISONLTD,Inside Bar,2026-06-01,1D,neutral,midair,neutral
MODISONLTD,Hanging Man,2026-06-02,1D,bearish,midair,pending (last bar)
MODISONLTD,Bullish Pin Bar,2026-06-02,1D,bullish,midair,pending (last bar)
MODISONLTD,Three White Soldiers,2026-06-02,1D,bullish,midair,pending (last bar)
CONFIPET,Outside Bar,2026-05-06,1D,neutral,at resistance,neutral
CONFIPET,Evening Star,2026-05-06,1D,bearish,at resistance,failed
CONFIPET,Inverted Hammer,2026-05-07,1D,bullish,at resistance,failed
CONFIPET,Inside Bar,2026-05-07,1D,neutral,at resistance,neutral
CONFIPET,Hammer,2026-05-08,1D,bullish,at resistance,confirmed
CONFIPET,Hanging Man,2026-05-15,1D,bearish,at resistance,confirmed
CONFIPET,Inside Bar,2026-05-15,1D,neutral,at resistance,neutral
CONFIPET,NR4,2026-05-18,1D,neutral,at resistance,neutral
CONFIPET,Morning Star,2026-05-19,1D,bullish,at S/R confluence,failed
CONFIPET,Bearish Harami,2026-05-20,1D,bearish,at resistance,confirmed
CONFIPET,Inside Bar,2026-05-20,1D,neutral,at resistance,neutral
CONFIPET,NR7,2026-05-20,1D,neutral,at resistance,neutral
CONFIPET,Evening Star,2026-05-21,1D,bearish,at S/R confluence,confirmed
CONFIPET,Three Black Crows,2026-05-22,1D,bearish,at S/R confluence,failed
CONFIPET,Outside Bar,2026-05-25,1D,neutral,at resistance,neutral
CONFIPET,Morning Star,2026-05-25,1D,bullish,at resistance,confirmed
CONFIPET,NR4,2026-05-26,1D,neutral,at resistance,neutral
CONFIPET,Inverted Hammer,2026-05-27,1D,bullish,at S/R confluence,failed
CONFIPET,NR4,2026-05-27,1D,neutral,at S/R confluence,neutral
CONFIPET,Three White Soldiers,2026-05-27,1D,bullish,at S/R confluence,failed
CONFIPET,Doji,2026-05-28,1D,neutral,at S/R confluence,neutral
CONFIPET,Inside Bar,2026-05-28,1D,neutral,at S/R confluence,neutral
CONFIPET,Bullish Engulfing,2026-06-02,1D,bullish,midair,pending (last bar)
CONFIPET,Outside Bar,2026-06-02,1D,neutral,midair,pending (last bar)
RAIN,Three White Soldiers,2026-05-08,1D,bullish,at S/R confluence,confirmed
RAIN,Three White Soldiers,2026-05-11,1D,bullish,at resistance,failed
RAIN,Inside Bar,2026-05-12,1D,neutral,at resistance,neutral
RAIN,NR4,2026-05-13,1D,neutral,at resistance,neutral
RAIN,Tweezer Top,2026-05-15,1D,bearish,at resistance,confirmed
RAIN,Outside Bar,2026-05-15,1D,neutral,at resistance,neutral
RAIN,NR7,2026-05-18,1D,neutral,at S/R confluence,neutral
RAIN,Three Black Crows,2026-05-18,1D,bearish,at S/R confluence,failed
RAIN,Doji,2026-05-19,1D,neutral,at S/R confluence,neutral
RAIN,Shooting Star,2026-05-19,1D,bearish,at S/R confluence,confirmed
RAIN,Bearish Pin Bar,2026-05-19,1D,bearish,at S/R confluence,confirmed
RAIN,Bullish Harami,2026-05-19,1D,bullish,at S/R confluence,failed
RAIN,Tweezer Top,2026-05-19,1D,bearish,at S/R confluence,confirmed
RAIN,NR7,2026-05-19,1D,neutral,at S/R confluence,neutral
RAIN,Shooting Star,2026-05-21,1D,bearish,at S/R confluence,failed
RAIN,Bearish Pin Bar,2026-05-21,1D,bearish,at S/R confluence,failed
RAIN,Inside Bar,2026-05-22,1D,neutral,at resistance,neutral
RAIN,Tweezer Top,2026-05-26,1D,bearish,at resistance,failed
RAIN,Inside Bar,2026-05-26,1D,neutral,at resistance,neutral
RAIN,Inside Bar,2026-05-27,1D,neutral,at resistance,neutral
RAIN,Doji,2026-05-28,1D,neutral,at resistance,neutral
RAIN,Inside Bar,2026-05-28,1D,neutral,at resistance,neutral
RAIN,Outside Bar,2026-05-29,1D,neutral,midair,neutral
RAIN,Three White Soldiers,2026-06-02,1D,bullish,midair,pending (last bar)
SASKEN,Doji,2026-05-05,1D,neutral,at S/R confluence,neutral
SASKEN,Shooting Star,2026-05-05,1D,bearish,at S/R confluence,failed
SASKEN,Bearish Pin Bar,2026-05-05,1D,bearish,at S/R confluence,failed
SASKEN,Inside Bar,2026-05-05,1D,neutral,at S/R confluence,neutral
SASKEN,Shooting Star,2026-05-07,1D,bearish,at S/R confluence,failed
SASKEN,Tweezer Top,2026-05-08,1D,bearish,at S/R confluence,failed
SASKEN,Three White Soldiers,2026-05-12,1D,bullish,midair,failed
SASKEN,Bearish Harami,2026-05-13,1D,bearish,at support,failed
SASKEN,Inside Bar,2026-05-13,1D,neutral,at support,neutral
SASKEN,Long-legged Doji,2026-05-14,1D,neutral,at support,neutral
SASKEN,Tweezer Top,2026-05-14,1D,bearish,at support,confirmed
SASKEN,Bearish Engulfing,2026-05-15,1D,bearish,at support,failed
SASKEN,Inside Bar,2026-05-15,1D,neutral,at support,neutral
SASKEN,NR4,2026-05-15,1D,neutral,at support,neutral
SASKEN,Bullish Engulfing,2026-05-18,1D,bullish,midair,failed
SASKEN,Outside Bar,2026-05-18,1D,neutral,midair,neutral
SASKEN,Evening Star,2026-05-20,1D,bearish,at support,failed
SASKEN,Doji,2026-05-21,1D,neutral,at support,neutral
SASKEN,Shooting Star,2026-05-21,1D,bearish,at support,failed
SASKEN,Bearish Pin Bar,2026-05-21,1D,bearish,at support,failed
SASKEN,Bullish Harami,2026-05-21,1D,bullish,at support,confirmed
SASKEN,Inside Bar,2026-05-21,1D,neutral,at support,neutral
SASKEN,NR7,2026-05-21,1D,neutral,at support,neutral
SASKEN,Outside Bar,2026-05-22,1D,neutral,midair,neutral
SASKEN,Morning Star,2026-05-22,1D,bullish,midair,confirmed
SASKEN,Three White Soldiers,2026-05-25,1D,bullish,at resistance,confirmed
SASKEN,Three White Soldiers,2026-05-26,1D,bullish,at S/R confluence,confirmed
SASKEN,Three White Soldiers,2026-05-27,1D,bullish,midair,confirmed
SASKEN,Hanging Man,2026-05-29,1D,bearish,midair,failed
SASKEN,Bullish Pin Bar,2026-05-29,1D,bullish,midair,confirmed
SASKEN,Three White Soldiers,2026-05-29,1D,bullish,midair,confirmed
SASKEN,NR4,2026-06-01,1D,neutral,midair,neutral
SASKEN,Three White Soldiers,2026-06-01,1D,bullish,midair,confirmed
SASKEN,Outside Bar,2026-06-02,1D,neutral,midair,pending (last bar)
SASKEN,Three White Soldiers,2026-06-02,1D,bullish,midair,pending (last bar)
IDEAFORGE,Long-legged Doji,2026-05-06,1D,neutral,midair,neutral
IDEAFORGE,NR4,2026-05-07,1D,neutral,midair,neutral
IDEAFORGE,Bullish Harami,2026-05-08,1D,bullish,midair,failed
IDEAFORGE,Outside Bar,2026-05-08,1D,neutral,midair,neutral
IDEAFORGE,Bearish Harami,2026-05-11,1D,bearish,midair,confirmed
IDEAFORGE,Inside Bar,2026-05-11,1D,neutral,midair,neutral
IDEAFORGE,NR4,2026-05-11,1D,neutral,midair,neutral
IDEAFORGE,Tweezer Top,2026-05-13,1D,bearish,midair,failed
IDEAFORGE,Bullish Marubozu,2026-05-14,1D,bullish,at resistance,failed
IDEAFORGE,Hanging Man,2026-05-18,1D,bearish,midair,confirmed
IDEAFORGE,Gravestone Doji,2026-05-19,1D,bearish,midair,confirmed
IDEAFORGE,Shooting Star,2026-05-19,1D,bearish,midair,confirmed
IDEAFORGE,Bearish Pin Bar,2026-05-19,1D,bearish,midair,confirmed
IDEAFORGE,Inside Bar,2026-05-19,1D,neutral,midair,neutral
IDEAFORGE,NR4,2026-05-19,1D,neutral,midair,neutral
IDEAFORGE,Shooting Star,2026-05-20,1D,bearish,midair,confirmed
IDEAFORGE,NR7,2026-05-20,1D,neutral,midair,neutral
IDEAFORGE,Bearish Engulfing,2026-05-21,1D,bearish,at support,failed
IDEAFORGE,Tweezer Bottom,2026-05-22,1D,bullish,midair,confirmed
IDEAFORGE,Hammer,2026-05-25,1D,bullish,midair,confirmed
IDEAFORGE,Bullish Pin Bar,2026-05-25,1D,bullish,midair,confirmed
IDEAFORGE,NR7,2026-05-25,1D,neutral,midair,neutral
IDEAFORGE,Three White Soldiers,2026-05-26,1D,bullish,at resistance,failed
IDEAFORGE,Long-legged Doji,2026-05-27,1D,neutral,at resistance,neutral
IDEAFORGE,Outside Bar,2026-05-27,1D,neutral,at resistance,neutral
IDEAFORGE,Doji,2026-05-28,1D,neutral,at resistance,neutral
IDEAFORGE,Inside Bar,2026-05-28,1D,neutral,at resistance,neutral
IDEAFORGE,Outside Bar,2026-05-29,1D,neutral,at resistance,neutral
ONELIFECAP,Long-legged Doji,2026-05-05,1D,neutral,at resistance,neutral
ONELIFECAP,Outside Bar,2026-05-06,1D,neutral,midair,neutral
ONELIFECAP,Inside Bar,2026-05-07,1D,neutral,midair,neutral
ONELIFECAP,Bearish Engulfing,2026-05-11,1D,bearish,midair,failed
ONELIFECAP,Shooting Star,2026-05-12,1D,bearish,midair,failed
ONELIFECAP,Bullish Harami,2026-05-12,1D,bullish,midair,confirmed
ONELIFECAP,NR4,2026-05-12,1D,neutral,midair,neutral
ONELIFECAP,NR7,2026-05-13,1D,neutral,at resistance,neutral
ONELIFECAP,Morning Star,2026-05-13,1D,bullish,at resistance,confirmed
ONELIFECAP,Dragonfly Doji,2026-05-14,1D,bullish,at resistance,confirmed
ONELIFECAP,Hanging Man,2026-05-14,1D,bearish,at resistance,failed
ONELIFECAP,Bullish Pin Bar,2026-05-14,1D,bullish,at resistance,confirmed
ONELIFECAP,Bullish Engulfing,2026-05-19,1D,bullish,midair,confirmed
ONELIFECAP,Tweezer Top,2026-05-19,1D,bearish,midair,failed
ONELIFECAP,Dragonfly Doji,2026-05-20,1D,bullish,midair,confirmed
ONELIFECAP,Hanging Man,2026-05-20,1D,bearish,midair,failed
ONELIFECAP,Bullish Pin Bar,2026-05-20,1D,bullish,midair,confirmed
ONELIFECAP,Doji,2026-05-21,1D,neutral,midair,neutral
ONELIFECAP,Hanging Man,2026-05-22,1D,bearish,midair,failed
ONELIFECAP,Bullish Pin Bar,2026-05-22,1D,bullish,midair,confirmed
ONELIFECAP,Outside Bar,2026-05-22,1D,neutral,midair,neutral
ONELIFECAP,Bullish Marubozu,2026-05-25,1D,bullish,midair,confirmed
ONELIFECAP,Bullish Marubozu,2026-05-26,1D,bullish,midair,confirmed
ONELIFECAP,Outside Bar,2026-05-26,1D,neutral,midair,neutral
ONELIFECAP,Three White Soldiers,2026-05-26,1D,bullish,midair,confirmed
ONELIFECAP,NR4,2026-05-27,1D,neutral,midair,neutral
ONELIFECAP,Three White Soldiers,2026-05-27,1D,bullish,midair,failed
ONELIFECAP,Bearish Engulfing,2026-05-29,1D,bearish,midair,confirmed
ONELIFECAP,Outside Bar,2026-05-29,1D,neutral,midair,neutral
ONELIFECAP,Doji,2026-06-01,1D,neutral,midair,neutral
ONELIFECAP,Bullish Marubozu,2026-06-02,1D,bullish,midair,pending (last bar)
ONELIFECAP,Outside Bar,2026-06-02,1D,neutral,midair,pending (last bar)
PARKHOSPS,Long-legged Doji,2026-05-07,1D,neutral,midair,neutral
PARKHOSPS,NR4,2026-05-07,1D,neutral,midair,neutral
PARKHOSPS,Bearish Engulfing,2026-05-12,1D,bearish,midair,failed
PARKHOSPS,Tweezer Top,2026-05-12,1D,bearish,midair,failed
PARKHOSPS,Outside Bar,2026-05-12,1D,neutral,midair,neutral
PARKHOSPS,Shooting Star,2026-05-13,1D,bearish,midair,failed
PARKHOSPS,Bearish Pin Bar,2026-05-13,1D,bearish,midair,failed
PARKHOSPS,Inside Bar,2026-05-13,1D,neutral,midair,neutral
PARKHOSPS,Long-legged Doji,2026-05-14,1D,neutral,midair,neutral
PARKHOSPS,NR4,2026-05-14,1D,neutral,midair,neutral
PARKHOSPS,Tweezer Top,2026-05-15,1D,bearish,midair,confirmed
PARKHOSPS,Evening Star,2026-05-15,1D,bearish,midair,confirmed
PARKHOSPS,Inside Bar,2026-05-18,1D,neutral,at support,neutral
PARKHOSPS,NR7,2026-05-18,1D,neutral,at support,neutral
PARKHOSPS,Three Black Crows,2026-05-18,1D,bearish,at support,failed
PARKHOSPS,Bullish Harami,2026-05-22,1D,bullish,midair,confirmed
PARKHOSPS,NR4,2026-05-22,1D,neutral,midair,neutral
PARKHOSPS,Three White Soldiers,2026-05-26,1D,bullish,midair,failed
PARKHOSPS,NR7,2026-05-27,1D,neutral,midair,neutral
PARKHOSPS,Doji,2026-05-28,1D,neutral,midair,neutral
PARKHOSPS,Inside Bar,2026-05-28,1D,neutral,midair,neutral
PARKHOSPS,Shooting Star,2026-05-29,1D,bearish,midair,confirmed
PARKHOSPS,Bearish Pin Bar,2026-05-29,1D,bearish,midair,confirmed
PARKHOSPS,Outside Bar,2026-05-29,1D,neutral,midair,neutral
PARKHOSPS,Morning Star,2026-05-29,1D,bullish,midair,failed
PARKHOSPS,Bearish Engulfing,2026-06-01,1D,bearish,midair,failed
BBOX,Three White Soldiers,2026-05-06,1D,bullish,midair,confirmed
BBOX,Three White Soldiers,2026-05-07,1D,bullish,midair,confirmed
BBOX,NR4,2026-05-08,1D,neutral,midair,neutral
BBOX,Three White Soldiers,2026-05-08,1D,bullish,midair,confirmed
BBOX,Three White Soldiers,2026-05-11,1D,bullish,midair,confirmed
BBOX,Three White Soldiers,2026-05-12,1D,bullish,midair,failed
BBOX,Inside Bar,2026-05-13,1D,neutral,midair,neutral
BBOX,Bullish Engulfing,2026-05-14,1D,bullish,midair,confirmed
BBOX,NR4,2026-05-15,1D,neutral,midair,neutral
BBOX,Outside Bar,2026-05-18,1D,neutral,midair,neutral
BBOX,Three White Soldiers,2026-05-18,1D,bullish,midair,confirmed
BBOX,Hanging Man,2026-05-19,1D,bearish,midair,confirmed
BBOX,Inside Bar,2026-05-19,1D,neutral,midair,neutral
BBOX,Three White Soldiers,2026-05-19,1D,bullish,midair,failed
BBOX,Long-legged Doji,2026-05-20,1D,neutral,midair,neutral
BBOX,Hanging Man,2026-05-21,1D,bearish,midair,failed
BBOX,Bullish Pin Bar,2026-05-21,1D,bullish,midair,confirmed
BBOX,Tweezer Top,2026-05-21,1D,bearish,midair,failed
BBOX,Inside Bar,2026-05-21,1D,neutral,midair,neutral
BBOX,Doji,2026-05-22,1D,neutral,midair,neutral
BBOX,Shooting Star,2026-05-22,1D,bearish,midair,failed
BBOX,Bearish Pin Bar,2026-05-22,1D,bearish,midair,failed
BBOX,Doji,2026-05-25,1D,neutral,midair,neutral
BBOX,Shooting Star,2026-05-25,1D,bearish,midair,failed
BBOX,Bearish Pin Bar,2026-05-25,1D,bearish,midair,failed
BBOX,Morning Star,2026-05-25,1D,bullish,midair,confirmed
BBOX,Long-legged Doji,2026-05-26,1D,neutral,midair,neutral
BBOX,Outside Bar,2026-05-26,1D,neutral,midair,neutral
BBOX,Bullish Engulfing,2026-05-27,1D,bullish,midair,failed
BBOX,Inside Bar,2026-05-27,1D,neutral,midair,neutral
BBOX,Doji,2026-05-28,1D,neutral,midair,neutral
BBOX,Inside Bar,2026-05-28,1D,neutral,midair,neutral
BBOX,Outside Bar,2026-05-29,1D,neutral,midair,neutral
BBOX,Long-legged Doji,2026-06-01,1D,neutral,midair,neutral
POWERINDIA,Tweezer Top,2026-05-05,1D,bearish,at resistance,confirmed
POWERINDIA,Inside Bar,2026-05-05,1D,neutral,at resistance,neutral
POWERINDIA,Bearish Engulfing,2026-05-06,1D,bearish,midair,failed
POWERINDIA,Tweezer Top,2026-05-06,1D,bearish,midair,failed
POWERINDIA,Outside Bar,2026-05-06,1D,neutral,midair,neutral
POWERINDIA,Outside Bar,2026-05-08,1D,neutral,midair,neutral
POWERINDIA,NR4,2026-05-11,1D,neutral,midair,neutral
POWERINDIA,Three Black Crows,2026-05-12,1D,bearish,at support,confirmed
POWERINDIA,NR4,2026-05-13,1D,neutral,at support,neutral
POWERINDIA,Three Black Crows,2026-05-13,1D,bearish,at support,failed
POWERINDIA,Hammer,2026-05-14,1D,bullish,at support,confirmed
POWERINDIA,Bullish Pin Bar,2026-05-14,1D,bullish,at support,confirmed
POWERINDIA,Hammer,2026-05-15,1D,bullish,midair,confirmed
POWERINDIA,Bullish Pin Bar,2026-05-15,1D,bullish,midair,confirmed
POWERINDIA,Outside Bar,2026-05-15,1D,neutral,midair,neutral
POWERINDIA,Morning Star,2026-05-15,1D,bullish,midair,confirmed
POWERINDIA,NR7,2026-05-18,1D,neutral,midair,neutral
POWERINDIA,Three White Soldiers,2026-05-18,1D,bullish,midair,confirmed
POWERINDIA,NR7,2026-05-19,1D,neutral,midair,neutral
POWERINDIA,Three White Soldiers,2026-05-19,1D,bullish,midair,confirmed
POWERINDIA,Tweezer Bottom,2026-05-20,1D,bullish,at resistance,confirmed
POWERINDIA,Outside Bar,2026-05-20,1D,neutral,at resistance,neutral
POWERINDIA,Three White Soldiers,2026-05-20,1D,bullish,at resistance,confirmed
POWERINDIA,NR7,2026-05-21,1D,neutral,midair,neutral
POWERINDIA,Three White Soldiers,2026-05-21,1D,bullish,midair,failed
POWERINDIA,Bearish Engulfing,2026-05-22,1D,bearish,at resistance,failed
POWERINDIA,Tweezer Top,2026-05-22,1D,bearish,at resistance,failed
POWERINDIA,Hanging Man,2026-05-26,1D,bearish,midair,failed
POWERINDIA,Outside Bar,2026-05-26,1D,neutral,midair,neutral
POWERINDIA,Three White Soldiers,2026-05-29,1D,bullish,midair,failed
POWERINDIA,Bearish Marubozu,2026-06-01,1D,bearish,midair,confirmed
POWERINDIA,Bearish Engulfing,2026-06-01,1D,bearish,midair,confirmed
POWERINDIA,Outside Bar,2026-06-01,1D,neutral,midair,neutral
POWERINDIA,NR4,2026-06-02,1D,neutral,at resistance,pending (last bar)
KESORAMIND,Inverted Hammer,2026-05-05,1D,bullish,midair,confirmed
KESORAMIND,Bearish Pin Bar,2026-05-05,1D,bearish,midair,failed
KESORAMIND,NR4,2026-05-08,1D,neutral,at support,neutral
KESORAMIND,Three White Soldiers,2026-05-11,1D,bullish,midair,confirmed
KESORAMIND,Hanging Man,2026-05-12,1D,bearish,midair,failed
KESORAMIND,Bullish Pin Bar,2026-05-12,1D,bullish,midair,confirmed
KESORAMIND,Bullish Engulfing,2026-05-13,1D,bullish,at resistance,failed
KESORAMIND,Bearish Engulfing,2026-05-14,1D,bearish,midair,confirmed
KESORAMIND,Bearish Marubozu,2026-05-18,1D,bearish,at S/R confluence,failed
KESORAMIND,NR4,2026-05-18,1D,neutral,at S/R confluence,neutral
KESORAMIND,Three Black Crows,2026-05-18,1D,bearish,at S/R confluence,failed
KESORAMIND,Bullish Marubozu,2026-05-19,1D,bullish,midair,failed
KESORAMIND,Bullish Engulfing,2026-05-19,1D,bullish,midair,failed
KESORAMIND,Tweezer Top,2026-05-19,1D,bearish,midair,confirmed
KESORAMIND,Outside Bar,2026-05-19,1D,neutral,midair,neutral
KESORAMIND,Bearish Harami,2026-05-20,1D,bearish,at support,failed
KESORAMIND,Inside Bar,2026-05-20,1D,neutral,at support,neutral
KESORAMIND,NR7,2026-05-20,1D,neutral,at support,neutral
KESORAMIND,NR4,2026-05-26,1D,neutral,midair,neutral
KESORAMIND,Bullish Engulfing,2026-05-27,1D,bullish,midair,failed
KESORAMIND,Outside Bar,2026-05-27,1D,neutral,midair,neutral
KESORAMIND,Gravestone Doji,2026-05-29,1D,bearish,midair,confirmed
KESORAMIND,Bearish Pin Bar,2026-05-29,1D,bearish,midair,confirmed
KESORAMIND,Tweezer Top,2026-06-01,1D,bearish,midair,confirmed
KESORAMIND,Bearish Harami,2026-06-02,1D,bearish,at support,pending (last bar)
KESORAMIND,Inside Bar,2026-06-02,1D,neutral,at support,pending (last bar)
DJML,Outside Bar,2026-05-05,1D,neutral,at S/R confluence,neutral
DJML,Three White Soldiers,2026-05-06,1D,bullish,at S/R confluence,confirmed
DJML,Tweezer Top,2026-05-07,1D,bearish,at S/R confluence,confirmed
DJML,NR7,2026-05-07,1D,neutral,at S/R confluence,neutral
DJML,Three White Soldiers,2026-05-07,1D,bullish,at S/R confluence,failed
DJML,Hanging Man,2026-05-08,1D,bearish,at S/R confluence,confirmed
DJML,Bullish Pin Bar,2026-05-08,1D,bullish,at S/R confluence,failed
DJML,Tweezer Top,2026-05-08,1D,bearish,at S/R confluence,confirmed
DJML,Hanging Man,2026-05-11,1D,bearish,at S/R confluence,confirmed
DJML,Bullish Pin Bar,2026-05-11,1D,bullish,at S/R confluence,failed
DJML,Outside Bar,2026-05-12,1D,neutral,at S/R confluence,neutral
DJML,Three Black Crows,2026-05-12,1D,bearish,at S/R confluence,failed
DJML,Tweezer Top,2026-05-15,1D,bearish,at S/R confluence,failed
DJML,Hammer,2026-05-18,1D,bullish,at S/R confluence,confirmed
DJML,Bullish Pin Bar,2026-05-18,1D,bullish,at S/R confluence,confirmed
DJML,Hammer,2026-05-20,1D,bullish,at S/R confluence,confirmed
DJML,Outside Bar,2026-05-20,1D,neutral,at S/R confluence,neutral
DJML,NR4,2026-05-22,1D,neutral,at S/R confluence,neutral
DJML,Hanging Man,2026-05-25,1D,bearish,at S/R confluence,failed
DJML,Bullish Pin Bar,2026-05-25,1D,bullish,at S/R confluence,confirmed
DJML,Outside Bar,2026-05-25,1D,neutral,at S/R confluence,neutral
DJML,Hanging Man,2026-05-26,1D,bearish,at resistance,failed
DJML,Bullish Pin Bar,2026-05-26,1D,bullish,at resistance,confirmed
DJML,Three White Soldiers,2026-05-27,1D,bullish,at S/R confluence,failed
DJML,Outside Bar,2026-05-29,1D,neutral,at S/R confluence,neutral
DJML,Outside Bar,2026-06-01,1D,neutral,at S/R confluence,neutral
DJML,Inside Bar,2026-06-02,1D,neutral,at S/R confluence,pending (last bar)
DJML,NR4,2026-06-02,1D,neutral,at S/R confluence,pending (last bar)
DJML,Three Black Crows,2026-06-02,1D,bearish,at S/R confluence,pending (last bar)
SWANDEF,Outside Bar,2026-05-05,1D,neutral,at S/R confluence,neutral
SWANDEF,Inside Bar,2026-05-06,1D,neutral,at S/R confluence,neutral
SWANDEF,Doji,2026-05-07,1D,neutral,at S/R confluence,neutral
SWANDEF,Hammer,2026-05-07,1D,bullish,at S/R confluence,failed
SWANDEF,Bullish Pin Bar,2026-05-07,1D,bullish,at S/R confluence,failed
SWANDEF,Hanging Man,2026-05-08,1D,bearish,at S/R confluence,failed
SWANDEF,Bullish Pin Bar,2026-05-08,1D,bullish,at S/R confluence,confirmed
SWANDEF,Tweezer Top,2026-05-08,1D,bearish,at S/R confluence,failed
SWANDEF,Inside Bar,2026-05-08,1D,neutral,at S/R confluence,neutral
SWANDEF,NR7,2026-05-08,1D,neutral,at S/R confluence,neutral
SWANDEF,Bullish Engulfing,2026-05-11,1D,bullish,at resistance,failed
SWANDEF,Outside Bar,2026-05-11,1D,neutral,at resistance,neutral
SWANDEF,Long-legged Doji,2026-05-12,1D,neutral,at resistance,neutral
SWANDEF,Bearish Harami,2026-05-12,1D,bearish,at resistance,confirmed
SWANDEF,Inside Bar,2026-05-12,1D,neutral,at resistance,neutral
SWANDEF,Long-legged Doji,2026-05-13,1D,neutral,at resistance,neutral
SWANDEF,Inside Bar,2026-05-13,1D,neutral,at resistance,neutral
SWANDEF,Bullish Engulfing,2026-05-14,1D,bullish,at resistance,confirmed
SWANDEF,Tweezer Top,2026-05-14,1D,bearish,at resistance,failed
SWANDEF,Outside Bar,2026-05-14,1D,neutral,at resistance,neutral
SWANDEF,Tweezer Top,2026-05-15,1D,bearish,at resistance,confirmed
SWANDEF,Inside Bar,2026-05-15,1D,neutral,at resistance,neutral
SWANDEF,NR4,2026-05-15,1D,neutral,at resistance,neutral
SWANDEF,Tweezer Top,2026-05-18,1D,bearish,at resistance,failed
SWANDEF,Bullish Engulfing,2026-05-20,1D,bullish,at resistance,failed
SWANDEF,Inside Bar,2026-05-20,1D,neutral,at resistance,neutral
SWANDEF,Doji,2026-05-21,1D,neutral,at resistance,neutral
SWANDEF,Hanging Man,2026-05-21,1D,bearish,at resistance,failed
SWANDEF,Bullish Pin Bar,2026-05-21,1D,bullish,at resistance,confirmed
SWANDEF,Bearish Harami,2026-05-21,1D,bearish,at resistance,failed
SWANDEF,Tweezer Top,2026-05-21,1D,bearish,at resistance,failed
SWANDEF,Inside Bar,2026-05-21,1D,neutral,at resistance,neutral
SWANDEF,NR4,2026-05-21,1D,neutral,at resistance,neutral
SWANDEF,Bullish Engulfing,2026-05-22,1D,bullish,at resistance,failed
SWANDEF,Tweezer Top,2026-05-25,1D,bearish,at resistance,confirmed
SWANDEF,Inside Bar,2026-05-26,1D,neutral,at resistance,neutral
SWANDEF,NR7,2026-05-26,1D,neutral,at resistance,neutral
SWANDEF,Outside Bar,2026-05-27,1D,neutral,at resistance,neutral
SWANDEF,Three White Soldiers,2026-05-29,1D,bullish,midair,confirmed
PARACABLES,Three White Soldiers,2026-05-06,1D,bullish,at S/R confluence,confirmed
PARACABLES,Three White Soldiers,2026-05-07,1D,bullish,at S/R confluence,confirmed
PARACABLES,Bullish Marubozu,2026-05-08,1D,bullish,at S/R confluence,confirmed
PARACABLES,Three White Soldiers,2026-05-08,1D,bullish,at S/R confluence,confirmed
PARACABLES,Three White Soldiers,2026-05-11,1D,bullish,at S/R confluence,failed
PARACABLES,Bearish Marubozu,2026-05-12,1D,bearish,at S/R confluence,failed
PARACABLES,Bearish Engulfing,2026-05-12,1D,bearish,at S/R confluence,failed
PARACABLES,Outside Bar,2026-05-12,1D,neutral,at S/R confluence,neutral
PARACABLES,Bullish Marubozu,2026-05-13,1D,bullish,at resistance,failed
PARACABLES,Bullish Harami,2026-05-13,1D,bullish,at resistance,failed
PARACABLES,Inside Bar,2026-05-13,1D,neutral,at resistance,neutral
PARACABLES,NR4,2026-05-13,1D,neutral,at resistance,neutral
PARACABLES,NR4,2026-05-14,1D,neutral,at resistance,neutral
PARACABLES,NR4,2026-05-15,1D,neutral,at S/R confluence,neutral
PARACABLES,Evening Star,2026-05-15,1D,bearish,at S/R confluence,confirmed
PARACABLES,Three Black Crows,2026-05-18,1D,bearish,at S/R confluence,failed
PARACABLES,Doji,2026-05-19,1D,neutral,at S/R confluence,neutral
PARACABLES,Shooting Star,2026-05-19,1D,bearish,at S/R confluence,confirmed
PARACABLES,Bearish Pin Bar,2026-05-19,1D,bearish,at S/R confluence,confirmed
PARACABLES,Bullish Harami,2026-05-19,1D,bullish,at S/R confluence,failed
PARACABLES,Inside Bar,2026-05-19,1D,neutral,at S/R confluence,neutral
PARACABLES,NR7,2026-05-19,1D,neutral,at S/R confluence,neutral
PARACABLES,Long-legged Doji,2026-05-20,1D,neutral,at S/R confluence,neutral
PARACABLES,Bearish Engulfing,2026-05-20,1D,bearish,at S/R confluence,failed
PARACABLES,Outside Bar,2026-05-20,1D,neutral,at S/R confluence,neutral
PARACABLES,Three White Soldiers,2026-05-25,1D,bullish,at S/R confluence,confirmed
PARACABLES,Shooting Star,2026-05-26,1D,bearish,at support,failed
PARACABLES,Bearish Pin Bar,2026-05-26,1D,bearish,at support,failed
PARACABLES,NR4,2026-05-26,1D,neutral,at support,neutral
PARACABLES,Bullish Engulfing,2026-05-27,1D,bullish,at support,failed
PARACABLES,Outside Bar,2026-05-27,1D,neutral,at support,neutral
PARACABLES,Doji,2026-05-28,1D,neutral,at support,neutral
PARACABLES,Inside Bar,2026-05-28,1D,neutral,at support,neutral
PARACABLES,Outside Bar,2026-05-29,1D,neutral,at S/R confluence,neutral
PARACABLES,Evening Star,2026-05-29,1D,bearish,at S/R confluence,confirmed
PRECWIRE,Doji,2026-05-05,1D,neutral,at resistance,neutral
PRECWIRE,Shooting Star,2026-05-05,1D,bearish,at resistance,confirmed
PRECWIRE,Bearish Pin Bar,2026-05-05,1D,bearish,at resistance,confirmed
PRECWIRE,Evening Star,2026-05-06,1D,bearish,midair,failed
PRECWIRE,Bullish Harami,2026-05-07,1D,bullish,midair,confirmed
PRECWIRE,Inside Bar,2026-05-07,1D,neutral,midair,neutral
PRECWIRE,Morning Star,2026-05-08,1D,bullish,midair,failed
PRECWIRE,Bearish Harami,2026-05-11,1D,bearish,midair,confirmed
PRECWIRE,Bearish Marubozu,2026-05-12,1D,bearish,midair,confirmed
PRECWIRE,Evening Star,2026-05-12,1D,bearish,midair,confirmed
PRECWIRE,NR7,2026-05-13,1D,neutral,midair,neutral
PRECWIRE,Three Black Crows,2026-05-13,1D,bearish,midair,confirmed
PRECWIRE,Three Black Crows,2026-05-14,1D,bearish,midair,confirmed
PRECWIRE,Inside Bar,2026-05-15,1D,neutral,midair,neutral
PRECWIRE,Three Black Crows,2026-05-15,1D,bearish,midair,confirmed
PRECWIRE,Tweezer Bottom,2026-05-19,1D,bullish,midair,confirmed
PRECWIRE,Outside Bar,2026-05-19,1D,neutral,midair,neutral
PRECWIRE,Three White Soldiers,2026-05-20,1D,bullish,midair,confirmed
PRECWIRE,NR7,2026-05-21,1D,neutral,midair,neutral
PRECWIRE,Shooting Star,2026-05-25,1D,bearish,at resistance,failed
PRECWIRE,Inside Bar,2026-05-26,1D,neutral,midair,neutral
PRECWIRE,Bearish Harami,2026-05-27,1D,bearish,at resistance,confirmed
PRECWIRE,Outside Bar,2026-05-27,1D,neutral,at resistance,neutral
PRECWIRE,Bullish Harami,2026-06-01,1D,bullish,at resistance,failed
PRECWIRE,Inside Bar,2026-06-01,1D,neutral,at resistance,neutral
PRECWIRE,Bearish Harami,2026-06-02,1D,bearish,at resistance,pending (last bar)
GAYAPROJ,Hammer,2026-05-05,1D,bullish,at resistance,failed
GAYAPROJ,Bullish Pin Bar,2026-05-05,1D,bullish,at resistance,failed
GAYAPROJ,Outside Bar,2026-05-06,1D,neutral,midair,neutral
GAYAPROJ,Bullish Engulfing,2026-05-07,1D,bullish,at resistance,failed
GAYAPROJ,Bearish Marubozu,2026-05-12,1D,bearish,midair,failed
GAYAPROJ,Bearish Harami,2026-05-12,1D,bearish,midair,failed
GAYAPROJ,Inside Bar,2026-05-12,1D,neutral,midair,neutral
GAYAPROJ,NR4,2026-05-12,1D,neutral,midair,neutral
GAYAPROJ,Bullish Harami,2026-05-13,1D,bullish,midair,confirmed
GAYAPROJ,NR7,2026-05-13,1D,neutral,midair,neutral
GAYAPROJ,Long-legged Doji,2026-05-14,1D,neutral,midair,neutral
GAYAPROJ,Outside Bar,2026-05-14,1D,neutral,midair,neutral
GAYAPROJ,Bearish Marubozu,2026-05-15,1D,bearish,midair,confirmed
GAYAPROJ,Bearish Marubozu,2026-05-18,1D,bearish,midair,failed
GAYAPROJ,NR7,2026-05-18,1D,neutral,midair,neutral
GAYAPROJ,Outside Bar,2026-05-19,1D,neutral,midair,neutral
GAYAPROJ,Bearish Marubozu,2026-05-20,1D,bearish,at support,failed
GAYAPROJ,Bearish Engulfing,2026-05-20,1D,bearish,at support,failed
GAYAPROJ,Inside Bar,2026-05-20,1D,neutral,at support,neutral
GAYAPROJ,NR4,2026-05-22,1D,neutral,at support,neutral
GAYAPROJ,NR4,2026-05-25,1D,neutral,midair,neutral
GAYAPROJ,Doji,2026-05-26,1D,neutral,midair,neutral
GAYAPROJ,Gravestone Doji,2026-05-27,1D,bearish,midair,failed
GAYAPROJ,Inverted Hammer,2026-05-27,1D,bullish,midair,confirmed
GAYAPROJ,Bearish Pin Bar,2026-05-27,1D,bearish,midair,failed
GAYAPROJ,Tweezer Bottom,2026-05-27,1D,bullish,midair,confirmed
GAYAPROJ,Outside Bar,2026-05-27,1D,neutral,midair,neutral
GAYAPROJ,Bullish Marubozu,2026-06-01,1D,bullish,at resistance,confirmed
GAYAPROJ,Bullish Engulfing,2026-06-01,1D,bullish,at resistance,confirmed
VENUSREM,Three Black Crows,2026-05-06,1D,bearish,at resistance,failed
VENUSREM,Bullish Engulfing,2026-05-07,1D,bullish,midair,confirmed
VENUSREM,NR4,2026-05-08,1D,neutral,at resistance,neutral
VENUSREM,Outside Bar,2026-05-11,1D,neutral,midair,neutral
VENUSREM,Doji,2026-05-13,1D,neutral,at S/R confluence,neutral
VENUSREM,Shooting Star,2026-05-13,1D,bearish,at S/R confluence,failed
VENUSREM,Bearish Pin Bar,2026-05-13,1D,bearish,at S/R confluence,failed
VENUSREM,NR7,2026-05-13,1D,neutral,at S/R confluence,neutral
VENUSREM,Three Black Crows,2026-05-13,1D,bearish,at S/R confluence,failed
VENUSREM,Bullish Engulfing,2026-05-14,1D,bullish,at resistance,failed
VENUSREM,Inside Bar,2026-05-14,1D,neutral,at resistance,neutral
VENUSREM,NR7,2026-05-14,1D,neutral,at resistance,neutral
VENUSREM,Bearish Engulfing,2026-05-15,1D,bearish,at support,failed
VENUSREM,Outside Bar,2026-05-18,1D,neutral,at resistance,neutral
VENUSREM,Bullish Marubozu,2026-05-19,1D,bullish,at resistance,confirmed
VENUSREM,Dragonfly Doji,2026-05-20,1D,bullish,midair,failed
VENUSREM,Hanging Man,2026-05-20,1D,bearish,midair,confirmed
VENUSREM,Bullish Pin Bar,2026-05-20,1D,bullish,midair,failed
VENUSREM,Three White Soldiers,2026-05-20,1D,bullish,midair,failed
VENUSREM,Bearish Engulfing,2026-05-21,1D,bearish,at resistance,failed
VENUSREM,Bullish Marubozu,2026-05-22,1D,bullish,at resistance,confirmed
VENUSREM,Bullish Engulfing,2026-05-22,1D,bullish,at resistance,confirmed
VENUSREM,NR7,2026-05-25,1D,neutral,midair,neutral
VENUSREM,Long-legged Doji,2026-05-26,1D,neutral,midair,neutral
VENUSREM,Outside Bar,2026-05-26,1D,neutral,midair,neutral
VENUSREM,Doji,2026-05-27,1D,neutral,midair,neutral
VENUSREM,Doji,2026-05-28,1D,neutral,midair,neutral
VENUSREM,Tweezer Top,2026-05-28,1D,bearish,midair,failed
VENUSREM,Doji,2026-05-29,1D,neutral,midair,neutral
VENUSREM,Doji,2026-06-01,1D,neutral,midair,neutral
VENUSREM,Dragonfly Doji,2026-06-02,1D,bullish,midair,pending (last bar)
VENUSREM,Hanging Man,2026-06-02,1D,bearish,midair,pending (last bar)
VENUSREM,Bullish Pin Bar,2026-06-02,1D,bullish,midair,pending (last bar)
NEOGEN,Inside Bar,2026-05-05,1D,neutral,at resistance,neutral
NEOGEN,Long-legged Doji,2026-05-06,1D,neutral,at resistance,neutral
NEOGEN,Bearish Harami,2026-05-06,1D,bearish,at resistance,failed
NEOGEN,Tweezer Top,2026-05-06,1D,bearish,at resistance,failed
NEOGEN,Shooting Star,2026-05-07,1D,bearish,at resistance,failed
NEOGEN,Gravestone Doji,2026-05-08,1D,bearish,at resistance,confirmed
NEOGEN,Shooting Star,2026-05-08,1D,bearish,at resistance,confirmed
NEOGEN,Bearish Pin Bar,2026-05-08,1D,bearish,at resistance,confirmed
NEOGEN,Hanging Man,2026-05-11,1D,bearish,at resistance,confirmed
NEOGEN,Bullish Pin Bar,2026-05-11,1D,bullish,at resistance,failed
NEOGEN,Bullish Harami,2026-05-13,1D,bullish,at resistance,failed
NEOGEN,Tweezer Top,2026-05-13,1D,bearish,at resistance,confirmed
NEOGEN,Inside Bar,2026-05-14,1D,neutral,at S/R confluence,neutral
NEOGEN,NR4,2026-05-14,1D,neutral,at S/R confluence,neutral
NEOGEN,Inside Bar,2026-05-15,1D,neutral,at S/R confluence,neutral
NEOGEN,NR7,2026-05-15,1D,neutral,at S/R confluence,neutral
NEOGEN,Long-legged Doji,2026-05-18,1D,neutral,at S/R confluence,neutral
NEOGEN,Outside Bar,2026-05-18,1D,neutral,at S/R confluence,neutral
NEOGEN,Long-legged Doji,2026-05-20,1D,neutral,at resistance,neutral
NEOGEN,Bearish Engulfing,2026-05-21,1D,bearish,at S/R confluence,failed
NEOGEN,Inside Bar,2026-05-21,1D,neutral,at S/R confluence,neutral
NEOGEN,NR7,2026-05-21,1D,neutral,at S/R confluence,neutral
NEOGEN,Long-legged Doji,2026-05-22,1D,neutral,at S/R confluence,neutral
NEOGEN,NR7,2026-05-22,1D,neutral,at S/R confluence,neutral
NEOGEN,Morning Star,2026-05-25,1D,bullish,at resistance,confirmed
NEOGEN,Inside Bar,2026-05-26,1D,neutral,at resistance,neutral
NEOGEN,Long-legged Doji,2026-05-27,1D,neutral,at resistance,neutral
NEOGEN,Inside Bar,2026-05-27,1D,neutral,at resistance,neutral
NEOGEN,Bullish Harami,2026-06-02,1D,bullish,at resistance,pending (last bar)
ACUTAAS,Shooting Star,2026-05-06,1D,bearish,midair,failed
ACUTAAS,Bearish Pin Bar,2026-05-06,1D,bearish,midair,failed
ACUTAAS,Hanging Man,2026-05-07,1D,bearish,midair,failed
ACUTAAS,Tweezer Top,2026-05-07,1D,bearish,midair,failed
ACUTAAS,NR4,2026-05-08,1D,neutral,midair,neutral
ACUTAAS,Three White Soldiers,2026-05-08,1D,bullish,midair,confirmed
ACUTAAS,Three White Soldiers,2026-05-11,1D,bullish,midair,failed
ACUTAAS,Outside Bar,2026-05-12,1D,neutral,midair,neutral
ACUTAAS,Tweezer Top,2026-05-13,1D,bearish,midair,confirmed
ACUTAAS,Bearish Engulfing,2026-05-14,1D,bearish,midair,failed
ACUTAAS,Tweezer Top,2026-05-14,1D,bearish,midair,failed
ACUTAAS,NR4,2026-05-15,1D,neutral,midair,neutral
ACUTAAS,Bullish Engulfing,2026-05-18,1D,bullish,midair,confirmed
ACUTAAS,Morning Star,2026-05-18,1D,bullish,midair,confirmed
ACUTAAS,Tweezer Top,2026-05-20,1D,bearish,midair,failed
ACUTAAS,NR7,2026-05-20,1D,neutral,midair,neutral
ACUTAAS,Bearish Harami,2026-05-22,1D,bearish,midair,confirmed
ACUTAAS,Inside Bar,2026-05-22,1D,neutral,midair,neutral
ACUTAAS,Long-legged Doji,2026-05-25,1D,neutral,midair,neutral
ACUTAAS,Morning Star,2026-05-26,1D,bullish,midair,failed
ACUTAAS,Tweezer Top,2026-05-27,1D,bearish,midair,failed
ACUTAAS,Tweezer Top,2026-06-01,1D,bearish,midair,failed
ACUTAAS,Hanging Man,2026-06-02,1D,bearish,midair,pending (last bar)
526775,Morning Star,2026-05-04,1D,bullish,at support,failed
526775,Bearish Harami,2026-05-05,1D,bearish,at S/R confluence,failed
526775,Tweezer Bottom,2026-05-05,1D,bullish,at S/R confluence,confirmed
526775,Doji,2026-05-07,1D,neutral,at support,neutral
526775,Bullish Pin Bar,2026-05-07,1D,bullish,at support,confirmed
526775,NR4,2026-05-07,1D,neutral,at support,neutral
526775,Outside Bar,2026-05-08,1D,neutral,at support,neutral
526775,Three White Soldiers,2026-05-08,1D,bullish,at support,confirmed
526775,NR4,2026-05-11,1D,neutral,at resistance,neutral
526775,Three White Soldiers,2026-05-11,1D,bullish,at resistance,confirmed
526775,Bullish Engulfing,2026-05-13,1D,bullish,at S/R confluence,confirmed
526775,Outside Bar,2026-05-13,1D,neutral,at S/R confluence,neutral
526775,Doji,2026-05-14,1D,neutral,at S/R confluence,neutral
526775,Inside Bar,2026-05-14,1D,neutral,at S/R confluence,neutral
526775,Outside Bar,2026-05-15,1D,neutral,at resistance,neutral
526775,Three White Soldiers,2026-05-15,1D,bullish,at resistance,failed
526775,Bearish Marubozu,2026-05-18,1D,bearish,at S/R confluence,failed
526775,Bearish Harami,2026-05-18,1D,bearish,at S/R confluence,failed
526775,Inside Bar,2026-05-18,1D,neutral,at S/R confluence,neutral
526775,NR4,2026-05-18,1D,neutral,at S/R confluence,neutral
526775,Piercing Line,2026-05-19,1D,bullish,at resistance,failed
526775,Outside Bar,2026-05-19,1D,neutral,at resistance,neutral
526775,Bearish Harami,2026-05-20,1D,bearish,at S/R confluence,failed
526775,Inside Bar,2026-05-20,1D,neutral,at S/R confluence,neutral
526775,NR4,2026-05-20,1D,neutral,at S/R confluence,neutral
526775,Bullish Engulfing,2026-05-21,1D,bullish,at resistance,confirmed
526775,Outside Bar,2026-05-21,1D,neutral,at resistance,neutral
526775,Morning Star,2026-05-27,1D,bullish,midair,confirmed
526775,NR4,2026-05-29,1D,neutral,midair,neutral
SHADOWFAX,Evening Star,2026-05-06,1D,bearish,midair,failed
SHADOWFAX,Shooting Star,2026-05-07,1D,bearish,at resistance,confirmed
SHADOWFAX,Bearish Pin Bar,2026-05-07,1D,bearish,at resistance,confirmed
SHADOWFAX,Bullish Harami,2026-05-07,1D,bullish,at resistance,failed
SHADOWFAX,Tweezer Top,2026-05-07,1D,bearish,at resistance,confirmed
SHADOWFAX,Inside Bar,2026-05-07,1D,neutral,at resistance,neutral
SHADOWFAX,NR4,2026-05-07,1D,neutral,at resistance,neutral
SHADOWFAX,Doji,2026-05-08,1D,neutral,at resistance,neutral
SHADOWFAX,Shooting Star,2026-05-08,1D,bearish,at resistance,confirmed
SHADOWFAX,Bearish Pin Bar,2026-05-08,1D,bearish,at resistance,confirmed
SHADOWFAX,Outside Bar,2026-05-08,1D,neutral,at resistance,neutral
SHADOWFAX,Shooting Star,2026-05-11,1D,bearish,at support,confirmed
SHADOWFAX,Evening Star,2026-05-11,1D,bearish,at support,confirmed
SHADOWFAX,NR7,2026-05-12,1D,neutral,at support,neutral
SHADOWFAX,Three Black Crows,2026-05-12,1D,bearish,at support,failed
SHADOWFAX,Outside Bar,2026-05-13,1D,neutral,midair,neutral
SHADOWFAX,Bearish Engulfing,2026-05-14,1D,bearish,at support,failed
SHADOWFAX,Shooting Star,2026-05-18,1D,bearish,midair,failed
SHADOWFAX,Bearish Pin Bar,2026-05-18,1D,bearish,midair,failed
SHADOWFAX,Bearish Harami,2026-05-18,1D,bearish,midair,failed
SHADOWFAX,Inside Bar,2026-05-19,1D,neutral,midair,neutral
SHADOWFAX,Doji,2026-05-20,1D,neutral,midair,neutral
SHADOWFAX,Hanging Man,2026-05-20,1D,bearish,midair,failed
SHADOWFAX,Bullish Pin Bar,2026-05-20,1D,bullish,midair,confirmed
SHADOWFAX,Outside Bar,2026-05-20,1D,neutral,midair,neutral
SHADOWFAX,Three White Soldiers,2026-05-21,1D,bullish,midair,failed
SHADOWFAX,Inside Bar,2026-05-22,1D,neutral,midair,neutral
SHADOWFAX,NR4,2026-05-22,1D,neutral,midair,neutral
SHADOWFAX,Outside Bar,2026-05-25,1D,neutral,midair,neutral
SHADOWFAX,Inside Bar,2026-05-26,1D,neutral,midair,neutral
SHADOWFAX,NR7,2026-05-26,1D,neutral,midair,neutral
SHADOWFAX,Three Black Crows,2026-05-26,1D,bearish,midair,confirmed
SHADOWFAX,Three Black Crows,2026-05-27,1D,bearish,midair,failed
SHADOWFAX,Doji,2026-05-28,1D,neutral,midair,neutral
SHADOWFAX,Inside Bar,2026-05-28,1D,neutral,midair,neutral
SHADOWFAX,Outside Bar,2026-05-29,1D,neutral,midair,neutral
SHADOWFAX,Hanging Man,2026-06-01,1D,bearish,midair,confirmed
SHADOWFAX,Long-legged Doji,2026-06-02,1D,neutral,midair,pending (last bar)
SANSERA,Tweezer Bottom,2026-05-06,1D,bullish,midair,confirmed
SANSERA,Inverted Hammer,2026-05-07,1D,bullish,midair,failed
SANSERA,Bearish Pin Bar,2026-05-07,1D,bearish,midair,confirmed
SANSERA,Bearish Engulfing,2026-05-08,1D,bearish,midair,confirmed
SANSERA,Three Black Crows,2026-05-12,1D,bearish,at S/R confluence,failed
SANSERA,Inverted Hammer,2026-05-13,1D,bullish,at S/R confluence,confirmed
SANSERA,Doji,2026-05-14,1D,neutral,at resistance,neutral
SANSERA,Hammer,2026-05-14,1D,bullish,at resistance,failed
SANSERA,Bullish Pin Bar,2026-05-14,1D,bullish,at resistance,failed
SANSERA,Hammer,2026-05-15,1D,bullish,at S/R confluence,confirmed
SANSERA,Bullish Pin Bar,2026-05-15,1D,bullish,at S/R confluence,confirmed
SANSERA,Inside Bar,2026-05-15,1D,neutral,at S/R confluence,neutral
SANSERA,NR7,2026-05-15,1D,neutral,at S/R confluence,neutral
SANSERA,Outside Bar,2026-05-18,1D,neutral,at S/R confluence,neutral
SANSERA,Tweezer Bottom,2026-05-20,1D,bullish,midair,confirmed
SANSERA,Three White Soldiers,2026-05-20,1D,bullish,midair,confirmed
SANSERA,Three White Soldiers,2026-05-21,1D,bullish,midair,failed
SANSERA,Shooting Star,2026-05-22,1D,bearish,midair,failed
SANSERA,Bearish Pin Bar,2026-05-22,1D,bearish,midair,failed
SANSERA,Tweezer Top,2026-05-25,1D,bearish,midair,confirmed
SANSERA,Inside Bar,2026-05-25,1D,neutral,midair,neutral
SANSERA,NR4,2026-05-25,1D,neutral,midair,neutral
SANSERA,Bearish Harami,2026-05-26,1D,bearish,midair,failed
SANSERA,NR4,2026-05-26,1D,neutral,midair,neutral
SANSERA,Doji,2026-05-28,1D,neutral,midair,neutral
SANSERA,Inside Bar,2026-05-28,1D,neutral,midair,neutral
SANSERA,Tweezer Top,2026-05-29,1D,bearish,midair,confirmed
SANSERA,Outside Bar,2026-05-29,1D,neutral,midair,neutral
SANSERA,Evening Star,2026-05-29,1D,bearish,midair,confirmed
SANSERA,Bullish Engulfing,2026-06-02,1D,bullish,midair,pending (last bar)
SALSTEEL,Hanging Man,2026-05-06,1D,bearish,at support,confirmed
SALSTEEL,Tweezer Top,2026-05-06,1D,bearish,at support,confirmed
SALSTEEL,Doji,2026-05-07,1D,neutral,at support,neutral
SALSTEEL,Hanging Man,2026-05-07,1D,bearish,at support,confirmed
SALSTEEL,Bullish Pin Bar,2026-05-07,1D,bullish,at support,failed
SALSTEEL,Three Black Crows,2026-05-08,1D,bearish,at support,failed
SALSTEEL,Long-legged Doji,2026-05-11,1D,neutral,at support,neutral
SALSTEEL,Bullish Engulfing,2026-05-11,1D,bullish,at support,confirmed
SALSTEEL,Outside Bar,2026-05-11,1D,neutral,at support,neutral
SALSTEEL,Hammer,2026-05-13,1D,bullish,at resistance,failed
SALSTEEL,Bullish Pin Bar,2026-05-13,1D,bullish,at resistance,failed
SALSTEEL,Three White Soldiers,2026-05-13,1D,bullish,at resistance,failed
SALSTEEL,Tweezer Top,2026-05-14,1D,bearish,at resistance,failed
SALSTEEL,NR4,2026-05-14,1D,neutral,at resistance,neutral
SALSTEEL,Long-legged Doji,2026-05-18,1D,neutral,midair,neutral
SALSTEEL,Three White Soldiers,2026-05-18,1D,bullish,midair,confirmed
SALSTEEL,Inside Bar,2026-05-19,1D,neutral,at resistance,neutral
SALSTEEL,NR7,2026-05-19,1D,neutral,at resistance,neutral
SALSTEEL,Three Black Crows,2026-05-21,1D,bearish,at resistance,failed
SALSTEEL,Doji,2026-05-25,1D,neutral,at support,neutral
SALSTEEL,Shooting Star,2026-05-25,1D,bearish,at support,confirmed
SALSTEEL,Bearish Pin Bar,2026-05-25,1D,bearish,at support,confirmed
SALSTEEL,Bearish Harami,2026-05-25,1D,bearish,at support,confirmed
SALSTEEL,NR4,2026-05-26,1D,neutral,midair,neutral
SALSTEEL,Evening Star,2026-05-26,1D,bearish,midair,failed
SALSTEEL,Bullish Engulfing,2026-05-27,1D,bullish,at support,confirmed
SALSTEEL,Dragonfly Doji,2026-05-29,1D,bullish,at resistance,failed
SALSTEEL,Hammer,2026-05-29,1D,bullish,at resistance,failed
SALSTEEL,Bullish Pin Bar,2026-05-29,1D,bullish,at resistance,failed
SALSTEEL,NR7,2026-05-29,1D,neutral,at resistance,neutral
SALSTEEL,Outside Bar,2026-06-01,1D,neutral,at resistance,neutral
NINSYS,Hanging Man,2026-05-05,1D,bearish,at resistance,confirmed
NINSYS,Tweezer Top,2026-05-05,1D,bearish,at resistance,confirmed
NINSYS,Inside Bar,2026-05-05,1D,neutral,at resistance,neutral
NINSYS,Hanging Man,2026-05-06,1D,bearish,at resistance,failed
NINSYS,Bullish Pin Bar,2026-05-06,1D,bullish,at resistance,confirmed
NINSYS,Inside Bar,2026-05-06,1D,neutral,at resistance,neutral
NINSYS,NR4,2026-05-06,1D,neutral,at resistance,neutral
NINSYS,Bullish Engulfing,2026-05-07,1D,bullish,midair,confirmed
NINSYS,Hanging Man,2026-05-11,1D,bearish,midair,failed
NINSYS,Bullish Pin Bar,2026-05-11,1D,bullish,midair,confirmed
NINSYS,Inside Bar,2026-05-11,1D,neutral,midair,neutral
NINSYS,NR7,2026-05-11,1D,neutral,midair,neutral
NINSYS,Hanging Man,2026-05-12,1D,bearish,midair,failed
NINSYS,Bullish Engulfing,2026-05-12,1D,bullish,midair,confirmed
NINSYS,Outside Bar,2026-05-12,1D,neutral,midair,neutral
NINSYS,Tweezer Top,2026-05-13,1D,bearish,midair,failed
NINSYS,Hanging Man,2026-05-14,1D,bearish,midair,failed
NINSYS,Bullish Pin Bar,2026-05-14,1D,bullish,midair,confirmed
NINSYS,Hanging Man,2026-05-15,1D,bearish,midair,confirmed
NINSYS,Bullish Engulfing,2026-05-15,1D,bullish,midair,failed
NINSYS,Outside Bar,2026-05-15,1D,neutral,midair,neutral
NINSYS,Bearish Harami,2026-05-18,1D,bearish,midair,failed
NINSYS,Tweezer Top,2026-05-18,1D,bearish,midair,failed
NINSYS,Bullish Engulfing,2026-05-19,1D,bullish,midair,confirmed
NINSYS,Outside Bar,2026-05-19,1D,neutral,midair,neutral
NINSYS,Doji,2026-05-20,1D,neutral,midair,neutral
NINSYS,Bullish Pin Bar,2026-05-20,1D,bullish,midair,confirmed
NINSYS,Hanging Man,2026-05-21,1D,bearish,midair,failed
NINSYS,Bullish Engulfing,2026-05-21,1D,bullish,midair,confirmed
NINSYS,Tweezer Top,2026-05-21,1D,bearish,midair,failed
NINSYS,Three White Soldiers,2026-05-25,1D,bullish,midair,confirmed
NINSYS,Shooting Star,2026-05-26,1D,bearish,midair,failed
NINSYS,Bearish Pin Bar,2026-05-26,1D,bearish,midair,failed
NINSYS,NR7,2026-05-26,1D,neutral,midair,neutral
NINSYS,Three White Soldiers,2026-05-26,1D,bullish,midair,confirmed
NINSYS,NR7,2026-05-27,1D,neutral,midair,neutral
NINSYS,Three White Soldiers,2026-05-27,1D,bullish,midair,confirmed
NINSYS,Three White Soldiers,2026-05-29,1D,bullish,midair,confirmed
NINSYS,Three White Soldiers,2026-06-01,1D,bullish,midair,failed
WHEELS,Inside Bar,2026-05-05,1D,neutral,midair,neutral
WHEELS,Outside Bar,2026-05-06,1D,neutral,midair,neutral
WHEELS,Long-legged Doji,2026-05-11,1D,neutral,midair,neutral
WHEELS,Outside Bar,2026-05-11,1D,neutral,midair,neutral
WHEELS,Bullish Marubozu,2026-05-13,1D,bullish,midair,confirmed
WHEELS,Bullish Engulfing,2026-05-13,1D,bullish,midair,confirmed
WHEELS,Outside Bar,2026-05-13,1D,neutral,midair,neutral
WHEELS,NR7,2026-05-14,1D,neutral,midair,neutral
WHEELS,Outside Bar,2026-05-15,1D,neutral,midair,neutral
WHEELS,Inside Bar,2026-05-19,1D,neutral,midair,neutral
WHEELS,Long-legged Doji,2026-05-20,1D,neutral,midair,neutral
WHEELS,Morning Star,2026-05-21,1D,bullish,midair,confirmed
WHEELS,Long-legged Doji,2026-05-22,1D,neutral,midair,neutral
WHEELS,NR7,2026-05-25,1D,neutral,midair,neutral
WHEELS,NR7,2026-05-26,1D,neutral,midair,neutral
WHEELS,Three Black Crows,2026-05-26,1D,bearish,midair,failed
WHEELS,Tweezer Top,2026-05-27,1D,bearish,midair,confirmed
WHEELS,Inside Bar,2026-05-27,1D,neutral,midair,neutral
WHEELS,NR7,2026-05-27,1D,neutral,midair,neutral
WHEELS,Bearish Engulfing,2026-05-29,1D,bearish,midair,confirmed
WHEELS,Outside Bar,2026-05-29,1D,neutral,midair,neutral
WHEELS,Shooting Star,2026-06-01,1D,bearish,midair,confirmed
WHEELS,Three Black Crows,2026-06-02,1D,bearish,midair,pending (last bar)
BALAMINES,Long-legged Doji,2026-05-06,1D,neutral,at S/R confluence,neutral
BALAMINES,Bullish Pin Bar,2026-05-06,1D,bullish,at S/R confluence,confirmed
BALAMINES,Outside Bar,2026-05-06,1D,neutral,at S/R confluence,neutral
BALAMINES,Tweezer Top,2026-05-08,1D,bearish,at S/R confluence,confirmed
BALAMINES,Outside Bar,2026-05-08,1D,neutral,at S/R confluence,neutral
BALAMINES,Three Black Crows,2026-05-12,1D,bearish,at S/R confluence,failed
BALAMINES,Shooting Star,2026-05-13,1D,bearish,at S/R confluence,failed
BALAMINES,Bearish Pin Bar,2026-05-13,1D,bearish,at S/R confluence,failed
BALAMINES,Inside Bar,2026-05-13,1D,neutral,at S/R confluence,neutral
BALAMINES,Bullish Marubozu,2026-05-14,1D,bullish,midair,confirmed
BALAMINES,Morning Star,2026-05-14,1D,bullish,midair,confirmed
BALAMINES,Three White Soldiers,2026-05-15,1D,bullish,midair,confirmed
BALAMINES,Three White Soldiers,2026-05-18,1D,bullish,at resistance,failed
BALAMINES,Bearish Harami,2026-05-19,1D,bearish,midair,failed
BALAMINES,Inside Bar,2026-05-19,1D,neutral,midair,neutral
BALAMINES,NR4,2026-05-19,1D,neutral,midair,neutral
BALAMINES,Bullish Engulfing,2026-05-20,1D,bullish,at resistance,confirmed
BALAMINES,Outside Bar,2026-05-20,1D,neutral,at resistance,neutral
BALAMINES,Long-legged Doji,2026-05-21,1D,neutral,at resistance,neutral
BALAMINES,Doji,2026-05-22,1D,neutral,at resistance,neutral
BALAMINES,Hanging Man,2026-05-22,1D,bearish,at resistance,failed
BALAMINES,Bullish Pin Bar,2026-05-22,1D,bullish,at resistance,confirmed
BALAMINES,NR7,2026-05-22,1D,neutral,at resistance,neutral
BALAMINES,Bearish Engulfing,2026-05-26,1D,bearish,midair,confirmed
BALAMINES,Inside Bar,2026-05-26,1D,neutral,midair,neutral
BALAMINES,Doji,2026-05-28,1D,neutral,at resistance,neutral
BALAMINES,Inside Bar,2026-05-28,1D,neutral,at resistance,neutral
BALAMINES,Outside Bar,2026-05-29,1D,neutral,at resistance,neutral
BALAMINES,Bullish Engulfing,2026-06-02,1D,bullish,at resistance,pending (last bar)
BALAMINES,Morning Star,2026-06-02,1D,bullish,at resistance,pending (last bar)
MIRCELECTR,Bullish Harami,2026-05-06,1D,bullish,at support,confirmed
MIRCELECTR,Bullish Marubozu,2026-05-07,1D,bullish,midair,confirmed
MIRCELECTR,Morning Star,2026-05-07,1D,bullish,midair,confirmed
MIRCELECTR,Three White Soldiers,2026-05-08,1D,bullish,midair,confirmed
MIRCELECTR,Three White Soldiers,2026-05-11,1D,bullish,midair,failed
MIRCELECTR,Inside Bar,2026-05-13,1D,neutral,midair,neutral
MIRCELECTR,NR4,2026-05-13,1D,neutral,midair,neutral
MIRCELECTR,Long-legged Doji,2026-05-14,1D,neutral,midair,neutral
MIRCELECTR,Bearish Engulfing,2026-05-15,1D,bearish,midair,confirmed
MIRCELECTR,NR7,2026-05-18,1D,neutral,midair,neutral
MIRCELECTR,Three Black Crows,2026-05-19,1D,bearish,midair,confirmed
MIRCELECTR,Doji,2026-05-20,1D,neutral,at support,neutral
MIRCELECTR,Shooting Star,2026-05-20,1D,bearish,at support,failed
MIRCELECTR,Bearish Pin Bar,2026-05-20,1D,bearish,at support,failed
MIRCELECTR,NR7,2026-05-20,1D,neutral,at support,neutral
MIRCELECTR,Three Black Crows,2026-05-20,1D,bearish,at support,failed
MIRCELECTR,Bullish Engulfing,2026-05-21,1D,bullish,midair,confirmed
MIRCELECTR,NR7,2026-05-22,1D,neutral,midair,neutral
MIRCELECTR,Bullish Marubozu,2026-05-25,1D,bullish,midair,confirmed
MIRCELECTR,NR7,2026-05-25,1D,neutral,midair,neutral
MIRCELECTR,Three White Soldiers,2026-05-25,1D,bullish,midair,confirmed
MIRCELECTR,Three White Soldiers,2026-05-26,1D,bullish,midair,failed
TDPOWERSYS,Outside Bar,2026-05-06,1D,neutral,midair,neutral
TDPOWERSYS,Inside Bar,2026-05-08,1D,neutral,midair,neutral
TDPOWERSYS,Evening Star,2026-05-11,1D,bearish,midair,confirmed
TDPOWERSYS,Shooting Star,2026-05-12,1D,bearish,midair,failed
TDPOWERSYS,Bearish Pin Bar,2026-05-12,1D,bearish,midair,failed
TDPOWERSYS,Tweezer Top,2026-05-12,1D,bearish,midair,failed
TDPOWERSYS,NR4,2026-05-12,1D,neutral,midair,neutral
TDPOWERSYS,Three Black Crows,2026-05-12,1D,bearish,midair,failed
TDPOWERSYS,Shooting Star,2026-05-13,1D,bearish,midair,failed
TDPOWERSYS,Bullish Engulfing,2026-05-13,1D,bullish,midair,confirmed
TDPOWERSYS,NR4,2026-05-13,1D,neutral,midair,neutral
TDPOWERSYS,Long-legged Doji,2026-05-14,1D,neutral,midair,neutral
TDPOWERSYS,Tweezer Top,2026-05-14,1D,bearish,midair,failed
TDPOWERSYS,Inside Bar,2026-05-14,1D,neutral,midair,neutral
TDPOWERSYS,NR7,2026-05-14,1D,neutral,midair,neutral
TDPOWERSYS,Outside Bar,2026-05-15,1D,neutral,at resistance,neutral
TDPOWERSYS,Long-legged Doji,2026-05-18,1D,neutral,at resistance,neutral
TDPOWERSYS,Bullish Pin Bar,2026-05-18,1D,bullish,at resistance,failed
TDPOWERSYS,Long-legged Doji,2026-05-19,1D,neutral,midair,neutral
TDPOWERSYS,Inside Bar,2026-05-20,1D,neutral,midair,neutral
TDPOWERSYS,NR4,2026-05-20,1D,neutral,midair,neutral
TDPOWERSYS,Three Black Crows,2026-05-20,1D,bearish,midair,failed
TDPOWERSYS,Tweezer Top,2026-05-22,1D,bearish,at resistance,failed
TDPOWERSYS,Dark Cloud Cover,2026-05-27,1D,bearish,at resistance,failed
TDPOWERSYS,Outside Bar,2026-05-27,1D,neutral,at resistance,neutral
TDPOWERSYS,Doji,2026-05-28,1D,neutral,at resistance,neutral
TDPOWERSYS,Inside Bar,2026-05-28,1D,neutral,at resistance,neutral
TDPOWERSYS,Outside Bar,2026-05-29,1D,neutral,at resistance,neutral
TDPOWERSYS,Bearish Engulfing,2026-06-01,1D,bearish,midair,failed
INDSWFTLAB,Inside Bar,2026-05-06,1D,neutral,at resistance,neutral
INDSWFTLAB,Outside Bar,2026-05-07,1D,neutral,midair,neutral
INDSWFTLAB,Evening Star,2026-05-07,1D,bearish,midair,confirmed
INDSWFTLAB,NR4,2026-05-08,1D,neutral,midair,neutral
INDSWFTLAB,Three Black Crows,2026-05-08,1D,bearish,midair,failed
INDSWFTLAB,Long-legged Doji,2026-05-11,1D,neutral,midair,neutral
INDSWFTLAB,Outside Bar,2026-05-11,1D,neutral,midair,neutral
INDSWFTLAB,Doji,2026-05-12,1D,neutral,midair,neutral
INDSWFTLAB,Shooting Star,2026-05-12,1D,bearish,midair,failed
INDSWFTLAB,Bearish Pin Bar,2026-05-12,1D,bearish,midair,failed
INDSWFTLAB,Shooting Star,2026-05-13,1D,bearish,midair,confirmed
INDSWFTLAB,Bullish Engulfing,2026-05-13,1D,bullish,midair,failed
INDSWFTLAB,Inside Bar,2026-05-13,1D,neutral,midair,neutral
INDSWFTLAB,NR7,2026-05-13,1D,neutral,midair,neutral
INDSWFTLAB,Bearish Engulfing,2026-05-14,1D,bearish,at support,confirmed
INDSWFTLAB,Inside Bar,2026-05-15,1D,neutral,at support,neutral
INDSWFTLAB,Three Black Crows,2026-05-18,1D,bearish,at support,failed
INDSWFTLAB,Morning Star,2026-05-20,1D,bullish,at support,failed
INDSWFTLAB,Inside Bar,2026-05-21,1D,neutral,at support,neutral
INDSWFTLAB,NR4,2026-05-21,1D,neutral,at support,neutral
INDSWFTLAB,Long-legged Doji,2026-05-25,1D,neutral,at support,neutral
INDSWFTLAB,Bullish Engulfing,2026-05-26,1D,bullish,at support,failed
INDSWFTLAB,Morning Star,2026-05-26,1D,bullish,at support,failed
INDSWFTLAB,NR4,2026-05-27,1D,neutral,at support,neutral
INDSWFTLAB,Doji,2026-05-28,1D,neutral,at support,neutral
INDSWFTLAB,Inside Bar,2026-05-28,1D,neutral,at support,neutral
INDSWFTLAB,Morning Star,2026-05-29,1D,bullish,at resistance,confirmed
INDSWFTLAB,Inside Bar,2026-06-02,1D,neutral,midair,pending (last bar)
KERNEX,Bullish Marubozu,2026-05-07,1D,bullish,midair,confirmed
KERNEX,Inside Bar,2026-05-13,1D,neutral,at resistance,neutral
KERNEX,Inside Bar,2026-05-14,1D,neutral,at resistance,neutral
KERNEX,NR4,2026-05-14,1D,neutral,at resistance,neutral
KERNEX,Shooting Star,2026-05-15,1D,bearish,at resistance,confirmed
KERNEX,Bearish Pin Bar,2026-05-15,1D,bearish,at resistance,confirmed
KERNEX,Tweezer Top,2026-05-15,1D,bearish,at resistance,confirmed
KERNEX,NR7,2026-05-15,1D,neutral,at resistance,neutral
KERNEX,NR7,2026-05-18,1D,neutral,at S/R confluence,neutral
KERNEX,Tweezer Bottom,2026-05-19,1D,bullish,at S/R confluence,failed
KERNEX,Inside Bar,2026-05-19,1D,neutral,at S/R confluence,neutral
KERNEX,NR7,2026-05-19,1D,neutral,at S/R confluence,neutral
KERNEX,Gravestone Doji,2026-05-21,1D,bearish,at S/R confluence,confirmed
KERNEX,Inverted Hammer,2026-05-21,1D,bullish,at S/R confluence,failed
KERNEX,Bearish Pin Bar,2026-05-21,1D,bearish,at S/R confluence,confirmed
KERNEX,NR7,2026-05-22,1D,neutral,at S/R confluence,neutral
KERNEX,Bullish Marubozu,2026-05-25,1D,bullish,midair,confirmed
KERNEX,Hanging Man,2026-05-26,1D,bearish,midair,confirmed
KERNEX,Bullish Pin Bar,2026-05-26,1D,bullish,midair,failed
KERNEX,Doji,2026-05-27,1D,neutral,midair,neutral
KERNEX,Shooting Star,2026-05-27,1D,bearish,midair,failed
KERNEX,Bearish Pin Bar,2026-05-27,1D,bearish,midair,failed
KERNEX,Doji,2026-05-28,1D,neutral,midair,neutral
KERNEX,Inside Bar,2026-05-28,1D,neutral,midair,neutral
KERNEX,Outside Bar,2026-05-29,1D,neutral,midair,neutral
KERNEX,Morning Star,2026-05-29,1D,bullish,midair,confirmed
KERNEX,Shooting Star,2026-06-02,1D,bearish,midair,pending (last bar)
KERNEX,Bearish Harami,2026-06-02,1D,bearish,midair,pending (last bar)
CUPID,Bearish Engulfing,2026-05-06,1D,bearish,midair,failed
CUPID,Outside Bar,2026-05-06,1D,neutral,midair,neutral
CUPID,Bullish Marubozu,2026-05-07,1D,bullish,at resistance,confirmed
CUPID,Bullish Harami,2026-05-07,1D,bullish,at resistance,confirmed
CUPID,Inside Bar,2026-05-07,1D,neutral,at resistance,neutral
CUPID,NR4,2026-05-07,1D,neutral,at resistance,neutral
CUPID,Long-legged Doji,2026-05-11,1D,neutral,at resistance,neutral
CUPID,Bearish Pin Bar,2026-05-11,1D,bearish,at resistance,confirmed
CUPID,Inside Bar,2026-05-11,1D,neutral,at resistance,neutral
CUPID,NR4,2026-05-11,1D,neutral,at resistance,neutral
CUPID,Evening Star,2026-05-12,1D,bearish,midair,failed
CUPID,Bullish Harami,2026-05-13,1D,bullish,midair,confirmed
CUPID,Inside Bar,2026-05-13,1D,neutral,midair,neutral
CUPID,Shooting Star,2026-05-14,1D,bearish,midair,confirmed
CUPID,Bearish Pin Bar,2026-05-14,1D,bearish,midair,confirmed
CUPID,Evening Star,2026-05-15,1D,bearish,midair,failed
CUPID,Doji,2026-05-18,1D,neutral,midair,neutral
CUPID,Bearish Pin Bar,2026-05-18,1D,bearish,midair,confirmed
CUPID,Outside Bar,2026-05-18,1D,neutral,midair,neutral
CUPID,Doji,2026-05-21,1D,neutral,midair,neutral
CUPID,Inverted Hammer,2026-05-21,1D,bullish,midair,confirmed
CUPID,Bearish Pin Bar,2026-05-21,1D,bearish,midair,failed
CUPID,NR7,2026-05-21,1D,neutral,midair,neutral
CUPID,Doji,2026-05-22,1D,neutral,midair,neutral
CUPID,Inverted Hammer,2026-05-22,1D,bullish,midair,confirmed
CUPID,Bearish Pin Bar,2026-05-22,1D,bearish,midair,failed
CUPID,Tweezer Bottom,2026-05-22,1D,bullish,midair,confirmed
CUPID,Inside Bar,2026-05-22,1D,neutral,midair,neutral
CUPID,NR7,2026-05-22,1D,neutral,midair,neutral
CUPID,Bullish Marubozu,2026-05-25,1D,bullish,midair,confirmed
CUPID,Shooting Star,2026-05-27,1D,bearish,midair,failed
CUPID,NR7,2026-05-27,1D,neutral,midair,neutral
CUPID,Three White Soldiers,2026-05-27,1D,bullish,midair,failed
CUPID,Doji,2026-05-28,1D,neutral,midair,neutral
CUPID,Inside Bar,2026-05-28,1D,neutral,midair,neutral
CUPID,Outside Bar,2026-05-29,1D,neutral,midair,neutral
CUPID,Hanging Man,2026-06-02,1D,bearish,midair,pending (last bar)
CUPID,Bullish Pin Bar,2026-06-02,1D,bullish,midair,pending (last bar)
THERMAX,Tweezer Top,2026-05-05,1D,bearish,at resistance,confirmed
THERMAX,NR4,2026-05-12,1D,neutral,midair,neutral
THERMAX,Doji,2026-05-13,1D,neutral,midair,neutral
THERMAX,Shooting Star,2026-05-13,1D,bearish,midair,failed
THERMAX,Bearish Pin Bar,2026-05-13,1D,bearish,midair,failed
THERMAX,Bullish Harami,2026-05-13,1D,bullish,midair,confirmed
THERMAX,Doji,2026-05-14,1D,neutral,midair,neutral
THERMAX,Hanging Man,2026-05-14,1D,bearish,midair,confirmed
THERMAX,Bullish Pin Bar,2026-05-14,1D,bullish,midair,failed
THERMAX,Inside Bar,2026-05-14,1D,neutral,midair,neutral
THERMAX,NR4,2026-05-14,1D,neutral,midair,neutral
THERMAX,Morning Star,2026-05-14,1D,bullish,midair,failed
THERMAX,Bearish Engulfing,2026-05-15,1D,bearish,midair,confirmed
THERMAX,Outside Bar,2026-05-15,1D,neutral,midair,neutral
THERMAX,Bullish Harami,2026-05-19,1D,bullish,at support,failed
THERMAX,Tweezer Top,2026-05-19,1D,bearish,at support,confirmed
THERMAX,Outside Bar,2026-05-19,1D,neutral,at support,neutral
THERMAX,NR7,2026-05-20,1D,neutral,at S/R confluence,neutral
THERMAX,Bearish Harami,2026-05-22,1D,bearish,at support,confirmed
THERMAX,Outside Bar,2026-05-22,1D,neutral,at support,neutral
THERMAX,NR7,2026-05-25,1D,neutral,at support,neutral
THERMAX,Outside Bar,2026-05-26,1D,neutral,at support,neutral
THERMAX,Doji,2026-06-01,1D,neutral,midair,neutral
THERMAX,Hanging Man,2026-06-01,1D,bearish,midair,confirmed
THERMAX,Bullish Pin Bar,2026-06-01,1D,bullish,midair,failed
THERMAX,Inside Bar,2026-06-01,1D,neutral,midair,neutral
THERMAX,Three White Soldiers,2026-06-01,1D,bullish,midair,failed
THERMAX,Doji,2026-06-02,1D,neutral,midair,pending (last bar)
THERMAX,Hanging Man,2026-06-02,1D,bearish,midair,pending (last bar)
THERMAX,Bullish Pin Bar,2026-06-02,1D,bullish,midair,pending (last bar)
THERMAX,Tweezer Top,2026-06-02,1D,bearish,midair,pending (last bar)
THERMAX,Inside Bar,2026-06-02,1D,neutral,midair,pending (last bar)
THERMAX,NR4,2026-06-02,1D,neutral,midair,pending (last bar)
INDOTECH,Bullish Marubozu,2026-05-07,1D,bullish,at resistance,confirmed
INDOTECH,Morning Star,2026-05-07,1D,bullish,at resistance,confirmed
INDOTECH,Three White Soldiers,2026-05-08,1D,bullish,at resistance,failed
INDOTECH,Bearish Engulfing,2026-05-11,1D,bearish,at resistance,confirmed
INDOTECH,Outside Bar,2026-05-11,1D,neutral,at resistance,neutral
INDOTECH,Long-legged Doji,2026-05-13,1D,neutral,at resistance,neutral
INDOTECH,Three Black Crows,2026-05-13,1D,bearish,at resistance,failed
INDOTECH,Doji,2026-05-14,1D,neutral,at resistance,neutral
INDOTECH,Hammer,2026-05-14,1D,bullish,at resistance,failed
INDOTECH,Bullish Pin Bar,2026-05-14,1D,bullish,at resistance,failed
INDOTECH,Outside Bar,2026-05-14,1D,neutral,at resistance,neutral
INDOTECH,Morning Star,2026-05-14,1D,bullish,at resistance,failed
INDOTECH,Bearish Marubozu,2026-05-15,1D,bearish,at resistance,confirmed
INDOTECH,Bearish Engulfing,2026-05-15,1D,bearish,at resistance,confirmed
INDOTECH,Inside Bar,2026-05-15,1D,neutral,at resistance,neutral
INDOTECH,NR7,2026-05-18,1D,neutral,at S/R confluence,neutral
INDOTECH,NR7,2026-05-19,1D,neutral,at S/R confluence,neutral
INDOTECH,Three Black Crows,2026-05-19,1D,bearish,at S/R confluence,failed
INDOTECH,Bullish Marubozu,2026-05-20,1D,bullish,at S/R confluence,failed
INDOTECH,Bullish Engulfing,2026-05-20,1D,bullish,at S/R confluence,failed
INDOTECH,Outside Bar,2026-05-20,1D,neutral,at S/R confluence,neutral
INDOTECH,Doji,2026-05-22,1D,neutral,at S/R confluence,neutral
INDOTECH,Bullish Marubozu,2026-05-25,1D,bullish,at S/R confluence,confirmed
INDOTECH,Bullish Engulfing,2026-05-25,1D,bullish,at S/R confluence,confirmed
INDOTECH,Inside Bar,2026-05-25,1D,neutral,at S/R confluence,neutral
INDOTECH,NR4,2026-05-25,1D,neutral,at S/R confluence,neutral
INDOTECH,Doji,2026-05-26,1D,neutral,at resistance,neutral
INDOTECH,Outside Bar,2026-05-27,1D,neutral,at S/R confluence,neutral
INDOTECH,Long-legged Doji,2026-05-29,1D,neutral,at S/R confluence,neutral
INDOTECH,Hanging Man,2026-06-01,1D,bearish,at resistance,failed
INDOTECH,Tweezer Top,2026-06-01,1D,bearish,at resistance,failed
ROLLT,Doji,2026-05-05,1D,neutral,midair,neutral
ROLLT,Dragonfly Doji,2026-05-06,1D,bullish,at resistance,failed
ROLLT,Bullish Pin Bar,2026-05-06,1D,bullish,at resistance,failed
ROLLT,Outside Bar,2026-05-07,1D,neutral,midair,neutral
ROLLT,Bullish Marubozu,2026-05-08,1D,bullish,at resistance,confirmed
ROLLT,Piercing Line,2026-05-08,1D,bullish,at resistance,confirmed
ROLLT,Dragonfly Doji,2026-05-11,1D,bullish,at resistance,failed
ROLLT,Bullish Pin Bar,2026-05-11,1D,bullish,at resistance,failed
ROLLT,Gravestone Doji,2026-05-13,1D,bearish,at resistance,failed
ROLLT,Bearish Pin Bar,2026-05-13,1D,bearish,at resistance,failed
ROLLT,NR4,2026-05-13,1D,neutral,at resistance,neutral
ROLLT,Dragonfly Doji,2026-05-14,1D,bullish,at resistance,failed
ROLLT,Bullish Pin Bar,2026-05-14,1D,bullish,at resistance,failed
ROLLT,Bearish Marubozu,2026-05-15,1D,bearish,at resistance,confirmed
ROLLT,Tweezer Top,2026-05-15,1D,bearish,at resistance,confirmed
ROLLT,NR7,2026-05-18,1D,neutral,midair,neutral
ROLLT,Long-legged Doji,2026-05-19,1D,neutral,midair,neutral
ROLLT,Outside Bar,2026-05-19,1D,neutral,midair,neutral
ROLLT,Inverted Hammer,2026-05-20,1D,bullish,midair,failed
ROLLT,Inside Bar,2026-05-20,1D,neutral,midair,neutral
ROLLT,Bullish Marubozu,2026-05-22,1D,bullish,midair,failed
ROLLT,Inside Bar,2026-05-22,1D,neutral,midair,neutral
ROLLT,NR4,2026-05-22,1D,neutral,midair,neutral
ROLLT,Gravestone Doji,2026-05-25,1D,bearish,midair,confirmed
ROLLT,Inverted Hammer,2026-05-25,1D,bullish,midair,failed
ROLLT,Bearish Pin Bar,2026-05-25,1D,bearish,midair,confirmed
ROLLT,Inverted Hammer,2026-05-26,1D,bullish,at S/R confluence,failed
ROLLT,NR7,2026-05-26,1D,neutral,at S/R confluence,neutral
ROLLT,Evening Star,2026-05-26,1D,bearish,at S/R confluence,confirmed
ROLLT,Doji,2026-05-27,1D,neutral,midair,neutral
ROLLT,Bullish Marubozu,2026-05-29,1D,bullish,at resistance,confirmed
ROLLT,Outside Bar,2026-05-29,1D,neutral,at resistance,neutral
ROLLT,Three White Soldiers,2026-06-02,1D,bullish,midair,pending (last bar)
RPTECH,NR4,2026-05-07,1D,neutral,at support,neutral
RPTECH,Three White Soldiers,2026-05-11,1D,bullish,at resistance,failed
RPTECH,Evening Star,2026-05-12,1D,bearish,midair,confirmed
RPTECH,NR4,2026-05-14,1D,neutral,at support,neutral
RPTECH,Outside Bar,2026-05-15,1D,neutral,at support,neutral
RPTECH,Morning Star,2026-05-19,1D,bullish,at resistance,confirmed
RPTECH,Doji,2026-05-20,1D,neutral,at resistance,neutral
RPTECH,Bullish Pin Bar,2026-05-20,1D,bullish,at resistance,confirmed
RPTECH,Tweezer Top,2026-05-20,1D,bearish,at resistance,failed
RPTECH,NR7,2026-05-20,1D,neutral,at resistance,neutral
RPTECH,Three White Soldiers,2026-05-20,1D,bullish,at resistance,confirmed
RPTECH,Three White Soldiers,2026-05-21,1D,bullish,at resistance,failed
RPTECH,Bearish Engulfing,2026-05-22,1D,bearish,at resistance,failed
RPTECH,Tweezer Top,2026-05-22,1D,bearish,at resistance,failed
RPTECH,Inside Bar,2026-05-22,1D,neutral,at resistance,neutral
RPTECH,Long-legged Doji,2026-05-25,1D,neutral,at resistance,neutral
RPTECH,Bullish Harami,2026-05-25,1D,bullish,at resistance,failed
RPTECH,Inside Bar,2026-05-25,1D,neutral,at resistance,neutral
RPTECH,NR7,2026-05-25,1D,neutral,at resistance,neutral
RPTECH,Outside Bar,2026-05-26,1D,neutral,midair,neutral
RPTECH,Doji,2026-05-28,1D,neutral,midair,neutral
RPTECH,Inside Bar,2026-05-28,1D,neutral,midair,neutral
RPTECH,Outside Bar,2026-05-29,1D,neutral,at resistance,neutral
RPTECH,Morning Star,2026-05-29,1D,bullish,at resistance,confirmed
RPTECH,Inside Bar,2026-06-02,1D,neutral,at resistance,pending (last bar)
SGMART,Tweezer Top,2026-05-06,1D,bearish,midair,failed
SGMART,Three White Soldiers,2026-05-08,1D,bullish,at resistance,confirmed
SGMART,Dragonfly Doji,2026-05-11,1D,bullish,at resistance,failed
SGMART,Hanging Man,2026-05-11,1D,bearish,at resistance,confirmed
SGMART,Bullish Pin Bar,2026-05-11,1D,bullish,at resistance,failed
SGMART,Inside Bar,2026-05-11,1D,neutral,at resistance,neutral
SGMART,Inside Bar,2026-05-12,1D,neutral,at resistance,neutral
SGMART,NR7,2026-05-12,1D,neutral,at resistance,neutral
SGMART,NR7,2026-05-13,1D,neutral,at resistance,neutral
SGMART,Inside Bar,2026-05-14,1D,neutral,at resistance,neutral
SGMART,NR7,2026-05-14,1D,neutral,at resistance,neutral
SGMART,Doji,2026-05-15,1D,neutral,at resistance,neutral
SGMART,Bearish Pin Bar,2026-05-15,1D,bearish,at resistance,confirmed
SGMART,Outside Bar,2026-05-15,1D,neutral,at resistance,neutral
SGMART,Bearish Engulfing,2026-05-18,1D,bearish,at S/R confluence,failed
SGMART,Evening Star,2026-05-18,1D,bearish,at S/R confluence,failed
SGMART,Shooting Star,2026-05-19,1D,bearish,at resistance,failed
SGMART,Inside Bar,2026-05-20,1D,neutral,at resistance,neutral
SGMART,Shooting Star,2026-05-22,1D,bearish,at resistance,confirmed
SGMART,Bearish Pin Bar,2026-05-22,1D,bearish,at resistance,confirmed
SGMART,Inside Bar,2026-05-22,1D,neutral,at resistance,neutral
SGMART,NR4,2026-05-22,1D,neutral,at resistance,neutral
SGMART,NR7,2026-05-25,1D,neutral,at resistance,neutral
SGMART,Three Black Crows,2026-05-25,1D,bearish,at resistance,confirmed
SGMART,Bearish Marubozu,2026-05-26,1D,bearish,at resistance,confirmed
SGMART,Three Black Crows,2026-05-26,1D,bearish,at resistance,confirmed
SGMART,Shooting Star,2026-05-27,1D,bearish,at resistance,confirmed
SGMART,NR7,2026-05-27,1D,neutral,at resistance,neutral
SGMART,Three Black Crows,2026-05-27,1D,bearish,at resistance,confirmed
SGMART,Three Black Crows,2026-05-29,1D,bearish,at resistance,confirmed
SGMART,Three Black Crows,2026-06-01,1D,bearish,at S/R confluence,failed
SGMART,Bullish Harami,2026-06-02,1D,bullish,at S/R confluence,pending (last bar)
FCL,Three White Soldiers,2026-05-07,1D,bullish,at S/R confluence,confirmed
FCL,Three White Soldiers,2026-05-08,1D,bullish,at S/R confluence,confirmed
FCL,Outside Bar,2026-05-11,1D,neutral,at S/R confluence,neutral
FCL,Three White Soldiers,2026-05-11,1D,bullish,at S/R confluence,failed
FCL,Bearish Engulfing,2026-05-12,1D,bearish,at S/R confluence,confirmed
FCL,NR4,2026-05-13,1D,neutral,at S/R confluence,neutral
FCL,Three Black Crows,2026-05-14,1D,bearish,at resistance,confirmed
FCL,NR7,2026-05-15,1D,neutral,at S/R confluence,neutral
FCL,Three Black Crows,2026-05-15,1D,bearish,at S/R confluence,failed
FCL,Long-legged Doji,2026-05-19,1D,neutral,midair,neutral
FCL,Three White Soldiers,2026-05-20,1D,bullish,at resistance,failed
FCL,Bullish Harami,2026-05-22,1D,bullish,midair,confirmed
FCL,Inside Bar,2026-05-22,1D,neutral,midair,neutral
FCL,NR4,2026-05-22,1D,neutral,midair,neutral
FCL,NR7,2026-05-26,1D,neutral,midair,neutral
FCL,NR7,2026-05-27,1D,neutral,midair,neutral
FCL,Doji,2026-05-28,1D,neutral,midair,neutral
FCL,Inside Bar,2026-05-28,1D,neutral,midair,neutral
FCL,Morning Star,2026-05-29,1D,bullish,midair,confirmed
FCL,Shooting Star,2026-06-01,1D,bearish,midair,failed
FCL,Three White Soldiers,2026-06-02,1D,bullish,midair,pending (last bar)
AVALON,Bearish Marubozu,2026-05-11,1D,bearish,at resistance,confirmed
AVALON,Inside Bar,2026-05-11,1D,neutral,at resistance,neutral
AVALON,Evening Star,2026-05-12,1D,bearish,at resistance,failed
AVALON,Doji,2026-05-13,1D,neutral,at resistance,neutral
AVALON,Tweezer Top,2026-05-13,1D,bearish,at resistance,confirmed
AVALON,Bullish Engulfing,2026-05-15,1D,bullish,at resistance,failed
AVALON,Long-legged Doji,2026-05-18,1D,neutral,at resistance,neutral
AVALON,Three White Soldiers,2026-05-20,1D,bullish,at resistance,failed
AVALON,Shooting Star,2026-05-21,1D,bearish,at resistance,failed
AVALON,Bearish Pin Bar,2026-05-21,1D,bearish,at resistance,failed
AVALON,NR7,2026-05-21,1D,neutral,at resistance,neutral
AVALON,Long-legged Doji,2026-05-22,1D,neutral,midair,neutral
AVALON,NR7,2026-05-22,1D,neutral,midair,neutral
AVALON,Hanging Man,2026-05-26,1D,bearish,at resistance,failed
AVALON,Bearish Engulfing,2026-05-26,1D,bearish,at resistance,failed
AVALON,Outside Bar,2026-05-26,1D,neutral,at resistance,neutral
AVALON,Inside Bar,2026-05-27,1D,neutral,midair,neutral
AVALON,Doji,2026-05-28,1D,neutral,midair,neutral
AVALON,Inside Bar,2026-05-28,1D,neutral,midair,neutral
AVALON,Hanging Man,2026-05-29,1D,bearish,midair,confirmed
AVALON,Outside Bar,2026-05-29,1D,neutral,midair,neutral
AVALON,Bearish Engulfing,2026-06-01,1D,bearish,at resistance,failed
AVALON,Outside Bar,2026-06-01,1D,neutral,at resistance,neutral
GVT&D,Tweezer Top,2026-05-06,1D,bearish,midair,failed
GVT&D,Inside Bar,2026-05-06,1D,neutral,midair,neutral
GVT&D,Three Black Crows,2026-05-12,1D,bearish,at support,failed
GVT&D,Inside Bar,2026-05-13,1D,neutral,at support,neutral
GVT&D,NR4,2026-05-13,1D,neutral,at support,neutral
GVT&D,Tweezer Bottom,2026-05-14,1D,bullish,at support,confirmed
GVT&D,Inside Bar,2026-05-14,1D,neutral,at support,neutral
GVT&D,NR4,2026-05-14,1D,neutral,at support,neutral
GVT&D,NR7,2026-05-15,1D,neutral,at support,neutral
GVT&D,Outside Bar,2026-05-18,1D,neutral,at support,neutral
GVT&D,Inverted Hammer,2026-05-19,1D,bullish,at support,confirmed
GVT&D,Bearish Pin Bar,2026-05-19,1D,bearish,at support,failed
GVT&D,Inverted Hammer,2026-05-21,1D,bullish,at resistance,confirmed
GVT&D,Three White Soldiers,2026-05-21,1D,bullish,at resistance,confirmed
GVT&D,Inside Bar,2026-05-22,1D,neutral,at resistance,neutral
GVT&D,NR7,2026-05-22,1D,neutral,at resistance,neutral
GVT&D,Three White Soldiers,2026-05-22,1D,bullish,at resistance,failed
GVT&D,Bearish Engulfing,2026-05-25,1D,bearish,at resistance,failed
GVT&D,Outside Bar,2026-05-25,1D,neutral,at resistance,neutral
GVT&D,Bullish Harami,2026-05-26,1D,bullish,at resistance,confirmed
GVT&D,Inside Bar,2026-05-26,1D,neutral,at resistance,neutral
GVT&D,NR7,2026-05-26,1D,neutral,at resistance,neutral
GVT&D,Morning Star,2026-05-27,1D,bullish,midair,failed
GVT&D,Doji,2026-05-28,1D,neutral,midair,neutral
GVT&D,Inside Bar,2026-05-28,1D,neutral,midair,neutral
GVT&D,Doji,2026-05-29,1D,neutral,midair,neutral
GVT&D,Bullish Pin Bar,2026-05-29,1D,bullish,midair,failed
GVT&D,Outside Bar,2026-05-29,1D,neutral,midair,neutral
GVT&D,Doji,2026-06-02,1D,neutral,at resistance,pending (last bar)
GVT&D,Bullish Harami,2026-06-02,1D,bullish,at resistance,pending (last bar)
DSSL,Three White Soldiers,2026-05-06,1D,bullish,midair,confirmed
DSSL,Doji,2026-05-07,1D,neutral,midair,neutral
DSSL,Shooting Star,2026-05-07,1D,bearish,midair,confirmed
DSSL,Bearish Pin Bar,2026-05-07,1D,bearish,midair,confirmed
DSSL,Evening Star,2026-05-08,1D,bearish,at resistance,failed
DSSL,Tweezer Top,2026-05-12,1D,bearish,at resistance,failed
DSSL,Inside Bar,2026-05-12,1D,neutral,at resistance,neutral
DSSL,NR4,2026-05-13,1D,neutral,midair,neutral
DSSL,Bearish Harami,2026-05-14,1D,bearish,midair,confirmed
DSSL,Outside Bar,2026-05-15,1D,neutral,midair,neutral
DSSL,Evening Star,2026-05-15,1D,bearish,midair,failed
DSSL,Hanging Man,2026-05-18,1D,bearish,midair,failed
DSSL,Morning Star,2026-05-19,1D,bullish,midair,failed
DSSL,Three White Soldiers,2026-05-25,1D,bullish,at resistance,failed
DSSL,Bearish Marubozu,2026-05-26,1D,bearish,midair,failed
DSSL,Bearish Engulfing,2026-05-26,1D,bearish,midair,failed
DSSL,Inside Bar,2026-05-27,1D,neutral,midair,neutral
DSSL,NR4,2026-05-27,1D,neutral,midair,neutral
DSSL,Doji,2026-05-28,1D,neutral,midair,neutral
DSSL,Inside Bar,2026-05-28,1D,neutral,midair,neutral
DSSL,Outside Bar,2026-05-29,1D,neutral,midair,neutral
DSSL,Evening Star,2026-05-29,1D,bearish,midair,confirmed
DSSL,Shooting Star,2026-06-02,1D,bearish,midair,pending (last bar)
SKYGOLD,Three White Soldiers,2026-05-07,1D,bullish,midair,confirmed
SKYGOLD,Three White Soldiers,2026-05-08,1D,bullish,at resistance,failed
SKYGOLD,Doji,2026-05-11,1D,neutral,midair,neutral
SKYGOLD,Hanging Man,2026-05-11,1D,bearish,midair,confirmed
SKYGOLD,Bullish Pin Bar,2026-05-11,1D,bullish,midair,failed
SKYGOLD,Evening Star,2026-05-12,1D,bearish,midair,confirmed
SKYGOLD,Long-legged Doji,2026-05-14,1D,neutral,at S/R confluence,neutral
SKYGOLD,Inside Bar,2026-05-14,1D,neutral,at S/R confluence,neutral
SKYGOLD,NR7,2026-05-14,1D,neutral,at S/R confluence,neutral
SKYGOLD,Three Black Crows,2026-05-14,1D,bearish,at S/R confluence,failed
SKYGOLD,Bullish Engulfing,2026-05-15,1D,bullish,at resistance,failed
SKYGOLD,Outside Bar,2026-05-15,1D,neutral,at resistance,neutral
SKYGOLD,Doji,2026-05-18,1D,neutral,at resistance,neutral
SKYGOLD,Hammer,2026-05-18,1D,bullish,at resistance,confirmed
SKYGOLD,Bullish Pin Bar,2026-05-18,1D,bullish,at resistance,confirmed
SKYGOLD,Inside Bar,2026-05-18,1D,neutral,at resistance,neutral
SKYGOLD,NR7,2026-05-18,1D,neutral,at resistance,neutral
SKYGOLD,Three White Soldiers,2026-05-20,1D,bullish,midair,failed
SKYGOLD,NR7,2026-05-21,1D,neutral,midair,neutral
SKYGOLD,Inverted Hammer,2026-05-22,1D,bullish,midair,confirmed
SKYGOLD,Bullish Harami,2026-05-22,1D,bullish,midair,confirmed
SKYGOLD,Morning Star,2026-05-25,1D,bullish,midair,failed
SKYGOLD,Doji,2026-05-27,1D,neutral,midair,neutral
SKYGOLD,Hanging Man,2026-05-27,1D,bearish,midair,failed
SKYGOLD,Bullish Pin Bar,2026-05-27,1D,bullish,midair,failed
SKYGOLD,Bullish Harami,2026-05-27,1D,bullish,midair,failed
SKYGOLD,Doji,2026-05-28,1D,neutral,midair,neutral
SKYGOLD,Inside Bar,2026-05-28,1D,neutral,midair,neutral
SKYGOLD,Long-legged Doji,2026-05-29,1D,neutral,midair,neutral
SKYGOLD,Inside Bar,2026-06-01,1D,neutral,midair,neutral
SKYGOLD,Bullish Engulfing,2026-06-02,1D,bullish,at resistance,pending (last bar)
SKYGOLD,Outside Bar,2026-06-02,1D,neutral,at resistance,pending (last bar)
WELCORP,Morning Star,2026-05-06,1D,bullish,midair,confirmed
WELCORP,NR4,2026-05-07,1D,neutral,midair,neutral
WELCORP,Three White Soldiers,2026-05-07,1D,bullish,midair,failed
WELCORP,Bearish Harami,2026-05-08,1D,bearish,midair,failed
WELCORP,Bullish Engulfing,2026-05-11,1D,bullish,midair,failed
WELCORP,Outside Bar,2026-05-11,1D,neutral,midair,neutral
WELCORP,Bullish Engulfing,2026-05-13,1D,bullish,at resistance,confirmed
WELCORP,Hanging Man,2026-05-14,1D,bearish,at resistance,confirmed
WELCORP,Bullish Pin Bar,2026-05-14,1D,bullish,at resistance,failed
WELCORP,NR4,2026-05-14,1D,neutral,at resistance,neutral
WELCORP,Bearish Engulfing,2026-05-15,1D,bearish,midair,confirmed
WELCORP,Outside Bar,2026-05-15,1D,neutral,midair,neutral
WELCORP,Evening Star,2026-05-15,1D,bearish,midair,confirmed
WELCORP,Three Black Crows,2026-05-19,1D,bearish,at support,failed
WELCORP,Bullish Engulfing,2026-05-20,1D,bullish,midair,confirmed
WELCORP,Inverted Hammer,2026-05-21,1D,bullish,midair,failed
WELCORP,Bearish Pin Bar,2026-05-21,1D,bearish,midair,confirmed
WELCORP,Long-legged Doji,2026-05-22,1D,neutral,at support,neutral
WELCORP,Evening Star,2026-05-22,1D,bearish,at support,failed
WELCORP,NR7,2026-05-25,1D,neutral,midair,neutral
WELCORP,Three White Soldiers,2026-05-27,1D,bullish,at resistance,failed
WELCORP,Doji,2026-05-28,1D,neutral,at resistance,neutral
WELCORP,Inside Bar,2026-05-28,1D,neutral,at resistance,neutral
WELCORP,Outside Bar,2026-05-29,1D,neutral,at resistance,neutral
WELCORP,Long-legged Doji,2026-06-01,1D,neutral,at resistance,neutral
WELCORP,Tweezer Top,2026-06-01,1D,bearish,at resistance,failed
WELCORP,Bullish Engulfing,2026-06-02,1D,bullish,at resistance,pending (last bar)
UNIVPHOTO,Dragonfly Doji,2026-05-05,1D,bullish,at resistance,failed
UNIVPHOTO,Bullish Pin Bar,2026-05-05,1D,bullish,at resistance,failed
UNIVPHOTO,Tweezer Top,2026-05-05,1D,bearish,at resistance,confirmed
UNIVPHOTO,Inside Bar,2026-05-05,1D,neutral,at resistance,neutral
UNIVPHOTO,Gravestone Doji,2026-05-06,1D,bearish,at resistance,confirmed
UNIVPHOTO,Bearish Pin Bar,2026-05-06,1D,bearish,at resistance,confirmed
UNIVPHOTO,Gravestone Doji,2026-05-07,1D,bearish,midair,confirmed
UNIVPHOTO,Bearish Pin Bar,2026-05-07,1D,bearish,midair,confirmed
UNIVPHOTO,NR4,2026-05-07,1D,neutral,midair,neutral
UNIVPHOTO,Doji,2026-05-08,1D,neutral,midair,neutral
UNIVPHOTO,Doji,2026-05-11,1D,neutral,midair,neutral
UNIVPHOTO,Doji,2026-05-12,1D,neutral,midair,neutral
UNIVPHOTO,Doji,2026-05-13,1D,neutral,midair,neutral
UNIVPHOTO,Dragonfly Doji,2026-05-14,1D,bullish,midair,failed
UNIVPHOTO,Bullish Pin Bar,2026-05-14,1D,bullish,midair,failed
UNIVPHOTO,Outside Bar,2026-05-14,1D,neutral,midair,neutral
UNIVPHOTO,Dragonfly Doji,2026-05-15,1D,bullish,midair,failed
UNIVPHOTO,Bullish Pin Bar,2026-05-15,1D,bullish,midair,failed
UNIVPHOTO,Doji,2026-05-18,1D,neutral,midair,neutral
UNIVPHOTO,Tweezer Bottom,2026-05-18,1D,bullish,midair,failed
UNIVPHOTO,Gravestone Doji,2026-05-19,1D,bearish,midair,confirmed
UNIVPHOTO,Bearish Pin Bar,2026-05-19,1D,bearish,midair,confirmed
UNIVPHOTO,Gravestone Doji,2026-05-20,1D,bearish,at support,confirmed
UNIVPHOTO,Bearish Pin Bar,2026-05-20,1D,bearish,at support,confirmed
UNIVPHOTO,Doji,2026-05-21,1D,neutral,at support,neutral
UNIVPHOTO,Dragonfly Doji,2026-05-22,1D,bullish,at support,confirmed
UNIVPHOTO,Bullish Pin Bar,2026-05-22,1D,bullish,at support,confirmed
UNIVPHOTO,Tweezer Bottom,2026-05-22,1D,bullish,at support,confirmed
UNIVPHOTO,Dragonfly Doji,2026-05-25,1D,bullish,midair,confirmed
UNIVPHOTO,Bullish Pin Bar,2026-05-25,1D,bullish,midair,confirmed
UNIVPHOTO,Doji,2026-05-26,1D,neutral,midair,neutral
UNIVPHOTO,Bullish Pin Bar,2026-05-26,1D,bullish,midair,failed
UNIVPHOTO,Gravestone Doji,2026-05-27,1D,bearish,midair,confirmed
UNIVPHOTO,Bearish Pin Bar,2026-05-27,1D,bearish,midair,confirmed
UNIVPHOTO,NR4,2026-05-27,1D,neutral,midair,neutral
UNIVPHOTO,Gravestone Doji,2026-05-29,1D,bearish,at support,confirmed
UNIVPHOTO,Bearish Pin Bar,2026-05-29,1D,bearish,at support,confirmed
UNIVPHOTO,Doji,2026-06-01,1D,neutral,at support,neutral
UNIVPHOTO,Bearish Marubozu,2026-06-02,1D,bearish,midair,pending (last bar)
SBCL,Inside Bar,2026-05-05,1D,neutral,at resistance,neutral
SBCL,Outside Bar,2026-05-06,1D,neutral,at resistance,neutral
SBCL,Evening Star,2026-05-06,1D,bearish,at resistance,failed
SBCL,Tweezer Top,2026-05-07,1D,bearish,midair,failed
SBCL,Inside Bar,2026-05-07,1D,neutral,midair,neutral
SBCL,Doji,2026-05-08,1D,neutral,midair,neutral
SBCL,Hanging Man,2026-05-08,1D,bearish,midair,confirmed
SBCL,Bullish Pin Bar,2026-05-08,1D,bullish,midair,failed
SBCL,Outside Bar,2026-05-08,1D,neutral,midair,neutral
SBCL,Inside Bar,2026-05-11,1D,neutral,at resistance,neutral
SBCL,Evening Star,2026-05-11,1D,bearish,at resistance,confirmed
SBCL,NR4,2026-05-12,1D,neutral,at resistance,neutral
SBCL,Three Black Crows,2026-05-12,1D,bearish,at resistance,confirmed
SBCL,Doji,2026-05-13,1D,neutral,at S/R confluence,neutral
SBCL,Shooting Star,2026-05-13,1D,bearish,at S/R confluence,failed
SBCL,Bearish Pin Bar,2026-05-13,1D,bearish,at S/R confluence,failed
SBCL,Three Black Crows,2026-05-13,1D,bearish,at S/R confluence,failed
SBCL,Morning Star,2026-05-14,1D,bullish,at resistance,failed
SBCL,NR7,2026-05-15,1D,neutral,at resistance,neutral
SBCL,Three White Soldiers,2026-05-20,1D,bullish,at resistance,confirmed
SBCL,NR7,2026-05-21,1D,neutral,midair,neutral
SBCL,Three White Soldiers,2026-05-21,1D,bullish,midair,failed
SBCL,Bearish Engulfing,2026-05-22,1D,bearish,midair,failed
SBCL,Outside Bar,2026-05-22,1D,neutral,midair,neutral
SBCL,Shooting Star,2026-05-25,1D,bearish,midair,failed
SBCL,Doji,2026-05-27,1D,neutral,midair,neutral
SBCL,Shooting Star,2026-05-27,1D,bearish,midair,confirmed
SBCL,Bearish Pin Bar,2026-05-27,1D,bearish,midair,confirmed
SBCL,Inside Bar,2026-05-27,1D,neutral,midair,neutral
SBCL,Three White Soldiers,2026-05-27,1D,bullish,midair,failed
SBCL,NR4,2026-05-29,1D,neutral,midair,neutral
SBCL,Inside Bar,2026-06-02,1D,neutral,midair,pending (last bar)
SBCL,NR7,2026-06-02,1D,neutral,midair,pending (last bar)
ADANIPOWER,Doji,2026-05-07,1D,neutral,at resistance,neutral
ADANIPOWER,Shooting Star,2026-05-07,1D,bearish,at resistance,confirmed
ADANIPOWER,Bearish Pin Bar,2026-05-07,1D,bearish,at resistance,confirmed
ADANIPOWER,Bullish Harami,2026-05-07,1D,bullish,at resistance,failed
ADANIPOWER,NR4,2026-05-07,1D,neutral,at resistance,neutral
ADANIPOWER,Bearish Engulfing,2026-05-08,1D,bearish,midair,confirmed
ADANIPOWER,Tweezer Top,2026-05-12,1D,bearish,at support,failed
ADANIPOWER,Three Black Crows,2026-05-12,1D,bearish,at support,failed
ADANIPOWER,Inside Bar,2026-05-13,1D,neutral,midair,neutral
ADANIPOWER,Morning Star,2026-05-14,1D,bullish,midair,failed
ADANIPOWER,Outside Bar,2026-05-15,1D,neutral,midair,neutral
ADANIPOWER,Inside Bar,2026-05-18,1D,neutral,midair,neutral
ADANIPOWER,NR7,2026-05-18,1D,neutral,midair,neutral
ADANIPOWER,Tweezer Bottom,2026-05-19,1D,bullish,midair,confirmed
ADANIPOWER,Three Black Crows,2026-05-19,1D,bearish,midair,failed
ADANIPOWER,Hammer,2026-05-20,1D,bullish,midair,failed
ADANIPOWER,NR7,2026-05-20,1D,neutral,midair,neutral
ADANIPOWER,Dark Cloud Cover,2026-05-21,1D,bearish,midair,confirmed
ADANIPOWER,Tweezer Bottom,2026-05-22,1D,bullish,midair,confirmed
ADANIPOWER,Inside Bar,2026-05-22,1D,neutral,midair,neutral
ADANIPOWER,NR7,2026-05-22,1D,neutral,midair,neutral
ADANIPOWER,Morning Star,2026-05-25,1D,bullish,at resistance,confirmed
ADANIPOWER,Three White Soldiers,2026-05-27,1D,bullish,midair,failed
ADANIPOWER,Doji,2026-05-28,1D,neutral,midair,neutral
ADANIPOWER,Inside Bar,2026-05-28,1D,neutral,midair,neutral
ADANIPOWER,Outside Bar,2026-05-29,1D,neutral,midair,neutral
ADANIPOWER,Evening Star,2026-05-29,1D,bearish,midair,confirmed
ADANIPOWER,Bearish Marubozu,2026-06-01,1D,bearish,at resistance,failed
LOKESHMACH,Bullish Engulfing,2026-05-05,1D,bullish,at support,confirmed
LOKESHMACH,Outside Bar,2026-05-05,1D,neutral,at support,neutral
LOKESHMACH,Three White Soldiers,2026-05-07,1D,bullish,at resistance,confirmed
LOKESHMACH,Hammer,2026-05-08,1D,bullish,at resistance,failed
LOKESHMACH,Bullish Pin Bar,2026-05-08,1D,bullish,at resistance,failed
LOKESHMACH,NR4,2026-05-08,1D,neutral,at resistance,neutral
LOKESHMACH,Three White Soldiers,2026-05-08,1D,bullish,at resistance,failed
LOKESHMACH,Hanging Man,2026-05-13,1D,bearish,at S/R confluence,failed
LOKESHMACH,Bullish Pin Bar,2026-05-13,1D,bullish,at S/R confluence,confirmed
LOKESHMACH,NR7,2026-05-13,1D,neutral,at S/R confluence,neutral
LOKESHMACH,Three Black Crows,2026-05-18,1D,bearish,at support,confirmed
LOKESHMACH,Doji,2026-05-19,1D,neutral,at support,neutral
LOKESHMACH,Bearish Pin Bar,2026-05-19,1D,bearish,at support,failed
LOKESHMACH,Inside Bar,2026-05-19,1D,neutral,at support,neutral
LOKESHMACH,Three Black Crows,2026-05-19,1D,bearish,at support,failed
LOKESHMACH,Bullish Engulfing,2026-05-20,1D,bullish,at support,confirmed
LOKESHMACH,Inside Bar,2026-05-20,1D,neutral,at support,neutral
LOKESHMACH,NR7,2026-05-20,1D,neutral,at support,neutral
LOKESHMACH,Three White Soldiers,2026-05-22,1D,bullish,at resistance,failed
LOKESHMACH,Outside Bar,2026-05-25,1D,neutral,at resistance,neutral
LOKESHMACH,Long-legged Doji,2026-05-26,1D,neutral,at resistance,neutral
LOKESHMACH,Bullish Harami,2026-05-26,1D,bullish,at resistance,failed
LOKESHMACH,Tweezer Top,2026-05-26,1D,bearish,at resistance,confirmed
LOKESHMACH,Bearish Engulfing,2026-05-27,1D,bearish,at S/R confluence,confirmed
LOKESHMACH,Outside Bar,2026-05-27,1D,neutral,at S/R confluence,neutral
LOKESHMACH,NR4,2026-05-29,1D,neutral,at S/R confluence,neutral
LOKESHMACH,Long-legged Doji,2026-06-01,1D,neutral,at S/R confluence,neutral
LOKESHMACH,NR7,2026-06-01,1D,neutral,at S/R confluence,neutral
LOKESHMACH,Bearish Engulfing,2026-06-02,1D,bearish,at support,pending (last bar)
LOKESHMACH,Outside Bar,2026-06-02,1D,neutral,at support,pending (last bar)
APOLLO,Shooting Star,2026-05-06,1D,bearish,at resistance,failed
APOLLO,Dragonfly Doji,2026-05-07,1D,bullish,at resistance,confirmed
APOLLO,Hanging Man,2026-05-07,1D,bearish,at resistance,failed
APOLLO,Bullish Pin Bar,2026-05-07,1D,bullish,at resistance,confirmed
APOLLO,NR4,2026-05-07,1D,neutral,at resistance,neutral
APOLLO,Bullish Engulfing,2026-05-08,1D,bullish,at support,failed
APOLLO,Inside Bar,2026-05-11,1D,neutral,at S/R confluence,neutral
APOLLO,Bullish Harami,2026-05-13,1D,bullish,midair,confirmed
APOLLO,Inside Bar,2026-05-13,1D,neutral,midair,neutral
APOLLO,Hanging Man,2026-05-14,1D,bearish,midair,confirmed
APOLLO,Bullish Pin Bar,2026-05-14,1D,bullish,midair,failed
APOLLO,Tweezer Top,2026-05-14,1D,bearish,midair,confirmed
APOLLO,Evening Star,2026-05-15,1D,bearish,at S/R confluence,failed
APOLLO,Bullish Engulfing,2026-05-18,1D,bullish,at resistance,confirmed
APOLLO,Outside Bar,2026-05-18,1D,neutral,at resistance,neutral
APOLLO,Three White Soldiers,2026-05-20,1D,bullish,midair,confirmed
APOLLO,Shooting Star,2026-05-21,1D,bearish,midair,confirmed
APOLLO,NR4,2026-05-21,1D,neutral,midair,neutral
APOLLO,Hanging Man,2026-05-22,1D,bearish,midair,failed
APOLLO,NR4,2026-05-22,1D,neutral,midair,neutral
APOLLO,Shooting Star,2026-05-26,1D,bearish,midair,failed
APOLLO,Shooting Star,2026-05-27,1D,bearish,midair,failed
APOLLO,Three White Soldiers,2026-05-27,1D,bullish,midair,failed
APOLLO,Doji,2026-05-28,1D,neutral,midair,neutral
APOLLO,Inside Bar,2026-05-28,1D,neutral,midair,neutral
APOLLO,Outside Bar,2026-05-29,1D,neutral,midair,neutral
APOLLO,Evening Star,2026-05-29,1D,bearish,midair,confirmed
APOLLO,Shooting Star,2026-06-01,1D,bearish,midair,failed
APOLLO,Outside Bar,2026-06-01,1D,neutral,midair,neutral
APOLLO,Bullish Engulfing,2026-06-02,1D,bullish,midair,pending (last bar)
APEX,Morning Star,2026-05-06,1D,bullish,at resistance,confirmed
APEX,Bearish Engulfing,2026-05-12,1D,bearish,at S/R confluence,failed
APEX,Outside Bar,2026-05-12,1D,neutral,at S/R confluence,neutral
APEX,Shooting Star,2026-05-13,1D,bearish,at S/R confluence,failed
APEX,Bearish Pin Bar,2026-05-13,1D,bearish,at S/R confluence,failed
APEX,Bullish Harami,2026-05-13,1D,bullish,at S/R confluence,confirmed
APEX,Inside Bar,2026-05-13,1D,neutral,at S/R confluence,neutral
APEX,NR7,2026-05-13,1D,neutral,at S/R confluence,neutral
APEX,Shooting Star,2026-05-15,1D,bearish,at S/R confluence,confirmed
APEX,Doji,2026-05-19,1D,neutral,midair,neutral
APEX,Inverted Hammer,2026-05-19,1D,bullish,midair,confirmed
APEX,Bearish Pin Bar,2026-05-19,1D,bearish,midair,failed
APEX,Bullish Harami,2026-05-19,1D,bullish,midair,confirmed
APEX,Inside Bar,2026-05-19,1D,neutral,midair,neutral
APEX,NR7,2026-05-19,1D,neutral,midair,neutral
APEX,Outside Bar,2026-05-20,1D,neutral,at S/R confluence,neutral
APEX,Inverted Hammer,2026-05-21,1D,bullish,at S/R confluence,confirmed
APEX,Long-legged Doji,2026-05-22,1D,neutral,at S/R confluence,neutral
APEX,Tweezer Bottom,2026-05-22,1D,bullish,at S/R confluence,confirmed
APEX,Inside Bar,2026-05-22,1D,neutral,at S/R confluence,neutral
APEX,Inverted Hammer,2026-05-25,1D,bullish,at S/R confluence,failed
APEX,Morning Star,2026-05-25,1D,bullish,at S/R confluence,failed
APEX,Inside Bar,2026-05-26,1D,neutral,at S/R confluence,neutral
APEX,Doji,2026-05-28,1D,neutral,at S/R confluence,neutral
APEX,Inside Bar,2026-05-28,1D,neutral,at S/R confluence,neutral
APEX,Tweezer Bottom,2026-06-02,1D,bullish,at S/R confluence,pending (last bar)
SEAMECLTD,Three Black Crows,2026-05-06,1D,bearish,at resistance,failed
SEAMECLTD,Bullish Harami,2026-05-07,1D,bullish,at resistance,failed
SEAMECLTD,Inside Bar,2026-05-07,1D,neutral,at resistance,neutral
SEAMECLTD,NR7,2026-05-07,1D,neutral,at resistance,neutral
SEAMECLTD,Bearish Engulfing,2026-05-08,1D,bearish,midair,failed
SEAMECLTD,Tweezer Top,2026-05-08,1D,bearish,midair,failed
SEAMECLTD,Inside Bar,2026-05-11,1D,neutral,midair,neutral
SEAMECLTD,NR7,2026-05-11,1D,neutral,midair,neutral
SEAMECLTD,Outside Bar,2026-05-12,1D,neutral,at support,neutral
SEAMECLTD,Bullish Engulfing,2026-05-13,1D,bullish,midair,failed
SEAMECLTD,Inside Bar,2026-05-13,1D,neutral,midair,neutral
SEAMECLTD,Bullish Harami,2026-05-15,1D,bullish,midair,failed
SEAMECLTD,Outside Bar,2026-05-15,1D,neutral,midair,neutral
SEAMECLTD,Bearish Engulfing,2026-05-18,1D,bearish,midair,failed
SEAMECLTD,Tweezer Bottom,2026-05-18,1D,bullish,midair,confirmed
SEAMECLTD,Inverted Hammer,2026-05-19,1D,bullish,at resistance,confirmed
SEAMECLTD,Bullish Engulfing,2026-05-20,1D,bullish,at resistance,failed
SEAMECLTD,Bearish Harami,2026-05-21,1D,bearish,at resistance,failed
SEAMECLTD,Inside Bar,2026-05-21,1D,neutral,at resistance,neutral
SEAMECLTD,NR4,2026-05-21,1D,neutral,at resistance,neutral
SEAMECLTD,Long-legged Doji,2026-05-22,1D,neutral,at resistance,neutral
SEAMECLTD,Bullish Harami,2026-05-22,1D,bullish,at resistance,confirmed
SEAMECLTD,Tweezer Top,2026-05-22,1D,bearish,at resistance,failed
SEAMECLTD,Inside Bar,2026-05-22,1D,neutral,at resistance,neutral
SEAMECLTD,NR7,2026-05-22,1D,neutral,at resistance,neutral
SEAMECLTD,Shooting Star,2026-05-25,1D,bearish,at resistance,confirmed
SEAMECLTD,NR7,2026-05-26,1D,neutral,at resistance,neutral
SEAMECLTD,Tweezer Top,2026-05-27,1D,bearish,at resistance,confirmed
SEAMECLTD,Outside Bar,2026-05-27,1D,neutral,at resistance,neutral
SEAMECLTD,Dark Cloud Cover,2026-05-29,1D,bearish,at resistance,failed
SEAMECLTD,Tweezer Top,2026-05-29,1D,bearish,at resistance,failed
SEAMECLTD,Inside Bar,2026-06-02,1D,neutral,at resistance,pending (last bar)
SEAMECLTD,NR7,2026-06-02,1D,neutral,at resistance,pending (last bar)
SEAMECLTD,Morning Star,2026-06-02,1D,bullish,at resistance,pending (last bar)
KIRLOSENG,Bearish Engulfing,2026-05-06,1D,bearish,at resistance,failed
KIRLOSENG,Tweezer Top,2026-05-06,1D,bearish,at resistance,failed
KIRLOSENG,Outside Bar,2026-05-06,1D,neutral,at resistance,neutral
KIRLOSENG,Evening Star,2026-05-06,1D,bearish,at resistance,failed
KIRLOSENG,Shooting Star,2026-05-07,1D,bearish,at resistance,failed
KIRLOSENG,Bearish Pin Bar,2026-05-07,1D,bearish,at resistance,failed
KIRLOSENG,Bullish Harami,2026-05-07,1D,bullish,at resistance,confirmed
KIRLOSENG,Doji,2026-05-08,1D,neutral,at resistance,neutral
KIRLOSENG,Shooting Star,2026-05-08,1D,bearish,at resistance,confirmed
KIRLOSENG,Bearish Pin Bar,2026-05-08,1D,bearish,at resistance,confirmed
KIRLOSENG,Inside Bar,2026-05-08,1D,neutral,at resistance,neutral
KIRLOSENG,NR4,2026-05-08,1D,neutral,at resistance,neutral
KIRLOSENG,Evening Star,2026-05-11,1D,bearish,midair,confirmed
KIRLOSENG,Three Black Crows,2026-05-12,1D,bearish,at S/R confluence,failed
KIRLOSENG,Bullish Harami,2026-05-13,1D,bullish,at support,failed
KIRLOSENG,Inside Bar,2026-05-13,1D,neutral,at support,neutral
KIRLOSENG,NR4,2026-05-14,1D,neutral,at support,neutral
KIRLOSENG,Outside Bar,2026-05-15,1D,neutral,at resistance,neutral
KIRLOSENG,Bearish Harami,2026-05-18,1D,bearish,midair,confirmed
KIRLOSENG,Inside Bar,2026-05-18,1D,neutral,midair,neutral
KIRLOSENG,NR4,2026-05-18,1D,neutral,midair,neutral
KIRLOSENG,Evening Star,2026-05-19,1D,bearish,midair,failed
KIRLOSENG,Tweezer Bottom,2026-05-20,1D,bullish,midair,confirmed
KIRLOSENG,NR7,2026-05-20,1D,neutral,midair,neutral
KIRLOSENG,NR7,2026-05-21,1D,neutral,midair,neutral
KIRLOSENG,Long-legged Doji,2026-05-22,1D,neutral,midair,neutral
KIRLOSENG,Tweezer Top,2026-05-22,1D,bearish,midair,failed
KIRLOSENG,Outside Bar,2026-05-22,1D,neutral,midair,neutral
KIRLOSENG,Bullish Engulfing,2026-05-25,1D,bullish,midair,confirmed
KIRLOSENG,Morning Star,2026-05-25,1D,bullish,midair,confirmed
KIRLOSENG,Bullish Marubozu,2026-05-27,1D,bullish,midair,failed
KIRLOSENG,Three White Soldiers,2026-05-27,1D,bullish,midair,failed
KIRLOSENG,Doji,2026-05-28,1D,neutral,midair,neutral
KIRLOSENG,Inside Bar,2026-05-28,1D,neutral,midair,neutral
KIRLOSENG,Outside Bar,2026-05-29,1D,neutral,midair,neutral
KIRLOSENG,Evening Star,2026-06-02,1D,bearish,midair,pending (last bar)
KOTYARK,Doji,2026-05-05,1D,neutral,at resistance,neutral
KOTYARK,Shooting Star,2026-05-05,1D,bearish,at resistance,confirmed
KOTYARK,Bearish Pin Bar,2026-05-05,1D,bearish,at resistance,confirmed
KOTYARK,Tweezer Top,2026-05-05,1D,bearish,at resistance,confirmed
KOTYARK,Bearish Engulfing,2026-05-06,1D,bearish,at support,failed
KOTYARK,NR7,2026-05-06,1D,neutral,at support,neutral
KOTYARK,Inside Bar,2026-05-07,1D,neutral,at support,neutral
KOTYARK,NR7,2026-05-07,1D,neutral,at support,neutral
KOTYARK,Long-legged Doji,2026-05-08,1D,neutral,at support,neutral
KOTYARK,Bullish Harami,2026-05-08,1D,bullish,at support,confirmed
KOTYARK,Tweezer Bottom,2026-05-08,1D,bullish,at support,confirmed
KOTYARK,Inside Bar,2026-05-08,1D,neutral,at support,neutral
KOTYARK,NR7,2026-05-08,1D,neutral,at support,neutral
KOTYARK,NR7,2026-05-11,1D,neutral,at resistance,neutral
KOTYARK,Bullish Harami,2026-05-12,1D,bullish,at resistance,confirmed
KOTYARK,Outside Bar,2026-05-12,1D,neutral,at resistance,neutral
KOTYARK,NR7,2026-05-13,1D,neutral,at resistance,neutral
KOTYARK,Morning Star,2026-05-13,1D,bullish,at resistance,confirmed
KOTYARK,Three White Soldiers,2026-05-14,1D,bullish,at resistance,confirmed
KOTYARK,Doji,2026-05-15,1D,neutral,at resistance,neutral
KOTYARK,Hanging Man,2026-05-15,1D,bearish,at resistance,failed
KOTYARK,Bullish Pin Bar,2026-05-15,1D,bullish,at resistance,confirmed
KOTYARK,Outside Bar,2026-05-15,1D,neutral,at resistance,neutral
KOTYARK,Three White Soldiers,2026-05-15,1D,bullish,at resistance,confirmed
KOTYARK,Hanging Man,2026-05-18,1D,bearish,at resistance,confirmed
KOTYARK,Bullish Pin Bar,2026-05-18,1D,bullish,at resistance,failed
KOTYARK,Tweezer Top,2026-05-19,1D,bearish,at resistance,failed
KOTYARK,Doji,2026-05-20,1D,neutral,at resistance,neutral
KOTYARK,Bullish Pin Bar,2026-05-20,1D,bullish,at resistance,confirmed
KOTYARK,Bullish Harami,2026-05-20,1D,bullish,at resistance,confirmed
KOTYARK,Tweezer Top,2026-05-20,1D,bearish,at resistance,failed
KOTYARK,Inside Bar,2026-05-20,1D,neutral,at resistance,neutral
KOTYARK,Hanging Man,2026-05-21,1D,bearish,at resistance,confirmed
KOTYARK,Bullish Pin Bar,2026-05-21,1D,bullish,at resistance,failed
KOTYARK,Outside Bar,2026-05-21,1D,neutral,at resistance,neutral
KOTYARK,Tweezer Top,2026-05-22,1D,bearish,at resistance,confirmed
KOTYARK,NR4,2026-05-22,1D,neutral,at resistance,neutral
KOTYARK,Three Black Crows,2026-05-25,1D,bearish,at resistance,confirmed
KOTYARK,Three Black Crows,2026-05-26,1D,bearish,at resistance,confirmed
KOTYARK,NR7,2026-05-27,1D,neutral,at resistance,neutral
KOTYARK,Three Black Crows,2026-05-27,1D,bearish,at resistance,confirmed
KOTYARK,Three Black Crows,2026-05-29,1D,bearish,at resistance,failed
KOTYARK,Inverted Hammer,2026-06-01,1D,bullish,at resistance,failed
KOTYARK,Long-legged Doji,2026-06-02,1D,neutral,at resistance,pending (last bar)
JNKINDIA,Evening Star,2026-05-06,1D,bearish,at resistance,confirmed
JNKINDIA,Three Black Crows,2026-05-07,1D,bearish,midair,confirmed
JNKINDIA,Shooting Star,2026-05-08,1D,bearish,midair,failed
JNKINDIA,Bearish Pin Bar,2026-05-08,1D,bearish,midair,failed
JNKINDIA,Tweezer Top,2026-05-08,1D,bearish,midair,failed
JNKINDIA,Inside Bar,2026-05-08,1D,neutral,midair,neutral
JNKINDIA,Outside Bar,2026-05-11,1D,neutral,at resistance,neutral
JNKINDIA,Morning Star,2026-05-11,1D,bullish,at resistance,failed
JNKINDIA,Bearish Engulfing,2026-05-12,1D,bearish,at S/R confluence,confirmed
JNKINDIA,Inverted Hammer,2026-05-13,1D,bullish,at S/R confluence,confirmed
JNKINDIA,Hammer,2026-05-14,1D,bullish,at S/R confluence,failed
JNKINDIA,Bullish Pin Bar,2026-05-14,1D,bullish,at S/R confluence,failed
JNKINDIA,Inside Bar,2026-05-15,1D,neutral,at S/R confluence,neutral
JNKINDIA,NR4,2026-05-15,1D,neutral,at S/R confluence,neutral
JNKINDIA,Hammer,2026-05-18,1D,bullish,at S/R confluence,confirmed
JNKINDIA,Bullish Pin Bar,2026-05-18,1D,bullish,at S/R confluence,confirmed
JNKINDIA,Morning Star,2026-05-19,1D,bullish,at S/R confluence,confirmed
JNKINDIA,Three White Soldiers,2026-05-20,1D,bullish,at resistance,confirmed
JNKINDIA,Dragonfly Doji,2026-05-21,1D,bullish,at resistance,failed
JNKINDIA,Hammer,2026-05-21,1D,bullish,at resistance,failed
JNKINDIA,Bullish Pin Bar,2026-05-21,1D,bullish,at resistance,failed
JNKINDIA,NR7,2026-05-21,1D,neutral,at resistance,neutral
JNKINDIA,Outside Bar,2026-05-22,1D,neutral,at resistance,neutral
JNKINDIA,Three Black Crows,2026-05-25,1D,bearish,at resistance,confirmed
JNKINDIA,Shooting Star,2026-05-26,1D,bearish,at resistance,failed
JNKINDIA,Bearish Pin Bar,2026-05-26,1D,bearish,at resistance,failed
JNKINDIA,Three Black Crows,2026-05-26,1D,bearish,at resistance,failed
JNKINDIA,Shooting Star,2026-05-27,1D,bearish,at resistance,failed
JNKINDIA,Inside Bar,2026-05-27,1D,neutral,at resistance,neutral
JNKINDIA,NR7,2026-05-27,1D,neutral,at resistance,neutral
JNKINDIA,Doji,2026-05-28,1D,neutral,at resistance,neutral
JNKINDIA,Inside Bar,2026-05-28,1D,neutral,at resistance,neutral
JNKINDIA,Outside Bar,2026-05-29,1D,neutral,at resistance,neutral
JNKINDIA,Evening Star,2026-05-29,1D,bearish,at resistance,confirmed
JNKINDIA,Bullish Harami,2026-06-02,1D,bullish,midair,pending (last bar)
APOLLOPIPE,Outside Bar,2026-05-05,1D,neutral,at resistance,neutral
APOLLOPIPE,Bullish Engulfing,2026-05-07,1D,bullish,at resistance,failed
APOLLOPIPE,Inside Bar,2026-05-08,1D,neutral,at resistance,neutral
APOLLOPIPE,NR4,2026-05-11,1D,neutral,at resistance,neutral
APOLLOPIPE,Three Black Crows,2026-05-12,1D,bearish,at resistance,confirmed
APOLLOPIPE,Shooting Star,2026-05-13,1D,bearish,at resistance,failed
APOLLOPIPE,Bearish Pin Bar,2026-05-13,1D,bearish,at resistance,failed
APOLLOPIPE,Inside Bar,2026-05-13,1D,neutral,at resistance,neutral
APOLLOPIPE,NR7,2026-05-13,1D,neutral,at resistance,neutral
APOLLOPIPE,Three White Soldiers,2026-05-15,1D,bullish,midair,failed
APOLLOPIPE,Bearish Harami,2026-05-18,1D,bearish,midair,failed
APOLLOPIPE,Inside Bar,2026-05-18,1D,neutral,midair,neutral
APOLLOPIPE,Long-legged Doji,2026-05-20,1D,neutral,midair,neutral
APOLLOPIPE,Morning Star,2026-05-21,1D,bullish,at resistance,failed
APOLLOPIPE,Inside Bar,2026-05-22,1D,neutral,midair,neutral
APOLLOPIPE,Inside Bar,2026-05-25,1D,neutral,midair,neutral
APOLLOPIPE,NR7,2026-05-25,1D,neutral,midair,neutral
APOLLOPIPE,NR7,2026-05-26,1D,neutral,midair,neutral
APOLLOPIPE,Long-legged Doji,2026-05-27,1D,neutral,midair,neutral
APOLLOPIPE,NR7,2026-05-27,1D,neutral,midair,neutral
APOLLOPIPE,Three Black Crows,2026-05-27,1D,bearish,midair,confirmed
APOLLOPIPE,Outside Bar,2026-05-29,1D,neutral,midair,neutral
APOLLOPIPE,Three Black Crows,2026-05-29,1D,bearish,midair,confirmed
APOLLOPIPE,Bearish Marubozu,2026-06-01,1D,bearish,at resistance,confirmed
APOLLOPIPE,Three Black Crows,2026-06-01,1D,bearish,at resistance,confirmed
APOLLOPIPE,Hammer,2026-06-02,1D,bullish,at resistance,pending (last bar)
APOLLOPIPE,Three Black Crows,2026-06-02,1D,bearish,at resistance,pending (last bar)
NARMADA,Three White Soldiers,2026-05-05,1D,bullish,midair,confirmed
NARMADA,Three White Soldiers,2026-05-06,1D,bullish,at resistance,confirmed
NARMADA,Doji,2026-05-07,1D,neutral,at resistance,neutral
NARMADA,Bearish Pin Bar,2026-05-07,1D,bearish,at resistance,confirmed
NARMADA,Three White Soldiers,2026-05-07,1D,bullish,at resistance,failed
NARMADA,Bearish Engulfing,2026-05-08,1D,bearish,at resistance,confirmed
NARMADA,Inside Bar,2026-05-08,1D,neutral,at resistance,neutral
NARMADA,NR7,2026-05-08,1D,neutral,at resistance,neutral
NARMADA,Three Black Crows,2026-05-12,1D,bearish,at resistance,failed
NARMADA,Long-legged Doji,2026-05-13,1D,neutral,at resistance,neutral
NARMADA,Outside Bar,2026-05-13,1D,neutral,at resistance,neutral
NARMADA,Shooting Star,2026-05-14,1D,bearish,at resistance,confirmed
NARMADA,Bearish Pin Bar,2026-05-14,1D,bearish,at resistance,confirmed
NARMADA,Morning Star,2026-05-14,1D,bullish,at resistance,failed
NARMADA,Bearish Engulfing,2026-05-15,1D,bearish,midair,confirmed
NARMADA,NR4,2026-05-18,1D,neutral,at S/R confluence,neutral
NARMADA,Gravestone Doji,2026-05-19,1D,bearish,at S/R confluence,confirmed
NARMADA,Inverted Hammer,2026-05-19,1D,bullish,at S/R confluence,failed
NARMADA,Bearish Pin Bar,2026-05-19,1D,bearish,at S/R confluence,confirmed
NARMADA,Bullish Harami,2026-05-19,1D,bullish,at S/R confluence,failed
NARMADA,Bearish Engulfing,2026-05-20,1D,bearish,at S/R confluence,failed
NARMADA,NR7,2026-05-20,1D,neutral,at S/R confluence,neutral
NARMADA,Bullish Engulfing,2026-05-21,1D,bullish,midair,confirmed
NARMADA,Tweezer Bottom,2026-05-21,1D,bullish,midair,confirmed
NARMADA,Inside Bar,2026-05-25,1D,neutral,at resistance,neutral
NARMADA,NR4,2026-05-26,1D,neutral,at resistance,neutral
NARMADA,Long-legged Doji,2026-05-27,1D,neutral,at resistance,neutral
NARMADA,NR4,2026-05-27,1D,neutral,at resistance,neutral
NARMADA,Shooting Star,2026-05-29,1D,bearish,at resistance,confirmed
NARMADA,Bearish Pin Bar,2026-05-29,1D,bearish,at resistance,confirmed
NARMADA,Morning Star,2026-05-29,1D,bullish,at resistance,failed
NARMADA,Shooting Star,2026-06-01,1D,bearish,at resistance,failed
NARMADA,Long-legged Doji,2026-06-02,1D,neutral,at resistance,pending (last bar)
MCLEODRUSS,Dragonfly Doji,2026-05-05,1D,bullish,at resistance,failed
MCLEODRUSS,Bullish Pin Bar,2026-05-05,1D,bullish,at resistance,failed
MCLEODRUSS,Outside Bar,2026-05-06,1D,neutral,at resistance,neutral
MCLEODRUSS,Inside Bar,2026-05-07,1D,neutral,at resistance,neutral
MCLEODRUSS,Inside Bar,2026-05-08,1D,neutral,at resistance,neutral
MCLEODRUSS,Three Black Crows,2026-05-12,1D,bearish,midair,failed
MCLEODRUSS,Long-legged Doji,2026-05-13,1D,neutral,at resistance,neutral
MCLEODRUSS,Inside Bar,2026-05-13,1D,neutral,at resistance,neutral
MCLEODRUSS,Doji,2026-05-14,1D,neutral,at resistance,neutral
MCLEODRUSS,Morning Star,2026-05-15,1D,bullish,midair,confirmed
MCLEODRUSS,Doji,2026-05-18,1D,neutral,midair,neutral
MCLEODRUSS,Doji,2026-05-19,1D,neutral,at resistance,neutral
MCLEODRUSS,Hanging Man,2026-05-20,1D,bearish,midair,confirmed
MCLEODRUSS,Bullish Pin Bar,2026-05-20,1D,bullish,midair,failed
MCLEODRUSS,Gravestone Doji,2026-05-21,1D,bearish,midair,failed
MCLEODRUSS,Bearish Pin Bar,2026-05-21,1D,bearish,midair,failed
MCLEODRUSS,Dragonfly Doji,2026-05-22,1D,bullish,midair,confirmed
MCLEODRUSS,Bullish Pin Bar,2026-05-22,1D,bullish,midair,confirmed
MCLEODRUSS,Doji,2026-05-25,1D,neutral,midair,neutral
MCLEODRUSS,Doji,2026-05-26,1D,neutral,midair,neutral
MCLEODRUSS,Doji,2026-05-27,1D,neutral,midair,neutral
MCLEODRUSS,Doji,2026-05-29,1D,neutral,midair,neutral
MCLEODRUSS,Doji,2026-06-01,1D,neutral,midair,neutral
MCLEODRUSS,Doji,2026-06-02,1D,neutral,midair,pending (last bar)
CENTUM,Inverted Hammer,2026-05-05,1D,bullish,at S/R confluence,confirmed
CENTUM,Bearish Pin Bar,2026-05-05,1D,bearish,at S/R confluence,failed
CENTUM,Tweezer Bottom,2026-05-05,1D,bullish,at S/R confluence,confirmed
CENTUM,Outside Bar,2026-05-05,1D,neutral,at S/R confluence,neutral
CENTUM,Three Black Crows,2026-05-05,1D,bearish,at S/R confluence,failed
CENTUM,Long-legged Doji,2026-05-06,1D,neutral,at S/R confluence,neutral
CENTUM,Bullish Harami,2026-05-06,1D,bullish,at S/R confluence,confirmed
CENTUM,Tweezer Bottom,2026-05-06,1D,bullish,at S/R confluence,confirmed
CENTUM,NR4,2026-05-06,1D,neutral,at S/R confluence,neutral
CENTUM,Morning Star,2026-05-07,1D,bullish,at S/R confluence,confirmed
CENTUM,Three White Soldiers,2026-05-08,1D,bullish,at resistance,failed
CENTUM,Inside Bar,2026-05-11,1D,neutral,at resistance,neutral
CENTUM,Piercing Line,2026-05-13,1D,bullish,at resistance,failed
CENTUM,Long-legged Doji,2026-05-15,1D,neutral,at resistance,neutral
CENTUM,Outside Bar,2026-05-15,1D,neutral,at resistance,neutral
CENTUM,Hanging Man,2026-05-18,1D,bearish,at S/R confluence,confirmed
CENTUM,Bullish Pin Bar,2026-05-18,1D,bullish,at S/R confluence,failed
CENTUM,Inside Bar,2026-05-19,1D,neutral,at S/R confluence,neutral
CENTUM,NR7,2026-05-19,1D,neutral,at S/R confluence,neutral
CENTUM,Bullish Engulfing,2026-05-20,1D,bullish,at resistance,confirmed
CENTUM,Outside Bar,2026-05-20,1D,neutral,at resistance,neutral
CENTUM,Shooting Star,2026-05-22,1D,bearish,at resistance,confirmed
CENTUM,Bearish Harami,2026-05-22,1D,bearish,at resistance,confirmed
CENTUM,Shooting Star,2026-05-25,1D,bearish,at resistance,confirmed
CENTUM,Bearish Pin Bar,2026-05-25,1D,bearish,at resistance,confirmed
CENTUM,Tweezer Top,2026-05-25,1D,bearish,at resistance,confirmed
CENTUM,NR4,2026-05-25,1D,neutral,at resistance,neutral
CENTUM,Doji,2026-05-26,1D,neutral,at resistance,neutral
CENTUM,Bearish Pin Bar,2026-05-26,1D,bearish,at resistance,failed
CENTUM,NR4,2026-05-26,1D,neutral,at resistance,neutral
CENTUM,Three Black Crows,2026-05-26,1D,bearish,at resistance,failed
CENTUM,Bullish Engulfing,2026-05-27,1D,bullish,at resistance,confirmed
CENTUM,Morning Star,2026-05-27,1D,bullish,at resistance,confirmed
CENTUM,Doji,2026-06-01,1D,neutral,midair,neutral
CENTUM,Shooting Star,2026-06-01,1D,bearish,midair,failed
CENTUM,Bearish Pin Bar,2026-06-01,1D,bearish,midair,failed
CENTUM,Bullish Engulfing,2026-06-02,1D,bullish,midair,pending (last bar)
SUVEN,NR4,2026-05-08,1D,neutral,at resistance,neutral
SUVEN,Three White Soldiers,2026-05-08,1D,bullish,at resistance,failed
SUVEN,Bearish Marubozu,2026-05-11,1D,bearish,at S/R confluence,confirmed
SUVEN,Dark Cloud Cover,2026-05-11,1D,bearish,at S/R confluence,confirmed
SUVEN,Outside Bar,2026-05-11,1D,neutral,at S/R confluence,neutral
SUVEN,Long-legged Doji,2026-05-12,1D,neutral,at S/R confluence,neutral
SUVEN,Inside Bar,2026-05-13,1D,neutral,at S/R confluence,neutral
SUVEN,Three Black Crows,2026-05-13,1D,bearish,at S/R confluence,confirmed
SUVEN,NR4,2026-05-14,1D,neutral,at S/R confluence,neutral
SUVEN,Three Black Crows,2026-05-14,1D,bearish,at S/R confluence,failed
SUVEN,Bullish Engulfing,2026-05-15,1D,bullish,at S/R confluence,confirmed
SUVEN,Outside Bar,2026-05-15,1D,neutral,at S/R confluence,neutral
SUVEN,Bullish Marubozu,2026-05-18,1D,bullish,at resistance,confirmed
SUVEN,Three White Soldiers,2026-05-19,1D,bullish,at resistance,failed
SUVEN,NR4,2026-05-20,1D,neutral,at resistance,neutral
SUVEN,Shooting Star,2026-05-21,1D,bearish,at resistance,confirmed
SUVEN,Inside Bar,2026-05-21,1D,neutral,at resistance,neutral
SUVEN,NR4,2026-05-21,1D,neutral,at resistance,neutral
SUVEN,Bearish Engulfing,2026-05-22,1D,bearish,at resistance,failed
SUVEN,Long-legged Doji,2026-05-25,1D,neutral,at resistance,neutral
SUVEN,Bullish Harami,2026-05-25,1D,bullish,at resistance,confirmed
SUVEN,NR7,2026-05-25,1D,neutral,at resistance,neutral
SUVEN,Gravestone Doji,2026-05-26,1D,bearish,at resistance,confirmed
SUVEN,Shooting Star,2026-05-26,1D,bearish,at resistance,confirmed
SUVEN,Bearish Pin Bar,2026-05-26,1D,bearish,at resistance,confirmed
SUVEN,Morning Star,2026-05-26,1D,bullish,at resistance,failed
SUVEN,Doji,2026-05-28,1D,neutral,at resistance,neutral
SUVEN,Inside Bar,2026-05-28,1D,neutral,at resistance,neutral
SUVEN,Morning Star,2026-05-29,1D,bullish,midair,failed
SUVEN,Bearish Marubozu,2026-06-01,1D,bearish,at resistance,failed
SUVEN,Long-legged Doji,2026-06-02,1D,neutral,at resistance,pending (last bar)
SUVEN,Bullish Harami,2026-06-02,1D,bullish,at resistance,pending (last bar)
SATIN,Three White Soldiers,2026-05-08,1D,bullish,midair,confirmed
SATIN,NR4,2026-05-11,1D,neutral,midair,neutral
SATIN,Three White Soldiers,2026-05-11,1D,bullish,midair,confirmed
SATIN,Doji,2026-05-13,1D,neutral,midair,neutral
SATIN,Bearish Pin Bar,2026-05-13,1D,bearish,midair,confirmed
SATIN,Hanging Man,2026-05-14,1D,bearish,midair,confirmed
SATIN,Bearish Engulfing,2026-05-14,1D,bearish,midair,confirmed
SATIN,NR7,2026-05-15,1D,neutral,midair,neutral
SATIN,Long-legged Doji,2026-05-18,1D,neutral,midair,neutral
SATIN,Three Black Crows,2026-05-18,1D,bearish,midair,failed
SATIN,Long-legged Doji,2026-05-19,1D,neutral,midair,neutral
SATIN,Tweezer Top,2026-05-19,1D,bearish,midair,failed
SATIN,NR7,2026-05-19,1D,neutral,midair,neutral
SATIN,Outside Bar,2026-05-20,1D,neutral,midair,neutral
SATIN,Morning Star,2026-05-20,1D,bullish,midair,failed
SATIN,Bearish Engulfing,2026-05-21,1D,bearish,midair,confirmed
SATIN,Bullish Harami,2026-05-25,1D,bullish,midair,confirmed
SATIN,Inside Bar,2026-05-25,1D,neutral,midair,neutral
SATIN,NR4,2026-05-25,1D,neutral,midair,neutral
SATIN,Morning Star,2026-05-26,1D,bullish,midair,failed
SATIN,Doji,2026-05-28,1D,neutral,midair,neutral
SATIN,Inside Bar,2026-05-28,1D,neutral,midair,neutral
SATIN,Inverted Hammer,2026-05-29,1D,bullish,midair,confirmed
SATIN,Outside Bar,2026-05-29,1D,neutral,midair,neutral
SATIN,Shooting Star,2026-06-01,1D,bearish,midair,failed
SATIN,Bullish Engulfing,2026-06-01,1D,bullish,midair,confirmed
SATIN,Outside Bar,2026-06-01,1D,neutral,midair,neutral
SATIN,Inside Bar,2026-06-02,1D,neutral,at resistance,pending (last bar)
GRWRHITECH,Three White Soldiers,2026-05-06,1D,bullish,midair,confirmed
GRWRHITECH,Three White Soldiers,2026-05-07,1D,bullish,at resistance,failed
GRWRHITECH,Bearish Harami,2026-05-08,1D,bearish,at support,confirmed
GRWRHITECH,Inside Bar,2026-05-08,1D,neutral,at support,neutral
GRWRHITECH,NR4,2026-05-08,1D,neutral,at support,neutral
GRWRHITECH,Tweezer Top,2026-05-11,1D,bearish,at support,confirmed
GRWRHITECH,Outside Bar,2026-05-11,1D,neutral,at support,neutral
GRWRHITECH,Evening Star,2026-05-11,1D,bearish,at support,confirmed
GRWRHITECH,Three Black Crows,2026-05-12,1D,bearish,midair,failed
GRWRHITECH,Bullish Engulfing,2026-05-13,1D,bullish,at support,confirmed
GRWRHITECH,NR7,2026-05-14,1D,neutral,at resistance,neutral
GRWRHITECH,Doji,2026-05-18,1D,neutral,at support,neutral
GRWRHITECH,Hanging Man,2026-05-18,1D,bearish,at support,failed
GRWRHITECH,Bullish Pin Bar,2026-05-18,1D,bullish,at support,confirmed
GRWRHITECH,Morning Star,2026-05-19,1D,bullish,at resistance,confirmed
GRWRHITECH,Hanging Man,2026-05-20,1D,bearish,at resistance,confirmed
GRWRHITECH,Tweezer Top,2026-05-20,1D,bearish,at resistance,confirmed
GRWRHITECH,Three White Soldiers,2026-05-20,1D,bullish,at resistance,failed
GRWRHITECH,Bearish Engulfing,2026-05-21,1D,bearish,at resistance,confirmed
GRWRHITECH,NR4,2026-05-21,1D,neutral,at resistance,neutral
GRWRHITECH,Tweezer Top,2026-05-27,1D,bearish,midair,failed
GRWRHITECH,Inside Bar,2026-05-27,1D,neutral,midair,neutral
GRWRHITECH,NR4,2026-05-27,1D,neutral,midair,neutral
GRWRHITECH,Doji,2026-05-28,1D,neutral,midair,neutral
GRWRHITECH,Inside Bar,2026-05-28,1D,neutral,midair,neutral
GRWRHITECH,Outside Bar,2026-05-29,1D,neutral,midair,neutral
GRWRHITECH,Morning Star,2026-05-29,1D,bullish,midair,failed
GRWRHITECH,Tweezer Top,2026-06-01,1D,bearish,midair,failed
GRWRHITECH,Inside Bar,2026-06-01,1D,neutral,midair,neutral
ADANIENSOL,Inside Bar,2026-05-06,1D,neutral,midair,neutral
ADANIENSOL,Evening Star,2026-05-07,1D,bearish,midair,confirmed
ADANIENSOL,Three Black Crows,2026-05-08,1D,bearish,midair,confirmed
ADANIENSOL,Hammer,2026-05-11,1D,bullish,at support,failed
ADANIENSOL,Bullish Pin Bar,2026-05-11,1D,bullish,at support,failed
ADANIENSOL,Three Black Crows,2026-05-11,1D,bearish,at support,confirmed
ADANIENSOL,Outside Bar,2026-05-12,1D,neutral,at support,neutral
ADANIENSOL,Three Black Crows,2026-05-12,1D,bearish,at support,failed
ADANIENSOL,Piercing Line,2026-05-13,1D,bullish,at support,confirmed
ADANIENSOL,NR4,2026-05-14,1D,neutral,at support,neutral
ADANIENSOL,Outside Bar,2026-05-15,1D,neutral,at support,neutral
ADANIENSOL,Bullish Engulfing,2026-05-20,1D,bullish,midair,failed
ADANIENSOL,Tweezer Bottom,2026-05-20,1D,bullish,midair,failed
ADANIENSOL,Inverted Hammer,2026-05-21,1D,bullish,midair,confirmed
ADANIENSOL,Shooting Star,2026-05-22,1D,bearish,midair,failed
ADANIENSOL,Bearish Pin Bar,2026-05-22,1D,bearish,midair,failed
ADANIENSOL,Tweezer Top,2026-05-22,1D,bearish,midair,failed
ADANIENSOL,Inside Bar,2026-05-22,1D,neutral,midair,neutral
ADANIENSOL,NR7,2026-05-22,1D,neutral,midair,neutral
ADANIENSOL,Outside Bar,2026-05-25,1D,neutral,midair,neutral
ADANIENSOL,Morning Star,2026-05-25,1D,bullish,midair,confirmed
ADANIENSOL,Three White Soldiers,2026-05-26,1D,bullish,at resistance,confirmed
ADANIENSOL,Three White Soldiers,2026-05-27,1D,bullish,midair,failed
ADANIENSOL,Doji,2026-05-28,1D,neutral,midair,neutral
ADANIENSOL,Inside Bar,2026-05-28,1D,neutral,midair,neutral
ADANIENSOL,Outside Bar,2026-05-29,1D,neutral,midair,neutral
ADANIENSOL,Bullish Engulfing,2026-06-02,1D,bullish,midair,pending (last bar)
ADANIENSOL,Outside Bar,2026-06-02,1D,neutral,midair,pending (last bar)
NATIONALUM,Bearish Engulfing,2026-05-06,1D,bearish,at resistance,confirmed
NATIONALUM,Tweezer Bottom,2026-05-06,1D,bullish,at resistance,failed
NATIONALUM,Outside Bar,2026-05-06,1D,neutral,at resistance,neutral
NATIONALUM,NR4,2026-05-07,1D,neutral,at S/R confluence,neutral
NATIONALUM,Hammer,2026-05-08,1D,bullish,at S/R confluence,failed
NATIONALUM,Bullish Pin Bar,2026-05-08,1D,bullish,at S/R confluence,failed
NATIONALUM,NR4,2026-05-08,1D,neutral,at S/R confluence,neutral
NATIONALUM,Three Black Crows,2026-05-08,1D,bearish,at S/R confluence,confirmed
NATIONALUM,Three Black Crows,2026-05-11,1D,bearish,at support,failed
NATIONALUM,Doji,2026-05-12,1D,neutral,at support,neutral
NATIONALUM,Inverted Hammer,2026-05-12,1D,bullish,at support,confirmed
NATIONALUM,Bearish Pin Bar,2026-05-12,1D,bearish,at support,failed
NATIONALUM,Tweezer Bottom,2026-05-12,1D,bullish,at support,confirmed
NATIONALUM,Morning Star,2026-05-13,1D,bullish,at resistance,confirmed
NATIONALUM,NR4,2026-05-14,1D,neutral,at resistance,neutral
NATIONALUM,Bearish Engulfing,2026-05-15,1D,bearish,at S/R confluence,confirmed
NATIONALUM,Long-legged Doji,2026-05-18,1D,neutral,at S/R confluence,neutral
NATIONALUM,NR4,2026-05-18,1D,neutral,at S/R confluence,neutral
NATIONALUM,Hammer,2026-05-19,1D,bullish,at support,confirmed
NATIONALUM,Bearish Engulfing,2026-05-19,1D,bearish,at support,failed
NATIONALUM,Tweezer Top,2026-05-20,1D,bearish,at S/R confluence,failed
NATIONALUM,Inside Bar,2026-05-20,1D,neutral,at S/R confluence,neutral
NATIONALUM,Long-legged Doji,2026-05-21,1D,neutral,at resistance,neutral
NATIONALUM,NR7,2026-05-21,1D,neutral,at resistance,neutral
NATIONALUM,Tweezer Top,2026-05-22,1D,bearish,at resistance,confirmed
NATIONALUM,NR7,2026-05-22,1D,neutral,at resistance,neutral
NATIONALUM,Bearish Engulfing,2026-05-25,1D,bearish,at S/R confluence,failed
NATIONALUM,Outside Bar,2026-05-25,1D,neutral,at S/R confluence,neutral
NATIONALUM,Doji,2026-05-28,1D,neutral,at resistance,neutral
NATIONALUM,Inside Bar,2026-05-28,1D,neutral,at resistance,neutral
NATIONALUM,Outside Bar,2026-05-29,1D,neutral,at resistance,neutral
NATIONALUM,Evening Star,2026-05-29,1D,bearish,at resistance,failed
NATIONALUM,Bullish Harami,2026-06-01,1D,bullish,at resistance,confirmed
NATIONALUM,Inside Bar,2026-06-01,1D,neutral,at resistance,neutral
NATIONALUM,Shooting Star,2026-06-02,1D,bearish,at resistance,pending (last bar)
NITINSPIN,Inside Bar,2026-05-05,1D,neutral,midair,neutral
NITINSPIN,Shooting Star,2026-05-08,1D,bearish,midair,failed
NITINSPIN,Bearish Pin Bar,2026-05-08,1D,bearish,midair,failed
NITINSPIN,Outside Bar,2026-05-08,1D,neutral,midair,neutral
NITINSPIN,Three Black Crows,2026-05-08,1D,bearish,midair,failed
NITINSPIN,NR4,2026-05-12,1D,neutral,midair,neutral
NITINSPIN,Shooting Star,2026-05-13,1D,bearish,at resistance,confirmed
NITINSPIN,Bearish Pin Bar,2026-05-13,1D,bearish,at resistance,confirmed
NITINSPIN,Three White Soldiers,2026-05-13,1D,bullish,at resistance,failed
NITINSPIN,Inside Bar,2026-05-14,1D,neutral,midair,neutral
NITINSPIN,NR4,2026-05-14,1D,neutral,midair,neutral
NITINSPIN,NR7,2026-05-15,1D,neutral,midair,neutral
NITINSPIN,Hanging Man,2026-05-18,1D,bearish,midair,failed
NITINSPIN,Shooting Star,2026-05-20,1D,bearish,midair,failed
NITINSPIN,Bearish Pin Bar,2026-05-20,1D,bearish,midair,failed
NITINSPIN,Bearish Harami,2026-05-20,1D,bearish,midair,failed
NITINSPIN,Bearish Engulfing,2026-05-22,1D,bearish,midair,failed
NITINSPIN,Outside Bar,2026-05-22,1D,neutral,midair,neutral
NITINSPIN,NR7,2026-05-25,1D,neutral,midair,neutral
NITINSPIN,Doji,2026-05-26,1D,neutral,midair,neutral
NITINSPIN,Shooting Star,2026-05-26,1D,bearish,midair,confirmed
NITINSPIN,Bearish Pin Bar,2026-05-26,1D,bearish,midair,confirmed
NITINSPIN,Three Black Crows,2026-05-27,1D,bearish,midair,confirmed
NITINSPIN,Outside Bar,2026-05-29,1D,neutral,midair,neutral
NITINSPIN,Three Black Crows,2026-05-29,1D,bearish,midair,failed
NITINSPIN,Doji,2026-06-01,1D,neutral,midair,neutral
NITINSPIN,Bearish Pin Bar,2026-06-01,1D,bearish,midair,failed
NITINSPIN,Morning Star,2026-06-02,1D,bullish,at resistance,pending (last bar)
SCHNEIDER,Bearish Engulfing,2026-05-06,1D,bearish,midair,failed
SCHNEIDER,Outside Bar,2026-05-06,1D,neutral,midair,neutral
SCHNEIDER,Piercing Line,2026-05-07,1D,bullish,at resistance,confirmed
SCHNEIDER,NR4,2026-05-08,1D,neutral,at resistance,neutral
SCHNEIDER,Hanging Man,2026-05-14,1D,bearish,midair,confirmed
SCHNEIDER,Tweezer Top,2026-05-14,1D,bearish,midair,confirmed
SCHNEIDER,NR4,2026-05-14,1D,neutral,midair,neutral
SCHNEIDER,Tweezer Top,2026-05-15,1D,bearish,midair,confirmed
SCHNEIDER,Bearish Marubozu,2026-05-18,1D,bearish,at support,failed
SCHNEIDER,Piercing Line,2026-05-19,1D,bullish,midair,confirmed
SCHNEIDER,Outside Bar,2026-05-19,1D,neutral,midair,neutral
SCHNEIDER,Bullish Marubozu,2026-05-20,1D,bullish,midair,confirmed
SCHNEIDER,NR4,2026-05-21,1D,neutral,at resistance,neutral
SCHNEIDER,Long-legged Doji,2026-05-26,1D,neutral,at resistance,neutral
SCHNEIDER,Doji,2026-05-28,1D,neutral,at resistance,neutral
SCHNEIDER,Inside Bar,2026-05-28,1D,neutral,at resistance,neutral
SCHNEIDER,Doji,2026-05-29,1D,neutral,midair,neutral
SCHNEIDER,Doji,2026-06-01,1D,neutral,midair,neutral
SCHNEIDER,Doji,2026-06-02,1D,neutral,at support,pending (last bar)
UTLSOLAR,Inside Bar,2026-05-07,1D,neutral,midair,neutral
UTLSOLAR,NR4,2026-05-07,1D,neutral,midair,neutral
UTLSOLAR,Evening Star,2026-05-08,1D,bearish,midair,failed
UTLSOLAR,Hammer,2026-05-11,1D,bullish,midair,failed
UTLSOLAR,Bullish Harami,2026-05-11,1D,bullish,midair,failed
UTLSOLAR,Inside Bar,2026-05-12,1D,neutral,midair,neutral
UTLSOLAR,Tweezer Bottom,2026-05-14,1D,bullish,midair,confirmed
UTLSOLAR,Inside Bar,2026-05-14,1D,neutral,midair,neutral
UTLSOLAR,Bullish Harami,2026-05-19,1D,bullish,midair,failed
UTLSOLAR,Inside Bar,2026-05-19,1D,neutral,midair,neutral
UTLSOLAR,NR4,2026-05-19,1D,neutral,midair,neutral
UTLSOLAR,Inverted Hammer,2026-05-20,1D,bullish,at support,failed
UTLSOLAR,Bearish Harami,2026-05-20,1D,bearish,at support,confirmed
UTLSOLAR,Tweezer Bottom,2026-05-20,1D,bullish,at support,failed
UTLSOLAR,Inverted Hammer,2026-05-21,1D,bullish,at support,confirmed
UTLSOLAR,Outside Bar,2026-05-21,1D,neutral,at support,neutral
UTLSOLAR,Tweezer Bottom,2026-05-22,1D,bullish,midair,confirmed
UTLSOLAR,Bullish Marubozu,2026-05-26,1D,bullish,midair,confirmed
UTLSOLAR,NR7,2026-05-26,1D,neutral,midair,neutral
UTLSOLAR,Three White Soldiers,2026-05-26,1D,bullish,midair,confirmed
UTLSOLAR,Bullish Marubozu,2026-05-27,1D,bullish,at resistance,failed
UTLSOLAR,Three White Soldiers,2026-05-27,1D,bullish,at resistance,failed
UTLSOLAR,Doji,2026-05-28,1D,neutral,at resistance,neutral
UTLSOLAR,Tweezer Top,2026-05-28,1D,bearish,at resistance,failed
UTLSOLAR,Bearish Marubozu,2026-06-01,1D,bearish,at resistance,failed
UTLSOLAR,Outside Bar,2026-06-01,1D,neutral,at resistance,neutral
543787,Outside Bar,2026-05-04,1D,neutral,at resistance,neutral
543787,Three Black Crows,2026-05-05,1D,bearish,midair,failed
543787,Bullish Marubozu,2026-05-06,1D,bullish,at support,failed
543787,Bullish Engulfing,2026-05-06,1D,bullish,at support,failed
543787,Morning Star,2026-05-06,1D,bullish,at support,failed
543787,NR7,2026-05-08,1D,neutral,at resistance,neutral
543787,Outside Bar,2026-05-11,1D,neutral,at S/R confluence,neutral
543787,Inside Bar,2026-05-12,1D,neutral,at resistance,neutral
543787,NR7,2026-05-12,1D,neutral,at resistance,neutral
543787,Three White Soldiers,2026-05-14,1D,bullish,midair,failed
543787,Shooting Star,2026-05-15,1D,bearish,at resistance,failed
543787,Bearish Pin Bar,2026-05-15,1D,bearish,at resistance,failed
543787,Inside Bar,2026-05-18,1D,neutral,at resistance,neutral
543787,NR4,2026-05-18,1D,neutral,at resistance,neutral
543787,Doji,2026-05-19,1D,neutral,midair,neutral
543787,Shooting Star,2026-05-19,1D,bearish,midair,failed
543787,Bearish Pin Bar,2026-05-19,1D,bearish,midair,failed
543787,Shooting Star,2026-05-20,1D,bearish,midair,failed
543787,Bearish Pin Bar,2026-05-20,1D,bearish,midair,failed
543787,NR7,2026-05-21,1D,neutral,at resistance,neutral
543787,NR7,2026-05-22,1D,neutral,at resistance,neutral
543787,Shooting Star,2026-05-25,1D,bearish,midair,failed
543787,Outside Bar,2026-05-25,1D,neutral,midair,neutral
543787,Three Black Crows,2026-05-25,1D,bearish,midair,failed
543787,Piercing Line,2026-05-26,1D,bullish,at resistance,confirmed
543787,Outside Bar,2026-05-29,1D,neutral,midair,neutral
543787,Piercing Line,2026-06-01,1D,bullish,at resistance,pending (last bar)
KRISHNADEF,Inside Bar,2026-05-05,1D,neutral,at support,neutral
KRISHNADEF,Outside Bar,2026-05-06,1D,neutral,at support,neutral
KRISHNADEF,Three White Soldiers,2026-05-11,1D,bullish,at resistance,failed
KRISHNADEF,Gravestone Doji,2026-05-13,1D,bearish,at resistance,confirmed
KRISHNADEF,Shooting Star,2026-05-13,1D,bearish,at resistance,confirmed
KRISHNADEF,Bearish Pin Bar,2026-05-13,1D,bearish,at resistance,confirmed
KRISHNADEF,Inside Bar,2026-05-13,1D,neutral,at resistance,neutral
KRISHNADEF,NR4,2026-05-13,1D,neutral,at resistance,neutral
KRISHNADEF,Bearish Engulfing,2026-05-14,1D,bearish,at resistance,confirmed
KRISHNADEF,Piercing Line,2026-05-18,1D,bullish,at resistance,confirmed
KRISHNADEF,Inverted Hammer,2026-05-20,1D,bullish,at resistance,failed
KRISHNADEF,Three White Soldiers,2026-05-20,1D,bullish,at resistance,failed
KRISHNADEF,Bearish Engulfing,2026-05-21,1D,bearish,at resistance,confirmed
KRISHNADEF,Outside Bar,2026-05-21,1D,neutral,at resistance,neutral
KRISHNADEF,Bullish Harami,2026-05-25,1D,bullish,at resistance,confirmed
KRISHNADEF,Inverted Hammer,2026-05-26,1D,bullish,at resistance,confirmed
KRISHNADEF,NR7,2026-05-26,1D,neutral,at resistance,neutral
KRISHNADEF,Morning Star,2026-05-26,1D,bullish,at resistance,confirmed
KRISHNADEF,Long-legged Doji,2026-05-27,1D,neutral,at resistance,neutral
KRISHNADEF,Outside Bar,2026-05-27,1D,neutral,at resistance,neutral
KRISHNADEF,Evening Star,2026-05-29,1D,bearish,at resistance,confirmed
KRISHNADEF,Three Black Crows,2026-06-01,1D,bearish,at support,failed
KRISHNADEF,Bullish Engulfing,2026-06-02,1D,bullish,at resistance,pending (last bar)
SAIL,Dark Cloud Cover,2026-05-06,1D,bearish,at resistance,failed
SAIL,Outside Bar,2026-05-06,1D,neutral,at resistance,neutral
SAIL,Shooting Star,2026-05-07,1D,bearish,at resistance,confirmed
SAIL,Bearish Pin Bar,2026-05-07,1D,bearish,at resistance,confirmed
SAIL,Bullish Harami,2026-05-07,1D,bullish,at resistance,failed
SAIL,Tweezer Top,2026-05-07,1D,bearish,at resistance,confirmed
SAIL,Inside Bar,2026-05-07,1D,neutral,at resistance,neutral
SAIL,NR4,2026-05-08,1D,neutral,at resistance,neutral
SAIL,Three Black Crows,2026-05-12,1D,bearish,at support,failed
SAIL,Bullish Marubozu,2026-05-13,1D,bullish,at resistance,failed
SAIL,NR4,2026-05-18,1D,neutral,at resistance,neutral
SAIL,Morning Star,2026-05-19,1D,bullish,at resistance,failed
SAIL,Tweezer Top,2026-05-20,1D,bearish,at resistance,confirmed
SAIL,Inside Bar,2026-05-20,1D,neutral,at resistance,neutral
SAIL,NR7,2026-05-20,1D,neutral,at resistance,neutral
SAIL,Bearish Engulfing,2026-05-21,1D,bearish,midair,failed
SAIL,Tweezer Top,2026-05-22,1D,bearish,at resistance,confirmed
SAIL,Dark Cloud Cover,2026-05-25,1D,bearish,at resistance,failed
SAIL,Long-legged Doji,2026-05-27,1D,neutral,at resistance,neutral
SAIL,NR7,2026-05-27,1D,neutral,at resistance,neutral
SAIL,Doji,2026-05-28,1D,neutral,at resistance,neutral
SAIL,Inside Bar,2026-05-28,1D,neutral,at resistance,neutral
SAIL,Outside Bar,2026-05-29,1D,neutral,at resistance,neutral
SAIL,Evening Star,2026-05-29,1D,bearish,at resistance,confirmed
SAIL,Bullish Engulfing,2026-06-02,1D,bullish,at resistance,pending (last bar)
SAIL,Tweezer Top,2026-06-02,1D,bearish,at resistance,pending (last bar)
544191,NR4,2026-05-04,1D,neutral,at S/R confluence,neutral
544191,Morning Star,2026-05-05,1D,bullish,at resistance,failed
544191,Doji,2026-05-06,1D,neutral,at resistance,neutral
544191,Shooting Star,2026-05-06,1D,bearish,at resistance,failed
544191,Bearish Pin Bar,2026-05-06,1D,bearish,at resistance,failed
544191,Inside Bar,2026-05-07,1D,neutral,at resistance,neutral
544191,NR7,2026-05-07,1D,neutral,at resistance,neutral
544191,Hanging Man,2026-05-08,1D,bearish,at resistance,confirmed
544191,NR7,2026-05-08,1D,neutral,at resistance,neutral
544191,Doji,2026-05-11,1D,neutral,at resistance,neutral
544191,Bullish Pin Bar,2026-05-11,1D,bullish,at resistance,failed
544191,Tweezer Top,2026-05-11,1D,bearish,at resistance,confirmed
544191,Outside Bar,2026-05-11,1D,neutral,at resistance,neutral
544191,Three Black Crows,2026-05-12,1D,bearish,midair,confirmed
544191,Three Black Crows,2026-05-13,1D,bearish,midair,failed
544191,Doji,2026-05-14,1D,neutral,midair,neutral
544191,Bullish Harami,2026-05-14,1D,bullish,midair,failed
544191,Inside Bar,2026-05-14,1D,neutral,midair,neutral
544191,Bearish Engulfing,2026-05-15,1D,bearish,midair,confirmed
544191,Inside Bar,2026-05-15,1D,neutral,midair,neutral
544191,NR7,2026-05-15,1D,neutral,midair,neutral
544191,Bearish Marubozu,2026-05-20,1D,bearish,at S/R confluence,failed
544191,Tweezer Bottom,2026-05-21,1D,bullish,at S/R confluence,failed
544191,Inside Bar,2026-05-21,1D,neutral,at S/R confluence,neutral
544191,NR4,2026-05-21,1D,neutral,at S/R confluence,neutral
544191,NR4,2026-05-22,1D,neutral,at S/R confluence,neutral
544191,Long-legged Doji,2026-05-25,1D,neutral,at resistance,neutral
544191,Outside Bar,2026-05-25,1D,neutral,at resistance,neutral
544191,Gravestone Doji,2026-05-26,1D,bearish,at resistance,failed
544191,Inverted Hammer,2026-05-26,1D,bullish,at resistance,confirmed
544191,Bearish Pin Bar,2026-05-26,1D,bearish,at resistance,failed
544191,Bullish Engulfing,2026-05-26,1D,bullish,at resistance,confirmed
544191,Morning Star,2026-05-26,1D,bullish,at resistance,confirmed
544191,Bearish Engulfing,2026-05-29,1D,bearish,at S/R confluence,confirmed
544191,Outside Bar,2026-05-29,1D,neutral,at S/R confluence,neutral
VIJIFIN,Bullish Marubozu,2026-05-05,1D,bullish,at resistance,confirmed
VIJIFIN,NR7,2026-05-06,1D,neutral,midair,neutral
VIJIFIN,Three White Soldiers,2026-05-06,1D,bullish,midair,confirmed
VIJIFIN,Doji,2026-05-07,1D,neutral,at resistance,neutral
VIJIFIN,Hanging Man,2026-05-08,1D,bearish,at resistance,confirmed
VIJIFIN,Bullish Pin Bar,2026-05-08,1D,bullish,at resistance,failed
VIJIFIN,Outside Bar,2026-05-08,1D,neutral,at resistance,neutral
VIJIFIN,Tweezer Top,2026-05-11,1D,bearish,midair,confirmed
VIJIFIN,Bearish Marubozu,2026-05-12,1D,bearish,midair,confirmed
VIJIFIN,Three Black Crows,2026-05-12,1D,bearish,midair,confirmed
VIJIFIN,Gravestone Doji,2026-05-13,1D,bearish,at resistance,failed
VIJIFIN,Bearish Pin Bar,2026-05-13,1D,bearish,at resistance,failed
VIJIFIN,NR4,2026-05-13,1D,neutral,at resistance,neutral
VIJIFIN,Bullish Marubozu,2026-05-14,1D,bullish,at resistance,failed
VIJIFIN,Outside Bar,2026-05-14,1D,neutral,at resistance,neutral
VIJIFIN,Bearish Marubozu,2026-05-18,1D,bearish,at support,failed
VIJIFIN,NR7,2026-05-18,1D,neutral,at support,neutral
VIJIFIN,Piercing Line,2026-05-19,1D,bullish,midair,failed
VIJIFIN,Outside Bar,2026-05-19,1D,neutral,midair,neutral
VIJIFIN,Tweezer Bottom,2026-05-20,1D,bullish,at support,confirmed
VIJIFIN,Bullish Harami,2026-05-21,1D,bullish,midair,confirmed
VIJIFIN,Inside Bar,2026-05-21,1D,neutral,midair,neutral
VIJIFIN,Outside Bar,2026-05-22,1D,neutral,at resistance,neutral
VIJIFIN,Morning Star,2026-05-22,1D,bullish,at resistance,failed
VIJIFIN,Inverted Hammer,2026-05-25,1D,bullish,midair,failed
VIJIFIN,Bearish Pin Bar,2026-05-25,1D,bearish,midair,confirmed
VIJIFIN,Bearish Marubozu,2026-05-26,1D,bearish,at support,failed
VIJIFIN,Bearish Engulfing,2026-05-26,1D,bearish,at support,failed
VIJIFIN,Tweezer Bottom,2026-05-26,1D,bullish,at support,confirmed
VIJIFIN,NR4,2026-05-26,1D,neutral,at support,neutral
VIJIFIN,Bullish Marubozu,2026-05-27,1D,bullish,at resistance,failed
VIJIFIN,Bullish Harami,2026-05-27,1D,bullish,at resistance,failed
VIJIFIN,Inside Bar,2026-05-27,1D,neutral,at resistance,neutral
VIJIFIN,NR7,2026-05-27,1D,neutral,at resistance,neutral
VIJIFIN,Bearish Engulfing,2026-05-29,1D,bearish,at resistance,confirmed
VIJIFIN,Outside Bar,2026-05-29,1D,neutral,at resistance,neutral
VIJIFIN,Bearish Marubozu,2026-06-01,1D,bearish,midair,failed
VIJIFIN,Shooting Star,2026-06-02,1D,bearish,midair,pending (last bar)
VIJIFIN,Bearish Pin Bar,2026-06-02,1D,bearish,midair,pending (last bar)
VIJIFIN,Inside Bar,2026-06-02,1D,neutral,midair,pending (last bar)
SHILPAMED,Three White Soldiers,2026-05-06,1D,bullish,at resistance,failed
SHILPAMED,NR4,2026-05-07,1D,neutral,at resistance,neutral
SHILPAMED,Long-legged Doji,2026-05-08,1D,neutral,at resistance,neutral
SHILPAMED,Bullish Engulfing,2026-05-11,1D,bullish,at resistance,failed
SHILPAMED,Outside Bar,2026-05-11,1D,neutral,at resistance,neutral
SHILPAMED,Morning Star,2026-05-11,1D,bullish,at resistance,failed
SHILPAMED,Inside Bar,2026-05-12,1D,neutral,at resistance,neutral
SHILPAMED,Doji,2026-05-13,1D,neutral,at resistance,neutral
SHILPAMED,Shooting Star,2026-05-13,1D,bearish,at resistance,failed
SHILPAMED,Bearish Pin Bar,2026-05-13,1D,bearish,at resistance,failed
SHILPAMED,Inside Bar,2026-05-13,1D,neutral,at resistance,neutral
SHILPAMED,Bullish Engulfing,2026-05-14,1D,bullish,at resistance,confirmed
SHILPAMED,Tweezer Top,2026-05-14,1D,bearish,at resistance,failed
SHILPAMED,Outside Bar,2026-05-14,1D,neutral,at resistance,neutral
SHILPAMED,Morning Star,2026-05-14,1D,bullish,at resistance,confirmed
SHILPAMED,Shooting Star,2026-05-18,1D,bearish,at resistance,confirmed
SHILPAMED,Bearish Pin Bar,2026-05-18,1D,bearish,at resistance,confirmed
SHILPAMED,Tweezer Top,2026-05-18,1D,bearish,at resistance,confirmed
SHILPAMED,Inside Bar,2026-05-20,1D,neutral,at resistance,neutral
SHILPAMED,NR7,2026-05-20,1D,neutral,at resistance,neutral
SHILPAMED,Shooting Star,2026-05-22,1D,bearish,at resistance,failed
SHILPAMED,NR4,2026-05-27,1D,neutral,at resistance,neutral
SHILPAMED,Doji,2026-05-28,1D,neutral,at resistance,neutral
SHILPAMED,Inside Bar,2026-05-28,1D,neutral,at resistance,neutral
SHILPAMED,Shooting Star,2026-05-29,1D,bearish,at resistance,failed
SHILPAMED,Outside Bar,2026-05-29,1D,neutral,at resistance,neutral
SHILPAMED,Morning Star,2026-05-29,1D,bullish,at resistance,confirmed
SHILPAMED,Tweezer Top,2026-06-01,1D,bearish,at resistance,failed
SYRMA,Hanging Man,2026-05-06,1D,bearish,midair,failed
SYRMA,NR4,2026-05-07,1D,neutral,midair,neutral
SYRMA,Doji,2026-05-08,1D,neutral,midair,neutral
SYRMA,Bearish Pin Bar,2026-05-08,1D,bearish,midair,failed
SYRMA,Shooting Star,2026-05-11,1D,bearish,midair,confirmed
SYRMA,Three White Soldiers,2026-05-11,1D,bullish,midair,failed
SYRMA,Bearish Engulfing,2026-05-12,1D,bearish,midair,confirmed
SYRMA,Outside Bar,2026-05-12,1D,neutral,midair,neutral
SYRMA,Hanging Man,2026-05-14,1D,bearish,at resistance,confirmed
SYRMA,Bullish Pin Bar,2026-05-14,1D,bullish,at resistance,failed
SYRMA,Three Black Crows,2026-05-14,1D,bearish,at resistance,confirmed
SYRMA,Tweezer Top,2026-05-15,1D,bearish,at resistance,confirmed
SYRMA,Inside Bar,2026-05-15,1D,neutral,at resistance,neutral
SYRMA,NR7,2026-05-15,1D,neutral,at resistance,neutral
SYRMA,Three Black Crows,2026-05-15,1D,bearish,at resistance,confirmed
SYRMA,Three Black Crows,2026-05-18,1D,bearish,at support,failed
SYRMA,Bullish Harami,2026-05-19,1D,bullish,at support,confirmed
SYRMA,NR7,2026-05-19,1D,neutral,at support,neutral
SYRMA,Tweezer Bottom,2026-05-20,1D,bullish,at resistance,confirmed
SYRMA,Morning Star,2026-05-20,1D,bullish,at resistance,confirmed
SYRMA,NR7,2026-05-21,1D,neutral,at resistance,neutral
SYRMA,Three White Soldiers,2026-05-21,1D,bullish,at resistance,confirmed
SYRMA,Long-legged Doji,2026-05-22,1D,neutral,at resistance,neutral
SYRMA,Three White Soldiers,2026-05-22,1D,bullish,at resistance,confirmed
SYRMA,Three White Soldiers,2026-05-25,1D,bullish,midair,confirmed
SYRMA,Tweezer Bottom,2026-05-26,1D,bullish,midair,failed
SYRMA,Inside Bar,2026-05-26,1D,neutral,midair,neutral
SYRMA,NR7,2026-05-26,1D,neutral,midair,neutral
SYRMA,Shooting Star,2026-05-27,1D,bearish,midair,failed
SYRMA,Bearish Pin Bar,2026-05-27,1D,bearish,midair,failed
SYRMA,NR7,2026-05-27,1D,neutral,midair,neutral
SYRMA,Doji,2026-05-28,1D,neutral,midair,neutral
SYRMA,Inside Bar,2026-05-28,1D,neutral,midair,neutral
SYRMA,Outside Bar,2026-05-29,1D,neutral,midair,neutral
SYRMA,Morning Star,2026-05-29,1D,bullish,midair,confirmed
SYRMA,Three White Soldiers,2026-06-02,1D,bullish,at resistance,pending (last bar)
ACMESOLAR,Hammer,2026-05-06,1D,bullish,at resistance,confirmed
ACMESOLAR,Hammer,2026-05-07,1D,bullish,at resistance,failed
ACMESOLAR,NR4,2026-05-07,1D,neutral,at resistance,neutral
ACMESOLAR,Outside Bar,2026-05-08,1D,neutral,at S/R confluence,neutral
ACMESOLAR,Dark Cloud Cover,2026-05-12,1D,bearish,at S/R confluence,confirmed
ACMESOLAR,Inverted Hammer,2026-05-13,1D,bullish,at support,confirmed
ACMESOLAR,Bearish Pin Bar,2026-05-13,1D,bearish,at support,failed
ACMESOLAR,NR4,2026-05-13,1D,neutral,at support,neutral
ACMESOLAR,NR4,2026-05-14,1D,neutral,at S/R confluence,neutral
ACMESOLAR,Hammer,2026-05-18,1D,bullish,at S/R confluence,confirmed
ACMESOLAR,Bullish Pin Bar,2026-05-18,1D,bullish,at S/R confluence,confirmed
ACMESOLAR,NR7,2026-05-19,1D,neutral,at S/R confluence,neutral
ACMESOLAR,Morning Star,2026-05-19,1D,bullish,at S/R confluence,failed
ACMESOLAR,Doji,2026-05-20,1D,neutral,at support,neutral
ACMESOLAR,Inverted Hammer,2026-05-20,1D,bullish,at support,confirmed
ACMESOLAR,Bearish Pin Bar,2026-05-20,1D,bearish,at support,failed
ACMESOLAR,Bearish Harami,2026-05-20,1D,bearish,at support,failed
ACMESOLAR,Hammer,2026-05-21,1D,bullish,at support,confirmed
ACMESOLAR,NR7,2026-05-21,1D,neutral,at support,neutral
ACMESOLAR,Long-legged Doji,2026-05-26,1D,neutral,at resistance,neutral
ACMESOLAR,Tweezer Top,2026-05-27,1D,bearish,at resistance,failed
ACMESOLAR,NR4,2026-05-27,1D,neutral,at resistance,neutral
ACMESOLAR,Doji,2026-05-28,1D,neutral,at resistance,neutral
ACMESOLAR,Inside Bar,2026-05-28,1D,neutral,at resistance,neutral
ACMESOLAR,Outside Bar,2026-05-29,1D,neutral,at resistance,neutral
ACMESOLAR,Bearish Engulfing,2026-06-01,1D,bearish,at resistance,failed
ACMESOLAR,Bullish Engulfing,2026-06-02,1D,bullish,midair,pending (last bar)
ACMESOLAR,Outside Bar,2026-06-02,1D,neutral,midair,pending (last bar)
521113,Bullish Marubozu,2026-05-04,1D,bullish,at resistance,failed
521113,Inside Bar,2026-05-04,1D,neutral,at resistance,neutral
521113,NR7,2026-05-04,1D,neutral,at resistance,neutral
521113,Three White Soldiers,2026-05-04,1D,bullish,at resistance,failed
521113,Tweezer Top,2026-05-07,1D,bearish,at resistance,confirmed
521113,Inside Bar,2026-05-11,1D,neutral,at resistance,neutral
521113,Three Black Crows,2026-05-11,1D,bearish,at resistance,confirmed
521113,Outside Bar,2026-05-12,1D,neutral,midair,neutral
521113,Three Black Crows,2026-05-12,1D,bearish,midair,failed
521113,Bullish Harami,2026-05-13,1D,bullish,at resistance,failed
521113,Inside Bar,2026-05-13,1D,neutral,at resistance,neutral
521113,Bearish Engulfing,2026-05-14,1D,bearish,midair,failed
521113,NR4,2026-05-14,1D,neutral,midair,neutral
521113,NR7,2026-05-15,1D,neutral,midair,neutral
521113,Inside Bar,2026-05-20,1D,neutral,midair,neutral
521113,Outside Bar,2026-05-21,1D,neutral,midair,neutral
521113,Three Black Crows,2026-05-21,1D,bearish,midair,failed
521113,Tweezer Bottom,2026-05-25,1D,bullish,midair,failed
521113,Inside Bar,2026-05-25,1D,neutral,midair,neutral
521113,NR4,2026-05-25,1D,neutral,midair,neutral
521113,Three Black Crows,2026-05-26,1D,bearish,midair,failed
521113,Doji,2026-05-29,1D,neutral,midair,neutral
521113,Inverted Hammer,2026-05-29,1D,bullish,midair,failed
521113,Bearish Pin Bar,2026-05-29,1D,bearish,midair,confirmed
521113,Inside Bar,2026-05-29,1D,neutral,midair,neutral
521113,Long-legged Doji,2026-06-01,1D,neutral,midair,pending (last bar)
NETWEB,Inside Bar,2026-05-07,1D,neutral,at resistance,neutral
NETWEB,NR4,2026-05-07,1D,neutral,at resistance,neutral
NETWEB,NR4,2026-05-08,1D,neutral,at resistance,neutral
NETWEB,Tweezer Top,2026-05-11,1D,bearish,at resistance,confirmed
NETWEB,NR7,2026-05-13,1D,neutral,at resistance,neutral
NETWEB,Three Black Crows,2026-05-13,1D,bearish,at resistance,confirmed
NETWEB,Three Black Crows,2026-05-14,1D,bearish,at resistance,confirmed
NETWEB,Three Black Crows,2026-05-15,1D,bearish,at resistance,confirmed
NETWEB,Long-legged Doji,2026-05-18,1D,neutral,at S/R confluence,neutral
NETWEB,NR7,2026-05-18,1D,neutral,at S/R confluence,neutral
NETWEB,Bearish Engulfing,2026-05-19,1D,bearish,at S/R confluence,failed
NETWEB,Tweezer Bottom,2026-05-19,1D,bullish,at S/R confluence,confirmed
NETWEB,Inside Bar,2026-05-19,1D,neutral,at S/R confluence,neutral
NETWEB,NR7,2026-05-19,1D,neutral,at S/R confluence,neutral
NETWEB,Bullish Engulfing,2026-05-20,1D,bullish,at resistance,failed
NETWEB,Bullish Harami,2026-05-22,1D,bullish,midair,failed
NETWEB,Inside Bar,2026-05-22,1D,neutral,midair,neutral
NETWEB,NR7,2026-05-22,1D,neutral,midair,neutral
NETWEB,Outside Bar,2026-05-25,1D,neutral,at resistance,neutral
NETWEB,Inverted Hammer,2026-05-26,1D,bullish,midair,confirmed
NETWEB,Bearish Pin Bar,2026-05-26,1D,bearish,midair,failed
NETWEB,Morning Star,2026-05-27,1D,bullish,at resistance,failed
NETWEB,Doji,2026-05-28,1D,neutral,at resistance,neutral
NETWEB,Inside Bar,2026-05-28,1D,neutral,at resistance,neutral
NETWEB,Outside Bar,2026-05-29,1D,neutral,midair,neutral
NETWEB,Shooting Star,2026-06-01,1D,bearish,midair,failed
NETWEB,Bullish Engulfing,2026-06-02,1D,bullish,midair,pending (last bar)
NETWEB,Inside Bar,2026-06-02,1D,neutral,midair,pending (last bar)
NIBE,Inverted Hammer,2026-05-06,1D,bullish,at support,confirmed
NIBE,Bearish Pin Bar,2026-05-06,1D,bearish,at support,failed
NIBE,Inverted Hammer,2026-05-07,1D,bullish,at S/R confluence,failed
NIBE,Bearish Pin Bar,2026-05-07,1D,bearish,at S/R confluence,confirmed
NIBE,NR4,2026-05-07,1D,neutral,at S/R confluence,neutral
NIBE,Morning Star,2026-05-07,1D,bullish,at S/R confluence,failed
NIBE,NR4,2026-05-08,1D,neutral,at S/R confluence,neutral
NIBE,Bearish Engulfing,2026-05-11,1D,bearish,at support,confirmed
NIBE,Tweezer Bottom,2026-05-13,1D,bullish,at support,failed
NIBE,Inside Bar,2026-05-13,1D,neutral,at support,neutral
NIBE,NR7,2026-05-14,1D,neutral,at support,neutral
NIBE,Inverted Hammer,2026-05-15,1D,bullish,at support,confirmed
NIBE,Bearish Pin Bar,2026-05-15,1D,bearish,at support,failed
NIBE,Bullish Engulfing,2026-05-18,1D,bullish,at S/R confluence,confirmed
NIBE,Tweezer Bottom,2026-05-18,1D,bullish,at S/R confluence,confirmed
NIBE,Outside Bar,2026-05-18,1D,neutral,at S/R confluence,neutral
NIBE,Three White Soldiers,2026-05-20,1D,bullish,at S/R confluence,confirmed
NIBE,Three White Soldiers,2026-05-21,1D,bullish,at support,confirmed
NIBE,Three White Soldiers,2026-05-22,1D,bullish,at resistance,failed
NIBE,Long-legged Doji,2026-05-26,1D,neutral,midair,neutral
NIBE,Bullish Harami,2026-05-26,1D,bullish,midair,confirmed
NIBE,NR4,2026-05-26,1D,neutral,midair,neutral
NIBE,Doji,2026-05-27,1D,neutral,midair,neutral
NIBE,Shooting Star,2026-05-27,1D,bearish,midair,failed
NIBE,Bearish Pin Bar,2026-05-27,1D,bearish,midair,failed
NIBE,Inside Bar,2026-05-27,1D,neutral,midair,neutral
NIBE,NR4,2026-05-27,1D,neutral,midair,neutral
NIBE,Doji,2026-05-28,1D,neutral,midair,neutral
NIBE,Inside Bar,2026-05-28,1D,neutral,midair,neutral
NIBE,Outside Bar,2026-05-29,1D,neutral,at resistance,neutral
NIBE,Long-legged Doji,2026-06-01,1D,neutral,at resistance,neutral
NIBE,Inside Bar,2026-06-02,1D,neutral,at S/R confluence,pending (last bar)
NIBE,Morning Star,2026-06-02,1D,bullish,at S/R confluence,pending (last bar)
524520,Outside Bar,2026-05-04,1D,neutral,at S/R confluence,neutral
524520,Long-legged Doji,2026-05-05,1D,neutral,at S/R confluence,neutral
524520,Tweezer Bottom,2026-05-05,1D,bullish,at S/R confluence,confirmed
524520,NR4,2026-05-05,1D,neutral,at S/R confluence,neutral
524520,Bullish Marubozu,2026-05-08,1D,bullish,at resistance,confirmed
524520,Long-legged Doji,2026-05-11,1D,neutral,at resistance,neutral
524520,NR4,2026-05-11,1D,neutral,at resistance,neutral
524520,Evening Star,2026-05-12,1D,bearish,at resistance,failed
524520,Long-legged Doji,2026-05-13,1D,neutral,at resistance,neutral
524520,NR4,2026-05-13,1D,neutral,at resistance,neutral
524520,Morning Star,2026-05-14,1D,bullish,at resistance,failed
524520,Doji,2026-05-15,1D,neutral,at resistance,neutral
524520,Shooting Star,2026-05-15,1D,bearish,at resistance,confirmed
524520,Bearish Pin Bar,2026-05-15,1D,bearish,at resistance,confirmed
524520,Tweezer Top,2026-05-15,1D,bearish,at resistance,confirmed
524520,Tweezer Top,2026-05-19,1D,bearish,at resistance,confirmed
524520,Inside Bar,2026-05-19,1D,neutral,at resistance,neutral
524520,NR7,2026-05-19,1D,neutral,at resistance,neutral
524520,Outside Bar,2026-05-20,1D,neutral,at resistance,neutral
524520,Tweezer Top,2026-05-21,1D,bearish,at resistance,failed
524520,Inverted Hammer,2026-05-22,1D,bullish,at resistance,confirmed
524520,Bearish Pin Bar,2026-05-22,1D,bearish,at resistance,failed
524520,Inside Bar,2026-05-22,1D,neutral,at resistance,neutral
524520,NR7,2026-05-22,1D,neutral,at resistance,neutral
524520,Morning Star,2026-05-25,1D,bullish,at resistance,failed
524520,Dark Cloud Cover,2026-05-26,1D,bearish,at resistance,failed
524520,Bullish Harami,2026-05-27,1D,bullish,at resistance,confirmed
524520,Tweezer Top,2026-05-27,1D,bearish,at resistance,failed
524520,Three White Soldiers,2026-06-01,1D,bullish,midair,pending (last bar)
APARINDS,Bearish Marubozu,2026-05-06,1D,bearish,midair,failed
APARINDS,Bearish Engulfing,2026-05-06,1D,bearish,midair,failed
APARINDS,Outside Bar,2026-05-06,1D,neutral,midair,neutral
APARINDS,Bullish Harami,2026-05-07,1D,bullish,at resistance,confirmed
APARINDS,Tweezer Top,2026-05-07,1D,bearish,at resistance,failed
APARINDS,Inside Bar,2026-05-07,1D,neutral,at resistance,neutral
APARINDS,Hanging Man,2026-05-08,1D,bearish,at resistance,failed
APARINDS,Tweezer Top,2026-05-08,1D,bearish,at resistance,failed
APARINDS,NR4,2026-05-08,1D,neutral,at resistance,neutral
APARINDS,Hanging Man,2026-05-11,1D,bearish,at resistance,confirmed
APARINDS,Tweezer Top,2026-05-11,1D,bearish,at resistance,confirmed
APARINDS,Outside Bar,2026-05-11,1D,neutral,at resistance,neutral
APARINDS,Outside Bar,2026-05-12,1D,neutral,midair,neutral
APARINDS,Doji,2026-05-13,1D,neutral,midair,neutral
APARINDS,Shooting Star,2026-05-13,1D,bearish,midair,failed
APARINDS,Bearish Pin Bar,2026-05-13,1D,bearish,midair,failed
APARINDS,Tweezer Top,2026-05-14,1D,bearish,at resistance,confirmed
APARINDS,Outside Bar,2026-05-14,1D,neutral,at resistance,neutral
APARINDS,Morning Star,2026-05-14,1D,bullish,at resistance,failed
APARINDS,Bearish Harami,2026-05-15,1D,bearish,at resistance,confirmed
APARINDS,Hammer,2026-05-19,1D,bullish,midair,confirmed
APARINDS,Bullish Pin Bar,2026-05-19,1D,bullish,midair,confirmed
APARINDS,Bullish Harami,2026-05-19,1D,bullish,midair,confirmed
APARINDS,Morning Star,2026-05-20,1D,bullish,at resistance,confirmed
APARINDS,NR7,2026-05-21,1D,neutral,at resistance,neutral
APARINDS,Three White Soldiers,2026-05-21,1D,bullish,at resistance,failed
APARINDS,Dark Cloud Cover,2026-05-22,1D,bearish,at resistance,confirmed
APARINDS,Shooting Star,2026-05-26,1D,bearish,midair,failed
APARINDS,Bearish Pin Bar,2026-05-26,1D,bearish,midair,failed
APARINDS,Inside Bar,2026-05-26,1D,neutral,midair,neutral
APARINDS,Morning Star,2026-05-27,1D,bullish,midair,failed
APARINDS,Doji,2026-05-28,1D,neutral,midair,neutral
APARINDS,Inside Bar,2026-05-28,1D,neutral,midair,neutral
APARINDS,Outside Bar,2026-05-29,1D,neutral,at resistance,neutral
APARINDS,Bullish Engulfing,2026-06-02,1D,bullish,midair,pending (last bar)
APARINDS,Tweezer Top,2026-06-02,1D,bearish,midair,pending (last bar)
APARINDS,Outside Bar,2026-06-02,1D,neutral,midair,pending (last bar)
ROSSTECH,Inside Bar,2026-05-05,1D,neutral,midair,neutral
ROSSTECH,Bearish Marubozu,2026-05-08,1D,bearish,at support,confirmed
ROSSTECH,NR4,2026-05-12,1D,neutral,at S/R confluence,neutral
ROSSTECH,Three Black Crows,2026-05-12,1D,bearish,at S/R confluence,failed
ROSSTECH,Dark Cloud Cover,2026-05-15,1D,bearish,at support,confirmed
ROSSTECH,Outside Bar,2026-05-15,1D,neutral,at support,neutral
ROSSTECH,NR4,2026-05-18,1D,neutral,midair,neutral
ROSSTECH,NR7,2026-05-19,1D,neutral,at support,neutral
ROSSTECH,NR7,2026-05-20,1D,neutral,at support,neutral
ROSSTECH,NR7,2026-05-21,1D,neutral,midair,neutral
ROSSTECH,Three White Soldiers,2026-05-21,1D,bullish,midair,failed
ROSSTECH,Inside Bar,2026-05-22,1D,neutral,midair,neutral
ROSSTECH,NR7,2026-05-22,1D,neutral,midair,neutral
ROSSTECH,Doji,2026-05-26,1D,neutral,at resistance,neutral
ROSSTECH,Shooting Star,2026-05-26,1D,bearish,at resistance,failed
ROSSTECH,Bearish Pin Bar,2026-05-26,1D,bearish,at resistance,failed
ROSSTECH,Inside Bar,2026-05-26,1D,neutral,at resistance,neutral
ROSSTECH,NR4,2026-05-29,1D,neutral,at resistance,neutral
ROSSTECH,Outside Bar,2026-06-01,1D,neutral,at resistance,neutral
ROSSTECH,Evening Star,2026-06-01,1D,bearish,at resistance,failed
ROSSTECH,Inside Bar,2026-06-02,1D,neutral,at resistance,pending (last bar)
ARFIN,Bullish Harami,2026-05-06,1D,bullish,midair,confirmed
ARFIN,Inside Bar,2026-05-06,1D,neutral,midair,neutral
ARFIN,Hammer,2026-05-07,1D,bullish,midair,confirmed
ARFIN,Bullish Engulfing,2026-05-08,1D,bullish,at resistance,failed
ARFIN,NR4,2026-05-08,1D,neutral,at resistance,neutral
ARFIN,Outside Bar,2026-05-11,1D,neutral,at resistance,neutral
ARFIN,Shooting Star,2026-05-12,1D,bearish,at resistance,confirmed
ARFIN,Bearish Engulfing,2026-05-13,1D,bearish,at resistance,confirmed
ARFIN,NR4,2026-05-14,1D,neutral,at support,neutral
ARFIN,NR4,2026-05-15,1D,neutral,at support,neutral
ARFIN,Three Black Crows,2026-05-15,1D,bearish,at support,confirmed
ARFIN,Three Black Crows,2026-05-18,1D,bearish,at support,failed
ARFIN,Tweezer Bottom,2026-05-19,1D,bullish,midair,confirmed
ARFIN,NR7,2026-05-19,1D,neutral,midair,neutral
ARFIN,Outside Bar,2026-05-20,1D,neutral,at support,neutral
ARFIN,Three White Soldiers,2026-05-21,1D,bullish,at support,confirmed
ARFIN,Three White Soldiers,2026-05-22,1D,bullish,midair,confirmed
ARFIN,NR4,2026-05-25,1D,neutral,at resistance,neutral
ARFIN,Three White Soldiers,2026-05-25,1D,bullish,at resistance,failed
ARFIN,NR4,2026-05-26,1D,neutral,at support,neutral
ARFIN,Doji,2026-05-27,1D,neutral,at support,neutral
ARFIN,Shooting Star,2026-05-27,1D,bearish,at support,failed
ARFIN,Bearish Pin Bar,2026-05-27,1D,bearish,at support,failed
ARFIN,Bullish Harami,2026-05-27,1D,bullish,at support,failed
ARFIN,Tweezer Top,2026-05-27,1D,bearish,at support,failed
ARFIN,NR4,2026-05-27,1D,neutral,at support,neutral
ARFIN,Doji,2026-05-28,1D,neutral,at support,neutral
ARFIN,Inside Bar,2026-05-28,1D,neutral,at support,neutral
ARFIN,Outside Bar,2026-05-29,1D,neutral,at support,neutral
ARFIN,Evening Star,2026-05-29,1D,bearish,at support,confirmed
ARFIN,Inside Bar,2026-06-02,1D,neutral,at support,pending (last bar)
KIRLPNU,Hanging Man,2026-05-06,1D,bearish,at resistance,failed
KIRLPNU,Bullish Pin Bar,2026-05-06,1D,bullish,at resistance,confirmed
KIRLPNU,Tweezer Top,2026-05-06,1D,bearish,at resistance,failed
KIRLPNU,Outside Bar,2026-05-06,1D,neutral,at resistance,neutral
KIRLPNU,Morning Star,2026-05-07,1D,bullish,at resistance,failed
KIRLPNU,Bearish Engulfing,2026-05-08,1D,bearish,at resistance,confirmed
KIRLPNU,NR7,2026-05-11,1D,neutral,at resistance,neutral
KIRLPNU,Three Black Crows,2026-05-12,1D,bearish,at resistance,confirmed
KIRLPNU,Three Black Crows,2026-05-13,1D,bearish,at S/R confluence,failed
KIRLPNU,Outside Bar,2026-05-14,1D,neutral,at resistance,neutral
KIRLPNU,Long-legged Doji,2026-05-15,1D,neutral,at resistance,neutral
KIRLPNU,Hammer,2026-05-18,1D,bullish,at resistance,confirmed
KIRLPNU,NR4,2026-05-18,1D,neutral,at resistance,neutral
KIRLPNU,Inside Bar,2026-05-22,1D,neutral,at resistance,neutral
KIRLPNU,NR7,2026-05-22,1D,neutral,at resistance,neutral
KIRLPNU,Shooting Star,2026-05-26,1D,bearish,at resistance,confirmed
KIRLPNU,Outside Bar,2026-05-27,1D,neutral,at resistance,neutral
KIRLPNU,Evening Star,2026-05-27,1D,bearish,at resistance,failed
KIRLPNU,Doji,2026-05-28,1D,neutral,at resistance,neutral
KIRLPNU,Inside Bar,2026-05-28,1D,neutral,at resistance,neutral
KIRLPNU,Outside Bar,2026-05-29,1D,neutral,at resistance,neutral
KIRLPNU,Bullish Engulfing,2026-06-02,1D,bullish,at resistance,pending (last bar)
ARVIND,Outside Bar,2026-05-06,1D,neutral,at S/R confluence,neutral
ARVIND,Three Black Crows,2026-05-06,1D,bearish,at S/R confluence,failed
ARVIND,Inside Bar,2026-05-08,1D,neutral,at resistance,neutral
ARVIND,Inside Bar,2026-05-13,1D,neutral,midair,neutral
ARVIND,NR4,2026-05-13,1D,neutral,midair,neutral
ARVIND,NR7,2026-05-14,1D,neutral,at resistance,neutral
ARVIND,Three White Soldiers,2026-05-19,1D,bullish,midair,confirmed
ARVIND,Shooting Star,2026-05-20,1D,bearish,midair,failed
ARVIND,Three White Soldiers,2026-05-20,1D,bullish,midair,confirmed
ARVIND,Long-legged Doji,2026-05-21,1D,neutral,midair,neutral
ARVIND,Tweezer Top,2026-05-21,1D,bearish,midair,confirmed
ARVIND,Inside Bar,2026-05-21,1D,neutral,midair,neutral
ARVIND,NR4,2026-05-21,1D,neutral,midair,neutral
ARVIND,Evening Star,2026-05-22,1D,bearish,midair,failed
ARVIND,Inside Bar,2026-05-25,1D,neutral,midair,neutral
ARVIND,NR7,2026-05-25,1D,neutral,midair,neutral
ARVIND,Morning Star,2026-05-26,1D,bullish,midair,failed
ARVIND,Inside Bar,2026-05-27,1D,neutral,midair,neutral
ARVIND,Doji,2026-05-28,1D,neutral,midair,neutral
ARVIND,Inside Bar,2026-05-28,1D,neutral,midair,neutral
ARVIND,Outside Bar,2026-05-29,1D,neutral,midair,neutral
ARVIND,Inverted Hammer,2026-06-01,1D,bullish,midair,confirmed
ARVIND,Bearish Pin Bar,2026-06-01,1D,bearish,midair,failed
LLOYDSME,Outside Bar,2026-05-05,1D,neutral,at resistance,neutral
LLOYDSME,Outside Bar,2026-05-06,1D,neutral,at resistance,neutral
LLOYDSME,Three Black Crows,2026-05-07,1D,bearish,midair,failed
LLOYDSME,Long-legged Doji,2026-05-11,1D,neutral,midair,neutral
LLOYDSME,Bearish Engulfing,2026-05-12,1D,bearish,midair,failed
LLOYDSME,Outside Bar,2026-05-12,1D,neutral,midair,neutral
LLOYDSME,Bullish Harami,2026-05-13,1D,bullish,at resistance,confirmed
LLOYDSME,Tweezer Bottom,2026-05-13,1D,bullish,at resistance,confirmed
LLOYDSME,Inside Bar,2026-05-13,1D,neutral,at resistance,neutral
LLOYDSME,Doji,2026-05-14,1D,neutral,at resistance,neutral
LLOYDSME,Bearish Pin Bar,2026-05-14,1D,bearish,at resistance,confirmed
LLOYDSME,NR7,2026-05-14,1D,neutral,at resistance,neutral
LLOYDSME,Hammer,2026-05-18,1D,bullish,midair,failed
LLOYDSME,Bullish Pin Bar,2026-05-18,1D,bullish,midair,failed
LLOYDSME,Three Black Crows,2026-05-18,1D,bearish,midair,confirmed
LLOYDSME,Tweezer Bottom,2026-05-19,1D,bullish,at support,failed
LLOYDSME,Three Black Crows,2026-05-19,1D,bearish,at support,confirmed
LLOYDSME,NR4,2026-05-20,1D,neutral,at support,neutral
LLOYDSME,Three Black Crows,2026-05-20,1D,bearish,at support,failed
LLOYDSME,Bullish Marubozu,2026-05-21,1D,bullish,midair,confirmed
LLOYDSME,Bullish Engulfing,2026-05-21,1D,bullish,midair,confirmed
LLOYDSME,Morning Star,2026-05-21,1D,bullish,midair,confirmed
LLOYDSME,NR7,2026-05-22,1D,neutral,midair,neutral
LLOYDSME,Three White Soldiers,2026-05-25,1D,bullish,at resistance,confirmed
LLOYDSME,Three White Soldiers,2026-05-26,1D,bullish,at resistance,confirmed
LLOYDSME,Bearish Marubozu,2026-05-29,1D,bearish,at resistance,failed
LLOYDSME,Evening Star,2026-05-29,1D,bearish,at resistance,failed
LLOYDSME,Bullish Harami,2026-06-01,1D,bullish,at resistance,confirmed
LLOYDSME,Inside Bar,2026-06-01,1D,neutral,at resistance,neutral
HINDCOPPER,Morning Star,2026-05-06,1D,bullish,at S/R confluence,confirmed
HINDCOPPER,Three White Soldiers,2026-05-07,1D,bullish,at S/R confluence,confirmed
HINDCOPPER,Long-legged Doji,2026-05-08,1D,neutral,at S/R confluence,neutral
HINDCOPPER,Inside Bar,2026-05-08,1D,neutral,at S/R confluence,neutral
HINDCOPPER,Bullish Engulfing,2026-05-11,1D,bullish,at S/R confluence,failed
HINDCOPPER,Bearish Engulfing,2026-05-12,1D,bearish,at S/R confluence,failed
HINDCOPPER,Outside Bar,2026-05-12,1D,neutral,at S/R confluence,neutral
HINDCOPPER,Shooting Star,2026-05-14,1D,bearish,at resistance,confirmed
HINDCOPPER,Bearish Marubozu,2026-05-15,1D,bearish,at S/R confluence,failed
HINDCOPPER,Evening Star,2026-05-15,1D,bearish,at S/R confluence,failed
HINDCOPPER,Long-legged Doji,2026-05-18,1D,neutral,at S/R confluence,neutral
HINDCOPPER,Bullish Harami,2026-05-18,1D,bullish,at S/R confluence,failed
HINDCOPPER,Inside Bar,2026-05-18,1D,neutral,at S/R confluence,neutral
HINDCOPPER,NR4,2026-05-18,1D,neutral,at S/R confluence,neutral
HINDCOPPER,Bearish Engulfing,2026-05-19,1D,bearish,at S/R confluence,confirmed
HINDCOPPER,NR7,2026-05-20,1D,neutral,at S/R confluence,neutral
HINDCOPPER,Three Black Crows,2026-05-21,1D,bearish,at S/R confluence,confirmed
HINDCOPPER,NR7,2026-05-22,1D,neutral,at support,neutral
HINDCOPPER,Three Black Crows,2026-05-22,1D,bearish,at support,confirmed
HINDCOPPER,NR7,2026-05-25,1D,neutral,at support,neutral
HINDCOPPER,Three Black Crows,2026-05-25,1D,bearish,at support,failed
HINDCOPPER,Tweezer Bottom,2026-05-26,1D,bullish,at S/R confluence,failed
HINDCOPPER,Outside Bar,2026-05-26,1D,neutral,at S/R confluence,neutral
HINDCOPPER,Inverted Hammer,2026-05-27,1D,bullish,at S/R confluence,failed
HINDCOPPER,Inside Bar,2026-05-27,1D,neutral,at S/R confluence,neutral
HINDCOPPER,NR7,2026-05-27,1D,neutral,at S/R confluence,neutral
HINDCOPPER,Doji,2026-05-28,1D,neutral,at S/R confluence,neutral
HINDCOPPER,Tweezer Bottom,2026-05-28,1D,bullish,at S/R confluence,failed
HINDCOPPER,Inside Bar,2026-05-28,1D,neutral,at S/R confluence,neutral
HINDCOPPER,Outside Bar,2026-05-29,1D,neutral,at support,neutral
HINDCOPPER,Inside Bar,2026-06-01,1D,neutral,at support,neutral
IOLCP,Shooting Star,2026-05-06,1D,bearish,at resistance,failed
IOLCP,Inside Bar,2026-05-08,1D,neutral,at resistance,neutral
IOLCP,Shooting Star,2026-05-14,1D,bearish,midair,confirmed
IOLCP,Morning Star,2026-05-14,1D,bullish,midair,failed
IOLCP,Bearish Engulfing,2026-05-15,1D,bearish,at resistance,failed
IOLCP,Tweezer Top,2026-05-18,1D,bearish,midair,failed
IOLCP,NR7,2026-05-19,1D,neutral,midair,neutral
IOLCP,Outside Bar,2026-05-20,1D,neutral,midair,neutral
IOLCP,Three White Soldiers,2026-05-20,1D,bullish,midair,confirmed
IOLCP,Three White Soldiers,2026-05-21,1D,bullish,midair,failed
IOLCP,Inside Bar,2026-05-22,1D,neutral,midair,neutral
IOLCP,Inside Bar,2026-05-27,1D,neutral,midair,neutral
IOLCP,Doji,2026-05-28,1D,neutral,midair,neutral
IOLCP,Inside Bar,2026-05-28,1D,neutral,midair,neutral
IOLCP,Outside Bar,2026-05-29,1D,neutral,at resistance,neutral
IOLCP,Outside Bar,2026-06-01,1D,neutral,at resistance,neutral
IOLCP,Bullish Engulfing,2026-06-02,1D,bullish,midair,pending (last bar)
IOLCP,Inside Bar,2026-06-02,1D,neutral,midair,pending (last bar)
CEIGALL,Bearish Engulfing,2026-05-06,1D,bearish,midair,failed
CEIGALL,Inside Bar,2026-05-06,1D,neutral,midair,neutral
CEIGALL,Inside Bar,2026-05-11,1D,neutral,midair,neutral
CEIGALL,Shooting Star,2026-05-13,1D,bearish,midair,failed
CEIGALL,Bearish Pin Bar,2026-05-13,1D,bearish,midair,failed
CEIGALL,NR4,2026-05-13,1D,neutral,midair,neutral
CEIGALL,Doji,2026-05-14,1D,neutral,midair,neutral
CEIGALL,Bearish Pin Bar,2026-05-14,1D,bearish,midair,confirmed
CEIGALL,Bearish Engulfing,2026-05-15,1D,bearish,midair,confirmed
CEIGALL,Tweezer Top,2026-05-15,1D,bearish,midair,confirmed
CEIGALL,Evening Star,2026-05-15,1D,bearish,midair,confirmed
CEIGALL,NR7,2026-05-19,1D,neutral,midair,neutral
CEIGALL,Three Black Crows,2026-05-19,1D,bearish,midair,confirmed
CEIGALL,NR7,2026-05-20,1D,neutral,at support,neutral
CEIGALL,Three Black Crows,2026-05-20,1D,bearish,at support,failed
CEIGALL,Bullish Engulfing,2026-05-26,1D,bullish,midair,failed
CEIGALL,Tweezer Bottom,2026-05-26,1D,bullish,midair,failed
CEIGALL,Outside Bar,2026-05-26,1D,neutral,midair,neutral
CEIGALL,Bearish Harami,2026-05-27,1D,bearish,midair,failed
CEIGALL,Inside Bar,2026-05-27,1D,neutral,midair,neutral
CEIGALL,NR7,2026-05-27,1D,neutral,midair,neutral
CEIGALL,Doji,2026-05-28,1D,neutral,midair,neutral
CEIGALL,Inside Bar,2026-05-28,1D,neutral,midair,neutral
CEIGALL,Long-legged Doji,2026-05-29,1D,neutral,midair,neutral
CEIGALL,Outside Bar,2026-05-29,1D,neutral,midair,neutral
CEIGALL,Bullish Engulfing,2026-06-02,1D,bullish,midair,pending (last bar)
BIRLACABLE,Long-legged Doji,2026-05-05,1D,neutral,at S/R confluence,neutral
BIRLACABLE,NR7,2026-05-06,1D,neutral,at S/R confluence,neutral
BIRLACABLE,Bullish Marubozu,2026-05-07,1D,bullish,at S/R confluence,confirmed
BIRLACABLE,Dragonfly Doji,2026-05-08,1D,bullish,at S/R confluence,confirmed
BIRLACABLE,Bullish Pin Bar,2026-05-08,1D,bullish,at S/R confluence,confirmed
BIRLACABLE,Bearish Engulfing,2026-05-14,1D,bearish,at S/R confluence,confirmed
BIRLACABLE,Outside Bar,2026-05-14,1D,neutral,at S/R confluence,neutral
BIRLACABLE,Bearish Marubozu,2026-05-15,1D,bearish,at S/R confluence,confirmed
BIRLACABLE,NR4,2026-05-18,1D,neutral,at S/R confluence,neutral
BIRLACABLE,Three Black Crows,2026-05-18,1D,bearish,at S/R confluence,failed
BIRLACABLE,Bullish Engulfing,2026-05-19,1D,bullish,at S/R confluence,failed
BIRLACABLE,Outside Bar,2026-05-19,1D,neutral,at S/R confluence,neutral
BIRLACABLE,Bearish Harami,2026-05-20,1D,bearish,at S/R confluence,confirmed
BIRLACABLE,Inside Bar,2026-05-20,1D,neutral,at S/R confluence,neutral
BIRLACABLE,Inverted Hammer,2026-05-21,1D,bullish,at S/R confluence,confirmed
BIRLACABLE,Bearish Pin Bar,2026-05-21,1D,bearish,at S/R confluence,failed
BIRLACABLE,Bullish Marubozu,2026-05-22,1D,bullish,at resistance,confirmed
BIRLACABLE,Morning Star,2026-05-22,1D,bullish,at resistance,confirmed
BIRLACABLE,Doji,2026-05-25,1D,neutral,at S/R confluence,neutral
BIRLACABLE,Doji,2026-05-26,1D,neutral,at S/R confluence,neutral
BIRLACABLE,Doji,2026-05-27,1D,neutral,at S/R confluence,neutral
BIRLACABLE,Dragonfly Doji,2026-06-01,1D,bullish,at resistance,confirmed
BIRLACABLE,Bullish Pin Bar,2026-06-01,1D,bullish,at resistance,confirmed
BIRLACABLE,Dragonfly Doji,2026-06-02,1D,bullish,at resistance,pending (last bar)
BIRLACABLE,Hanging Man,2026-06-02,1D,bearish,at resistance,pending (last bar)
BIRLACABLE,Bullish Pin Bar,2026-06-02,1D,bullish,at resistance,pending (last bar)
BIRLACABLE,Outside Bar,2026-06-02,1D,neutral,at resistance,pending (last bar)
JAYBARMARU,Tweezer Bottom,2026-05-05,1D,bullish,at S/R confluence,confirmed
JAYBARMARU,NR7,2026-05-05,1D,neutral,at S/R confluence,neutral
JAYBARMARU,Bullish Engulfing,2026-05-06,1D,bullish,at resistance,confirmed
JAYBARMARU,Three Black Crows,2026-05-11,1D,bearish,at S/R confluence,confirmed
JAYBARMARU,Shooting Star,2026-05-12,1D,bearish,at S/R confluence,confirmed
JAYBARMARU,Bearish Pin Bar,2026-05-12,1D,bearish,at S/R confluence,confirmed
JAYBARMARU,Three Black Crows,2026-05-12,1D,bearish,at S/R confluence,confirmed
JAYBARMARU,Three Black Crows,2026-05-13,1D,bearish,at support,confirmed
JAYBARMARU,NR4,2026-05-14,1D,neutral,at support,neutral
JAYBARMARU,Three Black Crows,2026-05-14,1D,bearish,at support,confirmed
JAYBARMARU,Outside Bar,2026-05-15,1D,neutral,at S/R confluence,neutral
JAYBARMARU,Three Black Crows,2026-05-15,1D,bearish,at S/R confluence,failed
JAYBARMARU,NR7,2026-05-18,1D,neutral,at S/R confluence,neutral
JAYBARMARU,Bullish Marubozu,2026-05-20,1D,bullish,at resistance,confirmed
JAYBARMARU,Shooting Star,2026-05-22,1D,bearish,midair,failed
JAYBARMARU,Bearish Pin Bar,2026-05-22,1D,bearish,midair,failed
JAYBARMARU,Three White Soldiers,2026-05-22,1D,bullish,midair,confirmed
JAYBARMARU,Three White Soldiers,2026-05-25,1D,bullish,midair,failed
JAYBARMARU,Tweezer Top,2026-05-29,1D,bearish,at resistance,failed
JAYBARMARU,NR7,2026-05-29,1D,neutral,at resistance,neutral
JAYBARMARU,Three Black Crows,2026-05-29,1D,bearish,at resistance,failed
JAYBARMARU,Tweezer Top,2026-06-01,1D,bearish,at resistance,failed
JAYBARMARU,Outside Bar,2026-06-01,1D,neutral,at resistance,neutral
HARDWYN,Inside Bar,2026-05-06,1D,neutral,midair,neutral
HARDWYN,Three Black Crows,2026-05-06,1D,bearish,midair,confirmed
HARDWYN,Inside Bar,2026-05-07,1D,neutral,midair,neutral
HARDWYN,Three Black Crows,2026-05-07,1D,bearish,midair,failed
HARDWYN,Bullish Harami,2026-05-08,1D,bullish,midair,failed
HARDWYN,NR4,2026-05-08,1D,neutral,midair,neutral
HARDWYN,Tweezer Bottom,2026-05-13,1D,bullish,at support,confirmed
HARDWYN,Inside Bar,2026-05-13,1D,neutral,at support,neutral
HARDWYN,Tweezer Bottom,2026-05-14,1D,bullish,at support,confirmed
HARDWYN,NR7,2026-05-14,1D,neutral,at support,neutral
HARDWYN,Bullish Harami,2026-05-15,1D,bullish,midair,failed
HARDWYN,Bearish Engulfing,2026-05-18,1D,bearish,at support,failed
HARDWYN,Tweezer Bottom,2026-05-18,1D,bullish,at support,confirmed
HARDWYN,Inside Bar,2026-05-18,1D,neutral,at support,neutral
HARDWYN,NR7,2026-05-18,1D,neutral,at support,neutral
HARDWYN,Inside Bar,2026-05-21,1D,neutral,midair,neutral
HARDWYN,Shooting Star,2026-05-22,1D,bearish,midair,confirmed
HARDWYN,Bearish Pin Bar,2026-05-22,1D,bearish,midair,confirmed
HARDWYN,Evening Star,2026-05-22,1D,bearish,midair,confirmed
HARDWYN,Three Black Crows,2026-05-25,1D,bearish,midair,failed
HARDWYN,Bullish Harami,2026-05-26,1D,bullish,midair,failed
HARDWYN,Tweezer Top,2026-05-27,1D,bearish,midair,failed
HARDWYN,NR7,2026-05-27,1D,neutral,midair,neutral
HARDWYN,Doji,2026-05-28,1D,neutral,midair,neutral
HARDWYN,Inside Bar,2026-05-28,1D,neutral,midair,neutral
HARDWYN,Outside Bar,2026-05-29,1D,neutral,midair,neutral
HARDWYN,Outside Bar,2026-06-01,1D,neutral,midair,neutral
HARDWYN,Inverted Hammer,2026-06-02,1D,bullish,midair,pending (last bar)
HARDWYN,Tweezer Bottom,2026-06-02,1D,bullish,midair,pending (last bar)
BUILDPRO,Bullish Engulfing,2026-05-05,1D,bullish,midair,failed
BUILDPRO,Outside Bar,2026-05-06,1D,neutral,midair,neutral
BUILDPRO,NR4,2026-05-11,1D,neutral,midair,neutral
BUILDPRO,Tweezer Top,2026-05-13,1D,bearish,midair,confirmed
BUILDPRO,NR7,2026-05-13,1D,neutral,midair,neutral
BUILDPRO,Doji,2026-05-14,1D,neutral,midair,neutral
BUILDPRO,Bullish Pin Bar,2026-05-14,1D,bullish,midair,confirmed
BUILDPRO,Outside Bar,2026-05-14,1D,neutral,midair,neutral
BUILDPRO,Morning Star,2026-05-15,1D,bullish,at resistance,confirmed
BUILDPRO,Tweezer Top,2026-05-18,1D,bearish,at resistance,confirmed
BUILDPRO,Inside Bar,2026-05-18,1D,neutral,at resistance,neutral
BUILDPRO,Three White Soldiers,2026-05-18,1D,bullish,at resistance,failed
BUILDPRO,Bearish Engulfing,2026-05-19,1D,bearish,at resistance,confirmed
BUILDPRO,Doji,2026-05-20,1D,neutral,midair,neutral
BUILDPRO,Shooting Star,2026-05-20,1D,bearish,midair,confirmed
BUILDPRO,Bearish Pin Bar,2026-05-20,1D,bearish,midair,confirmed
BUILDPRO,NR4,2026-05-20,1D,neutral,midair,neutral
BUILDPRO,Bearish Engulfing,2026-05-21,1D,bearish,at S/R confluence,confirmed
BUILDPRO,Long-legged Doji,2026-05-22,1D,neutral,at S/R confluence,neutral
BUILDPRO,Bullish Pin Bar,2026-05-22,1D,bullish,at S/R confluence,failed
BUILDPRO,Inside Bar,2026-05-25,1D,neutral,at S/R confluence,neutral
BUILDPRO,NR7,2026-05-25,1D,neutral,at S/R confluence,neutral
BUILDPRO,Three Black Crows,2026-05-25,1D,bearish,at S/R confluence,failed
BUILDPRO,Bullish Engulfing,2026-05-26,1D,bullish,at resistance,confirmed
BUILDPRO,NR7,2026-05-29,1D,neutral,at resistance,neutral
BUILDPRO,Three White Soldiers,2026-05-29,1D,bullish,at resistance,failed
BUILDPRO,Evening Star,2026-06-01,1D,bearish,at resistance,failed
BUILDPRO,Inside Bar,2026-06-02,1D,neutral,at resistance,pending (last bar)
BUILDPRO,NR7,2026-06-02,1D,neutral,at resistance,pending (last bar)
EXICOM,Bearish Harami,2026-05-06,1D,bearish,at resistance,failed
EXICOM,Inside Bar,2026-05-06,1D,neutral,at resistance,neutral
EXICOM,Bearish Harami,2026-05-08,1D,bearish,at resistance,failed
EXICOM,Shooting Star,2026-05-11,1D,bearish,at resistance,confirmed
EXICOM,Long-legged Doji,2026-05-13,1D,neutral,at resistance,neutral
EXICOM,Inside Bar,2026-05-13,1D,neutral,at resistance,neutral
EXICOM,Tweezer Top,2026-05-14,1D,bearish,at support,failed
EXICOM,Bullish Harami,2026-05-15,1D,bullish,at S/R confluence,failed
EXICOM,Inside Bar,2026-05-15,1D,neutral,at S/R confluence,neutral
EXICOM,NR7,2026-05-15,1D,neutral,at S/R confluence,neutral
EXICOM,NR7,2026-05-18,1D,neutral,at support,neutral
EXICOM,Inverted Hammer,2026-05-20,1D,bullish,at resistance,confirmed
EXICOM,Bullish Marubozu,2026-05-21,1D,bullish,at support,confirmed
EXICOM,Inside Bar,2026-05-25,1D,neutral,at resistance,neutral
EXICOM,Evening Star,2026-05-26,1D,bearish,at S/R confluence,confirmed
EXICOM,Shooting Star,2026-05-27,1D,bearish,at S/R confluence,failed
EXICOM,Bearish Pin Bar,2026-05-27,1D,bearish,at S/R confluence,failed
EXICOM,Inside Bar,2026-05-27,1D,neutral,at S/R confluence,neutral
EXICOM,NR4,2026-05-27,1D,neutral,at S/R confluence,neutral
EXICOM,Three Black Crows,2026-05-27,1D,bearish,at S/R confluence,failed
EXICOM,Doji,2026-05-28,1D,neutral,at S/R confluence,neutral
EXICOM,Inside Bar,2026-05-28,1D,neutral,at S/R confluence,neutral
EXICOM,Outside Bar,2026-05-29,1D,neutral,at S/R confluence,neutral
EXICOM,Morning Star,2026-05-29,1D,bullish,at S/R confluence,failed
EXICOM,Inside Bar,2026-06-01,1D,neutral,at S/R confluence,neutral
WALCHANNAG,NR4,2026-05-07,1D,neutral,midair,neutral
WALCHANNAG,Doji,2026-05-08,1D,neutral,midair,neutral
WALCHANNAG,Shooting Star,2026-05-08,1D,bearish,midair,confirmed
WALCHANNAG,Bearish Pin Bar,2026-05-08,1D,bearish,midair,confirmed
WALCHANNAG,Tweezer Top,2026-05-08,1D,bearish,midair,confirmed
WALCHANNAG,Inside Bar,2026-05-08,1D,neutral,midair,neutral
WALCHANNAG,NR4,2026-05-08,1D,neutral,midair,neutral
WALCHANNAG,Inside Bar,2026-05-13,1D,neutral,midair,neutral
WALCHANNAG,NR4,2026-05-14,1D,neutral,midair,neutral
WALCHANNAG,NR7,2026-05-15,1D,neutral,at S/R confluence,neutral
WALCHANNAG,NR7,2026-05-19,1D,neutral,midair,neutral
WALCHANNAG,Bullish Engulfing,2026-05-20,1D,bullish,midair,confirmed
WALCHANNAG,Outside Bar,2026-05-20,1D,neutral,midair,neutral
WALCHANNAG,Outside Bar,2026-05-21,1D,neutral,midair,neutral
WALCHANNAG,Inside Bar,2026-05-22,1D,neutral,at S/R confluence,neutral
WALCHANNAG,Shooting Star,2026-05-27,1D,bearish,at resistance,failed
WALCHANNAG,Inside Bar,2026-05-27,1D,neutral,at resistance,neutral
WALCHANNAG,NR4,2026-05-27,1D,neutral,at resistance,neutral
WALCHANNAG,Doji,2026-05-28,1D,neutral,at resistance,neutral
WALCHANNAG,Inside Bar,2026-05-28,1D,neutral,at resistance,neutral
WALCHANNAG,Outside Bar,2026-05-29,1D,neutral,midair,neutral
JINDALSAW,Three White Soldiers,2026-05-06,1D,bullish,at S/R confluence,confirmed
JINDALSAW,Hammer,2026-05-07,1D,bullish,at S/R confluence,confirmed
JINDALSAW,NR4,2026-05-07,1D,neutral,at S/R confluence,neutral
JINDALSAW,Inverted Hammer,2026-05-08,1D,bullish,at resistance,failed
JINDALSAW,Tweezer Bottom,2026-05-08,1D,bullish,at resistance,failed
JINDALSAW,Bullish Harami,2026-05-13,1D,bullish,at support,failed
JINDALSAW,Tweezer Top,2026-05-13,1D,bearish,at support,confirmed
JINDALSAW,NR4,2026-05-14,1D,neutral,at support,neutral
JINDALSAW,Evening Star,2026-05-15,1D,bearish,at S/R confluence,confirmed
JINDALSAW,NR7,2026-05-18,1D,neutral,at S/R confluence,neutral
JINDALSAW,Three Black Crows,2026-05-18,1D,bearish,at S/R confluence,failed
JINDALSAW,Bullish Harami,2026-05-19,1D,bullish,at S/R confluence,failed
JINDALSAW,Bearish Engulfing,2026-05-20,1D,bearish,at S/R confluence,confirmed
JINDALSAW,NR7,2026-05-21,1D,neutral,at support,neutral
JINDALSAW,Morning Star,2026-05-25,1D,bullish,at S/R confluence,confirmed
JINDALSAW,NR7,2026-05-26,1D,neutral,at S/R confluence,neutral
JINDALSAW,Three White Soldiers,2026-05-26,1D,bullish,at S/R confluence,confirmed
JINDALSAW,Bullish Marubozu,2026-05-27,1D,bullish,at S/R confluence,confirmed
JINDALSAW,Three White Soldiers,2026-05-27,1D,bullish,at S/R confluence,confirmed
JINDALSAW,Long-legged Doji,2026-05-29,1D,neutral,at S/R confluence,neutral
JINDALSAW,Doji,2026-06-02,1D,neutral,at support,pending (last bar)
JINDALSAW,Hanging Man,2026-06-02,1D,bearish,at support,pending (last bar)
JINDALSAW,Bullish Pin Bar,2026-06-02,1D,bullish,at support,pending (last bar)
HONASA,Long-legged Doji,2026-05-06,1D,neutral,at support,neutral
HONASA,Three White Soldiers,2026-05-06,1D,bullish,at support,confirmed
HONASA,Three White Soldiers,2026-05-07,1D,bullish,at resistance,confirmed
HONASA,Three White Soldiers,2026-05-08,1D,bullish,at resistance,failed
HONASA,Bearish Engulfing,2026-05-11,1D,bearish,at resistance,confirmed
HONASA,Tweezer Top,2026-05-11,1D,bearish,at resistance,confirmed
HONASA,NR7,2026-05-12,1D,neutral,at S/R confluence,neutral
HONASA,Doji,2026-05-13,1D,neutral,at S/R confluence,neutral
HONASA,Bearish Pin Bar,2026-05-13,1D,bearish,at S/R confluence,failed
HONASA,Three Black Crows,2026-05-13,1D,bearish,at S/R confluence,failed
HONASA,Outside Bar,2026-05-14,1D,neutral,at resistance,neutral
HONASA,Morning Star,2026-05-14,1D,bullish,at resistance,confirmed
HONASA,Shooting Star,2026-05-15,1D,bearish,at resistance,confirmed
HONASA,Bearish Pin Bar,2026-05-15,1D,bearish,at resistance,confirmed
HONASA,Bearish Engulfing,2026-05-18,1D,bearish,at resistance,failed
HONASA,Evening Star,2026-05-18,1D,bearish,at resistance,failed
HONASA,Bullish Harami,2026-05-19,1D,bullish,at resistance,confirmed
HONASA,NR4,2026-05-19,1D,neutral,at resistance,neutral
HONASA,Tweezer Top,2026-05-20,1D,bearish,at resistance,failed
HONASA,NR4,2026-05-20,1D,neutral,at resistance,neutral
HONASA,Doji,2026-05-21,1D,neutral,at resistance,neutral
HONASA,Bullish Pin Bar,2026-05-21,1D,bullish,at resistance,confirmed
HONASA,Doji,2026-05-22,1D,neutral,midair,neutral
HONASA,Shooting Star,2026-05-22,1D,bearish,midair,failed
HONASA,Bearish Pin Bar,2026-05-22,1D,bearish,midair,failed
HONASA,Inside Bar,2026-05-25,1D,neutral,midair,neutral
HONASA,Three White Soldiers,2026-05-27,1D,bullish,midair,failed
HONASA,Doji,2026-05-28,1D,neutral,midair,neutral
HONASA,Inside Bar,2026-05-28,1D,neutral,midair,neutral
HONASA,Shooting Star,2026-05-29,1D,bearish,midair,confirmed
HONASA,Outside Bar,2026-05-29,1D,neutral,midair,neutral
HONASA,Evening Star,2026-05-29,1D,bearish,midair,confirmed
MAYURUNIQ,Tweezer Bottom,2026-05-06,1D,bullish,at S/R confluence,confirmed
MAYURUNIQ,Three White Soldiers,2026-05-08,1D,bullish,at resistance,failed
MAYURUNIQ,Shooting Star,2026-05-11,1D,bearish,at resistance,confirmed
MAYURUNIQ,Bearish Harami,2026-05-11,1D,bearish,at resistance,confirmed
MAYURUNIQ,NR4,2026-05-12,1D,neutral,at resistance,neutral
MAYURUNIQ,Evening Star,2026-05-12,1D,bearish,at resistance,failed
MAYURUNIQ,NR4,2026-05-14,1D,neutral,at resistance,neutral
MAYURUNIQ,Bullish Engulfing,2026-05-15,1D,bullish,at resistance,failed
MAYURUNIQ,Dark Cloud Cover,2026-05-18,1D,bearish,at resistance,failed
MAYURUNIQ,Tweezer Top,2026-05-18,1D,bearish,at resistance,failed
MAYURUNIQ,Bullish Harami,2026-05-19,1D,bullish,at resistance,confirmed
MAYURUNIQ,Inside Bar,2026-05-19,1D,neutral,at resistance,neutral
MAYURUNIQ,Morning Star,2026-05-20,1D,bullish,midair,failed
MAYURUNIQ,Bullish Harami,2026-05-22,1D,bullish,midair,confirmed
MAYURUNIQ,Inside Bar,2026-05-22,1D,neutral,midair,neutral
MAYURUNIQ,Morning Star,2026-05-25,1D,bullish,midair,failed
MAYURUNIQ,Doji,2026-05-26,1D,neutral,midair,neutral
MAYURUNIQ,Bearish Pin Bar,2026-05-26,1D,bearish,midair,failed
MAYURUNIQ,Inside Bar,2026-05-26,1D,neutral,midair,neutral
MAYURUNIQ,NR7,2026-05-26,1D,neutral,midair,neutral
MAYURUNIQ,Doji,2026-05-28,1D,neutral,midair,neutral
MAYURUNIQ,Inside Bar,2026-05-28,1D,neutral,midair,neutral
MAYURUNIQ,Outside Bar,2026-05-29,1D,neutral,midair,neutral
MAYURUNIQ,Evening Star,2026-05-29,1D,bearish,midair,confirmed
SUNFLAG,Three White Soldiers,2026-05-06,1D,bullish,midair,confirmed
SUNFLAG,Three White Soldiers,2026-05-07,1D,bullish,at resistance,confirmed
SUNFLAG,Inside Bar,2026-05-08,1D,neutral,at resistance,neutral
SUNFLAG,NR4,2026-05-08,1D,neutral,at resistance,neutral
SUNFLAG,Three White Soldiers,2026-05-08,1D,bullish,at resistance,failed
SUNFLAG,Piercing Line,2026-05-13,1D,bullish,midair,failed
SUNFLAG,Tweezer Top,2026-05-13,1D,bearish,midair,confirmed
SUNFLAG,Shooting Star,2026-05-14,1D,bearish,midair,confirmed
SUNFLAG,NR4,2026-05-14,1D,neutral,midair,neutral
SUNFLAG,NR7,2026-05-15,1D,neutral,midair,neutral
SUNFLAG,Three Black Crows,2026-05-18,1D,bearish,midair,failed
SUNFLAG,Doji,2026-05-19,1D,neutral,midair,neutral
SUNFLAG,Inverted Hammer,2026-05-19,1D,bullish,midair,failed
SUNFLAG,Bearish Pin Bar,2026-05-19,1D,bearish,midair,confirmed
SUNFLAG,Bullish Harami,2026-05-19,1D,bullish,midair,failed
SUNFLAG,Inside Bar,2026-05-19,1D,neutral,midair,neutral
SUNFLAG,NR7,2026-05-19,1D,neutral,midair,neutral
SUNFLAG,NR7,2026-05-20,1D,neutral,at support,neutral
SUNFLAG,Three White Soldiers,2026-05-25,1D,bullish,midair,confirmed
SUNFLAG,Three White Soldiers,2026-05-26,1D,bullish,midair,failed
SUNFLAG,Bearish Engulfing,2026-05-27,1D,bearish,midair,failed
SUNFLAG,Inside Bar,2026-05-27,1D,neutral,midair,neutral
SUNFLAG,Doji,2026-05-28,1D,neutral,midair,neutral
SUNFLAG,Inside Bar,2026-05-28,1D,neutral,midair,neutral
SUNFLAG,Outside Bar,2026-05-29,1D,neutral,midair,neutral
SUNFLAG,Long-legged Doji,2026-06-02,1D,neutral,midair,pending (last bar)
SUNFLAG,Inside Bar,2026-06-02,1D,neutral,midair,pending (last bar)
DBOL,Bearish Engulfing,2026-05-05,1D,bearish,at resistance,confirmed
DBOL,Shooting Star,2026-05-06,1D,bearish,midair,confirmed
DBOL,NR7,2026-05-06,1D,neutral,midair,neutral
DBOL,NR7,2026-05-07,1D,neutral,midair,neutral
DBOL,Three Black Crows,2026-05-07,1D,bearish,midair,confirmed
DBOL,Long-legged Doji,2026-05-08,1D,neutral,midair,neutral
DBOL,Three Black Crows,2026-05-08,1D,bearish,midair,confirmed
DBOL,NR7,2026-05-11,1D,neutral,at support,neutral
DBOL,Three Black Crows,2026-05-11,1D,bearish,at support,confirmed
DBOL,Three Black Crows,2026-05-12,1D,bearish,at support,failed
DBOL,Bullish Engulfing,2026-05-13,1D,bullish,midair,failed
DBOL,Inverted Hammer,2026-05-14,1D,bullish,at support,failed
DBOL,Bearish Pin Bar,2026-05-14,1D,bearish,at support,confirmed
DBOL,Bearish Engulfing,2026-05-15,1D,bearish,at S/R confluence,confirmed
DBOL,NR4,2026-05-15,1D,neutral,at S/R confluence,neutral
DBOL,Evening Star,2026-05-15,1D,bearish,at S/R confluence,confirmed
DBOL,Hammer,2026-05-18,1D,bullish,at S/R confluence,failed
DBOL,Bullish Pin Bar,2026-05-18,1D,bullish,at S/R confluence,failed
DBOL,Long-legged Doji,2026-05-19,1D,neutral,at resistance,neutral
DBOL,Tweezer Bottom,2026-05-20,1D,bullish,at resistance,failed
DBOL,Outside Bar,2026-05-21,1D,neutral,at resistance,neutral
DBOL,Inside Bar,2026-05-22,1D,neutral,at resistance,neutral
DBOL,NR7,2026-05-22,1D,neutral,at resistance,neutral
DBOL,Inverted Hammer,2026-05-25,1D,bullish,at resistance,failed
DBOL,Tweezer Bottom,2026-05-25,1D,bullish,at resistance,failed
DBOL,Outside Bar,2026-05-25,1D,neutral,at resistance,neutral
DBOL,Bearish Engulfing,2026-05-26,1D,bearish,at resistance,confirmed
DBOL,Hammer,2026-05-27,1D,bullish,at resistance,confirmed
DBOL,Tweezer Bottom,2026-05-27,1D,bullish,at resistance,confirmed
DBOL,Inside Bar,2026-05-27,1D,neutral,at resistance,neutral
DBOL,Bearish Marubozu,2026-06-01,1D,bearish,at resistance,failed
DBOL,Dark Cloud Cover,2026-06-01,1D,bearish,at resistance,failed
DBOL,Outside Bar,2026-06-02,1D,neutral,at support,pending (last bar)
WOCKPHARMA,Three White Soldiers,2026-05-06,1D,bullish,midair,failed
WOCKPHARMA,Bearish Harami,2026-05-07,1D,bearish,at S/R confluence,confirmed
WOCKPHARMA,Inside Bar,2026-05-07,1D,neutral,at S/R confluence,neutral
WOCKPHARMA,NR4,2026-05-08,1D,neutral,at S/R confluence,neutral
WOCKPHARMA,Evening Star,2026-05-08,1D,bearish,at S/R confluence,failed
WOCKPHARMA,Bullish Harami,2026-05-11,1D,bullish,at S/R confluence,failed
WOCKPHARMA,Outside Bar,2026-05-11,1D,neutral,at S/R confluence,neutral
WOCKPHARMA,Bearish Engulfing,2026-05-12,1D,bearish,at resistance,confirmed
WOCKPHARMA,Shooting Star,2026-05-13,1D,bearish,at resistance,confirmed
WOCKPHARMA,Tweezer Top,2026-05-14,1D,bearish,at S/R confluence,confirmed
WOCKPHARMA,Outside Bar,2026-05-14,1D,neutral,at S/R confluence,neutral
WOCKPHARMA,Three Black Crows,2026-05-14,1D,bearish,at S/R confluence,confirmed
WOCKPHARMA,Inside Bar,2026-05-15,1D,neutral,at S/R confluence,neutral
WOCKPHARMA,Three Black Crows,2026-05-15,1D,bearish,at S/R confluence,failed
WOCKPHARMA,Bullish Engulfing,2026-05-18,1D,bullish,at resistance,confirmed
WOCKPHARMA,Morning Star,2026-05-18,1D,bullish,at resistance,confirmed
WOCKPHARMA,Inverted Hammer,2026-05-20,1D,bullish,at S/R confluence,failed
WOCKPHARMA,NR7,2026-05-20,1D,neutral,at S/R confluence,neutral
WOCKPHARMA,NR7,2026-05-21,1D,neutral,at S/R confluence,neutral
WOCKPHARMA,Evening Star,2026-05-21,1D,bearish,at S/R confluence,confirmed
WOCKPHARMA,Three Black Crows,2026-05-22,1D,bearish,at resistance,failed
WOCKPHARMA,Three White Soldiers,2026-05-27,1D,bullish,at resistance,failed
WOCKPHARMA,Doji,2026-05-28,1D,neutral,at resistance,neutral
WOCKPHARMA,Inside Bar,2026-05-28,1D,neutral,at resistance,neutral
MANAKALUCO,Doji,2026-05-05,1D,neutral,at resistance,neutral
MANAKALUCO,Shooting Star,2026-05-05,1D,bearish,at resistance,failed
MANAKALUCO,Bearish Pin Bar,2026-05-05,1D,bearish,at resistance,failed
MANAKALUCO,Bullish Harami,2026-05-05,1D,bullish,at resistance,confirmed
MANAKALUCO,Inside Bar,2026-05-05,1D,neutral,at resistance,neutral
MANAKALUCO,Outside Bar,2026-05-06,1D,neutral,midair,neutral
MANAKALUCO,Tweezer Top,2026-05-07,1D,bearish,at resistance,failed
MANAKALUCO,Bearish Marubozu,2026-05-11,1D,bearish,at resistance,confirmed
MANAKALUCO,NR4,2026-05-11,1D,neutral,at resistance,neutral
MANAKALUCO,Three Black Crows,2026-05-12,1D,bearish,at S/R confluence,failed
MANAKALUCO,Bullish Harami,2026-05-13,1D,bullish,at resistance,failed
MANAKALUCO,Inside Bar,2026-05-13,1D,neutral,at resistance,neutral
MANAKALUCO,NR4,2026-05-15,1D,neutral,at S/R confluence,neutral
MANAKALUCO,NR4,2026-05-18,1D,neutral,at S/R confluence,neutral
MANAKALUCO,Three Black Crows,2026-05-18,1D,bearish,at S/R confluence,failed
MANAKALUCO,NR7,2026-05-19,1D,neutral,at S/R confluence,neutral
MANAKALUCO,Bearish Engulfing,2026-05-20,1D,bearish,at S/R confluence,failed
MANAKALUCO,NR7,2026-05-20,1D,neutral,at S/R confluence,neutral
MANAKALUCO,Outside Bar,2026-05-22,1D,neutral,at S/R confluence,neutral
MANAKALUCO,Bearish Marubozu,2026-05-26,1D,bearish,at S/R confluence,failed
MANAKALUCO,Bullish Marubozu,2026-05-27,1D,bullish,midair,failed
MANAKALUCO,Dark Cloud Cover,2026-05-29,1D,bearish,midair,confirmed
MANAKALUCO,NR4,2026-06-01,1D,neutral,midair,neutral
MANAKALUCO,Long-legged Doji,2026-06-02,1D,neutral,at resistance,pending (last bar)
MANAKALUCO,NR7,2026-06-02,1D,neutral,at resistance,pending (last bar)
BHEL,Tweezer Top,2026-05-06,1D,bearish,midair,failed
BHEL,Bearish Harami,2026-05-08,1D,bearish,midair,confirmed
BHEL,Tweezer Top,2026-05-08,1D,bearish,midair,confirmed
BHEL,NR4,2026-05-08,1D,neutral,midair,neutral
BHEL,Long-legged Doji,2026-05-11,1D,neutral,midair,neutral
BHEL,Tweezer Top,2026-05-12,1D,bearish,midair,failed
BHEL,Outside Bar,2026-05-12,1D,neutral,midair,neutral
BHEL,Tweezer Top,2026-05-13,1D,bearish,midair,failed
BHEL,Bearish Engulfing,2026-05-15,1D,bearish,midair,confirmed
BHEL,Dragonfly Doji,2026-05-18,1D,bullish,midair,confirmed
BHEL,Hanging Man,2026-05-18,1D,bearish,midair,failed
BHEL,Bullish Pin Bar,2026-05-18,1D,bullish,midair,confirmed
BHEL,NR4,2026-05-18,1D,neutral,midair,neutral
BHEL,NR7,2026-05-21,1D,neutral,at resistance,neutral
BHEL,Doji,2026-05-22,1D,neutral,at resistance,neutral
BHEL,Shooting Star,2026-05-22,1D,bearish,at resistance,failed
BHEL,Bearish Pin Bar,2026-05-22,1D,bearish,at resistance,failed
BHEL,Bullish Harami,2026-05-22,1D,bullish,at resistance,confirmed
BHEL,Tweezer Top,2026-05-22,1D,bearish,at resistance,failed
BHEL,Inside Bar,2026-05-22,1D,neutral,at resistance,neutral
BHEL,NR7,2026-05-22,1D,neutral,at resistance,neutral
BHEL,Morning Star,2026-05-25,1D,bullish,at resistance,failed
BHEL,Tweezer Top,2026-05-26,1D,bearish,at resistance,failed
BHEL,Inside Bar,2026-05-26,1D,neutral,at resistance,neutral
BHEL,NR7,2026-05-26,1D,neutral,at resistance,neutral
BHEL,Bullish Engulfing,2026-05-27,1D,bullish,at resistance,failed
BHEL,Doji,2026-05-28,1D,neutral,at resistance,neutral
BHEL,Inside Bar,2026-05-28,1D,neutral,at resistance,neutral
BHEL,Outside Bar,2026-05-29,1D,neutral,at resistance,neutral
BHEL,Evening Star,2026-05-29,1D,bearish,at resistance,confirmed
ZIMLAB,Inside Bar,2026-05-06,1D,neutral,at S/R confluence,neutral
ZIMLAB,NR7,2026-05-06,1D,neutral,at S/R confluence,neutral
ZIMLAB,Hanging Man,2026-05-07,1D,bearish,at S/R confluence,failed
ZIMLAB,Bearish Engulfing,2026-05-12,1D,bearish,at S/R confluence,failed
ZIMLAB,Doji,2026-05-13,1D,neutral,at S/R confluence,neutral
ZIMLAB,Shooting Star,2026-05-13,1D,bearish,at S/R confluence,confirmed
ZIMLAB,Bearish Pin Bar,2026-05-13,1D,bearish,at S/R confluence,confirmed
ZIMLAB,Inside Bar,2026-05-13,1D,neutral,at S/R confluence,neutral
ZIMLAB,NR4,2026-05-13,1D,neutral,at S/R confluence,neutral
ZIMLAB,NR4,2026-05-14,1D,neutral,midair,neutral
ZIMLAB,Hanging Man,2026-05-18,1D,bearish,at S/R confluence,failed
ZIMLAB,Bullish Pin Bar,2026-05-18,1D,bullish,at S/R confluence,confirmed
ZIMLAB,NR7,2026-05-18,1D,neutral,at S/R confluence,neutral
ZIMLAB,Three Black Crows,2026-05-18,1D,bearish,at S/R confluence,failed
ZIMLAB,Outside Bar,2026-05-19,1D,neutral,midair,neutral
ZIMLAB,Morning Star,2026-05-19,1D,bullish,midair,failed
ZIMLAB,Inverted Hammer,2026-05-21,1D,bullish,midair,confirmed
ZIMLAB,Bearish Pin Bar,2026-05-21,1D,bearish,midair,failed
ZIMLAB,Inside Bar,2026-05-21,1D,neutral,midair,neutral
ZIMLAB,NR7,2026-05-21,1D,neutral,midair,neutral
ZIMLAB,Doji,2026-05-22,1D,neutral,midair,neutral
ZIMLAB,Inverted Hammer,2026-05-22,1D,bullish,midair,failed
ZIMLAB,Bearish Pin Bar,2026-05-22,1D,bearish,midair,confirmed
ZIMLAB,NR7,2026-05-22,1D,neutral,midair,neutral
ZIMLAB,Three White Soldiers,2026-05-22,1D,bullish,midair,failed
ZIMLAB,Long-legged Doji,2026-05-25,1D,neutral,midair,neutral
ZIMLAB,Bullish Marubozu,2026-05-26,1D,bullish,at resistance,failed
ZIMLAB,Outside Bar,2026-05-26,1D,neutral,at resistance,neutral
ZIMLAB,Long-legged Doji,2026-05-29,1D,neutral,midair,neutral
ZIMLAB,Inside Bar,2026-05-29,1D,neutral,midair,neutral
ZIMLAB,NR4,2026-05-29,1D,neutral,midair,neutral
ZIMLAB,Outside Bar,2026-06-01,1D,neutral,midair,neutral
ZIMLAB,Inside Bar,2026-06-02,1D,neutral,at resistance,pending (last bar)
EMMVEE,Three Black Crows,2026-05-06,1D,bearish,at support,failed
EMMVEE,NR4,2026-05-07,1D,neutral,midair,neutral
EMMVEE,Morning Star,2026-05-08,1D,bullish,midair,confirmed
EMMVEE,Three White Soldiers,2026-05-11,1D,bullish,midair,failed
EMMVEE,Bearish Engulfing,2026-05-12,1D,bearish,midair,confirmed
EMMVEE,NR7,2026-05-13,1D,neutral,midair,neutral
EMMVEE,Three Black Crows,2026-05-14,1D,bearish,at support,confirmed
EMMVEE,Shooting Star,2026-05-15,1D,bearish,at support,confirmed
EMMVEE,Inside Bar,2026-05-15,1D,neutral,at support,neutral
EMMVEE,Three Black Crows,2026-05-15,1D,bearish,at support,confirmed
EMMVEE,Three Black Crows,2026-05-18,1D,bearish,at S/R confluence,failed
EMMVEE,Inverted Hammer,2026-05-20,1D,bullish,at support,confirmed
EMMVEE,Hammer,2026-05-21,1D,bullish,at support,confirmed
EMMVEE,NR7,2026-05-22,1D,neutral,midair,neutral
EMMVEE,Shooting Star,2026-05-26,1D,bearish,at resistance,failed
EMMVEE,Bearish Pin Bar,2026-05-26,1D,bearish,at resistance,failed
EMMVEE,Three White Soldiers,2026-05-26,1D,bullish,at resistance,confirmed
EMMVEE,Three White Soldiers,2026-05-27,1D,bullish,midair,failed
EMMVEE,Doji,2026-05-28,1D,neutral,midair,neutral
EMMVEE,Inside Bar,2026-05-28,1D,neutral,midair,neutral
EMMVEE,Bearish Engulfing,2026-06-01,1D,bearish,at resistance,failed
EMMVEE,Outside Bar,2026-06-01,1D,neutral,at resistance,neutral
ASTRAMICRO,Three Black Crows,2026-05-06,1D,bearish,at S/R confluence,failed
ASTRAMICRO,Shooting Star,2026-05-11,1D,bearish,at resistance,confirmed
ASTRAMICRO,Three Black Crows,2026-05-12,1D,bearish,at S/R confluence,failed
ASTRAMICRO,Shooting Star,2026-05-13,1D,bearish,at S/R confluence,failed
ASTRAMICRO,Bearish Pin Bar,2026-05-13,1D,bearish,at S/R confluence,failed
ASTRAMICRO,NR4,2026-05-14,1D,neutral,at S/R confluence,neutral
ASTRAMICRO,Inside Bar,2026-05-15,1D,neutral,at S/R confluence,neutral
ASTRAMICRO,NR7,2026-05-15,1D,neutral,at S/R confluence,neutral
ASTRAMICRO,Three Black Crows,2026-05-18,1D,bearish,at S/R confluence,failed
ASTRAMICRO,Inverted Hammer,2026-05-19,1D,bullish,at S/R confluence,confirmed
ASTRAMICRO,Inside Bar,2026-05-19,1D,neutral,at S/R confluence,neutral
ASTRAMICRO,NR7,2026-05-19,1D,neutral,at S/R confluence,neutral
ASTRAMICRO,Outside Bar,2026-05-20,1D,neutral,at resistance,neutral
ASTRAMICRO,Morning Star,2026-05-20,1D,bullish,at resistance,confirmed
ASTRAMICRO,Three White Soldiers,2026-05-21,1D,bullish,at resistance,failed
ASTRAMICRO,Three White Soldiers,2026-05-27,1D,bullish,midair,failed
ASTRAMICRO,Doji,2026-05-28,1D,neutral,midair,neutral
ASTRAMICRO,Inside Bar,2026-05-28,1D,neutral,midair,neutral
ASTRAMICRO,Outside Bar,2026-05-29,1D,neutral,midair,neutral
ASTRAMICRO,Bearish Engulfing,2026-06-01,1D,bearish,midair,failed
ASTRAMICRO,Shooting Star,2026-06-02,1D,bearish,midair,pending (last bar)
BANDHANBNK,Doji,2026-05-06,1D,neutral,at resistance,neutral
BANDHANBNK,Bullish Pin Bar,2026-05-06,1D,bullish,at resistance,failed
BANDHANBNK,Inside Bar,2026-05-07,1D,neutral,at resistance,neutral
BANDHANBNK,NR4,2026-05-07,1D,neutral,at resistance,neutral
BANDHANBNK,Three Black Crows,2026-05-08,1D,bearish,at resistance,confirmed
BANDHANBNK,Three Black Crows,2026-05-11,1D,bearish,midair,confirmed
BANDHANBNK,Three Black Crows,2026-05-12,1D,bearish,at resistance,confirmed
BANDHANBNK,Shooting Star,2026-05-13,1D,bearish,at resistance,failed
BANDHANBNK,Bearish Pin Bar,2026-05-13,1D,bearish,at resistance,failed
BANDHANBNK,Three Black Crows,2026-05-13,1D,bearish,at resistance,failed
BANDHANBNK,Tweezer Bottom,2026-05-14,1D,bullish,midair,failed
BANDHANBNK,Morning Star,2026-05-14,1D,bullish,midair,failed
BANDHANBNK,Bearish Engulfing,2026-05-15,1D,bearish,at resistance,confirmed
BANDHANBNK,Tweezer Bottom,2026-05-15,1D,bullish,at resistance,failed
BANDHANBNK,NR4,2026-05-15,1D,neutral,at resistance,neutral
BANDHANBNK,Hammer,2026-05-18,1D,bullish,at S/R confluence,confirmed
BANDHANBNK,NR4,2026-05-18,1D,neutral,at S/R confluence,neutral
BANDHANBNK,Long-legged Doji,2026-05-19,1D,neutral,at S/R confluence,neutral
BANDHANBNK,Bullish Harami,2026-05-19,1D,bullish,at S/R confluence,confirmed
BANDHANBNK,NR7,2026-05-19,1D,neutral,at S/R confluence,neutral
BANDHANBNK,Outside Bar,2026-05-20,1D,neutral,at resistance,neutral
BANDHANBNK,Morning Star,2026-05-20,1D,bullish,at resistance,failed
BANDHANBNK,Bullish Engulfing,2026-05-22,1D,bullish,at resistance,confirmed
BANDHANBNK,Tweezer Bottom,2026-05-22,1D,bullish,at resistance,confirmed
BANDHANBNK,Outside Bar,2026-05-22,1D,neutral,at resistance,neutral
BANDHANBNK,Three White Soldiers,2026-05-26,1D,bullish,midair,confirmed
BANDHANBNK,Three White Soldiers,2026-05-27,1D,bullish,at resistance,failed
BANDHANBNK,Doji,2026-05-28,1D,neutral,at resistance,neutral
BANDHANBNK,Inside Bar,2026-05-28,1D,neutral,at resistance,neutral
MWL,Bearish Engulfing,2026-05-05,1D,bearish,midair,confirmed
MWL,Shooting Star,2026-05-06,1D,bearish,at support,failed
MWL,Bearish Pin Bar,2026-05-06,1D,bearish,at support,failed
MWL,NR7,2026-05-06,1D,neutral,at support,neutral
MWL,Hanging Man,2026-05-11,1D,bearish,at support,confirmed
MWL,NR7,2026-05-11,1D,neutral,at support,neutral
MWL,Three Black Crows,2026-05-12,1D,bearish,at support,confirmed
MWL,Three Black Crows,2026-05-13,1D,bearish,at support,failed
MWL,Hanging Man,2026-05-14,1D,bearish,at support,failed
MWL,Outside Bar,2026-05-14,1D,neutral,at support,neutral
MWL,Three White Soldiers,2026-05-18,1D,bullish,at resistance,confirmed
MWL,Hanging Man,2026-05-19,1D,bearish,at resistance,failed
MWL,Bullish Pin Bar,2026-05-19,1D,bullish,at resistance,confirmed
MWL,NR4,2026-05-19,1D,neutral,at resistance,neutral
MWL,Three White Soldiers,2026-05-19,1D,bullish,at resistance,confirmed
MWL,Three White Soldiers,2026-05-20,1D,bullish,at resistance,failed
MWL,Bearish Engulfing,2026-05-21,1D,bearish,at resistance,failed
MWL,Tweezer Top,2026-05-21,1D,bearish,at resistance,failed
MWL,Outside Bar,2026-05-21,1D,neutral,at resistance,neutral
MWL,Dragonfly Doji,2026-05-22,1D,bullish,at resistance,confirmed
MWL,Hanging Man,2026-05-22,1D,bearish,at resistance,failed
MWL,Bullish Pin Bar,2026-05-22,1D,bullish,at resistance,confirmed
MWL,Bullish Engulfing,2026-05-26,1D,bullish,midair,confirmed
MWL,Long-legged Doji,2026-05-27,1D,neutral,midair,neutral
MWL,NR7,2026-05-27,1D,neutral,midair,neutral
MWL,Outside Bar,2026-05-29,1D,neutral,midair,neutral
MWL,Doji,2026-06-01,1D,neutral,midair,neutral
MWL,Shooting Star,2026-06-01,1D,bearish,midair,failed
MWL,Bearish Pin Bar,2026-06-01,1D,bearish,midair,failed
MWL,Three Black Crows,2026-06-01,1D,bearish,midair,failed
MWL,Shooting Star,2026-06-02,1D,bearish,midair,pending (last bar)
MWL,Bearish Pin Bar,2026-06-02,1D,bearish,midair,pending (last bar)
MWL,Bullish Engulfing,2026-06-02,1D,bullish,midair,pending (last bar)
MWL,Outside Bar,2026-06-02,1D,neutral,midair,pending (last bar)
RRKABEL,Doji,2026-05-06,1D,neutral,midair,neutral
RRKABEL,Hanging Man,2026-05-06,1D,bearish,midair,failed
RRKABEL,Bullish Pin Bar,2026-05-06,1D,bullish,midair,confirmed
RRKABEL,Inside Bar,2026-05-06,1D,neutral,midair,neutral
RRKABEL,Tweezer Top,2026-05-11,1D,bearish,at support,failed
RRKABEL,Shooting Star,2026-05-12,1D,bearish,at support,failed
RRKABEL,Bearish Pin Bar,2026-05-12,1D,bearish,at support,failed
RRKABEL,Bullish Harami,2026-05-12,1D,bullish,at support,confirmed
RRKABEL,Inside Bar,2026-05-13,1D,neutral,midair,neutral
RRKABEL,NR4,2026-05-13,1D,neutral,midair,neutral
RRKABEL,Outside Bar,2026-05-14,1D,neutral,at resistance,neutral
RRKABEL,Three White Soldiers,2026-05-14,1D,bullish,at resistance,failed
RRKABEL,Bearish Engulfing,2026-05-15,1D,bearish,midair,confirmed
RRKABEL,Tweezer Top,2026-05-15,1D,bearish,midair,confirmed
RRKABEL,Inside Bar,2026-05-15,1D,neutral,midair,neutral
RRKABEL,Bearish Engulfing,2026-05-19,1D,bearish,at support,failed
RRKABEL,Inside Bar,2026-05-19,1D,neutral,at support,neutral
RRKABEL,NR4,2026-05-19,1D,neutral,at support,neutral
RRKABEL,Bullish Engulfing,2026-05-20,1D,bullish,midair,failed
RRKABEL,Outside Bar,2026-05-20,1D,neutral,midair,neutral
RRKABEL,Doji,2026-05-22,1D,neutral,at support,neutral
RRKABEL,Hanging Man,2026-05-22,1D,bearish,at support,failed
RRKABEL,Bullish Pin Bar,2026-05-22,1D,bullish,at support,confirmed
RRKABEL,NR7,2026-05-22,1D,neutral,at support,neutral
RRKABEL,Morning Star,2026-05-25,1D,bullish,midair,failed
RRKABEL,Bearish Engulfing,2026-05-26,1D,bearish,midair,confirmed
RRKABEL,Outside Bar,2026-05-27,1D,neutral,at support,neutral
RRKABEL,Doji,2026-05-28,1D,neutral,at support,neutral
RRKABEL,Inside Bar,2026-05-28,1D,neutral,at support,neutral
RRKABEL,Morning Star,2026-05-29,1D,bullish,at resistance,failed
RRKABEL,Doji,2026-06-02,1D,neutral,at resistance,pending (last bar)
RRKABEL,Hanging Man,2026-06-02,1D,bearish,at resistance,pending (last bar)
RRKABEL,Bullish Pin Bar,2026-06-02,1D,bullish,at resistance,pending (last bar)
HIRECT,Three Black Crows,2026-05-06,1D,bearish,at support,failed
HIRECT,Bullish Engulfing,2026-05-07,1D,bullish,at resistance,failed
HIRECT,Bearish Harami,2026-05-08,1D,bearish,at resistance,confirmed
HIRECT,Inside Bar,2026-05-08,1D,neutral,at resistance,neutral
HIRECT,NR4,2026-05-08,1D,neutral,at resistance,neutral
HIRECT,Evening Star,2026-05-11,1D,bearish,midair,confirmed
HIRECT,Three Black Crows,2026-05-12,1D,bearish,at S/R confluence,confirmed
HIRECT,Inverted Hammer,2026-05-13,1D,bullish,at S/R confluence,confirmed
HIRECT,Bearish Pin Bar,2026-05-13,1D,bearish,at S/R confluence,failed
HIRECT,Outside Bar,2026-05-13,1D,neutral,at S/R confluence,neutral
HIRECT,Three Black Crows,2026-05-13,1D,bearish,at S/R confluence,failed
HIRECT,Morning Star,2026-05-14,1D,bullish,midair,confirmed
HIRECT,Hammer,2026-05-18,1D,bullish,midair,confirmed
HIRECT,Inside Bar,2026-05-20,1D,neutral,at resistance,neutral
HIRECT,NR4,2026-05-20,1D,neutral,at resistance,neutral
HIRECT,Bullish Harami,2026-05-21,1D,bullish,at resistance,failed
HIRECT,Bearish Engulfing,2026-05-22,1D,bearish,at resistance,failed
HIRECT,Doji,2026-05-25,1D,neutral,at resistance,neutral
HIRECT,Bearish Pin Bar,2026-05-25,1D,bearish,at resistance,failed
HIRECT,Bullish Harami,2026-05-25,1D,bullish,at resistance,confirmed
HIRECT,Inside Bar,2026-05-25,1D,neutral,at resistance,neutral
HIRECT,NR7,2026-05-25,1D,neutral,at resistance,neutral
HIRECT,Morning Star,2026-05-26,1D,bullish,at resistance,confirmed
HIRECT,Three White Soldiers,2026-05-27,1D,bullish,midair,failed
HIRECT,Doji,2026-05-28,1D,neutral,midair,neutral
HIRECT,Inside Bar,2026-05-28,1D,neutral,midair,neutral
HIRECT,Outside Bar,2026-05-29,1D,neutral,midair,neutral
DATAPATTNS,Bullish Harami,2026-05-07,1D,bullish,at resistance,failed
DATAPATTNS,Inside Bar,2026-05-07,1D,neutral,at resistance,neutral
DATAPATTNS,NR4,2026-05-07,1D,neutral,at resistance,neutral
DATAPATTNS,Tweezer Top,2026-05-08,1D,bearish,at resistance,failed
DATAPATTNS,Outside Bar,2026-05-08,1D,neutral,at resistance,neutral
DATAPATTNS,Bearish Engulfing,2026-05-14,1D,bearish,midair,confirmed
DATAPATTNS,Outside Bar,2026-05-14,1D,neutral,midair,neutral
DATAPATTNS,Hammer,2026-05-15,1D,bullish,midair,failed
DATAPATTNS,Bullish Pin Bar,2026-05-15,1D,bullish,midair,failed
DATAPATTNS,Inside Bar,2026-05-18,1D,neutral,midair,neutral
DATAPATTNS,Three Black Crows,2026-05-18,1D,bearish,midair,confirmed
DATAPATTNS,Three Black Crows,2026-05-19,1D,bearish,at S/R confluence,failed
DATAPATTNS,Bullish Engulfing,2026-05-20,1D,bullish,midair,confirmed
DATAPATTNS,Outside Bar,2026-05-20,1D,neutral,midair,neutral
DATAPATTNS,NR7,2026-05-21,1D,neutral,midair,neutral
DATAPATTNS,Inverted Hammer,2026-05-22,1D,bullish,midair,confirmed
DATAPATTNS,Bearish Pin Bar,2026-05-22,1D,bearish,midair,failed
DATAPATTNS,Three White Soldiers,2026-05-22,1D,bullish,midair,confirmed
DATAPATTNS,Three White Soldiers,2026-05-25,1D,bullish,at resistance,confirmed
DATAPATTNS,Inside Bar,2026-05-26,1D,neutral,at resistance,neutral
DATAPATTNS,NR7,2026-05-26,1D,neutral,at resistance,neutral
DATAPATTNS,Three White Soldiers,2026-05-26,1D,bullish,at resistance,confirmed
DATAPATTNS,Shooting Star,2026-05-27,1D,bearish,at resistance,failed
DATAPATTNS,Bearish Pin Bar,2026-05-27,1D,bearish,at resistance,failed
DATAPATTNS,Three White Soldiers,2026-05-27,1D,bullish,at resistance,failed
DATAPATTNS,Doji,2026-05-28,1D,neutral,at resistance,neutral
DATAPATTNS,Inside Bar,2026-05-28,1D,neutral,at resistance,neutral
DATAPATTNS,Outside Bar,2026-05-29,1D,neutral,midair,neutral
DATAPATTNS,Evening Star,2026-05-29,1D,bearish,midair,confirmed
DATAPATTNS,Inside Bar,2026-06-02,1D,neutral,midair,pending (last bar)
538668,Dark Cloud Cover,2026-05-04,1D,bearish,at resistance,confirmed
538668,Tweezer Top,2026-05-05,1D,bearish,at resistance,confirmed
538668,Outside Bar,2026-05-05,1D,neutral,at resistance,neutral
538668,Inside Bar,2026-05-06,1D,neutral,midair,neutral
538668,Three Black Crows,2026-05-06,1D,bearish,midair,confirmed
538668,Shooting Star,2026-05-07,1D,bearish,midair,confirmed
538668,Tweezer Top,2026-05-07,1D,bearish,midair,confirmed
538668,Outside Bar,2026-05-07,1D,neutral,midair,neutral
538668,Three Black Crows,2026-05-07,1D,bearish,midair,confirmed
538668,Three Black Crows,2026-05-08,1D,bearish,at support,confirmed
538668,Bearish Marubozu,2026-05-11,1D,bearish,at support,confirmed
538668,Three Black Crows,2026-05-11,1D,bearish,at support,confirmed
538668,Three Black Crows,2026-05-12,1D,bearish,at support,confirmed
538668,Bearish Marubozu,2026-05-13,1D,bearish,at support,failed
538668,Tweezer Bottom,2026-05-13,1D,bullish,at support,confirmed
538668,Three Black Crows,2026-05-13,1D,bearish,at support,failed
538668,Tweezer Bottom,2026-05-14,1D,bullish,at support,confirmed
538668,NR4,2026-05-14,1D,neutral,at support,neutral
538668,Tweezer Bottom,2026-05-15,1D,bullish,at support,confirmed
538668,Inside Bar,2026-05-15,1D,neutral,at support,neutral
538668,NR7,2026-05-15,1D,neutral,at support,neutral
538668,Bullish Engulfing,2026-05-18,1D,bullish,at support,confirmed
538668,Outside Bar,2026-05-18,1D,neutral,at support,neutral
538668,Morning Star,2026-05-18,1D,bullish,at support,confirmed
538668,Bullish Marubozu,2026-05-20,1D,bullish,midair,confirmed
538668,NR7,2026-05-22,1D,neutral,at resistance,neutral
538668,Three White Soldiers,2026-05-22,1D,bullish,at resistance,confirmed
538668,Three White Soldiers,2026-05-25,1D,bullish,at resistance,confirmed
538668,Three White Soldiers,2026-05-26,1D,bullish,at resistance,confirmed
538668,Tweezer Top,2026-05-27,1D,bearish,midair,confirmed
538668,Three White Soldiers,2026-05-27,1D,bullish,midair,failed
538668,NR4,2026-05-29,1D,neutral,at resistance,neutral
538668,Evening Star,2026-05-29,1D,bearish,at resistance,confirmed
538668,Bearish Marubozu,2026-06-01,1D,bearish,at resistance,pending (last bar)
538668,Outside Bar,2026-06-01,1D,neutral,at resistance,pending (last bar)
NLCINDIA,Tweezer Top,2026-05-06,1D,bearish,midair,failed
NLCINDIA,Doji,2026-05-08,1D,neutral,midair,neutral
NLCINDIA,Hanging Man,2026-05-08,1D,bearish,midair,failed
NLCINDIA,Bullish Pin Bar,2026-05-08,1D,bullish,midair,confirmed
NLCINDIA,Inside Bar,2026-05-08,1D,neutral,midair,neutral
NLCINDIA,NR4,2026-05-08,1D,neutral,midair,neutral
NLCINDIA,Bullish Engulfing,2026-05-11,1D,bullish,midair,failed
NLCINDIA,Bearish Engulfing,2026-05-12,1D,bearish,at support,failed
NLCINDIA,Bearish Marubozu,2026-05-15,1D,bearish,midair,confirmed
NLCINDIA,Inside Bar,2026-05-15,1D,neutral,midair,neutral
NLCINDIA,Hanging Man,2026-05-18,1D,bearish,midair,failed
NLCINDIA,NR4,2026-05-18,1D,neutral,midair,neutral
NLCINDIA,Bearish Harami,2026-05-20,1D,bearish,midair,confirmed
NLCINDIA,Inside Bar,2026-05-20,1D,neutral,midair,neutral
NLCINDIA,NR7,2026-05-20,1D,neutral,midair,neutral
NLCINDIA,Outside Bar,2026-05-21,1D,neutral,midair,neutral
NLCINDIA,Evening Star,2026-05-21,1D,bearish,midair,confirmed
NLCINDIA,Three Black Crows,2026-05-22,1D,bearish,midair,confirmed
NLCINDIA,Tweezer Top,2026-05-25,1D,bearish,midair,failed
NLCINDIA,Three Black Crows,2026-05-25,1D,bearish,midair,failed
NLCINDIA,Shooting Star,2026-05-26,1D,bearish,midair,failed
NLCINDIA,Bearish Pin Bar,2026-05-26,1D,bearish,midair,failed
NLCINDIA,Inside Bar,2026-05-27,1D,neutral,midair,neutral
NLCINDIA,NR4,2026-05-27,1D,neutral,midair,neutral
NLCINDIA,Morning Star,2026-05-27,1D,bullish,midair,failed
NLCINDIA,Doji,2026-05-28,1D,neutral,midair,neutral
NLCINDIA,Inside Bar,2026-05-28,1D,neutral,midair,neutral
NLCINDIA,Outside Bar,2026-05-29,1D,neutral,midair,neutral
NLCINDIA,Evening Star,2026-05-29,1D,bearish,midair,confirmed
NLCINDIA,Tweezer Bottom,2026-06-02,1D,bullish,midair,pending (last bar)
IFCI,Morning Star,2026-05-06,1D,bullish,at S/R confluence,confirmed
IFCI,Three White Soldiers,2026-05-07,1D,bullish,at resistance,confirmed
IFCI,Doji,2026-05-08,1D,neutral,at resistance,neutral
IFCI,Shooting Star,2026-05-08,1D,bearish,at resistance,confirmed
IFCI,Bearish Pin Bar,2026-05-08,1D,bearish,at resistance,confirmed
IFCI,Three White Soldiers,2026-05-08,1D,bullish,at resistance,failed
IFCI,NR4,2026-05-11,1D,neutral,at resistance,neutral
IFCI,Doji,2026-05-14,1D,neutral,at resistance,neutral
IFCI,Hanging Man,2026-05-14,1D,bearish,at resistance,confirmed
IFCI,Bullish Pin Bar,2026-05-14,1D,bullish,at resistance,failed
IFCI,Inside Bar,2026-05-14,1D,neutral,at resistance,neutral
IFCI,Tweezer Top,2026-05-15,1D,bearish,at resistance,confirmed
IFCI,Inside Bar,2026-05-15,1D,neutral,at resistance,neutral
IFCI,NR4,2026-05-15,1D,neutral,at resistance,neutral
IFCI,NR7,2026-05-18,1D,neutral,at resistance,neutral
IFCI,Three Black Crows,2026-05-18,1D,bearish,at resistance,confirmed
IFCI,Inside Bar,2026-05-19,1D,neutral,at S/R confluence,neutral
IFCI,NR7,2026-05-19,1D,neutral,at S/R confluence,neutral
IFCI,Three Black Crows,2026-05-19,1D,bearish,at S/R confluence,confirmed
IFCI,NR7,2026-05-20,1D,neutral,at S/R confluence,neutral
IFCI,Bearish Engulfing,2026-05-21,1D,bearish,at S/R confluence,confirmed
IFCI,Tweezer Bottom,2026-05-21,1D,bullish,at S/R confluence,failed
IFCI,Tweezer Bottom,2026-05-22,1D,bullish,at S/R confluence,confirmed
IFCI,NR7,2026-05-22,1D,neutral,at S/R confluence,neutral
IFCI,Gravestone Doji,2026-05-25,1D,bearish,at S/R confluence,failed
IFCI,Inverted Hammer,2026-05-25,1D,bullish,at S/R confluence,confirmed
IFCI,Bearish Pin Bar,2026-05-25,1D,bearish,at S/R confluence,failed
IFCI,Three White Soldiers,2026-05-27,1D,bullish,midair,failed
IFCI,Doji,2026-05-28,1D,neutral,midair,neutral
IFCI,Inside Bar,2026-05-28,1D,neutral,midair,neutral
IFCI,Outside Bar,2026-05-29,1D,neutral,midair,neutral
IFCI,Shooting Star,2026-06-01,1D,bearish,at resistance,failed
IFCI,Outside Bar,2026-06-01,1D,neutral,at resistance,neutral
IFCI,Bullish Engulfing,2026-06-02,1D,bullish,midair,pending (last bar)
IFCI,Outside Bar,2026-06-02,1D,neutral,midair,pending (last bar)
QPOWER,Shooting Star,2026-05-05,1D,bearish,midair,confirmed
QPOWER,Bearish Marubozu,2026-05-06,1D,bearish,at S/R confluence,failed
QPOWER,Three Black Crows,2026-05-06,1D,bearish,at S/R confluence,failed
QPOWER,Piercing Line,2026-05-07,1D,bullish,midair,failed
QPOWER,Inverted Hammer,2026-05-08,1D,bullish,midair,failed
QPOWER,Bearish Harami,2026-05-08,1D,bearish,midair,confirmed
QPOWER,NR4,2026-05-08,1D,neutral,midair,neutral
QPOWER,Long-legged Doji,2026-05-11,1D,neutral,midair,neutral
QPOWER,Bearish Engulfing,2026-05-12,1D,bearish,at support,confirmed
QPOWER,Long-legged Doji,2026-05-13,1D,neutral,at support,neutral
QPOWER,Outside Bar,2026-05-13,1D,neutral,at support,neutral
QPOWER,Three Black Crows,2026-05-14,1D,bearish,at resistance,confirmed
QPOWER,Three Black Crows,2026-05-15,1D,bearish,at resistance,confirmed
QPOWER,Three Black Crows,2026-05-18,1D,bearish,at resistance,confirmed
QPOWER,Tweezer Bottom,2026-05-19,1D,bullish,at S/R confluence,confirmed
QPOWER,NR7,2026-05-19,1D,neutral,at S/R confluence,neutral
QPOWER,Three Black Crows,2026-05-19,1D,bearish,at S/R confluence,failed
QPOWER,Bullish Engulfing,2026-05-20,1D,bullish,at resistance,confirmed
QPOWER,Outside Bar,2026-05-20,1D,neutral,at resistance,neutral
QPOWER,Bullish Marubozu,2026-05-21,1D,bullish,midair,confirmed
QPOWER,NR7,2026-05-21,1D,neutral,midair,neutral
QPOWER,Inside Bar,2026-05-27,1D,neutral,at resistance,neutral
QPOWER,NR4,2026-05-27,1D,neutral,at resistance,neutral
QPOWER,Three Black Crows,2026-06-01,1D,bearish,at resistance,confirmed
QPOWER,Long-legged Doji,2026-06-02,1D,neutral,at resistance,pending (last bar)
QPOWER,Three Black Crows,2026-06-02,1D,bearish,at resistance,pending (last bar)
542669,Inside Bar,2026-05-05,1D,neutral,at resistance,neutral
542669,Shooting Star,2026-05-07,1D,bearish,at S/R confluence,failed
542669,Bearish Pin Bar,2026-05-07,1D,bearish,at S/R confluence,failed
542669,Three White Soldiers,2026-05-08,1D,bullish,at resistance,confirmed
542669,Doji,2026-05-11,1D,neutral,at resistance,neutral
542669,Hanging Man,2026-05-11,1D,bearish,at resistance,confirmed
542669,Bullish Pin Bar,2026-05-11,1D,bullish,at resistance,failed
542669,Tweezer Top,2026-05-11,1D,bearish,at resistance,confirmed
542669,NR4,2026-05-11,1D,neutral,at resistance,neutral
542669,Three White Soldiers,2026-05-11,1D,bullish,at resistance,failed
542669,Evening Star,2026-05-12,1D,bearish,at S/R confluence,failed
542669,Bullish Harami,2026-05-13,1D,bullish,at resistance,confirmed
542669,Hanging Man,2026-05-14,1D,bearish,at resistance,confirmed
542669,Morning Star,2026-05-14,1D,bullish,at resistance,failed
542669,Bearish Engulfing,2026-05-15,1D,bearish,at S/R confluence,failed
542669,Shooting Star,2026-05-19,1D,bearish,at resistance,failed
542669,Bearish Pin Bar,2026-05-19,1D,bearish,at resistance,failed
542669,NR4,2026-05-19,1D,neutral,at resistance,neutral
542669,Long-legged Doji,2026-05-20,1D,neutral,at resistance,neutral
542669,Inside Bar,2026-05-20,1D,neutral,at resistance,neutral
542669,NR7,2026-05-20,1D,neutral,at resistance,neutral
542669,Outside Bar,2026-05-21,1D,neutral,at resistance,neutral
542669,Evening Star,2026-05-21,1D,bearish,at resistance,confirmed
542669,NR7,2026-05-22,1D,neutral,at S/R confluence,neutral
542669,Three Black Crows,2026-05-22,1D,bearish,at S/R confluence,failed
542669,Morning Star,2026-05-25,1D,bullish,at resistance,failed
542669,Bearish Engulfing,2026-05-26,1D,bearish,at resistance,confirmed
542669,Shooting Star,2026-05-27,1D,bearish,at S/R confluence,failed
542669,Morning Star,2026-05-29,1D,bullish,at resistance,failed
542669,NR4,2026-06-01,1D,neutral,at resistance,pending (last bar)
JAYNECOIND,NR4,2026-05-07,1D,neutral,at resistance,neutral
JAYNECOIND,Morning Star,2026-05-07,1D,bullish,at resistance,failed
JAYNECOIND,NR4,2026-05-08,1D,neutral,at resistance,neutral
JAYNECOIND,Evening Star,2026-05-11,1D,bearish,at resistance,confirmed
JAYNECOIND,Three Black Crows,2026-05-12,1D,bearish,midair,failed
JAYNECOIND,Tweezer Bottom,2026-05-13,1D,bullish,midair,confirmed
JAYNECOIND,Inside Bar,2026-05-13,1D,neutral,midair,neutral
JAYNECOIND,Inside Bar,2026-05-14,1D,neutral,midair,neutral
JAYNECOIND,NR4,2026-05-14,1D,neutral,midair,neutral
JAYNECOIND,Bearish Engulfing,2026-05-15,1D,bearish,midair,failed
JAYNECOIND,Hammer,2026-05-18,1D,bullish,midair,failed
JAYNECOIND,Bullish Pin Bar,2026-05-18,1D,bullish,midair,failed
JAYNECOIND,Bearish Engulfing,2026-05-19,1D,bearish,at support,failed
JAYNECOIND,Bearish Engulfing,2026-05-22,1D,bearish,midair,failed
JAYNECOIND,Outside Bar,2026-05-22,1D,neutral,midair,neutral
JAYNECOIND,Bullish Harami,2026-05-25,1D,bullish,midair,failed
JAYNECOIND,Inside Bar,2026-05-25,1D,neutral,midair,neutral
JAYNECOIND,NR7,2026-05-25,1D,neutral,midair,neutral
JAYNECOIND,Bearish Engulfing,2026-05-26,1D,bearish,midair,failed
JAYNECOIND,Outside Bar,2026-05-26,1D,neutral,midair,neutral
JAYNECOIND,Piercing Line,2026-05-27,1D,bullish,midair,failed
JAYNECOIND,Doji,2026-05-28,1D,neutral,midair,neutral
JAYNECOIND,Inside Bar,2026-05-28,1D,neutral,midair,neutral
JAYNECOIND,Outside Bar,2026-05-29,1D,neutral,midair,neutral
JAYNECOIND,Evening Star,2026-05-29,1D,bearish,midair,confirmed
JAYNECOIND,Hammer,2026-06-02,1D,bullish,at support,pending (last bar)
JAYNECOIND,Bullish Pin Bar,2026-06-02,1D,bullish,at support,pending (last bar)
KOPRAN,Bullish Engulfing,2026-05-06,1D,bullish,at S/R confluence,confirmed
KOPRAN,Shooting Star,2026-05-07,1D,bearish,at S/R confluence,confirmed
KOPRAN,Bearish Pin Bar,2026-05-07,1D,bearish,at S/R confluence,confirmed
KOPRAN,Tweezer Top,2026-05-07,1D,bearish,at S/R confluence,confirmed
KOPRAN,Inside Bar,2026-05-07,1D,neutral,at S/R confluence,neutral
KOPRAN,Evening Star,2026-05-08,1D,bearish,at S/R confluence,confirmed
KOPRAN,Three Black Crows,2026-05-11,1D,bearish,at S/R confluence,confirmed
KOPRAN,Three Black Crows,2026-05-12,1D,bearish,at S/R confluence,failed
KOPRAN,Inside Bar,2026-05-15,1D,neutral,at S/R confluence,neutral
KOPRAN,NR4,2026-05-15,1D,neutral,at S/R confluence,neutral
KOPRAN,Bullish Engulfing,2026-05-18,1D,bullish,at S/R confluence,confirmed
KOPRAN,Outside Bar,2026-05-18,1D,neutral,at S/R confluence,neutral
KOPRAN,Bearish Harami,2026-05-20,1D,bearish,at S/R confluence,failed
KOPRAN,Inside Bar,2026-05-20,1D,neutral,at S/R confluence,neutral
KOPRAN,Shooting Star,2026-05-21,1D,bearish,at S/R confluence,confirmed
KOPRAN,Bearish Pin Bar,2026-05-21,1D,bearish,at S/R confluence,confirmed
KOPRAN,Outside Bar,2026-05-21,1D,neutral,at S/R confluence,neutral
KOPRAN,Evening Star,2026-05-21,1D,bearish,at S/R confluence,confirmed
KOPRAN,NR4,2026-05-22,1D,neutral,at S/R confluence,neutral
KOPRAN,Long-legged Doji,2026-05-26,1D,neutral,at S/R confluence,neutral
KOPRAN,Bearish Pin Bar,2026-05-26,1D,bearish,at S/R confluence,confirmed
KOPRAN,Doji,2026-05-27,1D,neutral,at S/R confluence,neutral
KOPRAN,Shooting Star,2026-05-27,1D,bearish,at S/R confluence,failed
KOPRAN,Bearish Pin Bar,2026-05-27,1D,bearish,at S/R confluence,failed
KOPRAN,Inside Bar,2026-05-27,1D,neutral,at S/R confluence,neutral
KOPRAN,Doji,2026-05-28,1D,neutral,at S/R confluence,neutral
KOPRAN,Inside Bar,2026-05-28,1D,neutral,at S/R confluence,neutral
KOPRAN,Shooting Star,2026-06-01,1D,bearish,at S/R confluence,confirmed
KOPRAN,Bearish Pin Bar,2026-06-01,1D,bearish,at S/R confluence,confirmed
KOPRAN,Bearish Harami,2026-06-01,1D,bearish,at S/R confluence,confirmed
KOPRAN,Inside Bar,2026-06-01,1D,neutral,at S/R confluence,neutral
AYMSYNTEX,Bearish Engulfing,2026-05-05,1D,bearish,at S/R confluence,failed
AYMSYNTEX,Tweezer Top,2026-05-05,1D,bearish,at S/R confluence,failed
AYMSYNTEX,Outside Bar,2026-05-05,1D,neutral,at S/R confluence,neutral
AYMSYNTEX,Inside Bar,2026-05-07,1D,neutral,at S/R confluence,neutral
AYMSYNTEX,NR7,2026-05-07,1D,neutral,at S/R confluence,neutral
AYMSYNTEX,Inverted Hammer,2026-05-08,1D,bullish,at S/R confluence,failed
AYMSYNTEX,Bearish Pin Bar,2026-05-08,1D,bearish,at S/R confluence,confirmed
AYMSYNTEX,Tweezer Bottom,2026-05-08,1D,bullish,at S/R confluence,failed
AYMSYNTEX,Inside Bar,2026-05-08,1D,neutral,at S/R confluence,neutral
AYMSYNTEX,NR7,2026-05-08,1D,neutral,at S/R confluence,neutral
AYMSYNTEX,Shooting Star,2026-05-11,1D,bearish,at S/R confluence,failed
AYMSYNTEX,Tweezer Top,2026-05-11,1D,bearish,at S/R confluence,failed
AYMSYNTEX,Three Black Crows,2026-05-11,1D,bearish,at S/R confluence,failed
AYMSYNTEX,Bullish Engulfing,2026-05-12,1D,bullish,at S/R confluence,failed
AYMSYNTEX,Bearish Harami,2026-05-13,1D,bearish,at S/R confluence,confirmed
AYMSYNTEX,Inside Bar,2026-05-13,1D,neutral,at S/R confluence,neutral
AYMSYNTEX,NR7,2026-05-13,1D,neutral,at S/R confluence,neutral
AYMSYNTEX,Outside Bar,2026-05-14,1D,neutral,at S/R confluence,neutral
AYMSYNTEX,Evening Star,2026-05-14,1D,bearish,at S/R confluence,failed
AYMSYNTEX,Doji,2026-05-15,1D,neutral,at S/R confluence,neutral
AYMSYNTEX,Inverted Hammer,2026-05-15,1D,bullish,at S/R confluence,confirmed
AYMSYNTEX,Bearish Pin Bar,2026-05-15,1D,bearish,at S/R confluence,failed
AYMSYNTEX,Inside Bar,2026-05-15,1D,neutral,at S/R confluence,neutral
AYMSYNTEX,Bullish Engulfing,2026-05-18,1D,bullish,at S/R confluence,failed
AYMSYNTEX,Outside Bar,2026-05-18,1D,neutral,at S/R confluence,neutral
AYMSYNTEX,Inverted Hammer,2026-05-19,1D,bullish,at S/R confluence,failed
AYMSYNTEX,Bearish Pin Bar,2026-05-19,1D,bearish,at S/R confluence,confirmed
AYMSYNTEX,Bearish Engulfing,2026-05-20,1D,bearish,at S/R confluence,confirmed
AYMSYNTEX,Evening Star,2026-05-20,1D,bearish,at S/R confluence,confirmed
AYMSYNTEX,Bearish Marubozu,2026-05-22,1D,bearish,at S/R confluence,failed
AYMSYNTEX,NR4,2026-05-22,1D,neutral,at S/R confluence,neutral
AYMSYNTEX,Three Black Crows,2026-05-22,1D,bearish,at S/R confluence,failed
AYMSYNTEX,Bullish Harami,2026-05-25,1D,bullish,at S/R confluence,confirmed
AYMSYNTEX,Tweezer Bottom,2026-06-01,1D,bullish,at S/R confluence,confirmed
AYMSYNTEX,Inside Bar,2026-06-01,1D,neutral,at S/R confluence,neutral
AYMSYNTEX,Inside Bar,2026-06-02,1D,neutral,at S/R confluence,pending (last bar)
AYMSYNTEX,NR7,2026-06-02,1D,neutral,at S/R confluence,pending (last bar)
VINDHYATEL,Long-legged Doji,2026-05-06,1D,neutral,at S/R confluence,neutral
VINDHYATEL,Tweezer Top,2026-05-06,1D,bearish,at S/R confluence,failed
VINDHYATEL,Outside Bar,2026-05-06,1D,neutral,at S/R confluence,neutral
VINDHYATEL,Three White Soldiers,2026-05-06,1D,bullish,at S/R confluence,confirmed
VINDHYATEL,Three White Soldiers,2026-05-07,1D,bullish,at support,confirmed
VINDHYATEL,Three White Soldiers,2026-05-08,1D,bullish,at resistance,confirmed
VINDHYATEL,Long-legged Doji,2026-05-11,1D,neutral,at resistance,neutral
VINDHYATEL,Tweezer Top,2026-05-11,1D,bearish,at resistance,confirmed
VINDHYATEL,Outside Bar,2026-05-11,1D,neutral,at resistance,neutral
VINDHYATEL,Three White Soldiers,2026-05-11,1D,bullish,at resistance,failed
VINDHYATEL,Bearish Marubozu,2026-05-12,1D,bearish,at resistance,failed
VINDHYATEL,NR4,2026-05-12,1D,neutral,at resistance,neutral
VINDHYATEL,Evening Star,2026-05-12,1D,bearish,at resistance,failed
VINDHYATEL,Bullish Harami,2026-05-13,1D,bullish,at S/R confluence,failed
VINDHYATEL,NR4,2026-05-13,1D,neutral,at S/R confluence,neutral
VINDHYATEL,Bearish Engulfing,2026-05-14,1D,bearish,at S/R confluence,confirmed
VINDHYATEL,NR4,2026-05-14,1D,neutral,at S/R confluence,neutral
VINDHYATEL,NR7,2026-05-15,1D,neutral,at S/R confluence,neutral
VINDHYATEL,Doji,2026-05-18,1D,neutral,at S/R confluence,neutral
VINDHYATEL,Hanging Man,2026-05-18,1D,bearish,at S/R confluence,failed
VINDHYATEL,Bullish Pin Bar,2026-05-18,1D,bullish,at S/R confluence,confirmed
VINDHYATEL,Bullish Harami,2026-05-18,1D,bullish,at S/R confluence,confirmed
VINDHYATEL,Morning Star,2026-05-19,1D,bullish,at S/R confluence,failed
VINDHYATEL,Tweezer Bottom,2026-05-20,1D,bullish,at resistance,failed
VINDHYATEL,Inside Bar,2026-05-20,1D,neutral,at resistance,neutral
VINDHYATEL,NR7,2026-05-20,1D,neutral,at resistance,neutral
VINDHYATEL,Inverted Hammer,2026-05-21,1D,bullish,at resistance,failed
VINDHYATEL,Tweezer Bottom,2026-05-21,1D,bullish,at resistance,failed
VINDHYATEL,Three Black Crows,2026-05-22,1D,bearish,at S/R confluence,failed
VINDHYATEL,Three White Soldiers,2026-05-27,1D,bullish,midair,failed
VINDHYATEL,Doji,2026-05-28,1D,neutral,midair,neutral
VINDHYATEL,Inside Bar,2026-05-28,1D,neutral,midair,neutral
VINDHYATEL,Outside Bar,2026-05-29,1D,neutral,midair,neutral
VINDHYATEL,Bearish Harami,2026-06-01,1D,bearish,midair,confirmed
VINDHYATEL,Inside Bar,2026-06-01,1D,neutral,midair,neutral
VINDHYATEL,Hanging Man,2026-06-02,1D,bearish,midair,pending (last bar)
VINDHYATEL,Evening Star,2026-06-02,1D,bearish,midair,pending (last bar)
SGFIN,Three Black Crows,2026-05-11,1D,bearish,midair,failed
SGFIN,Long-legged Doji,2026-05-12,1D,neutral,midair,neutral
SGFIN,Bullish Harami,2026-05-12,1D,bullish,midair,failed
SGFIN,Inside Bar,2026-05-12,1D,neutral,midair,neutral
SGFIN,NR4,2026-05-12,1D,neutral,midair,neutral
SGFIN,Doji,2026-05-13,1D,neutral,midair,neutral
SGFIN,Shooting Star,2026-05-13,1D,bearish,midair,failed
SGFIN,Bearish Pin Bar,2026-05-13,1D,bearish,midair,failed
SGFIN,Shooting Star,2026-05-14,1D,bearish,midair,failed
SGFIN,Bullish Engulfing,2026-05-14,1D,bullish,midair,confirmed
SGFIN,Tweezer Top,2026-05-14,1D,bearish,midair,failed
SGFIN,Doji,2026-05-15,1D,neutral,midair,neutral
SGFIN,Shooting Star,2026-05-15,1D,bearish,midair,confirmed
SGFIN,Bearish Pin Bar,2026-05-15,1D,bearish,midair,confirmed
SGFIN,Evening Star,2026-05-18,1D,bearish,at support,failed
SGFIN,Bullish Harami,2026-05-19,1D,bullish,midair,failed
SGFIN,Tweezer Bottom,2026-05-19,1D,bullish,midair,failed
SGFIN,Inside Bar,2026-05-19,1D,neutral,midair,neutral
SGFIN,Bearish Harami,2026-05-20,1D,bearish,midair,failed
SGFIN,Inside Bar,2026-05-20,1D,neutral,midair,neutral
SGFIN,NR7,2026-05-20,1D,neutral,midair,neutral
SGFIN,Inside Bar,2026-05-25,1D,neutral,midair,neutral
SGFIN,Doji,2026-05-26,1D,neutral,midair,neutral
SGFIN,Bearish Pin Bar,2026-05-26,1D,bearish,midair,confirmed
SGFIN,NR4,2026-05-26,1D,neutral,midair,neutral
SGFIN,NR4,2026-05-27,1D,neutral,midair,neutral
SGFIN,Three Black Crows,2026-05-27,1D,bearish,midair,confirmed
SGFIN,Three Black Crows,2026-05-29,1D,bearish,midair,confirmed
SGFIN,Outside Bar,2026-06-01,1D,neutral,midair,neutral
SGFIN,Three Black Crows,2026-06-01,1D,bearish,midair,failed
SGFIN,Piercing Line,2026-06-02,1D,bullish,midair,pending (last bar)
NEPHROPLUS,Bullish Harami,2026-05-07,1D,bullish,at support,failed
NEPHROPLUS,Long-legged Doji,2026-05-08,1D,neutral,at support,neutral
NEPHROPLUS,Inside Bar,2026-05-08,1D,neutral,at support,neutral
NEPHROPLUS,NR7,2026-05-08,1D,neutral,at support,neutral
NEPHROPLUS,Bullish Engulfing,2026-05-11,1D,bullish,midair,confirmed
NEPHROPLUS,Outside Bar,2026-05-11,1D,neutral,midair,neutral
NEPHROPLUS,Doji,2026-05-12,1D,neutral,midair,neutral
NEPHROPLUS,Shooting Star,2026-05-12,1D,bearish,midair,failed
NEPHROPLUS,Bearish Pin Bar,2026-05-12,1D,bearish,midair,failed
NEPHROPLUS,Doji,2026-05-13,1D,neutral,at resistance,neutral
NEPHROPLUS,Shooting Star,2026-05-13,1D,bearish,at resistance,failed
NEPHROPLUS,Bearish Pin Bar,2026-05-13,1D,bearish,at resistance,failed
NEPHROPLUS,Tweezer Top,2026-05-13,1D,bearish,at resistance,failed
NEPHROPLUS,Inside Bar,2026-05-13,1D,neutral,at resistance,neutral
NEPHROPLUS,NR4,2026-05-14,1D,neutral,at resistance,neutral
NEPHROPLUS,Inside Bar,2026-05-19,1D,neutral,at resistance,neutral
NEPHROPLUS,Hanging Man,2026-05-20,1D,bearish,at resistance,confirmed
NEPHROPLUS,Inside Bar,2026-05-21,1D,neutral,at resistance,neutral
NEPHROPLUS,Bullish Harami,2026-05-22,1D,bullish,at resistance,confirmed
NEPHROPLUS,Inside Bar,2026-05-22,1D,neutral,at resistance,neutral
NEPHROPLUS,NR7,2026-05-25,1D,neutral,at resistance,neutral
NEPHROPLUS,Bearish Marubozu,2026-05-26,1D,bearish,at resistance,confirmed
NEPHROPLUS,Bearish Engulfing,2026-05-26,1D,bearish,at resistance,confirmed
NEPHROPLUS,Tweezer Top,2026-05-26,1D,bearish,at resistance,confirmed
NEPHROPLUS,Doji,2026-05-28,1D,neutral,at resistance,neutral
NEPHROPLUS,Inside Bar,2026-05-28,1D,neutral,at resistance,neutral
NEPHROPLUS,Outside Bar,2026-05-29,1D,neutral,at resistance,neutral
NEPHROPLUS,Bullish Engulfing,2026-06-01,1D,bullish,midair,confirmed
ADANIGREEN,Three White Soldiers,2026-05-06,1D,bullish,at support,confirmed
ADANIGREEN,NR4,2026-05-07,1D,neutral,at support,neutral
ADANIGREEN,Three White Soldiers,2026-05-07,1D,bullish,at support,failed
ADANIGREEN,NR4,2026-05-08,1D,neutral,at support,neutral
ADANIGREEN,Bullish Engulfing,2026-05-11,1D,bullish,midair,failed
ADANIGREEN,Outside Bar,2026-05-11,1D,neutral,midair,neutral
ADANIGREEN,Tweezer Top,2026-05-13,1D,bearish,at support,failed
ADANIGREEN,Outside Bar,2026-05-13,1D,neutral,at support,neutral
ADANIGREEN,NR4,2026-05-14,1D,neutral,at resistance,neutral
ADANIGREEN,Bearish Engulfing,2026-05-15,1D,bearish,at support,confirmed
ADANIGREEN,Outside Bar,2026-05-15,1D,neutral,at support,neutral
ADANIGREEN,Dragonfly Doji,2026-05-18,1D,bullish,at support,confirmed
ADANIGREEN,Hanging Man,2026-05-18,1D,bearish,at support,failed
ADANIGREEN,Bullish Pin Bar,2026-05-18,1D,bullish,at support,confirmed
ADANIGREEN,Shooting Star,2026-05-19,1D,bearish,at support,confirmed
ADANIGREEN,Bearish Pin Bar,2026-05-19,1D,bearish,at support,confirmed
ADANIGREEN,NR7,2026-05-20,1D,neutral,at support,neutral
ADANIGREEN,Bearish Engulfing,2026-05-21,1D,bearish,at support,failed
ADANIGREEN,Doji,2026-05-22,1D,neutral,at support,neutral
ADANIGREEN,Shooting Star,2026-05-22,1D,bearish,at support,failed
ADANIGREEN,Bearish Pin Bar,2026-05-22,1D,bearish,at support,failed
ADANIGREEN,Inside Bar,2026-05-22,1D,neutral,at support,neutral
ADANIGREEN,Morning Star,2026-05-25,1D,bullish,at resistance,confirmed
ADANIGREEN,Three White Soldiers,2026-05-27,1D,bullish,midair,failed
ADANIGREEN,Doji,2026-05-28,1D,neutral,midair,neutral
ADANIGREEN,Inside Bar,2026-05-28,1D,neutral,midair,neutral
ADANIGREEN,Outside Bar,2026-05-29,1D,neutral,midair,neutral
ADANIGREEN,Evening Star,2026-05-29,1D,bearish,midair,confirmed
ADANIGREEN,Doji,2026-06-02,1D,neutral,at resistance,pending (last bar)
ADANIGREEN,Hanging Man,2026-06-02,1D,bearish,at resistance,pending (last bar)
ADANIGREEN,Bullish Pin Bar,2026-06-02,1D,bullish,at resistance,pending (last bar)
KSR,Three White Soldiers,2026-05-05,1D,bullish,midair,confirmed
KSR,Hanging Man,2026-05-07,1D,bearish,at resistance,failed
KSR,Bullish Pin Bar,2026-05-07,1D,bullish,at resistance,confirmed
KSR,Inside Bar,2026-05-07,1D,neutral,at resistance,neutral
KSR,NR4,2026-05-07,1D,neutral,at resistance,neutral
KSR,Bullish Engulfing,2026-05-08,1D,bullish,at resistance,failed
KSR,Outside Bar,2026-05-08,1D,neutral,at resistance,neutral
KSR,Morning Star,2026-05-08,1D,bullish,at resistance,failed
KSR,Long-legged Doji,2026-05-11,1D,neutral,at resistance,neutral
KSR,Shooting Star,2026-05-12,1D,bearish,at resistance,failed
KSR,Bearish Pin Bar,2026-05-12,1D,bearish,at resistance,failed
KSR,Tweezer Top,2026-05-12,1D,bearish,at resistance,failed
KSR,Bearish Marubozu,2026-05-13,1D,bearish,at resistance,failed
KSR,Inside Bar,2026-05-13,1D,neutral,at resistance,neutral
KSR,NR4,2026-05-13,1D,neutral,at resistance,neutral
KSR,Shooting Star,2026-05-18,1D,bearish,at resistance,confirmed
KSR,Long-legged Doji,2026-05-19,1D,neutral,at resistance,neutral
KSR,NR7,2026-05-19,1D,neutral,at resistance,neutral
KSR,Three Black Crows,2026-05-19,1D,bearish,at resistance,failed
KSR,Long-legged Doji,2026-05-20,1D,neutral,at resistance,neutral
KSR,Outside Bar,2026-05-20,1D,neutral,at resistance,neutral
KSR,Tweezer Bottom,2026-05-21,1D,bullish,at resistance,confirmed
KSR,Inside Bar,2026-05-21,1D,neutral,at resistance,neutral
KSR,NR7,2026-05-21,1D,neutral,at resistance,neutral
KSR,Bullish Marubozu,2026-05-22,1D,bullish,at resistance,failed
KSR,Bearish Marubozu,2026-05-25,1D,bearish,at resistance,confirmed
KSR,Dark Cloud Cover,2026-05-25,1D,bearish,at resistance,confirmed
KSR,Inverted Hammer,2026-05-26,1D,bullish,midair,failed
KSR,Bearish Pin Bar,2026-05-26,1D,bearish,midair,confirmed
KSR,Three Black Crows,2026-05-27,1D,bearish,at resistance,confirmed
KSR,Bearish Marubozu,2026-05-29,1D,bearish,at support,failed
KSR,NR4,2026-05-29,1D,neutral,at support,neutral
KSR,Three Black Crows,2026-05-29,1D,bearish,at support,failed
KSR,Bullish Engulfing,2026-06-01,1D,bullish,at resistance,confirmed
KSR,Outside Bar,2026-06-01,1D,neutral,at resistance,neutral
KSR,NR7,2026-06-02,1D,neutral,midair,pending (last bar)
ATHERENERG,Bearish Engulfing,2026-05-06,1D,bearish,at support,failed
ATHERENERG,Bullish Harami,2026-05-07,1D,bullish,at support,confirmed
ATHERENERG,Inside Bar,2026-05-07,1D,neutral,at support,neutral
ATHERENERG,NR4,2026-05-07,1D,neutral,at support,neutral
ATHERENERG,Doji,2026-05-08,1D,neutral,midair,neutral
ATHERENERG,Inverted Hammer,2026-05-08,1D,bullish,midair,confirmed
ATHERENERG,Bearish Pin Bar,2026-05-08,1D,bearish,midair,failed
ATHERENERG,Three White Soldiers,2026-05-11,1D,bullish,at resistance,failed
ATHERENERG,Tweezer Bottom,2026-05-12,1D,bullish,midair,confirmed
ATHERENERG,Bullish Harami,2026-05-13,1D,bullish,at resistance,failed
ATHERENERG,Tweezer Top,2026-05-14,1D,bearish,at resistance,confirmed
ATHERENERG,NR7,2026-05-14,1D,neutral,at resistance,neutral
ATHERENERG,Outside Bar,2026-05-15,1D,neutral,at resistance,neutral
ATHERENERG,Three Black Crows,2026-05-18,1D,bearish,at support,confirmed
ATHERENERG,NR7,2026-05-19,1D,neutral,at support,neutral
ATHERENERG,Three Black Crows,2026-05-19,1D,bearish,at support,confirmed
ATHERENERG,Hanging Man,2026-05-20,1D,bearish,at support,confirmed
ATHERENERG,Bearish Engulfing,2026-05-21,1D,bearish,at support,confirmed
ATHERENERG,Tweezer Bottom,2026-05-25,1D,bullish,midair,confirmed
ATHERENERG,Doji,2026-05-27,1D,neutral,at resistance,neutral
ATHERENERG,Inverted Hammer,2026-05-27,1D,bullish,at resistance,failed
ATHERENERG,Bearish Pin Bar,2026-05-27,1D,bearish,at resistance,failed
ATHERENERG,Inside Bar,2026-05-27,1D,neutral,at resistance,neutral
ATHERENERG,NR4,2026-05-27,1D,neutral,at resistance,neutral
ATHERENERG,Three White Soldiers,2026-05-27,1D,bullish,at resistance,failed
ATHERENERG,Doji,2026-05-28,1D,neutral,at resistance,neutral
ATHERENERG,Inside Bar,2026-05-28,1D,neutral,at resistance,neutral
ATHERENERG,Outside Bar,2026-05-29,1D,neutral,at resistance,neutral
KRN,Shooting Star,2026-05-05,1D,bearish,at support,failed
KRN,Morning Star,2026-05-06,1D,bullish,midair,confirmed
KRN,NR4,2026-05-07,1D,neutral,at resistance,neutral
KRN,Bearish Harami,2026-05-08,1D,bearish,midair,confirmed
KRN,Three Black Crows,2026-05-12,1D,bearish,at support,confirmed
KRN,Three Black Crows,2026-05-13,1D,bearish,midair,failed
KRN,Bullish Harami,2026-05-14,1D,bullish,at support,failed
KRN,Bearish Marubozu,2026-05-19,1D,bearish,at S/R confluence,failed
KRN,NR7,2026-05-19,1D,neutral,at S/R confluence,neutral
KRN,Three Black Crows,2026-05-19,1D,bearish,at S/R confluence,failed
KRN,Outside Bar,2026-05-20,1D,neutral,at S/R confluence,neutral
KRN,Long-legged Doji,2026-05-26,1D,neutral,midair,neutral
KRN,Bullish Marubozu,2026-05-27,1D,bullish,midair,failed
KRN,NR4,2026-05-27,1D,neutral,midair,neutral
KRN,Morning Star,2026-05-27,1D,bullish,midair,failed
KRN,Piercing Line,2026-06-02,1D,bullish,midair,pending (last bar)
BSE,Three White Soldiers,2026-05-06,1D,bullish,midair,confirmed
BSE,Three White Soldiers,2026-05-07,1D,bullish,midair,failed
BSE,Tweezer Top,2026-05-08,1D,bearish,midair,failed
BSE,Outside Bar,2026-05-08,1D,neutral,midair,neutral
BSE,Inside Bar,2026-05-11,1D,neutral,midair,neutral
BSE,NR4,2026-05-11,1D,neutral,midair,neutral
BSE,Bearish Engulfing,2026-05-12,1D,bearish,midair,failed
BSE,Outside Bar,2026-05-12,1D,neutral,midair,neutral
BSE,Bullish Harami,2026-05-13,1D,bullish,midair,confirmed
BSE,Inside Bar,2026-05-13,1D,neutral,midair,neutral
BSE,NR7,2026-05-13,1D,neutral,midair,neutral
BSE,Bullish Marubozu,2026-05-18,1D,bullish,midair,confirmed
BSE,Bullish Engulfing,2026-05-18,1D,bullish,midair,confirmed
BSE,Outside Bar,2026-05-18,1D,neutral,midair,neutral
BSE,Shooting Star,2026-05-19,1D,bearish,midair,failed
BSE,Inside Bar,2026-05-20,1D,neutral,midair,neutral
BSE,NR4,2026-05-20,1D,neutral,midair,neutral
BSE,Three White Soldiers,2026-05-20,1D,bullish,midair,failed
BSE,Dark Cloud Cover,2026-05-21,1D,bearish,midair,failed
BSE,Long-legged Doji,2026-05-22,1D,neutral,midair,neutral
BSE,NR7,2026-05-22,1D,neutral,midair,neutral
BSE,Morning Star,2026-05-25,1D,bullish,midair,confirmed
BSE,Bearish Engulfing,2026-05-27,1D,bearish,midair,failed
BSE,Outside Bar,2026-05-27,1D,neutral,midair,neutral
BSE,Doji,2026-05-28,1D,neutral,midair,neutral
BSE,Inside Bar,2026-05-28,1D,neutral,midair,neutral
BSE,Tweezer Top,2026-05-29,1D,bearish,midair,confirmed
BSE,Outside Bar,2026-05-29,1D,neutral,midair,neutral
BSE,Three Black Crows,2026-06-02,1D,bearish,midair,pending (last bar)
PAISALO,Hanging Man,2026-05-06,1D,bearish,at resistance,failed
PAISALO,Bullish Harami,2026-05-06,1D,bullish,at resistance,confirmed
PAISALO,Morning Star,2026-05-07,1D,bullish,at resistance,failed
PAISALO,Doji,2026-05-08,1D,neutral,at resistance,neutral
PAISALO,Shooting Star,2026-05-08,1D,bearish,at resistance,confirmed
PAISALO,Bearish Pin Bar,2026-05-08,1D,bearish,at resistance,confirmed
PAISALO,NR4,2026-05-08,1D,neutral,at resistance,neutral
PAISALO,Evening Star,2026-05-11,1D,bearish,at resistance,confirmed
PAISALO,Three Black Crows,2026-05-12,1D,bearish,at support,confirmed
PAISALO,Inside Bar,2026-05-13,1D,neutral,at support,neutral
PAISALO,Three Black Crows,2026-05-13,1D,bearish,at support,failed
PAISALO,Tweezer Bottom,2026-05-14,1D,bullish,at resistance,confirmed
PAISALO,Inside Bar,2026-05-15,1D,neutral,at resistance,neutral
PAISALO,Doji,2026-05-18,1D,neutral,at resistance,neutral
PAISALO,NR7,2026-05-19,1D,neutral,at resistance,neutral
PAISALO,Three White Soldiers,2026-05-20,1D,bullish,at resistance,confirmed
PAISALO,Long-legged Doji,2026-05-21,1D,neutral,at resistance,neutral
PAISALO,Three White Soldiers,2026-05-21,1D,bullish,at resistance,confirmed
PAISALO,Shooting Star,2026-05-22,1D,bearish,at resistance,confirmed
PAISALO,Three White Soldiers,2026-05-22,1D,bullish,at resistance,failed
PAISALO,Bearish Engulfing,2026-05-25,1D,bearish,midair,confirmed
PAISALO,Inside Bar,2026-05-25,1D,neutral,midair,neutral
PAISALO,NR7,2026-05-25,1D,neutral,midair,neutral
PAISALO,Doji,2026-05-27,1D,neutral,at resistance,neutral
PAISALO,Bearish Pin Bar,2026-05-27,1D,bearish,at resistance,failed
PAISALO,Bullish Harami,2026-05-27,1D,bullish,at resistance,failed
PAISALO,Outside Bar,2026-05-27,1D,neutral,at resistance,neutral
PAISALO,Doji,2026-05-28,1D,neutral,at resistance,neutral
PAISALO,Inside Bar,2026-05-28,1D,neutral,at resistance,neutral
PAISALO,Outside Bar,2026-05-29,1D,neutral,at resistance,neutral
PAISALO,Shooting Star,2026-06-01,1D,bearish,midair,confirmed
PAISALO,Bearish Pin Bar,2026-06-01,1D,bearish,midair,confirmed
PAISALO,Inside Bar,2026-06-02,1D,neutral,midair,pending (last bar)
539519,Gravestone Doji,2026-05-04,1D,bearish,at support,failed
539519,Bearish Pin Bar,2026-05-04,1D,bearish,at support,failed
539519,Inside Bar,2026-05-04,1D,neutral,at support,neutral
539519,NR7,2026-05-04,1D,neutral,at support,neutral
539519,Gravestone Doji,2026-05-05,1D,bearish,at support,confirmed
539519,Bearish Pin Bar,2026-05-05,1D,bearish,at support,confirmed
539519,Tweezer Bottom,2026-05-05,1D,bullish,at support,failed
539519,NR7,2026-05-05,1D,neutral,at support,neutral
539519,Tweezer Bottom,2026-05-07,1D,bullish,at S/R confluence,confirmed
539519,Tweezer Top,2026-05-08,1D,bearish,at S/R confluence,confirmed
539519,Bearish Engulfing,2026-05-11,1D,bearish,at support,confirmed
539519,Tweezer Top,2026-05-11,1D,bearish,at support,confirmed
539519,Bearish Marubozu,2026-05-12,1D,bearish,at S/R confluence,failed
539519,Inside Bar,2026-05-12,1D,neutral,at S/R confluence,neutral
539519,NR4,2026-05-12,1D,neutral,at S/R confluence,neutral
539519,Bullish Harami,2026-05-13,1D,bullish,at S/R confluence,failed
539519,Tweezer Top,2026-05-13,1D,bearish,at S/R confluence,confirmed
539519,NR4,2026-05-13,1D,neutral,at S/R confluence,neutral
539519,Bearish Marubozu,2026-05-14,1D,bearish,at support,failed
539519,Bearish Engulfing,2026-05-14,1D,bearish,at support,failed
539519,Tweezer Top,2026-05-14,1D,bearish,at support,failed
539519,NR7,2026-05-14,1D,neutral,at support,neutral
539519,Shooting Star,2026-05-15,1D,bearish,at S/R confluence,confirmed
539519,Shooting Star,2026-05-18,1D,bearish,at support,failed
539519,Gravestone Doji,2026-05-19,1D,bearish,at support,failed
539519,Bearish Pin Bar,2026-05-19,1D,bearish,at support,failed
539519,Tweezer Top,2026-05-19,1D,bearish,at support,failed
539519,Shooting Star,2026-05-20,1D,bearish,at support,failed
539519,Tweezer Top,2026-05-20,1D,bearish,at support,failed
539519,NR4,2026-05-20,1D,neutral,at support,neutral
539519,Gravestone Doji,2026-05-21,1D,bearish,at support,failed
539519,Bearish Pin Bar,2026-05-21,1D,bearish,at support,failed
539519,Tweezer Bottom,2026-05-21,1D,bullish,at support,failed
539519,NR7,2026-05-21,1D,neutral,at support,neutral
539519,Gravestone Doji,2026-05-22,1D,bearish,at support,failed
539519,Bearish Pin Bar,2026-05-22,1D,bearish,at support,failed
539519,Tweezer Bottom,2026-05-22,1D,bullish,at support,failed
539519,Long-legged Doji,2026-05-25,1D,neutral,at support,neutral
539519,Outside Bar,2026-05-25,1D,neutral,at support,neutral
539519,Inside Bar,2026-05-26,1D,neutral,at support,neutral
539519,Gravestone Doji,2026-05-27,1D,bearish,at support,failed
539519,Bearish Pin Bar,2026-05-27,1D,bearish,at support,failed
539519,NR4,2026-05-27,1D,neutral,at support,neutral
539519,Tweezer Bottom,2026-05-29,1D,bullish,at S/R confluence,failed
539519,NR4,2026-05-29,1D,neutral,at S/R confluence,neutral
539519,Tweezer Bottom,2026-06-01,1D,bullish,at S/R confluence,pending (last bar)
539519,NR4,2026-06-01,1D,neutral,at S/R confluence,pending (last bar)
VTL,Bearish Engulfing,2026-05-06,1D,bearish,midair,confirmed
VTL,Outside Bar,2026-05-06,1D,neutral,midair,neutral
VTL,Three Black Crows,2026-05-08,1D,bearish,at support,failed
VTL,Bullish Engulfing,2026-05-11,1D,bullish,midair,confirmed
VTL,Inside Bar,2026-05-12,1D,neutral,at resistance,neutral
VTL,NR7,2026-05-12,1D,neutral,at resistance,neutral
VTL,Inverted Hammer,2026-05-13,1D,bullish,midair,failed
VTL,Bearish Pin Bar,2026-05-13,1D,bearish,midair,confirmed
VTL,NR7,2026-05-14,1D,neutral,midair,neutral
VTL,Doji,2026-05-15,1D,neutral,midair,neutral
VTL,Inverted Hammer,2026-05-15,1D,bullish,midair,failed
VTL,Bearish Pin Bar,2026-05-15,1D,bearish,midair,confirmed
VTL,Tweezer Bottom,2026-05-15,1D,bullish,midair,failed
VTL,Bullish Engulfing,2026-05-19,1D,bullish,at resistance,failed
VTL,Bullish Engulfing,2026-05-21,1D,bullish,at resistance,failed
VTL,Tweezer Top,2026-05-22,1D,bearish,midair,confirmed
VTL,Inside Bar,2026-05-22,1D,neutral,midair,neutral
VTL,NR4,2026-05-22,1D,neutral,midair,neutral
VTL,Inverted Hammer,2026-05-26,1D,bullish,at support,failed
VTL,Inside Bar,2026-05-26,1D,neutral,at support,neutral
VTL,NR7,2026-05-26,1D,neutral,at support,neutral
VTL,Three Black Crows,2026-05-26,1D,bearish,at support,confirmed
VTL,NR7,2026-05-27,1D,neutral,at support,neutral
VTL,Three Black Crows,2026-05-27,1D,bearish,at support,confirmed
VTL,Three Black Crows,2026-05-29,1D,bearish,at S/R confluence,failed
VTL,Inverted Hammer,2026-06-01,1D,bullish,at support,confirmed
VTL,Morning Star,2026-06-02,1D,bullish,at resistance,pending (last bar)
SOLARINDS,Doji,2026-05-07,1D,neutral,at S/R confluence,neutral
SOLARINDS,Hanging Man,2026-05-07,1D,bearish,at S/R confluence,failed
SOLARINDS,Bullish Pin Bar,2026-05-07,1D,bullish,at S/R confluence,confirmed
SOLARINDS,Bullish Harami,2026-05-07,1D,bullish,at S/R confluence,confirmed
SOLARINDS,Tweezer Top,2026-05-07,1D,bearish,at S/R confluence,failed
SOLARINDS,NR4,2026-05-08,1D,neutral,at resistance,neutral
SOLARINDS,Morning Star,2026-05-08,1D,bullish,at resistance,confirmed
SOLARINDS,Three White Soldiers,2026-05-11,1D,bullish,at resistance,failed
SOLARINDS,Bearish Marubozu,2026-05-12,1D,bearish,at S/R confluence,failed
SOLARINDS,Tweezer Top,2026-05-12,1D,bearish,at S/R confluence,failed
SOLARINDS,Inside Bar,2026-05-13,1D,neutral,at S/R confluence,neutral
SOLARINDS,Bullish Marubozu,2026-05-14,1D,bullish,at resistance,confirmed
SOLARINDS,Morning Star,2026-05-14,1D,bullish,at resistance,confirmed
SOLARINDS,Three White Soldiers,2026-05-15,1D,bullish,at resistance,confirmed
SOLARINDS,Three White Soldiers,2026-05-18,1D,bullish,at resistance,confirmed
SOLARINDS,Long-legged Doji,2026-05-19,1D,neutral,at resistance,neutral
SOLARINDS,NR4,2026-05-19,1D,neutral,at resistance,neutral
SOLARINDS,Three White Soldiers,2026-05-19,1D,bullish,at resistance,confirmed
SOLARINDS,Inside Bar,2026-05-20,1D,neutral,at resistance,neutral
SOLARINDS,NR7,2026-05-20,1D,neutral,at resistance,neutral
SOLARINDS,Three White Soldiers,2026-05-20,1D,bullish,at resistance,confirmed
SOLARINDS,Shooting Star,2026-05-21,1D,bearish,midair,confirmed
SOLARINDS,Bearish Pin Bar,2026-05-21,1D,bearish,midair,confirmed
SOLARINDS,Three White Soldiers,2026-05-21,1D,bullish,midair,failed
SOLARINDS,Bearish Engulfing,2026-05-22,1D,bearish,at resistance,failed
SOLARINDS,Doji,2026-05-25,1D,neutral,midair,neutral
SOLARINDS,Hanging Man,2026-05-25,1D,bearish,midair,failed
SOLARINDS,Bullish Pin Bar,2026-05-25,1D,bullish,midair,confirmed
SOLARINDS,Tweezer Top,2026-05-25,1D,bearish,midair,failed
SOLARINDS,Bullish Engulfing,2026-05-26,1D,bullish,midair,confirmed
SOLARINDS,NR7,2026-05-26,1D,neutral,midair,neutral
SOLARINDS,Morning Star,2026-05-26,1D,bullish,midair,confirmed
SOLARINDS,Doji,2026-05-28,1D,neutral,midair,neutral
SOLARINDS,Inside Bar,2026-05-28,1D,neutral,midair,neutral
SOLARINDS,Outside Bar,2026-05-29,1D,neutral,at resistance,neutral
SOLARINDS,Evening Star,2026-05-29,1D,bearish,at resistance,confirmed
SOLARINDS,Inside Bar,2026-06-01,1D,neutral,at resistance,neutral
SOLARINDS,Tweezer Top,2026-06-02,1D,bearish,midair,pending (last bar)
SOLARINDS,Outside Bar,2026-06-02,1D,neutral,midair,pending (last bar)
AFIL,Bearish Harami,2026-05-05,1D,bearish,at S/R confluence,failed
AFIL,Inverted Hammer,2026-05-06,1D,bullish,at resistance,failed
AFIL,Bearish Pin Bar,2026-05-06,1D,bearish,at resistance,confirmed
AFIL,Bearish Engulfing,2026-05-07,1D,bearish,at S/R confluence,failed
AFIL,Outside Bar,2026-05-07,1D,neutral,at S/R confluence,neutral
AFIL,Inverted Hammer,2026-05-08,1D,bullish,at resistance,failed
AFIL,Bullish Harami,2026-05-08,1D,bullish,at resistance,failed
AFIL,NR4,2026-05-08,1D,neutral,at resistance,neutral
AFIL,Bearish Engulfing,2026-05-11,1D,bearish,at S/R confluence,failed
AFIL,Piercing Line,2026-05-12,1D,bullish,at resistance,confirmed
AFIL,Outside Bar,2026-05-12,1D,neutral,at resistance,neutral
AFIL,Hanging Man,2026-05-13,1D,bearish,at resistance,confirmed
AFIL,Inside Bar,2026-05-13,1D,neutral,at resistance,neutral
AFIL,Tweezer Top,2026-05-14,1D,bearish,at resistance,confirmed
AFIL,NR4,2026-05-14,1D,neutral,at resistance,neutral
AFIL,Evening Star,2026-05-14,1D,bearish,at resistance,confirmed
AFIL,Three Black Crows,2026-05-15,1D,bearish,at S/R confluence,confirmed
AFIL,Three Black Crows,2026-05-18,1D,bearish,at S/R confluence,failed
AFIL,Doji,2026-05-19,1D,neutral,at S/R confluence,neutral
AFIL,Hammer,2026-05-20,1D,bullish,at resistance,failed
AFIL,Tweezer Bottom,2026-05-20,1D,bullish,at resistance,failed
AFIL,Outside Bar,2026-05-20,1D,neutral,at resistance,neutral
AFIL,Morning Star,2026-05-20,1D,bullish,at resistance,failed
AFIL,Bearish Engulfing,2026-05-21,1D,bearish,at S/R confluence,failed
AFIL,Hammer,2026-05-22,1D,bullish,at resistance,confirmed
AFIL,Bullish Pin Bar,2026-05-22,1D,bullish,at resistance,confirmed
AFIL,Inside Bar,2026-05-22,1D,neutral,at resistance,neutral
AFIL,NR7,2026-05-22,1D,neutral,at resistance,neutral
AFIL,Morning Star,2026-05-25,1D,bullish,at resistance,failed
AFIL,Bullish Engulfing,2026-05-27,1D,bullish,at resistance,confirmed
AFIL,Outside Bar,2026-05-27,1D,neutral,at resistance,neutral
AFIL,NR4,2026-06-01,1D,neutral,at resistance,neutral
AFIL,Three White Soldiers,2026-06-01,1D,bullish,at resistance,failed
AFIL,NR4,2026-06-02,1D,neutral,at resistance,pending (last bar)
THANGAMAYL,Hanging Man,2026-05-07,1D,bearish,at resistance,failed
THANGAMAYL,Bullish Pin Bar,2026-05-07,1D,bullish,at resistance,confirmed
THANGAMAYL,Outside Bar,2026-05-07,1D,neutral,at resistance,neutral
THANGAMAYL,Three White Soldiers,2026-05-08,1D,bullish,at resistance,failed
THANGAMAYL,NR4,2026-05-14,1D,neutral,midair,neutral
THANGAMAYL,Long-legged Doji,2026-05-15,1D,neutral,midair,neutral
THANGAMAYL,Outside Bar,2026-05-15,1D,neutral,midair,neutral
THANGAMAYL,Tweezer Bottom,2026-05-18,1D,bullish,at support,confirmed
THANGAMAYL,Inside Bar,2026-05-18,1D,neutral,at support,neutral
THANGAMAYL,NR7,2026-05-18,1D,neutral,at support,neutral
THANGAMAYL,Three Black Crows,2026-05-18,1D,bearish,at support,failed
THANGAMAYL,NR7,2026-05-21,1D,neutral,at S/R confluence,neutral
THANGAMAYL,Three White Soldiers,2026-05-21,1D,bullish,at S/R confluence,failed
THANGAMAYL,Dark Cloud Cover,2026-05-22,1D,bearish,at S/R confluence,failed
THANGAMAYL,NR7,2026-05-22,1D,neutral,at S/R confluence,neutral
THANGAMAYL,Shooting Star,2026-05-26,1D,bearish,at S/R confluence,failed
THANGAMAYL,Tweezer Top,2026-05-26,1D,bearish,at S/R confluence,failed
THANGAMAYL,Inside Bar,2026-05-26,1D,neutral,at S/R confluence,neutral
THANGAMAYL,NR7,2026-05-26,1D,neutral,at S/R confluence,neutral
THANGAMAYL,Outside Bar,2026-05-27,1D,neutral,at resistance,neutral
THANGAMAYL,Doji,2026-05-28,1D,neutral,at resistance,neutral
THANGAMAYL,Inside Bar,2026-05-28,1D,neutral,at resistance,neutral
THANGAMAYL,Bullish Marubozu,2026-05-29,1D,bullish,at resistance,confirmed
THANGAMAYL,Outside Bar,2026-05-29,1D,neutral,at resistance,neutral
THANGAMAYL,Three White Soldiers,2026-06-02,1D,bullish,midair,pending (last bar)
ADVAIT,Outside Bar,2026-05-06,1D,neutral,midair,neutral
ADVAIT,Three Black Crows,2026-05-06,1D,bearish,midair,failed
ADVAIT,Bullish Harami,2026-05-07,1D,bullish,midair,confirmed
ADVAIT,Inside Bar,2026-05-07,1D,neutral,midair,neutral
ADVAIT,Bearish Engulfing,2026-05-11,1D,bearish,midair,confirmed
ADVAIT,Inside Bar,2026-05-11,1D,neutral,midair,neutral
ADVAIT,Inside Bar,2026-05-14,1D,neutral,midair,neutral
ADVAIT,NR4,2026-05-14,1D,neutral,midair,neutral
ADVAIT,Bearish Marubozu,2026-05-15,1D,bearish,midair,confirmed
ADVAIT,Hammer,2026-05-18,1D,bullish,at support,confirmed
ADVAIT,Bullish Pin Bar,2026-05-18,1D,bullish,at support,confirmed
ADVAIT,Three Black Crows,2026-05-18,1D,bearish,at support,failed
ADVAIT,Inverted Hammer,2026-05-19,1D,bullish,at support,confirmed
ADVAIT,NR7,2026-05-19,1D,neutral,at support,neutral
ADVAIT,Tweezer Bottom,2026-05-20,1D,bullish,midair,confirmed
ADVAIT,Outside Bar,2026-05-20,1D,neutral,midair,neutral
ADVAIT,Three White Soldiers,2026-05-21,1D,bullish,at resistance,failed
ADVAIT,Bearish Engulfing,2026-05-22,1D,bearish,midair,failed
ADVAIT,NR4,2026-05-26,1D,neutral,at resistance,neutral
ADVAIT,Outside Bar,2026-05-27,1D,neutral,midair,neutral
ADVAIT,Evening Star,2026-05-27,1D,bearish,midair,failed
ADVAIT,Doji,2026-05-28,1D,neutral,midair,neutral
ADVAIT,Inside Bar,2026-05-28,1D,neutral,midair,neutral
ADVAIT,Outside Bar,2026-05-29,1D,neutral,midair,neutral
ADVAIT,Bullish Harami,2026-06-02,1D,bullish,midair,pending (last bar)
ADVAIT,Inside Bar,2026-06-02,1D,neutral,midair,pending (last bar)
STEELXIND,Bullish Engulfing,2026-05-06,1D,bullish,at resistance,confirmed
STEELXIND,Inside Bar,2026-05-08,1D,neutral,at resistance,neutral
STEELXIND,Three Black Crows,2026-05-12,1D,bearish,at S/R confluence,failed
STEELXIND,Hanging Man,2026-05-13,1D,bearish,at support,failed
STEELXIND,Bullish Pin Bar,2026-05-13,1D,bullish,at support,confirmed
STEELXIND,Bullish Engulfing,2026-05-13,1D,bullish,at support,confirmed
STEELXIND,Outside Bar,2026-05-13,1D,neutral,at support,neutral
STEELXIND,NR4,2026-05-15,1D,neutral,at S/R confluence,neutral
STEELXIND,Tweezer Bottom,2026-05-19,1D,bullish,at support,failed
STEELXIND,Hammer,2026-05-20,1D,bullish,at support,failed
STEELXIND,Bearish Harami,2026-05-20,1D,bearish,at support,confirmed
STEELXIND,Tweezer Bottom,2026-05-20,1D,bullish,at support,failed
STEELXIND,NR7,2026-05-20,1D,neutral,at support,neutral
STEELXIND,Inverted Hammer,2026-05-21,1D,bullish,at support,confirmed
STEELXIND,Tweezer Bottom,2026-05-21,1D,bullish,at support,confirmed
STEELXIND,Evening Star,2026-05-21,1D,bearish,at support,failed
STEELXIND,Long-legged Doji,2026-05-25,1D,neutral,at S/R confluence,neutral
STEELXIND,Outside Bar,2026-05-25,1D,neutral,at S/R confluence,neutral
STEELXIND,Doji,2026-05-28,1D,neutral,midair,neutral
STEELXIND,Inside Bar,2026-05-28,1D,neutral,midair,neutral
STEELXIND,Inside Bar,2026-06-01,1D,neutral,midair,neutral
AVANTIFEED,Long-legged Doji,2026-05-06,1D,neutral,at resistance,neutral
AVANTIFEED,Morning Star,2026-05-07,1D,bullish,at resistance,failed
AVANTIFEED,Inside Bar,2026-05-08,1D,neutral,at resistance,neutral
AVANTIFEED,Outside Bar,2026-05-12,1D,neutral,at resistance,neutral
AVANTIFEED,Three Black Crows,2026-05-12,1D,bearish,at resistance,confirmed
AVANTIFEED,Three Black Crows,2026-05-13,1D,bearish,at resistance,confirmed
AVANTIFEED,Tweezer Top,2026-05-14,1D,bearish,midair,confirmed
AVANTIFEED,Three Black Crows,2026-05-14,1D,bearish,midair,confirmed
AVANTIFEED,Tweezer Bottom,2026-05-15,1D,bullish,midair,failed
AVANTIFEED,Three Black Crows,2026-05-15,1D,bearish,midair,confirmed
AVANTIFEED,Three Black Crows,2026-05-18,1D,bearish,at S/R confluence,failed
AVANTIFEED,Bullish Harami,2026-05-19,1D,bullish,at S/R confluence,confirmed
AVANTIFEED,Inside Bar,2026-05-19,1D,neutral,at S/R confluence,neutral
AVANTIFEED,NR4,2026-05-19,1D,neutral,at S/R confluence,neutral
AVANTIFEED,Hammer,2026-05-20,1D,bullish,at S/R confluence,confirmed
AVANTIFEED,Three White Soldiers,2026-05-21,1D,bullish,at S/R confluence,confirmed
AVANTIFEED,Hammer,2026-05-22,1D,bullish,midair,confirmed
AVANTIFEED,Bullish Pin Bar,2026-05-22,1D,bullish,midair,confirmed
AVANTIFEED,Tweezer Bottom,2026-05-22,1D,bullish,midair,confirmed
AVANTIFEED,Inside Bar,2026-05-22,1D,neutral,midair,neutral
AVANTIFEED,NR7,2026-05-22,1D,neutral,midair,neutral
AVANTIFEED,Three White Soldiers,2026-05-22,1D,bullish,midair,confirmed
AVANTIFEED,Three White Soldiers,2026-05-25,1D,bullish,at resistance,failed
AVANTIFEED,Evening Star,2026-05-27,1D,bearish,at S/R confluence,failed
AVANTIFEED,Doji,2026-05-28,1D,neutral,at S/R confluence,neutral
AVANTIFEED,Inside Bar,2026-05-28,1D,neutral,at S/R confluence,neutral
AVANTIFEED,Doji,2026-06-02,1D,neutral,midair,pending (last bar)
AVANTIFEED,Bullish Pin Bar,2026-06-02,1D,bullish,midair,pending (last bar)
542046,Bearish Marubozu,2026-05-04,1D,bearish,at S/R confluence,failed
542046,Inside Bar,2026-05-04,1D,neutral,at S/R confluence,neutral
542046,NR7,2026-05-04,1D,neutral,at S/R confluence,neutral
542046,Bullish Harami,2026-05-05,1D,bullish,at S/R confluence,failed
542046,NR7,2026-05-05,1D,neutral,at S/R confluence,neutral
542046,Long-legged Doji,2026-05-06,1D,neutral,at S/R confluence,neutral
542046,Outside Bar,2026-05-06,1D,neutral,at S/R confluence,neutral
542046,Hanging Man,2026-05-07,1D,bearish,at S/R confluence,failed
542046,Bullish Pin Bar,2026-05-07,1D,bullish,at S/R confluence,confirmed
542046,Hanging Man,2026-05-08,1D,bearish,at S/R confluence,confirmed
542046,Bullish Pin Bar,2026-05-08,1D,bullish,at S/R confluence,failed
542046,Hammer,2026-05-11,1D,bullish,at S/R confluence,failed
542046,Bullish Pin Bar,2026-05-11,1D,bullish,at S/R confluence,failed
542046,Inverted Hammer,2026-05-12,1D,bullish,at support,confirmed
542046,Inside Bar,2026-05-12,1D,neutral,at support,neutral
542046,Three Black Crows,2026-05-12,1D,bearish,at support,failed
542046,Bullish Engulfing,2026-05-13,1D,bullish,at S/R confluence,confirmed
542046,Outside Bar,2026-05-13,1D,neutral,at S/R confluence,neutral
542046,Tweezer Bottom,2026-05-15,1D,bullish,at S/R confluence,failed
542046,Inside Bar,2026-05-15,1D,neutral,at S/R confluence,neutral
542046,NR7,2026-05-15,1D,neutral,at S/R confluence,neutral
542046,Inverted Hammer,2026-05-19,1D,bullish,at support,failed
542046,Tweezer Bottom,2026-05-19,1D,bullish,at support,failed
542046,Inside Bar,2026-05-19,1D,neutral,at support,neutral
542046,NR7,2026-05-19,1D,neutral,at support,neutral
542046,Long-legged Doji,2026-05-21,1D,neutral,at support,neutral
542046,Bearish Pin Bar,2026-05-21,1D,bearish,at support,failed
542046,Outside Bar,2026-05-21,1D,neutral,at support,neutral
542046,Inside Bar,2026-05-22,1D,neutral,at S/R confluence,neutral
542046,Inverted Hammer,2026-05-26,1D,bullish,at S/R confluence,confirmed
542046,Bearish Harami,2026-05-26,1D,bearish,at S/R confluence,failed
542046,Outside Bar,2026-05-26,1D,neutral,at S/R confluence,neutral
542046,Inside Bar,2026-05-29,1D,neutral,at support,neutral
542046,NR4,2026-05-29,1D,neutral,at support,neutral
ABSLAMC,Inside Bar,2026-05-06,1D,neutral,at resistance,neutral
ABSLAMC,Inverted Hammer,2026-05-07,1D,bullish,at resistance,failed
ABSLAMC,Bearish Engulfing,2026-05-08,1D,bearish,at resistance,confirmed
ABSLAMC,Inside Bar,2026-05-08,1D,neutral,at resistance,neutral
ABSLAMC,Inside Bar,2026-05-12,1D,neutral,at resistance,neutral
ABSLAMC,NR7,2026-05-12,1D,neutral,at resistance,neutral
ABSLAMC,Three Black Crows,2026-05-12,1D,bearish,at resistance,confirmed
ABSLAMC,Outside Bar,2026-05-13,1D,neutral,at S/R confluence,neutral
ABSLAMC,Three Black Crows,2026-05-13,1D,bearish,at S/R confluence,failed
ABSLAMC,Inside Bar,2026-05-14,1D,neutral,at resistance,neutral
ABSLAMC,Bearish Engulfing,2026-05-15,1D,bearish,at S/R confluence,confirmed
ABSLAMC,Tweezer Top,2026-05-15,1D,bearish,at S/R confluence,confirmed
ABSLAMC,NR4,2026-05-18,1D,neutral,at support,neutral
ABSLAMC,Tweezer Bottom,2026-05-19,1D,bullish,at S/R confluence,failed
ABSLAMC,Bearish Harami,2026-05-20,1D,bearish,at S/R confluence,failed
ABSLAMC,Inside Bar,2026-05-20,1D,neutral,at S/R confluence,neutral
ABSLAMC,NR4,2026-05-20,1D,neutral,at S/R confluence,neutral
ABSLAMC,NR7,2026-05-21,1D,neutral,at S/R confluence,neutral
ABSLAMC,NR7,2026-05-22,1D,neutral,at S/R confluence,neutral
ABSLAMC,Doji,2026-05-25,1D,neutral,at S/R confluence,neutral
ABSLAMC,Inverted Hammer,2026-05-25,1D,bullish,at S/R confluence,failed
ABSLAMC,Bearish Pin Bar,2026-05-25,1D,bearish,at S/R confluence,confirmed
ABSLAMC,Bullish Harami,2026-05-25,1D,bullish,at S/R confluence,failed
ABSLAMC,Tweezer Bottom,2026-05-25,1D,bullish,at S/R confluence,failed
ABSLAMC,Outside Bar,2026-05-25,1D,neutral,at S/R confluence,neutral
ABSLAMC,Tweezer Bottom,2026-05-27,1D,bullish,at S/R confluence,confirmed
ABSLAMC,Bearish Engulfing,2026-06-01,1D,bearish,at S/R confluence,failed
ABSLAMC,Inside Bar,2026-06-02,1D,neutral,at S/R confluence,pending (last bar)
ABSLAMC,NR4,2026-06-02,1D,neutral,at S/R confluence,pending (last bar)
AGIIL,Long-legged Doji,2026-05-06,1D,neutral,at S/R confluence,neutral
AGIIL,Bullish Harami,2026-05-06,1D,bullish,at S/R confluence,failed
AGIIL,Bearish Engulfing,2026-05-07,1D,bearish,at S/R confluence,failed
AGIIL,Inside Bar,2026-05-07,1D,neutral,at S/R confluence,neutral
AGIIL,NR4,2026-05-07,1D,neutral,at S/R confluence,neutral
AGIIL,Long-legged Doji,2026-05-08,1D,neutral,at S/R confluence,neutral
AGIIL,NR4,2026-05-08,1D,neutral,at S/R confluence,neutral
AGIIL,Outside Bar,2026-05-11,1D,neutral,at resistance,neutral
AGIIL,Morning Star,2026-05-11,1D,bullish,at resistance,failed
AGIIL,Tweezer Bottom,2026-05-12,1D,bullish,at support,confirmed
AGIIL,Inside Bar,2026-05-12,1D,neutral,at support,neutral
AGIIL,Inverted Hammer,2026-05-13,1D,bullish,at S/R confluence,confirmed
AGIIL,Bearish Pin Bar,2026-05-13,1D,bearish,at S/R confluence,failed
AGIIL,Bullish Harami,2026-05-13,1D,bullish,at S/R confluence,confirmed
AGIIL,Inside Bar,2026-05-13,1D,neutral,at S/R confluence,neutral
AGIIL,Outside Bar,2026-05-14,1D,neutral,midair,neutral
AGIIL,Morning Star,2026-05-14,1D,bullish,midair,confirmed
AGIIL,Three White Soldiers,2026-05-15,1D,bullish,at resistance,failed
AGIIL,Bearish Engulfing,2026-05-18,1D,bearish,at resistance,failed
AGIIL,Outside Bar,2026-05-18,1D,neutral,at resistance,neutral
AGIIL,Long-legged Doji,2026-05-19,1D,neutral,at resistance,neutral
AGIIL,Bullish Harami,2026-05-19,1D,bullish,at resistance,confirmed
AGIIL,NR4,2026-05-19,1D,neutral,at resistance,neutral
AGIIL,Doji,2026-05-20,1D,neutral,at resistance,neutral
AGIIL,Bearish Pin Bar,2026-05-20,1D,bearish,at resistance,confirmed
AGIIL,Inside Bar,2026-05-21,1D,neutral,at resistance,neutral
AGIIL,Evening Star,2026-05-21,1D,bearish,at resistance,failed
AGIIL,Long-legged Doji,2026-05-22,1D,neutral,at resistance,neutral
AGIIL,Bullish Harami,2026-05-22,1D,bullish,at resistance,failed
AGIIL,Inside Bar,2026-05-25,1D,neutral,at resistance,neutral
AGIIL,NR7,2026-05-25,1D,neutral,at resistance,neutral
AGIIL,Long-legged Doji,2026-05-27,1D,neutral,at support,neutral
AGIIL,Doji,2026-05-28,1D,neutral,at support,neutral
AGIIL,Inside Bar,2026-05-28,1D,neutral,at support,neutral
AGIIL,Outside Bar,2026-05-29,1D,neutral,at support,neutral
AGIIL,Bullish Engulfing,2026-06-02,1D,bullish,at resistance,pending (last bar)
AGIIL,Tweezer Bottom,2026-06-02,1D,bullish,at resistance,pending (last bar)
AGIIL,Outside Bar,2026-06-02,1D,neutral,at resistance,pending (last bar)
LLOYDSENGG,Bearish Engulfing,2026-05-06,1D,bearish,at S/R confluence,failed
LLOYDSENGG,Outside Bar,2026-05-07,1D,neutral,at S/R confluence,neutral
LLOYDSENGG,NR4,2026-05-08,1D,neutral,at S/R confluence,neutral
LLOYDSENGG,Three White Soldiers,2026-05-11,1D,bullish,at S/R confluence,confirmed
LLOYDSENGG,Shooting Star,2026-05-12,1D,bearish,at S/R confluence,failed
LLOYDSENGG,Bearish Pin Bar,2026-05-12,1D,bearish,at S/R confluence,failed
LLOYDSENGG,Three White Soldiers,2026-05-12,1D,bullish,at S/R confluence,confirmed
LLOYDSENGG,Inside Bar,2026-05-13,1D,neutral,at resistance,neutral
LLOYDSENGG,Three White Soldiers,2026-05-13,1D,bullish,at resistance,confirmed
LLOYDSENGG,Three White Soldiers,2026-05-14,1D,bullish,at S/R confluence,failed
LLOYDSENGG,Bearish Engulfing,2026-05-15,1D,bearish,at resistance,confirmed
LLOYDSENGG,Tweezer Top,2026-05-19,1D,bearish,at support,confirmed
LLOYDSENGG,Inside Bar,2026-05-19,1D,neutral,at support,neutral
LLOYDSENGG,NR7,2026-05-19,1D,neutral,at support,neutral
LLOYDSENGG,Three Black Crows,2026-05-19,1D,bearish,at support,confirmed
LLOYDSENGG,NR7,2026-05-20,1D,neutral,at S/R confluence,neutral
LLOYDSENGG,Three Black Crows,2026-05-20,1D,bearish,at S/R confluence,failed
LLOYDSENGG,Three White Soldiers,2026-05-26,1D,bullish,at support,confirmed
LLOYDSENGG,Three White Soldiers,2026-05-27,1D,bullish,at support,failed
LLOYDSENGG,Doji,2026-05-28,1D,neutral,at support,neutral
LLOYDSENGG,Inside Bar,2026-05-28,1D,neutral,at support,neutral
LLOYDSENGG,Bearish Marubozu,2026-05-29,1D,bearish,at S/R confluence,confirmed
LLOYDSENGG,Outside Bar,2026-05-29,1D,neutral,at S/R confluence,neutral
LLOYDSENGG,Evening Star,2026-05-29,1D,bearish,at S/R confluence,confirmed
MCX,Morning Star,2026-05-06,1D,bullish,at resistance,confirmed
MCX,Three White Soldiers,2026-05-08,1D,bullish,midair,confirmed
MCX,Three White Soldiers,2026-05-11,1D,bullish,midair,failed
MCX,Tweezer Top,2026-05-13,1D,bearish,midair,failed
MCX,Outside Bar,2026-05-13,1D,neutral,midair,neutral
MCX,NR7,2026-05-15,1D,neutral,at resistance,neutral
MCX,Long-legged Doji,2026-05-18,1D,neutral,midair,neutral
MCX,Bullish Pin Bar,2026-05-18,1D,bullish,midair,confirmed
MCX,NR7,2026-05-18,1D,neutral,midair,neutral
MCX,Tweezer Top,2026-05-20,1D,bearish,at resistance,confirmed
MCX,Three White Soldiers,2026-05-20,1D,bullish,at resistance,failed
MCX,Bearish Engulfing,2026-05-21,1D,bearish,midair,confirmed
MCX,Outside Bar,2026-05-21,1D,neutral,midair,neutral
MCX,Bullish Harami,2026-05-25,1D,bullish,midair,failed
MCX,Tweezer Top,2026-05-26,1D,bearish,midair,confirmed
MCX,NR7,2026-05-26,1D,neutral,midair,neutral
MCX,Doji,2026-05-28,1D,neutral,midair,neutral
MCX,Tweezer Bottom,2026-05-28,1D,bullish,midair,failed
MCX,Inside Bar,2026-05-28,1D,neutral,midair,neutral
MCX,Outside Bar,2026-05-29,1D,neutral,at resistance,neutral
MCX,Hammer,2026-06-02,1D,bullish,at resistance,pending (last bar)
MCX,Bullish Pin Bar,2026-06-02,1D,bullish,at resistance,pending (last bar)
MCX,Three Black Crows,2026-06-02,1D,bearish,at resistance,pending (last bar)
EBGNG,Outside Bar,2026-05-06,1D,neutral,at resistance,neutral
EBGNG,Doji,2026-05-07,1D,neutral,midair,neutral
EBGNG,Hanging Man,2026-05-07,1D,bearish,midair,confirmed
EBGNG,Bullish Pin Bar,2026-05-07,1D,bullish,midair,failed
EBGNG,Bullish Harami,2026-05-07,1D,bullish,midair,failed
EBGNG,Bearish Engulfing,2026-05-08,1D,bearish,at S/R confluence,failed
EBGNG,NR4,2026-05-11,1D,neutral,at resistance,neutral
EBGNG,Long-legged Doji,2026-05-12,1D,neutral,at resistance,neutral
EBGNG,Evening Star,2026-05-13,1D,bearish,at S/R confluence,failed
EBGNG,Bullish Harami,2026-05-14,1D,bullish,at resistance,failed
EBGNG,NR7,2026-05-14,1D,neutral,at resistance,neutral
EBGNG,Bearish Engulfing,2026-05-15,1D,bearish,at support,failed
EBGNG,Inside Bar,2026-05-15,1D,neutral,at support,neutral
EBGNG,NR7,2026-05-15,1D,neutral,at support,neutral
EBGNG,Bullish Harami,2026-05-18,1D,bullish,at S/R confluence,failed
EBGNG,Outside Bar,2026-05-18,1D,neutral,at S/R confluence,neutral
EBGNG,Bearish Engulfing,2026-05-19,1D,bearish,at support,failed
EBGNG,Inside Bar,2026-05-19,1D,neutral,at support,neutral
EBGNG,NR4,2026-05-25,1D,neutral,midair,neutral
EBGNG,Doji,2026-05-26,1D,neutral,midair,neutral
EBGNG,Bearish Pin Bar,2026-05-26,1D,bearish,midair,confirmed
EBGNG,Three Black Crows,2026-05-26,1D,bearish,midair,confirmed
EBGNG,Outside Bar,2026-05-27,1D,neutral,at resistance,neutral
EBGNG,Three Black Crows,2026-05-27,1D,bearish,at resistance,failed
EBGNG,Doji,2026-05-28,1D,neutral,at resistance,neutral
EBGNG,Inside Bar,2026-05-28,1D,neutral,at resistance,neutral
EBGNG,Shooting Star,2026-05-29,1D,bearish,at resistance,confirmed
EBGNG,Outside Bar,2026-05-29,1D,neutral,at resistance,neutral
NDLVENTURE,Tweezer Bottom,2026-05-05,1D,bullish,at S/R confluence,confirmed
NDLVENTURE,Inside Bar,2026-05-06,1D,neutral,at resistance,neutral
NDLVENTURE,NR7,2026-05-06,1D,neutral,at resistance,neutral
NDLVENTURE,Tweezer Bottom,2026-05-07,1D,bullish,at resistance,confirmed
NDLVENTURE,Outside Bar,2026-05-07,1D,neutral,at resistance,neutral
NDLVENTURE,Inside Bar,2026-05-13,1D,neutral,at S/R confluence,neutral
NDLVENTURE,NR4,2026-05-13,1D,neutral,at S/R confluence,neutral
NDLVENTURE,Shooting Star,2026-05-14,1D,bearish,at S/R confluence,failed
NDLVENTURE,Tweezer Top,2026-05-14,1D,bearish,at S/R confluence,failed
NDLVENTURE,Inside Bar,2026-05-15,1D,neutral,at resistance,neutral
NDLVENTURE,NR4,2026-05-15,1D,neutral,at resistance,neutral
NDLVENTURE,Tweezer Bottom,2026-05-18,1D,bullish,at S/R confluence,confirmed
NDLVENTURE,Outside Bar,2026-05-18,1D,neutral,at S/R confluence,neutral
NDLVENTURE,Hammer,2026-05-19,1D,bullish,at resistance,confirmed
NDLVENTURE,Bullish Pin Bar,2026-05-19,1D,bullish,at resistance,confirmed
NDLVENTURE,Morning Star,2026-05-20,1D,bullish,at resistance,failed
NDLVENTURE,Inside Bar,2026-05-21,1D,neutral,at resistance,neutral
NDLVENTURE,Hanging Man,2026-05-22,1D,bearish,midair,failed
NDLVENTURE,Bullish Pin Bar,2026-05-22,1D,bullish,midair,confirmed
NDLVENTURE,Tweezer Top,2026-05-26,1D,bearish,at resistance,confirmed
NDLVENTURE,Inside Bar,2026-05-27,1D,neutral,midair,neutral
NDLVENTURE,NR7,2026-05-27,1D,neutral,midair,neutral
NDLVENTURE,Hanging Man,2026-05-29,1D,bearish,at resistance,confirmed
NDLVENTURE,Bullish Pin Bar,2026-05-29,1D,bullish,at resistance,failed
NDLVENTURE,Outside Bar,2026-05-29,1D,neutral,at resistance,neutral
NDLVENTURE,Long-legged Doji,2026-06-01,1D,neutral,midair,neutral
NDLVENTURE,Bearish Harami,2026-06-01,1D,bearish,midair,failed
NDLVENTURE,Inside Bar,2026-06-01,1D,neutral,midair,neutral
NDLVENTURE,Hanging Man,2026-06-02,1D,bearish,at resistance,pending (last bar)
NDLVENTURE,Bullish Pin Bar,2026-06-02,1D,bullish,at resistance,pending (last bar)
ABB,Bearish Engulfing,2026-05-06,1D,bearish,at resistance,failed
ABB,Outside Bar,2026-05-06,1D,neutral,at resistance,neutral
ABB,Long-legged Doji,2026-05-07,1D,neutral,at resistance,neutral
ABB,Bullish Harami,2026-05-07,1D,bullish,at resistance,failed
ABB,Bearish Marubozu,2026-05-08,1D,bearish,midair,confirmed
ABB,Bearish Engulfing,2026-05-08,1D,bearish,midair,confirmed
ABB,Tweezer Bottom,2026-05-08,1D,bullish,midair,failed
ABB,Hammer,2026-05-12,1D,bullish,at S/R confluence,failed
ABB,Bullish Pin Bar,2026-05-12,1D,bullish,at S/R confluence,failed
ABB,Three Black Crows,2026-05-12,1D,bearish,at S/R confluence,confirmed
ABB,Inside Bar,2026-05-13,1D,neutral,at S/R confluence,neutral
ABB,NR4,2026-05-13,1D,neutral,at S/R confluence,neutral
ABB,Three Black Crows,2026-05-13,1D,bearish,at S/R confluence,failed
ABB,Tweezer Bottom,2026-05-14,1D,bullish,at resistance,failed
ABB,Bearish Harami,2026-05-15,1D,bearish,at resistance,failed
ABB,Inside Bar,2026-05-15,1D,neutral,at resistance,neutral
ABB,NR7,2026-05-15,1D,neutral,at resistance,neutral
ABB,Outside Bar,2026-05-18,1D,neutral,at resistance,neutral
ABB,Bullish Marubozu,2026-05-20,1D,bullish,at resistance,failed
ABB,Bullish Engulfing,2026-05-20,1D,bullish,at resistance,failed
ABB,Outside Bar,2026-05-20,1D,neutral,at resistance,neutral
ABB,NR4,2026-05-21,1D,neutral,at resistance,neutral
ABB,NR4,2026-05-22,1D,neutral,at resistance,neutral
ABB,Shooting Star,2026-05-25,1D,bearish,midair,failed
ABB,NR7,2026-05-25,1D,neutral,midair,neutral
ABB,Tweezer Top,2026-05-26,1D,bearish,midair,failed
ABB,Inside Bar,2026-05-26,1D,neutral,midair,neutral
ABB,NR7,2026-05-26,1D,neutral,midair,neutral
ABB,Three White Soldiers,2026-05-26,1D,bullish,midair,confirmed
ABB,Three White Soldiers,2026-05-27,1D,bullish,at resistance,failed
ABB,Doji,2026-05-28,1D,neutral,at resistance,neutral
ABB,Inside Bar,2026-05-28,1D,neutral,at resistance,neutral
ABB,Outside Bar,2026-05-29,1D,neutral,at resistance,neutral
ABB,Bearish Marubozu,2026-06-01,1D,bearish,midair,failed
ABB,Piercing Line,2026-06-02,1D,bullish,midair,pending (last bar)
SHREEJISPG,Bullish Harami,2026-05-06,1D,bullish,at resistance,failed
SHREEJISPG,Inside Bar,2026-05-06,1D,neutral,at resistance,neutral
SHREEJISPG,Bearish Engulfing,2026-05-07,1D,bearish,at resistance,confirmed
SHREEJISPG,NR4,2026-05-07,1D,neutral,at resistance,neutral
SHREEJISPG,Shooting Star,2026-05-08,1D,bearish,at resistance,failed
SHREEJISPG,Outside Bar,2026-05-08,1D,neutral,at resistance,neutral
SHREEJISPG,Bullish Engulfing,2026-05-11,1D,bullish,at resistance,failed
SHREEJISPG,Tweezer Top,2026-05-11,1D,bearish,at resistance,confirmed
SHREEJISPG,Outside Bar,2026-05-11,1D,neutral,at resistance,neutral
SHREEJISPG,Bullish Engulfing,2026-05-13,1D,bullish,at resistance,failed
SHREEJISPG,NR4,2026-05-14,1D,neutral,at resistance,neutral
SHREEJISPG,Shooting Star,2026-05-15,1D,bearish,at resistance,confirmed
SHREEJISPG,Shooting Star,2026-05-18,1D,bearish,at resistance,failed
SHREEJISPG,Inside Bar,2026-05-18,1D,neutral,at resistance,neutral
SHREEJISPG,NR4,2026-05-18,1D,neutral,at resistance,neutral
SHREEJISPG,Tweezer Top,2026-05-19,1D,bearish,at resistance,failed
SHREEJISPG,NR7,2026-05-19,1D,neutral,at resistance,neutral
SHREEJISPG,Bullish Engulfing,2026-05-20,1D,bullish,at resistance,confirmed
SHREEJISPG,NR7,2026-05-20,1D,neutral,at resistance,neutral
SHREEJISPG,Morning Star,2026-05-20,1D,bullish,at resistance,confirmed
SHREEJISPG,Tweezer Top,2026-05-25,1D,bearish,midair,confirmed
SHREEJISPG,NR7,2026-05-25,1D,neutral,midair,neutral
SHREEJISPG,Doji,2026-05-28,1D,neutral,midair,neutral
SHREEJISPG,Inside Bar,2026-05-28,1D,neutral,midair,neutral
SHREEJISPG,Outside Bar,2026-05-29,1D,neutral,midair,neutral
SHREEJISPG,Evening Star,2026-05-29,1D,bearish,midair,failed
SHREEJISPG,Inside Bar,2026-06-02,1D,neutral,midair,pending (last bar)
INDOBORAX,Hanging Man,2026-05-06,1D,bearish,at resistance,confirmed
INDOBORAX,Inside Bar,2026-05-06,1D,neutral,at resistance,neutral
INDOBORAX,NR4,2026-05-06,1D,neutral,at resistance,neutral
INDOBORAX,Shooting Star,2026-05-08,1D,bearish,at S/R confluence,confirmed
INDOBORAX,Bullish Harami,2026-05-08,1D,bullish,at S/R confluence,failed
INDOBORAX,Bearish Marubozu,2026-05-11,1D,bearish,at S/R confluence,failed
INDOBORAX,Bearish Engulfing,2026-05-11,1D,bearish,at S/R confluence,failed
INDOBORAX,Bullish Engulfing,2026-05-12,1D,bullish,midair,confirmed
INDOBORAX,Outside Bar,2026-05-12,1D,neutral,midair,neutral
INDOBORAX,Inside Bar,2026-05-13,1D,neutral,at resistance,neutral
INDOBORAX,NR4,2026-05-15,1D,neutral,at resistance,neutral
INDOBORAX,NR4,2026-05-18,1D,neutral,at resistance,neutral
INDOBORAX,Doji,2026-05-19,1D,neutral,at resistance,neutral
INDOBORAX,Inside Bar,2026-05-20,1D,neutral,at resistance,neutral
INDOBORAX,NR7,2026-05-20,1D,neutral,at resistance,neutral
INDOBORAX,Bullish Engulfing,2026-05-25,1D,bullish,midair,failed
INDOBORAX,Inside Bar,2026-05-25,1D,neutral,midair,neutral
INDOBORAX,Tweezer Top,2026-05-26,1D,bearish,midair,confirmed
INDOBORAX,NR4,2026-05-26,1D,neutral,midair,neutral
INDOBORAX,Doji,2026-05-28,1D,neutral,midair,neutral
INDOBORAX,Inside Bar,2026-05-28,1D,neutral,midair,neutral
INDOBORAX,Outside Bar,2026-05-29,1D,neutral,midair,neutral
INDOBORAX,Morning Star,2026-05-29,1D,bullish,midair,failed
INDOBORAX,Long-legged Doji,2026-06-01,1D,neutral,midair,neutral
INDOBORAX,Bearish Harami,2026-06-01,1D,bearish,midair,failed
INDOBORAX,Bullish Engulfing,2026-06-02,1D,bullish,midair,pending (last bar)
INDOBORAX,Outside Bar,2026-06-02,1D,neutral,midair,pending (last bar)
GAUDIUMIVF,Bearish Harami,2026-05-07,1D,bearish,at resistance,confirmed
GAUDIUMIVF,Inside Bar,2026-05-07,1D,neutral,at resistance,neutral
GAUDIUMIVF,NR4,2026-05-07,1D,neutral,at resistance,neutral
GAUDIUMIVF,Evening Star,2026-05-08,1D,bearish,at support,confirmed
GAUDIUMIVF,Long-legged Doji,2026-05-11,1D,neutral,at support,neutral
GAUDIUMIVF,Piercing Line,2026-05-13,1D,bullish,at support,failed
GAUDIUMIVF,Bearish Engulfing,2026-05-14,1D,bearish,midair,confirmed
GAUDIUMIVF,Inside Bar,2026-05-14,1D,neutral,midair,neutral
GAUDIUMIVF,NR7,2026-05-15,1D,neutral,midair,neutral
GAUDIUMIVF,Three Black Crows,2026-05-18,1D,bearish,at support,failed
GAUDIUMIVF,Bullish Engulfing,2026-05-19,1D,bullish,midair,confirmed
GAUDIUMIVF,Outside Bar,2026-05-19,1D,neutral,midair,neutral
GAUDIUMIVF,Long-legged Doji,2026-05-21,1D,neutral,at support,neutral
GAUDIUMIVF,NR4,2026-05-21,1D,neutral,at support,neutral
GAUDIUMIVF,Three White Soldiers,2026-05-21,1D,bullish,at support,failed
GAUDIUMIVF,Bearish Engulfing,2026-05-22,1D,bearish,at support,failed
GAUDIUMIVF,Outside Bar,2026-05-22,1D,neutral,at support,neutral
GAUDIUMIVF,Outside Bar,2026-05-25,1D,neutral,at resistance,neutral
GAUDIUMIVF,Doji,2026-05-27,1D,neutral,at support,neutral
GAUDIUMIVF,Gravestone Doji,2026-05-29,1D,bearish,at support,confirmed
GAUDIUMIVF,Bearish Pin Bar,2026-05-29,1D,bearish,at support,confirmed
GAUDIUMIVF,Doji,2026-06-01,1D,neutral,at support,neutral
GAUDIUMIVF,Doji,2026-06-02,1D,neutral,midair,pending (last bar)
GESHIP,Morning Star,2026-05-06,1D,bullish,at resistance,failed
GESHIP,Inside Bar,2026-05-07,1D,neutral,at resistance,neutral
GESHIP,Long-legged Doji,2026-05-11,1D,neutral,at resistance,neutral
GESHIP,Bearish Harami,2026-05-11,1D,bearish,at resistance,confirmed
GESHIP,Inside Bar,2026-05-11,1D,neutral,at resistance,neutral
GESHIP,Evening Star,2026-05-12,1D,bearish,at resistance,confirmed
GESHIP,NR4,2026-05-13,1D,neutral,at S/R confluence,neutral
GESHIP,Three Black Crows,2026-05-13,1D,bearish,at S/R confluence,confirmed
GESHIP,Three Black Crows,2026-05-14,1D,bearish,at S/R confluence,failed
GESHIP,Inverted Hammer,2026-05-15,1D,bullish,at resistance,confirmed
GESHIP,Bearish Pin Bar,2026-05-15,1D,bearish,at resistance,failed
GESHIP,Bullish Engulfing,2026-05-18,1D,bullish,midair,confirmed
GESHIP,Doji,2026-05-19,1D,neutral,at resistance,neutral
GESHIP,Shooting Star,2026-05-19,1D,bearish,at resistance,confirmed
GESHIP,Bearish Pin Bar,2026-05-19,1D,bearish,at resistance,confirmed
GESHIP,NR4,2026-05-20,1D,neutral,midair,neutral
GESHIP,NR4,2026-05-21,1D,neutral,at resistance,neutral
GESHIP,Bearish Engulfing,2026-05-22,1D,bearish,midair,confirmed
GESHIP,Doji,2026-05-26,1D,neutral,at resistance,neutral
GESHIP,Shooting Star,2026-05-26,1D,bearish,at resistance,confirmed
GESHIP,Bearish Pin Bar,2026-05-26,1D,bearish,at resistance,confirmed
GESHIP,Bullish Harami,2026-05-26,1D,bullish,at resistance,failed
GESHIP,Inside Bar,2026-05-26,1D,neutral,at resistance,neutral
GESHIP,NR7,2026-05-26,1D,neutral,at resistance,neutral
GESHIP,Bearish Marubozu,2026-05-27,1D,bearish,at resistance,failed
GESHIP,Doji,2026-05-28,1D,neutral,at resistance,neutral
GESHIP,Inside Bar,2026-05-28,1D,neutral,at resistance,neutral
GESHIP,Outside Bar,2026-05-29,1D,neutral,at support,neutral
GESHIP,Inside Bar,2026-06-01,1D,neutral,at S/R confluence,neutral
GESHIP,Morning Star,2026-06-02,1D,bullish,at resistance,pending (last bar)
HINDALCO,Bullish Harami,2026-05-07,1D,bullish,at S/R confluence,failed
HINDALCO,Tweezer Bottom,2026-05-08,1D,bullish,at S/R confluence,failed
HINDALCO,NR4,2026-05-08,1D,neutral,at S/R confluence,neutral
HINDALCO,NR4,2026-05-11,1D,neutral,at S/R confluence,neutral
HINDALCO,Tweezer Bottom,2026-05-12,1D,bullish,at S/R confluence,confirmed
HINDALCO,Three White Soldiers,2026-05-14,1D,bullish,at resistance,failed
HINDALCO,NR7,2026-05-18,1D,neutral,at S/R confluence,neutral
HINDALCO,Hanging Man,2026-05-19,1D,bearish,at S/R confluence,failed
HINDALCO,Bullish Pin Bar,2026-05-19,1D,bullish,at S/R confluence,confirmed
HINDALCO,Bullish Marubozu,2026-05-20,1D,bullish,at resistance,confirmed
HINDALCO,Bullish Engulfing,2026-05-20,1D,bullish,at resistance,confirmed
HINDALCO,Long-legged Doji,2026-05-21,1D,neutral,at resistance,neutral
HINDALCO,Three White Soldiers,2026-05-22,1D,bullish,at resistance,failed
HINDALCO,Outside Bar,2026-05-25,1D,neutral,at resistance,neutral
HINDALCO,Long-legged Doji,2026-05-26,1D,neutral,at resistance,neutral
HINDALCO,Bullish Harami,2026-05-26,1D,bullish,at resistance,confirmed
HINDALCO,Tweezer Top,2026-05-26,1D,bearish,at resistance,failed
HINDALCO,Inside Bar,2026-05-26,1D,neutral,at resistance,neutral
HINDALCO,Morning Star,2026-05-27,1D,bullish,midair,failed
HINDALCO,Doji,2026-05-28,1D,neutral,midair,neutral
HINDALCO,Inside Bar,2026-05-28,1D,neutral,midair,neutral
HINDALCO,Bearish Marubozu,2026-05-29,1D,bearish,at resistance,failed
HINDALCO,Outside Bar,2026-05-29,1D,neutral,at resistance,neutral
HINDALCO,Evening Star,2026-05-29,1D,bearish,at resistance,failed
HINDALCO,Bullish Harami,2026-06-01,1D,bullish,midair,confirmed
HINDALCO,Inside Bar,2026-06-01,1D,neutral,midair,neutral
HINDALCO,Shooting Star,2026-06-02,1D,bearish,midair,pending (last bar)
KRISHANA,Three White Soldiers,2026-05-06,1D,bullish,at support,confirmed
KRISHANA,NR4,2026-05-07,1D,neutral,midair,neutral
KRISHANA,Three White Soldiers,2026-05-07,1D,bullish,midair,confirmed
KRISHANA,Bullish Marubozu,2026-05-08,1D,bullish,at resistance,failed
KRISHANA,Three White Soldiers,2026-05-08,1D,bullish,at resistance,failed
KRISHANA,Bearish Engulfing,2026-05-11,1D,bearish,midair,failed
KRISHANA,Outside Bar,2026-05-11,1D,neutral,midair,neutral
KRISHANA,Long-legged Doji,2026-05-12,1D,neutral,at resistance,neutral
KRISHANA,Inside Bar,2026-05-12,1D,neutral,at resistance,neutral
KRISHANA,Shooting Star,2026-05-13,1D,bearish,midair,failed
KRISHANA,Tweezer Top,2026-05-13,1D,bearish,midair,failed
KRISHANA,NR4,2026-05-14,1D,neutral,at resistance,neutral
KRISHANA,Bearish Engulfing,2026-05-15,1D,bearish,midair,confirmed
KRISHANA,Tweezer Top,2026-05-15,1D,bearish,midair,confirmed
KRISHANA,Hanging Man,2026-05-18,1D,bearish,midair,failed
KRISHANA,Bullish Pin Bar,2026-05-18,1D,bullish,midair,confirmed
KRISHANA,Morning Star,2026-05-19,1D,bullish,at resistance,confirmed
KRISHANA,NR4,2026-05-20,1D,neutral,at resistance,neutral
KRISHANA,Three White Soldiers,2026-05-21,1D,bullish,at resistance,failed
KRISHANA,Bearish Engulfing,2026-05-22,1D,bearish,midair,failed
KRISHANA,Outside Bar,2026-05-22,1D,neutral,midair,neutral
KRISHANA,Hanging Man,2026-05-25,1D,bearish,midair,failed
KRISHANA,NR4,2026-05-26,1D,neutral,midair,neutral
KRISHANA,Long-legged Doji,2026-05-27,1D,neutral,at resistance,neutral
KRISHANA,Bearish Engulfing,2026-05-29,1D,bearish,midair,failed
KRISHANA,Evening Star,2026-05-29,1D,bearish,midair,failed
KRISHANA,Bullish Harami,2026-06-01,1D,bullish,midair,confirmed
KRISHANA,Tweezer Bottom,2026-06-01,1D,bullish,midair,confirmed
KRISHANA,Inside Bar,2026-06-01,1D,neutral,midair,neutral
KRISHANA,NR7,2026-06-01,1D,neutral,midair,neutral
KRISHANA,NR7,2026-06-02,1D,neutral,at resistance,pending (last bar)
KRISHANA,Morning Star,2026-06-02,1D,bullish,at resistance,pending (last bar)
BODALCHEM,Bullish Engulfing,2026-05-05,1D,bullish,at S/R confluence,confirmed
BODALCHEM,Tweezer Bottom,2026-05-05,1D,bullish,at S/R confluence,confirmed
BODALCHEM,Three White Soldiers,2026-05-07,1D,bullish,at support,confirmed
BODALCHEM,NR4,2026-05-11,1D,neutral,at S/R confluence,neutral
BODALCHEM,Bearish Marubozu,2026-05-12,1D,bearish,at resistance,confirmed
BODALCHEM,Three Black Crows,2026-05-12,1D,bearish,at resistance,confirmed
BODALCHEM,Three Black Crows,2026-05-13,1D,bearish,at S/R confluence,failed
BODALCHEM,Shooting Star,2026-05-14,1D,bearish,at S/R confluence,confirmed
BODALCHEM,Shooting Star,2026-05-15,1D,bearish,at S/R confluence,failed
BODALCHEM,Bearish Pin Bar,2026-05-15,1D,bearish,at S/R confluence,failed
BODALCHEM,Inside Bar,2026-05-15,1D,neutral,at S/R confluence,neutral
BODALCHEM,NR7,2026-05-15,1D,neutral,at S/R confluence,neutral
BODALCHEM,Inverted Hammer,2026-05-18,1D,bullish,at resistance,failed
BODALCHEM,Bearish Pin Bar,2026-05-18,1D,bearish,at resistance,confirmed
BODALCHEM,Inside Bar,2026-05-19,1D,neutral,at resistance,neutral
BODALCHEM,Bearish Harami,2026-05-22,1D,bearish,at support,failed
BODALCHEM,Inside Bar,2026-05-22,1D,neutral,at support,neutral
BODALCHEM,Shooting Star,2026-05-25,1D,bearish,at S/R confluence,confirmed
BODALCHEM,Bullish Harami,2026-05-25,1D,bullish,at S/R confluence,failed
BODALCHEM,Inside Bar,2026-05-25,1D,neutral,at S/R confluence,neutral
BODALCHEM,Long-legged Doji,2026-05-26,1D,neutral,at S/R confluence,neutral
BODALCHEM,Bearish Harami,2026-05-26,1D,bearish,at S/R confluence,confirmed
BODALCHEM,NR4,2026-05-26,1D,neutral,at S/R confluence,neutral
BODALCHEM,NR4,2026-05-27,1D,neutral,at support,neutral
BODALCHEM,Evening Star,2026-05-27,1D,bearish,at support,confirmed
BODALCHEM,Three Black Crows,2026-05-29,1D,bearish,at resistance,failed
BODALCHEM,Inside Bar,2026-06-01,1D,neutral,at support,neutral
BODALCHEM,Bearish Harami,2026-06-02,1D,bearish,at S/R confluence,pending (last bar)
TMB,Morning Star,2026-05-06,1D,bullish,at resistance,failed
TMB,Bearish Engulfing,2026-05-07,1D,bearish,at resistance,confirmed
TMB,Outside Bar,2026-05-07,1D,neutral,at resistance,neutral
TMB,Bearish Marubozu,2026-05-11,1D,bearish,at resistance,confirmed
TMB,Three Black Crows,2026-05-11,1D,bearish,at resistance,confirmed
TMB,NR4,2026-05-12,1D,neutral,at support,neutral
TMB,Three Black Crows,2026-05-12,1D,bearish,at support,failed
TMB,Bullish Harami,2026-05-13,1D,bullish,at resistance,failed
TMB,Gravestone Doji,2026-05-15,1D,bearish,at support,failed
TMB,Inverted Hammer,2026-05-15,1D,bullish,at support,confirmed
TMB,Bearish Pin Bar,2026-05-15,1D,bearish,at support,failed
TMB,Bullish Harami,2026-05-15,1D,bullish,at support,confirmed
TMB,Inside Bar,2026-05-15,1D,neutral,at support,neutral
TMB,NR7,2026-05-15,1D,neutral,at support,neutral
TMB,Outside Bar,2026-05-18,1D,neutral,at resistance,neutral
TMB,Morning Star,2026-05-18,1D,bullish,at resistance,failed
TMB,Inside Bar,2026-05-19,1D,neutral,at resistance,neutral
TMB,NR7,2026-05-19,1D,neutral,at resistance,neutral
TMB,Bullish Engulfing,2026-05-20,1D,bullish,at resistance,failed
TMB,Outside Bar,2026-05-20,1D,neutral,at resistance,neutral
TMB,Long-legged Doji,2026-05-21,1D,neutral,at resistance,neutral
TMB,NR7,2026-05-22,1D,neutral,at resistance,neutral
TMB,Evening Star,2026-05-22,1D,bearish,at resistance,failed
TMB,Inside Bar,2026-05-25,1D,neutral,at resistance,neutral
TMB,NR7,2026-05-25,1D,neutral,at resistance,neutral
TMB,Doji,2026-05-26,1D,neutral,at resistance,neutral
TMB,Shooting Star,2026-05-26,1D,bearish,at resistance,confirmed
TMB,Bearish Pin Bar,2026-05-26,1D,bearish,at resistance,confirmed
TMB,Outside Bar,2026-05-26,1D,neutral,at resistance,neutral
TMB,Three Black Crows,2026-05-27,1D,bearish,at resistance,failed
TMB,Doji,2026-05-28,1D,neutral,at resistance,neutral
TMB,Inside Bar,2026-05-28,1D,neutral,at resistance,neutral
TMB,Outside Bar,2026-05-29,1D,neutral,at resistance,neutral
TMB,Morning Star,2026-05-29,1D,bullish,at resistance,confirmed
TMB,Inside Bar,2026-06-02,1D,neutral,midair,pending (last bar)
TMB,Three White Soldiers,2026-06-02,1D,bullish,midair,pending (last bar)
543542,Inside Bar,2026-05-04,1D,neutral,at S/R confluence,neutral
543542,NR7,2026-05-04,1D,neutral,at S/R confluence,neutral
543542,Morning Star,2026-05-04,1D,bullish,at S/R confluence,confirmed
543542,NR7,2026-05-05,1D,neutral,at resistance,neutral
543542,Hanging Man,2026-05-06,1D,bearish,at S/R confluence,confirmed
543542,Bullish Pin Bar,2026-05-06,1D,bullish,at S/R confluence,failed
543542,Outside Bar,2026-05-06,1D,neutral,at S/R confluence,neutral
543542,Hanging Man,2026-05-07,1D,bearish,at S/R confluence,failed
543542,Bullish Pin Bar,2026-05-07,1D,bullish,at S/R confluence,confirmed
543542,Three Black Crows,2026-05-07,1D,bearish,at S/R confluence,failed
543542,Doji,2026-05-08,1D,neutral,at S/R confluence,neutral
543542,Hanging Man,2026-05-08,1D,bearish,at S/R confluence,confirmed
543542,Bullish Pin Bar,2026-05-08,1D,bullish,at S/R confluence,failed
543542,Bullish Harami,2026-05-08,1D,bullish,at S/R confluence,failed
543542,Inside Bar,2026-05-08,1D,neutral,at S/R confluence,neutral
543542,Dragonfly Doji,2026-05-11,1D,bullish,at S/R confluence,failed
543542,Hanging Man,2026-05-11,1D,bearish,at S/R confluence,confirmed
543542,Bullish Pin Bar,2026-05-11,1D,bullish,at S/R confluence,failed
543542,Tweezer Top,2026-05-11,1D,bearish,at S/R confluence,confirmed
543542,Inside Bar,2026-05-11,1D,neutral,at S/R confluence,neutral
543542,NR4,2026-05-11,1D,neutral,at S/R confluence,neutral
543542,Tweezer Top,2026-05-12,1D,bearish,at S/R confluence,failed
543542,NR4,2026-05-12,1D,neutral,at S/R confluence,neutral
543542,Hanging Man,2026-05-14,1D,bearish,at S/R confluence,failed
543542,Bullish Pin Bar,2026-05-14,1D,bullish,at S/R confluence,confirmed
543542,Bullish Harami,2026-05-14,1D,bullish,at S/R confluence,confirmed
543542,Inside Bar,2026-05-14,1D,neutral,at S/R confluence,neutral
543542,NR7,2026-05-14,1D,neutral,at S/R confluence,neutral
543542,Tweezer Bottom,2026-05-15,1D,bullish,at resistance,failed
543542,Outside Bar,2026-05-15,1D,neutral,at resistance,neutral
543542,Bearish Marubozu,2026-05-18,1D,bearish,at S/R confluence,failed
543542,Inside Bar,2026-05-18,1D,neutral,at S/R confluence,neutral
543542,Doji,2026-05-19,1D,neutral,at S/R confluence,neutral
543542,Hanging Man,2026-05-19,1D,bearish,at S/R confluence,confirmed
543542,Bullish Pin Bar,2026-05-19,1D,bullish,at S/R confluence,failed
543542,Outside Bar,2026-05-19,1D,neutral,at S/R confluence,neutral
543542,Tweezer Top,2026-05-20,1D,bearish,at S/R confluence,confirmed
543542,Dragonfly Doji,2026-05-21,1D,bullish,at S/R confluence,confirmed
543542,Hanging Man,2026-05-21,1D,bearish,at S/R confluence,failed
543542,Bullish Pin Bar,2026-05-21,1D,bullish,at S/R confluence,confirmed
543542,Three Black Crows,2026-05-21,1D,bearish,at S/R confluence,failed
543542,Hanging Man,2026-05-22,1D,bearish,at S/R confluence,confirmed
543542,NR4,2026-05-22,1D,neutral,at S/R confluence,neutral
543542,Inside Bar,2026-05-25,1D,neutral,at S/R confluence,neutral
543542,NR4,2026-05-25,1D,neutral,at S/R confluence,neutral
543542,Bullish Harami,2026-05-26,1D,bullish,at S/R confluence,confirmed
543542,Tweezer Bottom,2026-05-26,1D,bullish,at S/R confluence,confirmed
543542,Inside Bar,2026-05-26,1D,neutral,at S/R confluence,neutral
543542,NR4,2026-05-26,1D,neutral,at S/R confluence,neutral
543542,Tweezer Bottom,2026-05-27,1D,bullish,at resistance,failed
543542,Outside Bar,2026-05-27,1D,neutral,at resistance,neutral
543542,Morning Star,2026-05-27,1D,bullish,at resistance,failed
543542,Hammer,2026-06-01,1D,bullish,at S/R confluence,pending (last bar)
GRANULES,Three White Soldiers,2026-05-06,1D,bullish,at support,confirmed
GRANULES,Inside Bar,2026-05-07,1D,neutral,at resistance,neutral
GRANULES,Three White Soldiers,2026-05-07,1D,bullish,at resistance,confirmed
GRANULES,Three White Soldiers,2026-05-08,1D,bullish,at resistance,confirmed
GRANULES,Tweezer Top,2026-05-11,1D,bearish,at resistance,confirmed
GRANULES,Inside Bar,2026-05-11,1D,neutral,at resistance,neutral
GRANULES,NR4,2026-05-11,1D,neutral,at resistance,neutral
GRANULES,Three White Soldiers,2026-05-11,1D,bullish,at resistance,failed
GRANULES,Evening Star,2026-05-12,1D,bearish,at support,confirmed
GRANULES,Doji,2026-05-13,1D,neutral,at support,neutral
GRANULES,Shooting Star,2026-05-13,1D,bearish,at support,failed
GRANULES,Bearish Pin Bar,2026-05-13,1D,bearish,at support,failed
GRANULES,Tweezer Top,2026-05-14,1D,bearish,at support,failed
GRANULES,NR7,2026-05-14,1D,neutral,at support,neutral
GRANULES,Long-legged Doji,2026-05-18,1D,neutral,at support,neutral
GRANULES,Morning Star,2026-05-19,1D,bullish,at resistance,failed
GRANULES,Bearish Harami,2026-05-20,1D,bearish,at resistance,failed
GRANULES,Tweezer Top,2026-05-20,1D,bearish,at resistance,failed
GRANULES,Inside Bar,2026-05-20,1D,neutral,at resistance,neutral
GRANULES,Long-legged Doji,2026-05-21,1D,neutral,at resistance,neutral
GRANULES,Inside Bar,2026-05-21,1D,neutral,at resistance,neutral
GRANULES,NR7,2026-05-21,1D,neutral,at resistance,neutral
GRANULES,Bearish Engulfing,2026-05-22,1D,bearish,at resistance,failed
GRANULES,Tweezer Top,2026-05-22,1D,bearish,at resistance,failed
GRANULES,Outside Bar,2026-05-22,1D,neutral,at resistance,neutral
GRANULES,Bullish Harami,2026-05-25,1D,bullish,at resistance,failed
GRANULES,Inside Bar,2026-05-25,1D,neutral,at resistance,neutral
GRANULES,NR7,2026-05-25,1D,neutral,at resistance,neutral
GRANULES,Doji,2026-05-26,1D,neutral,at resistance,neutral
GRANULES,Shooting Star,2026-05-26,1D,bearish,at resistance,failed
GRANULES,Bearish Pin Bar,2026-05-26,1D,bearish,at resistance,failed
GRANULES,Outside Bar,2026-05-26,1D,neutral,at resistance,neutral
GRANULES,Doji,2026-05-28,1D,neutral,at resistance,neutral
GRANULES,Inside Bar,2026-05-28,1D,neutral,at resistance,neutral
GRANULES,Outside Bar,2026-05-29,1D,neutral,at resistance,neutral
GRANULES,Long-legged Doji,2026-06-01,1D,neutral,at resistance,neutral
GRANULES,Inside Bar,2026-06-01,1D,neutral,at resistance,neutral
535916,Morning Star,2026-05-04,1D,bullish,at S/R confluence,confirmed
535916,Hanging Man,2026-05-05,1D,bearish,at S/R confluence,failed
535916,Inside Bar,2026-05-05,1D,neutral,at S/R confluence,neutral
535916,Three White Soldiers,2026-05-05,1D,bullish,at S/R confluence,confirmed
535916,Three White Soldiers,2026-05-06,1D,bullish,midair,confirmed
535916,Three White Soldiers,2026-05-07,1D,bullish,at resistance,confirmed
535916,Long-legged Doji,2026-05-08,1D,neutral,at resistance,neutral
535916,Inside Bar,2026-05-08,1D,neutral,at resistance,neutral
535916,NR4,2026-05-08,1D,neutral,at resistance,neutral
535916,NR7,2026-05-12,1D,neutral,at resistance,neutral
535916,Bearish Engulfing,2026-05-13,1D,bearish,at resistance,failed
535916,Outside Bar,2026-05-13,1D,neutral,at resistance,neutral
535916,Hanging Man,2026-05-14,1D,bearish,at resistance,confirmed
535916,Bullish Pin Bar,2026-05-14,1D,bullish,at resistance,failed
535916,Bullish Harami,2026-05-14,1D,bullish,at resistance,failed
535916,Inside Bar,2026-05-14,1D,neutral,at resistance,neutral
535916,NR7,2026-05-14,1D,neutral,at resistance,neutral
535916,Bearish Engulfing,2026-05-15,1D,bearish,at resistance,confirmed
535916,Outside Bar,2026-05-15,1D,neutral,at resistance,neutral
535916,Long-legged Doji,2026-05-18,1D,neutral,at resistance,neutral
535916,Inside Bar,2026-05-19,1D,neutral,at resistance,neutral
535916,Inside Bar,2026-05-20,1D,neutral,midair,neutral
535916,NR4,2026-05-20,1D,neutral,midair,neutral
535916,Doji,2026-05-21,1D,neutral,at resistance,neutral
535916,Inverted Hammer,2026-05-21,1D,bullish,at resistance,failed
535916,Bearish Pin Bar,2026-05-21,1D,bearish,at resistance,confirmed
535916,NR4,2026-05-21,1D,neutral,at resistance,neutral
535916,Bearish Engulfing,2026-05-22,1D,bearish,at S/R confluence,confirmed
535916,Evening Star,2026-05-22,1D,bearish,at S/R confluence,confirmed
535916,Dragonfly Doji,2026-05-26,1D,bullish,at resistance,confirmed
535916,Hammer,2026-05-26,1D,bullish,at resistance,confirmed
535916,Bullish Pin Bar,2026-05-26,1D,bullish,at resistance,confirmed
535916,Morning Star,2026-05-27,1D,bullish,at resistance,failed
535916,Hammer,2026-05-29,1D,bullish,at resistance,failed
535916,Bullish Pin Bar,2026-05-29,1D,bullish,at resistance,failed
535916,Inside Bar,2026-05-29,1D,neutral,at resistance,neutral
535916,NR4,2026-05-29,1D,neutral,at resistance,neutral
535916,Tweezer Top,2026-06-01,1D,bearish,midair,pending (last bar)
535916,Evening Star,2026-06-01,1D,bearish,midair,pending (last bar)
DREDGECORP,Inverted Hammer,2026-05-05,1D,bullish,at S/R confluence,confirmed
DREDGECORP,Bearish Pin Bar,2026-05-05,1D,bearish,at S/R confluence,failed
DREDGECORP,Tweezer Bottom,2026-05-05,1D,bullish,at S/R confluence,confirmed
DREDGECORP,Inside Bar,2026-05-05,1D,neutral,at S/R confluence,neutral
DREDGECORP,Doji,2026-05-06,1D,neutral,at S/R confluence,neutral
DREDGECORP,Hammer,2026-05-06,1D,bullish,at S/R confluence,confirmed
DREDGECORP,Bullish Pin Bar,2026-05-06,1D,bullish,at S/R confluence,confirmed
DREDGECORP,NR4,2026-05-08,1D,neutral,at S/R confluence,neutral
DREDGECORP,Three Black Crows,2026-05-12,1D,bearish,at S/R confluence,failed
DREDGECORP,Bullish Harami,2026-05-13,1D,bullish,at S/R confluence,failed
DREDGECORP,Bearish Engulfing,2026-05-14,1D,bearish,at S/R confluence,confirmed
DREDGECORP,Doji,2026-05-18,1D,neutral,at resistance,neutral
DREDGECORP,Hammer,2026-05-18,1D,bullish,at resistance,confirmed
DREDGECORP,Bullish Pin Bar,2026-05-18,1D,bullish,at resistance,confirmed
DREDGECORP,Three Black Crows,2026-05-18,1D,bearish,at resistance,failed
DREDGECORP,Morning Star,2026-05-19,1D,bullish,at resistance,confirmed
DREDGECORP,Shooting Star,2026-05-21,1D,bearish,at resistance,confirmed
DREDGECORP,Bearish Pin Bar,2026-05-21,1D,bearish,at resistance,confirmed
DREDGECORP,Three White Soldiers,2026-05-21,1D,bullish,at resistance,failed
DREDGECORP,Bearish Engulfing,2026-05-22,1D,bearish,at resistance,failed
DREDGECORP,NR4,2026-05-22,1D,neutral,at resistance,neutral
DREDGECORP,Long-legged Doji,2026-05-25,1D,neutral,at resistance,neutral
DREDGECORP,Bullish Harami,2026-05-25,1D,bullish,at resistance,confirmed
DREDGECORP,Morning Star,2026-05-26,1D,bullish,midair,confirmed
DREDGECORP,Three White Soldiers,2026-05-27,1D,bullish,at resistance,failed
DREDGECORP,NR4,2026-06-01,1D,neutral,at resistance,neutral
DREDGECORP,Bullish Marubozu,2026-06-02,1D,bullish,midair,pending (last bar)
DREDGECORP,Bullish Engulfing,2026-06-02,1D,bullish,midair,pending (last bar)
DREDGECORP,Outside Bar,2026-06-02,1D,neutral,midair,pending (last bar)
STYLAMIND,Bullish Harami,2026-05-05,1D,bullish,at S/R confluence,confirmed
STYLAMIND,Tweezer Bottom,2026-05-05,1D,bullish,at S/R confluence,confirmed
STYLAMIND,Outside Bar,2026-05-05,1D,neutral,at S/R confluence,neutral
STYLAMIND,Tweezer Bottom,2026-05-06,1D,bullish,at resistance,confirmed
STYLAMIND,Outside Bar,2026-05-06,1D,neutral,at resistance,neutral
STYLAMIND,Morning Star,2026-05-06,1D,bullish,at resistance,confirmed
STYLAMIND,Three White Soldiers,2026-05-07,1D,bullish,at resistance,failed
STYLAMIND,Bearish Engulfing,2026-05-12,1D,bearish,midair,failed
STYLAMIND,Piercing Line,2026-05-13,1D,bullish,midair,confirmed
STYLAMIND,Outside Bar,2026-05-13,1D,neutral,midair,neutral
STYLAMIND,Inside Bar,2026-05-14,1D,neutral,midair,neutral
STYLAMIND,NR7,2026-05-14,1D,neutral,midair,neutral
STYLAMIND,Three White Soldiers,2026-05-15,1D,bullish,at resistance,confirmed
STYLAMIND,Three White Soldiers,2026-05-18,1D,bullish,midair,failed
STYLAMIND,NR4,2026-05-20,1D,neutral,at resistance,neutral
STYLAMIND,Long-legged Doji,2026-05-22,1D,neutral,midair,neutral
STYLAMIND,Shooting Star,2026-05-26,1D,bearish,midair,confirmed
STYLAMIND,Inside Bar,2026-05-26,1D,neutral,midair,neutral
STYLAMIND,Evening Star,2026-05-27,1D,bearish,midair,failed
STYLAMIND,Shooting Star,2026-05-29,1D,bearish,midair,failed
STYLAMIND,Bearish Pin Bar,2026-05-29,1D,bearish,midair,failed
STYLAMIND,Morning Star,2026-06-01,1D,bullish,midair,failed
STYLAMIND,Long-legged Doji,2026-06-02,1D,neutral,midair,pending (last bar)
NAHARSPING,Bullish Marubozu,2026-05-05,1D,bullish,at S/R confluence,confirmed
NAHARSPING,NR7,2026-05-05,1D,neutral,at S/R confluence,neutral
NAHARSPING,Three White Soldiers,2026-05-05,1D,bullish,at S/R confluence,confirmed
NAHARSPING,NR7,2026-05-06,1D,neutral,at support,neutral
NAHARSPING,Three White Soldiers,2026-05-06,1D,bullish,at support,confirmed
NAHARSPING,Shooting Star,2026-05-07,1D,bearish,at S/R confluence,confirmed
NAHARSPING,Bearish Pin Bar,2026-05-07,1D,bearish,at S/R confluence,confirmed
NAHARSPING,Three White Soldiers,2026-05-07,1D,bullish,at S/R confluence,failed
NAHARSPING,Doji,2026-05-08,1D,neutral,at support,neutral
NAHARSPING,Doji,2026-05-11,1D,neutral,at resistance,neutral
NAHARSPING,Gravestone Doji,2026-05-12,1D,bearish,at S/R confluence,confirmed
NAHARSPING,Bearish Pin Bar,2026-05-12,1D,bearish,at S/R confluence,confirmed
NAHARSPING,Doji,2026-05-13,1D,neutral,at S/R confluence,neutral
NAHARSPING,Doji,2026-05-14,1D,neutral,at S/R confluence,neutral
NAHARSPING,Bearish Pin Bar,2026-05-14,1D,bearish,at S/R confluence,confirmed
NAHARSPING,Long-legged Doji,2026-05-15,1D,neutral,at S/R confluence,neutral
NAHARSPING,Gravestone Doji,2026-05-18,1D,bearish,at S/R confluence,failed
NAHARSPING,Bearish Pin Bar,2026-05-18,1D,bearish,at S/R confluence,failed
NAHARSPING,Dragonfly Doji,2026-05-19,1D,bullish,at S/R confluence,confirmed
NAHARSPING,Bullish Pin Bar,2026-05-19,1D,bullish,at S/R confluence,confirmed
NAHARSPING,Outside Bar,2026-05-19,1D,neutral,at S/R confluence,neutral
NAHARSPING,Dragonfly Doji,2026-05-20,1D,bullish,at S/R confluence,confirmed
NAHARSPING,Bullish Pin Bar,2026-05-20,1D,bullish,at S/R confluence,confirmed
NAHARSPING,NR4,2026-05-20,1D,neutral,at S/R confluence,neutral
NAHARSPING,Doji,2026-05-21,1D,neutral,at S/R confluence,neutral
NAHARSPING,Gravestone Doji,2026-05-22,1D,bearish,at S/R confluence,confirmed
NAHARSPING,Bearish Pin Bar,2026-05-22,1D,bearish,at S/R confluence,confirmed
NAHARSPING,Tweezer Bottom,2026-05-22,1D,bullish,at S/R confluence,failed
NAHARSPING,Gravestone Doji,2026-05-25,1D,bearish,at S/R confluence,confirmed
NAHARSPING,Bearish Pin Bar,2026-05-25,1D,bearish,at S/R confluence,confirmed
NAHARSPING,Tweezer Bottom,2026-05-25,1D,bullish,at S/R confluence,failed
NAHARSPING,Outside Bar,2026-05-25,1D,neutral,at S/R confluence,neutral
NAHARSPING,Doji,2026-05-26,1D,neutral,at S/R confluence,neutral
NAHARSPING,Bearish Pin Bar,2026-05-26,1D,bearish,at S/R confluence,failed
NAHARSPING,Tweezer Top,2026-05-26,1D,bearish,at S/R confluence,failed
NAHARSPING,Long-legged Doji,2026-05-27,1D,neutral,at S/R confluence,neutral
NAHARSPING,Tweezer Top,2026-05-27,1D,bearish,at S/R confluence,failed
NAHARSPING,Inside Bar,2026-05-27,1D,neutral,at S/R confluence,neutral
NAHARSPING,NR4,2026-05-27,1D,neutral,at S/R confluence,neutral
NAHARSPING,Dragonfly Doji,2026-05-29,1D,bullish,at S/R confluence,confirmed
NAHARSPING,Bullish Pin Bar,2026-05-29,1D,bullish,at S/R confluence,confirmed
NAHARSPING,Dragonfly Doji,2026-06-01,1D,bullish,at resistance,confirmed
NAHARSPING,Bullish Pin Bar,2026-06-01,1D,bullish,at resistance,confirmed
TIRUPATIFL,Gravestone Doji,2026-05-07,1D,bearish,at S/R confluence,failed
TIRUPATIFL,Inverted Hammer,2026-05-07,1D,bullish,at S/R confluence,confirmed
TIRUPATIFL,Bearish Pin Bar,2026-05-07,1D,bearish,at S/R confluence,failed
TIRUPATIFL,NR7,2026-05-07,1D,neutral,at S/R confluence,neutral
TIRUPATIFL,Hammer,2026-05-08,1D,bullish,at resistance,failed
TIRUPATIFL,Bearish Engulfing,2026-05-11,1D,bearish,at S/R confluence,confirmed
TIRUPATIFL,Inverted Hammer,2026-05-13,1D,bullish,at S/R confluence,confirmed
TIRUPATIFL,Bearish Pin Bar,2026-05-13,1D,bearish,at S/R confluence,failed
TIRUPATIFL,Outside Bar,2026-05-13,1D,neutral,at S/R confluence,neutral
TIRUPATIFL,Three Black Crows,2026-05-13,1D,bearish,at S/R confluence,failed
TIRUPATIFL,Hammer,2026-05-18,1D,bullish,at S/R confluence,confirmed
TIRUPATIFL,Inside Bar,2026-05-18,1D,neutral,at S/R confluence,neutral
TIRUPATIFL,NR4,2026-05-18,1D,neutral,at S/R confluence,neutral
TIRUPATIFL,Doji,2026-05-19,1D,neutral,at S/R confluence,neutral
TIRUPATIFL,Bearish Marubozu,2026-05-20,1D,bearish,at S/R confluence,confirmed
TIRUPATIFL,Outside Bar,2026-05-20,1D,neutral,at S/R confluence,neutral
TIRUPATIFL,Long-legged Doji,2026-05-22,1D,neutral,at resistance,neutral
TIRUPATIFL,Inside Bar,2026-05-22,1D,neutral,at resistance,neutral
TIRUPATIFL,NR4,2026-05-25,1D,neutral,at S/R confluence,neutral
TIRUPATIFL,Three White Soldiers,2026-05-26,1D,bullish,at resistance,confirmed
TIRUPATIFL,Bullish Marubozu,2026-05-27,1D,bullish,at resistance,failed
TIRUPATIFL,Three White Soldiers,2026-05-27,1D,bullish,at resistance,failed
TIRUPATIFL,Doji,2026-05-28,1D,neutral,at resistance,neutral
TIRUPATIFL,Tweezer Top,2026-05-28,1D,bearish,at resistance,confirmed
TIRUPATIFL,Inside Bar,2026-05-28,1D,neutral,at resistance,neutral
TIRUPATIFL,Tweezer Top,2026-05-29,1D,bearish,at resistance,failed
TIRUPATIFL,Long-legged Doji,2026-06-01,1D,neutral,at resistance,neutral
TIRUPATIFL,Outside Bar,2026-06-01,1D,neutral,at resistance,neutral
TIRUPATIFL,Bearish Engulfing,2026-06-02,1D,bearish,at resistance,pending (last bar)
AMBIKCO,Three White Soldiers,2026-05-06,1D,bullish,at resistance,confirmed
AMBIKCO,Long-legged Doji,2026-05-07,1D,neutral,at resistance,neutral
AMBIKCO,Tweezer Top,2026-05-07,1D,bearish,at resistance,confirmed
AMBIKCO,NR4,2026-05-07,1D,neutral,at resistance,neutral
AMBIKCO,Three White Soldiers,2026-05-07,1D,bullish,at resistance,failed
AMBIKCO,Bearish Engulfing,2026-05-08,1D,bearish,at resistance,confirmed
AMBIKCO,Evening Star,2026-05-08,1D,bearish,at resistance,confirmed
AMBIKCO,NR7,2026-05-11,1D,neutral,at S/R confluence,neutral
AMBIKCO,Tweezer Top,2026-05-12,1D,bearish,at S/R confluence,failed
AMBIKCO,Three Black Crows,2026-05-12,1D,bearish,at S/R confluence,failed
AMBIKCO,Inside Bar,2026-05-14,1D,neutral,at S/R confluence,neutral
AMBIKCO,Inside Bar,2026-05-15,1D,neutral,at S/R confluence,neutral
AMBIKCO,NR7,2026-05-15,1D,neutral,at S/R confluence,neutral
AMBIKCO,Tweezer Bottom,2026-05-19,1D,bullish,at S/R confluence,failed
AMBIKCO,Outside Bar,2026-05-19,1D,neutral,at S/R confluence,neutral
AMBIKCO,Inverted Hammer,2026-05-20,1D,bullish,at S/R confluence,confirmed
AMBIKCO,Three Black Crows,2026-05-20,1D,bearish,at S/R confluence,failed
AMBIKCO,Tweezer Bottom,2026-05-21,1D,bullish,at S/R confluence,confirmed
AMBIKCO,Inside Bar,2026-05-21,1D,neutral,at S/R confluence,neutral
AMBIKCO,NR4,2026-05-21,1D,neutral,at S/R confluence,neutral
AMBIKCO,Bullish Engulfing,2026-05-22,1D,bullish,at S/R confluence,confirmed
AMBIKCO,Outside Bar,2026-05-26,1D,neutral,at resistance,neutral
AMBIKCO,Three White Soldiers,2026-05-26,1D,bullish,at resistance,failed
AMBIKCO,Shooting Star,2026-05-27,1D,bearish,at resistance,failed
AMBIKCO,Bearish Pin Bar,2026-05-27,1D,bearish,at resistance,failed
AMBIKCO,Inside Bar,2026-05-27,1D,neutral,at resistance,neutral
AMBIKCO,NR4,2026-05-27,1D,neutral,at resistance,neutral
AMBIKCO,Doji,2026-05-28,1D,neutral,at resistance,neutral
AMBIKCO,Inside Bar,2026-05-28,1D,neutral,at resistance,neutral
AMBIKCO,Outside Bar,2026-05-29,1D,neutral,at resistance,neutral
YASHO,Hammer,2026-05-05,1D,bullish,at S/R confluence,confirmed
YASHO,Bullish Pin Bar,2026-05-05,1D,bullish,at S/R confluence,confirmed
YASHO,Hammer,2026-05-06,1D,bullish,at resistance,confirmed
YASHO,Bullish Pin Bar,2026-05-06,1D,bullish,at resistance,confirmed
YASHO,Gravestone Doji,2026-05-08,1D,bearish,at S/R confluence,failed
YASHO,Shooting Star,2026-05-08,1D,bearish,at S/R confluence,failed
YASHO,Bearish Pin Bar,2026-05-08,1D,bearish,at S/R confluence,failed
YASHO,Bullish Engulfing,2026-05-11,1D,bullish,at S/R confluence,failed
YASHO,Outside Bar,2026-05-11,1D,neutral,at S/R confluence,neutral
YASHO,Bearish Harami,2026-05-12,1D,bearish,at S/R confluence,confirmed
YASHO,Evening Star,2026-05-13,1D,bearish,at S/R confluence,failed
YASHO,Piercing Line,2026-05-14,1D,bullish,at S/R confluence,confirmed
YASHO,NR4,2026-05-14,1D,neutral,at S/R confluence,neutral
YASHO,Doji,2026-05-15,1D,neutral,at S/R confluence,neutral
YASHO,Hanging Man,2026-05-15,1D,bearish,at S/R confluence,failed
YASHO,Bullish Pin Bar,2026-05-15,1D,bullish,at S/R confluence,confirmed
YASHO,NR7,2026-05-15,1D,neutral,at S/R confluence,neutral
YASHO,Hanging Man,2026-05-18,1D,bearish,at S/R confluence,failed
YASHO,Bullish Pin Bar,2026-05-18,1D,bullish,at S/R confluence,confirmed
YASHO,Outside Bar,2026-05-18,1D,neutral,at S/R confluence,neutral
YASHO,Three White Soldiers,2026-05-18,1D,bullish,at S/R confluence,confirmed
YASHO,Shooting Star,2026-05-19,1D,bearish,at resistance,failed
YASHO,Bullish Engulfing,2026-05-20,1D,bullish,midair,failed
YASHO,Outside Bar,2026-05-20,1D,neutral,midair,neutral
YASHO,Bearish Harami,2026-05-21,1D,bearish,at resistance,failed
YASHO,Tweezer Top,2026-05-21,1D,bearish,at resistance,failed
YASHO,Inside Bar,2026-05-21,1D,neutral,at resistance,neutral
YASHO,NR4,2026-05-21,1D,neutral,at resistance,neutral
YASHO,Long-legged Doji,2026-05-22,1D,neutral,at resistance,neutral
YASHO,Bullish Harami,2026-05-22,1D,bullish,at resistance,confirmed
YASHO,Outside Bar,2026-05-22,1D,neutral,at resistance,neutral
YASHO,Morning Star,2026-05-25,1D,bullish,at resistance,confirmed
YASHO,Three White Soldiers,2026-05-26,1D,bullish,midair,failed
YASHO,Bearish Marubozu,2026-05-27,1D,bearish,at resistance,confirmed
YASHO,Bearish Engulfing,2026-05-27,1D,bearish,at resistance,confirmed
YASHO,Inside Bar,2026-05-27,1D,neutral,at resistance,neutral
YASHO,NR4,2026-05-27,1D,neutral,at resistance,neutral
YASHO,NR4,2026-05-29,1D,neutral,at resistance,neutral
YASHO,NR7,2026-06-02,1D,neutral,at resistance,pending (last bar)
MAHABANK,Three White Soldiers,2026-05-06,1D,bullish,at resistance,confirmed
MAHABANK,Three White Soldiers,2026-05-07,1D,bullish,at resistance,failed
MAHABANK,Bearish Engulfing,2026-05-08,1D,bearish,at resistance,confirmed
MAHABANK,Tweezer Top,2026-05-12,1D,bearish,midair,failed
MAHABANK,Three Black Crows,2026-05-12,1D,bearish,midair,failed
MAHABANK,Inside Bar,2026-05-13,1D,neutral,at resistance,neutral
MAHABANK,NR4,2026-05-13,1D,neutral,at resistance,neutral
MAHABANK,Dark Cloud Cover,2026-05-14,1D,bearish,midair,confirmed
MAHABANK,Tweezer Top,2026-05-14,1D,bearish,midair,confirmed
MAHABANK,Outside Bar,2026-05-14,1D,neutral,midair,neutral
MAHABANK,Inside Bar,2026-05-15,1D,neutral,at support,neutral
MAHABANK,NR7,2026-05-15,1D,neutral,at support,neutral
MAHABANK,Hammer,2026-05-18,1D,bullish,at S/R confluence,confirmed
MAHABANK,Bullish Pin Bar,2026-05-18,1D,bullish,at S/R confluence,confirmed
MAHABANK,NR7,2026-05-19,1D,neutral,midair,neutral
MAHABANK,Outside Bar,2026-05-20,1D,neutral,midair,neutral
MAHABANK,Three White Soldiers,2026-05-20,1D,bullish,midair,confirmed
MAHABANK,NR7,2026-05-21,1D,neutral,at resistance,neutral
MAHABANK,Bullish Engulfing,2026-05-22,1D,bullish,at resistance,confirmed
MAHABANK,Outside Bar,2026-05-22,1D,neutral,at resistance,neutral
MAHABANK,Inverted Hammer,2026-05-25,1D,bullish,at resistance,failed
MAHABANK,Bearish Pin Bar,2026-05-25,1D,bearish,at resistance,confirmed
MAHABANK,Bearish Engulfing,2026-05-26,1D,bearish,at resistance,confirmed
MAHABANK,Hanging Man,2026-05-27,1D,bearish,at resistance,failed
MAHABANK,Bullish Pin Bar,2026-05-27,1D,bullish,at resistance,failed
MAHABANK,NR7,2026-05-27,1D,neutral,at resistance,neutral
MAHABANK,Doji,2026-05-28,1D,neutral,at resistance,neutral
MAHABANK,Tweezer Top,2026-05-28,1D,bearish,at resistance,confirmed
MAHABANK,Inside Bar,2026-05-28,1D,neutral,at resistance,neutral
MAHABANK,Outside Bar,2026-05-29,1D,neutral,midair,neutral
MAHABANK,Tweezer Bottom,2026-06-02,1D,bullish,midair,pending (last bar)
J&KBANK,Hanging Man,2026-05-06,1D,bearish,midair,failed
J&KBANK,Bullish Pin Bar,2026-05-06,1D,bullish,midair,confirmed
J&KBANK,Outside Bar,2026-05-06,1D,neutral,midair,neutral
J&KBANK,Shooting Star,2026-05-07,1D,bearish,at resistance,failed
J&KBANK,Bearish Pin Bar,2026-05-07,1D,bearish,at resistance,failed
J&KBANK,Hanging Man,2026-05-08,1D,bearish,at resistance,confirmed
J&KBANK,Bullish Pin Bar,2026-05-08,1D,bullish,at resistance,failed
J&KBANK,Inside Bar,2026-05-08,1D,neutral,at resistance,neutral
J&KBANK,NR4,2026-05-08,1D,neutral,at resistance,neutral
J&KBANK,Evening Star,2026-05-11,1D,bearish,midair,confirmed
J&KBANK,Three Black Crows,2026-05-12,1D,bearish,at resistance,failed
J&KBANK,Bullish Harami,2026-05-13,1D,bullish,midair,failed
J&KBANK,Long-legged Doji,2026-05-14,1D,neutral,midair,neutral
J&KBANK,Inside Bar,2026-05-14,1D,neutral,midair,neutral
J&KBANK,Bearish Engulfing,2026-05-15,1D,bearish,at resistance,confirmed
J&KBANK,Inside Bar,2026-05-15,1D,neutral,at resistance,neutral
J&KBANK,NR4,2026-05-15,1D,neutral,at resistance,neutral
J&KBANK,Evening Star,2026-05-15,1D,bearish,at resistance,confirmed
J&KBANK,Bullish Engulfing,2026-05-19,1D,bullish,midair,confirmed
J&KBANK,Three White Soldiers,2026-05-21,1D,bullish,at resistance,failed
J&KBANK,NR7,2026-05-22,1D,neutral,at resistance,neutral
J&KBANK,Long-legged Doji,2026-05-25,1D,neutral,at resistance,neutral
J&KBANK,NR7,2026-05-26,1D,neutral,at resistance,neutral
J&KBANK,Bullish Engulfing,2026-05-27,1D,bullish,at resistance,failed
J&KBANK,Doji,2026-05-28,1D,neutral,at resistance,neutral
J&KBANK,Inside Bar,2026-05-28,1D,neutral,at resistance,neutral
J&KBANK,Outside Bar,2026-05-29,1D,neutral,at resistance,neutral
J&KBANK,Evening Star,2026-05-29,1D,bearish,at resistance,failed
J&KBANK,Shooting Star,2026-06-01,1D,bearish,at resistance,failed
J&KBANK,Outside Bar,2026-06-01,1D,neutral,at resistance,neutral
J&KBANK,Long-legged Doji,2026-06-02,1D,neutral,at resistance,pending (last bar)
J&KBANK,Inside Bar,2026-06-02,1D,neutral,at resistance,pending (last bar)
540252,Long-legged Doji,2026-05-05,1D,neutral,at resistance,neutral
540252,NR7,2026-05-05,1D,neutral,at resistance,neutral
540252,Three White Soldiers,2026-05-05,1D,bullish,at resistance,confirmed
540252,Outside Bar,2026-05-06,1D,neutral,at resistance,neutral
540252,Three White Soldiers,2026-05-06,1D,bullish,at resistance,confirmed
540252,Dragonfly Doji,2026-05-07,1D,bullish,at resistance,confirmed
540252,Bullish Pin Bar,2026-05-07,1D,bullish,at resistance,confirmed
540252,Long-legged Doji,2026-05-08,1D,neutral,at resistance,neutral
540252,Bearish Engulfing,2026-05-11,1D,bearish,at resistance,confirmed
540252,Inside Bar,2026-05-11,1D,neutral,at resistance,neutral
540252,Inside Bar,2026-05-13,1D,neutral,midair,neutral
540252,Tweezer Top,2026-05-14,1D,bearish,at resistance,failed
540252,Morning Star,2026-05-14,1D,bullish,at resistance,confirmed
540252,Hammer,2026-05-15,1D,bullish,at resistance,failed
540252,Inside Bar,2026-05-15,1D,neutral,at resistance,neutral
540252,NR4,2026-05-15,1D,neutral,at resistance,neutral
540252,Outside Bar,2026-05-18,1D,neutral,midair,neutral
540252,Inverted Hammer,2026-05-19,1D,bullish,midair,confirmed
540252,Inside Bar,2026-05-19,1D,neutral,midair,neutral
540252,NR4,2026-05-19,1D,neutral,midair,neutral
540252,Three Black Crows,2026-05-19,1D,bearish,midair,failed
540252,Inverted Hammer,2026-05-20,1D,bullish,midair,failed
540252,Bearish Pin Bar,2026-05-20,1D,bearish,midair,confirmed
540252,Inside Bar,2026-05-20,1D,neutral,midair,neutral
540252,NR7,2026-05-20,1D,neutral,midair,neutral
540252,Bearish Engulfing,2026-05-25,1D,bearish,at S/R confluence,failed
540252,Outside Bar,2026-05-25,1D,neutral,at S/R confluence,neutral
540252,Inside Bar,2026-05-26,1D,neutral,at S/R confluence,neutral
540252,Bearish Harami,2026-05-27,1D,bearish,at S/R confluence,failed
540252,Inside Bar,2026-05-27,1D,neutral,at S/R confluence,neutral
540252,NR4,2026-05-27,1D,neutral,at S/R confluence,neutral
540252,Bullish Engulfing,2026-05-29,1D,bullish,midair,failed
540252,Outside Bar,2026-05-29,1D,neutral,midair,neutral
UNIVCABLES,Shooting Star,2026-05-06,1D,bearish,midair,failed
UNIVCABLES,Bullish Engulfing,2026-05-07,1D,bullish,midair,confirmed
UNIVCABLES,NR4,2026-05-07,1D,neutral,midair,neutral
UNIVCABLES,Inside Bar,2026-05-11,1D,neutral,midair,neutral
UNIVCABLES,Evening Star,2026-05-12,1D,bearish,midair,confirmed
UNIVCABLES,NR4,2026-05-13,1D,neutral,at resistance,neutral
UNIVCABLES,Three Black Crows,2026-05-13,1D,bearish,at resistance,failed
UNIVCABLES,Long-legged Doji,2026-05-14,1D,neutral,at resistance,neutral
UNIVCABLES,Inside Bar,2026-05-15,1D,neutral,at resistance,neutral
UNIVCABLES,NR7,2026-05-15,1D,neutral,at resistance,neutral
UNIVCABLES,Hammer,2026-05-18,1D,bullish,at resistance,confirmed
UNIVCABLES,Bullish Pin Bar,2026-05-18,1D,bullish,at resistance,confirmed
UNIVCABLES,Three Black Crows,2026-05-18,1D,bearish,at resistance,failed
UNIVCABLES,Inverted Hammer,2026-05-19,1D,bullish,at resistance,confirmed
UNIVCABLES,Doji,2026-05-20,1D,neutral,at resistance,neutral
UNIVCABLES,Hammer,2026-05-20,1D,bullish,at resistance,failed
UNIVCABLES,Dark Cloud Cover,2026-05-21,1D,bearish,at resistance,failed
UNIVCABLES,Long-legged Doji,2026-05-22,1D,neutral,at resistance,neutral
UNIVCABLES,Bullish Harami,2026-05-22,1D,bullish,at resistance,confirmed
UNIVCABLES,NR7,2026-05-22,1D,neutral,at resistance,neutral
UNIVCABLES,Morning Star,2026-05-25,1D,bullish,midair,confirmed
UNIVCABLES,Shooting Star,2026-05-26,1D,bearish,midair,confirmed
UNIVCABLES,Bearish Pin Bar,2026-05-26,1D,bearish,midair,confirmed
UNIVCABLES,Three White Soldiers,2026-05-26,1D,bullish,midair,failed
UNIVCABLES,Doji,2026-05-27,1D,neutral,midair,neutral
UNIVCABLES,Shooting Star,2026-05-27,1D,bearish,midair,failed
UNIVCABLES,Bearish Pin Bar,2026-05-27,1D,bearish,midair,failed
UNIVCABLES,Bearish Harami,2026-05-27,1D,bearish,midair,failed
UNIVCABLES,Inside Bar,2026-05-27,1D,neutral,midair,neutral
UNIVCABLES,Doji,2026-05-28,1D,neutral,midair,neutral
UNIVCABLES,Inside Bar,2026-05-28,1D,neutral,midair,neutral
UNIVCABLES,Outside Bar,2026-05-29,1D,neutral,midair,neutral
GOCLCORP,Bearish Engulfing,2026-05-08,1D,bearish,at S/R confluence,confirmed
GOCLCORP,NR7,2026-05-08,1D,neutral,at S/R confluence,neutral
GOCLCORP,Evening Star,2026-05-08,1D,bearish,at S/R confluence,confirmed
GOCLCORP,Three Black Crows,2026-05-12,1D,bearish,at S/R confluence,confirmed
GOCLCORP,Hammer,2026-05-13,1D,bullish,at S/R confluence,failed
GOCLCORP,Three Black Crows,2026-05-13,1D,bearish,at S/R confluence,confirmed
GOCLCORP,Outside Bar,2026-05-14,1D,neutral,at S/R confluence,neutral
GOCLCORP,Three Black Crows,2026-05-14,1D,bearish,at S/R confluence,confirmed
GOCLCORP,Inside Bar,2026-05-15,1D,neutral,at S/R confluence,neutral
GOCLCORP,Three Black Crows,2026-05-15,1D,bearish,at S/R confluence,confirmed
GOCLCORP,Three Black Crows,2026-05-18,1D,bearish,at S/R confluence,failed
GOCLCORP,Inside Bar,2026-05-20,1D,neutral,at S/R confluence,neutral
GOCLCORP,NR7,2026-05-20,1D,neutral,at S/R confluence,neutral
GOCLCORP,Three White Soldiers,2026-05-21,1D,bullish,at S/R confluence,confirmed
GOCLCORP,Three White Soldiers,2026-05-22,1D,bullish,at S/R confluence,confirmed
GOCLCORP,Three White Soldiers,2026-05-25,1D,bullish,at S/R confluence,confirmed
GOCLCORP,Three White Soldiers,2026-05-26,1D,bullish,at resistance,confirmed
GOCLCORP,Long-legged Doji,2026-05-27,1D,neutral,at resistance,neutral
GOCLCORP,NR4,2026-05-27,1D,neutral,at resistance,neutral
GOCLCORP,Doji,2026-05-28,1D,neutral,at resistance,neutral
GOCLCORP,Inside Bar,2026-05-28,1D,neutral,at resistance,neutral
GOCLCORP,Outside Bar,2026-05-29,1D,neutral,at resistance,neutral
500449,Inside Bar,2026-05-05,1D,neutral,at S/R confluence,neutral
500449,NR7,2026-05-05,1D,neutral,at S/R confluence,neutral
500449,Bullish Engulfing,2026-05-06,1D,bullish,at S/R confluence,confirmed
500449,Long-legged Doji,2026-05-07,1D,neutral,at S/R confluence,neutral
500449,Inside Bar,2026-05-11,1D,neutral,at S/R confluence,neutral
500449,Three Black Crows,2026-05-11,1D,bearish,at S/R confluence,confirmed
500449,Shooting Star,2026-05-12,1D,bearish,at S/R confluence,confirmed
500449,Bearish Pin Bar,2026-05-12,1D,bearish,at S/R confluence,confirmed
500449,Tweezer Top,2026-05-12,1D,bearish,at S/R confluence,confirmed
500449,Three Black Crows,2026-05-12,1D,bearish,at S/R confluence,confirmed
500449,Long-legged Doji,2026-05-13,1D,neutral,at S/R confluence,neutral
500449,Morning Star,2026-05-14,1D,bullish,at S/R confluence,confirmed
500449,Inside Bar,2026-05-15,1D,neutral,at S/R confluence,neutral
500449,NR4,2026-05-15,1D,neutral,at S/R confluence,neutral
500449,Three White Soldiers,2026-05-15,1D,bullish,at S/R confluence,confirmed
500449,Inverted Hammer,2026-05-18,1D,bullish,at S/R confluence,failed
500449,Three White Soldiers,2026-05-18,1D,bullish,at S/R confluence,failed
500449,Tweezer Top,2026-05-20,1D,bearish,at S/R confluence,failed
500449,Long-legged Doji,2026-05-21,1D,neutral,at S/R confluence,neutral
500449,Inside Bar,2026-05-21,1D,neutral,at S/R confluence,neutral
500449,NR7,2026-05-21,1D,neutral,at S/R confluence,neutral
500449,Long-legged Doji,2026-05-22,1D,neutral,at S/R confluence,neutral
500449,Shooting Star,2026-05-25,1D,bearish,at S/R confluence,failed
500449,Bearish Pin Bar,2026-05-25,1D,bearish,at S/R confluence,failed
500449,Bullish Engulfing,2026-05-25,1D,bullish,at S/R confluence,confirmed
500449,NR7,2026-05-25,1D,neutral,at S/R confluence,neutral
500449,Outside Bar,2026-05-26,1D,neutral,at resistance,neutral
500449,Three White Soldiers,2026-05-27,1D,bullish,at resistance,failed
BHARATFORG,Long-legged Doji,2026-05-11,1D,neutral,at resistance,neutral
BHARATFORG,NR4,2026-05-11,1D,neutral,at resistance,neutral
BHARATFORG,Bearish Marubozu,2026-05-12,1D,bearish,at resistance,failed
BHARATFORG,Bearish Engulfing,2026-05-12,1D,bearish,at resistance,failed
BHARATFORG,Inside Bar,2026-05-13,1D,neutral,at resistance,neutral
BHARATFORG,Inside Bar,2026-05-14,1D,neutral,at resistance,neutral
BHARATFORG,NR7,2026-05-14,1D,neutral,at resistance,neutral
BHARATFORG,Three Black Crows,2026-05-18,1D,bearish,at S/R confluence,confirmed
BHARATFORG,Three Black Crows,2026-05-19,1D,bearish,at S/R confluence,failed
BHARATFORG,Bullish Engulfing,2026-05-20,1D,bullish,at support,confirmed
BHARATFORG,Outside Bar,2026-05-20,1D,neutral,at support,neutral
BHARATFORG,Doji,2026-05-21,1D,neutral,at resistance,neutral
BHARATFORG,Inverted Hammer,2026-05-21,1D,bullish,at resistance,failed
BHARATFORG,Bearish Pin Bar,2026-05-21,1D,bearish,at resistance,confirmed
BHARATFORG,NR4,2026-05-21,1D,neutral,at resistance,neutral
BHARATFORG,Doji,2026-05-22,1D,neutral,at resistance,neutral
BHARATFORG,Inverted Hammer,2026-05-22,1D,bullish,at resistance,confirmed
BHARATFORG,Bearish Pin Bar,2026-05-22,1D,bearish,at resistance,failed
BHARATFORG,Tweezer Bottom,2026-05-22,1D,bullish,at resistance,confirmed
BHARATFORG,NR7,2026-05-22,1D,neutral,at resistance,neutral
BHARATFORG,Long-legged Doji,2026-05-25,1D,neutral,at resistance,neutral
BHARATFORG,Tweezer Bottom,2026-05-25,1D,bullish,at resistance,confirmed
BHARATFORG,Inside Bar,2026-05-26,1D,neutral,at resistance,neutral
BHARATFORG,Long-legged Doji,2026-05-27,1D,neutral,at resistance,neutral
BHARATFORG,Doji,2026-05-28,1D,neutral,at resistance,neutral
BHARATFORG,Inside Bar,2026-05-28,1D,neutral,at resistance,neutral
BHARATFORG,Doji,2026-05-29,1D,neutral,at resistance,neutral
BHARATFORG,Hanging Man,2026-05-29,1D,bearish,at resistance,confirmed
BHARATFORG,Bullish Pin Bar,2026-05-29,1D,bullish,at resistance,failed
BHARATFORG,Outside Bar,2026-05-29,1D,neutral,at resistance,neutral
BHARATFORG,Morning Star,2026-05-29,1D,bullish,at resistance,failed
BHARATFORG,Bearish Engulfing,2026-06-01,1D,bearish,at resistance,confirmed
BHARATFORG,Tweezer Top,2026-06-01,1D,bearish,at resistance,confirmed
BHARATFORG,Outside Bar,2026-06-01,1D,neutral,at resistance,neutral
BHARATFORG,Hanging Man,2026-06-02,1D,bearish,at resistance,pending (last bar)
BHARATFORG,Bullish Pin Bar,2026-06-02,1D,bullish,at resistance,pending (last bar)
SBC,Inside Bar,2026-05-06,1D,neutral,at S/R confluence,neutral
SBC,Morning Star,2026-05-06,1D,bullish,at S/R confluence,confirmed
SBC,Outside Bar,2026-05-07,1D,neutral,at S/R confluence,neutral
SBC,Three White Soldiers,2026-05-07,1D,bullish,at S/R confluence,confirmed
SBC,Doji,2026-05-08,1D,neutral,at resistance,neutral
SBC,Three White Soldiers,2026-05-08,1D,bullish,at resistance,confirmed
SBC,Three White Soldiers,2026-05-11,1D,bullish,at resistance,failed
SBC,Shooting Star,2026-05-12,1D,bearish,at resistance,confirmed
SBC,Bearish Pin Bar,2026-05-12,1D,bearish,at resistance,confirmed
SBC,NR4,2026-05-12,1D,neutral,at resistance,neutral
SBC,Evening Star,2026-05-13,1D,bearish,at resistance,confirmed
SBC,Three Black Crows,2026-05-14,1D,bearish,at S/R confluence,failed
SBC,Doji,2026-05-15,1D,neutral,at S/R confluence,neutral
SBC,Bearish Pin Bar,2026-05-15,1D,bearish,at S/R confluence,failed
SBC,Inside Bar,2026-05-15,1D,neutral,at S/R confluence,neutral
SBC,Hanging Man,2026-05-18,1D,bearish,at S/R confluence,failed
SBC,Bullish Engulfing,2026-05-18,1D,bullish,at S/R confluence,confirmed
SBC,Doji,2026-05-19,1D,neutral,at S/R confluence,neutral
SBC,Inverted Hammer,2026-05-19,1D,bullish,at S/R confluence,confirmed
SBC,Bearish Pin Bar,2026-05-19,1D,bearish,at S/R confluence,failed
SBC,Bullish Marubozu,2026-05-20,1D,bullish,at resistance,confirmed
SBC,Three White Soldiers,2026-05-22,1D,bullish,midair,confirmed
SBC,Shooting Star,2026-05-25,1D,bearish,midair,confirmed
SBC,NR4,2026-05-25,1D,neutral,midair,neutral
SBC,Three White Soldiers,2026-05-25,1D,bullish,midair,failed
SBC,Bearish Engulfing,2026-05-26,1D,bearish,midair,failed
SBC,Inside Bar,2026-05-26,1D,neutral,midair,neutral
SBC,NR7,2026-05-26,1D,neutral,midair,neutral
SBC,Doji,2026-05-28,1D,neutral,midair,neutral
SBC,Inside Bar,2026-05-28,1D,neutral,midair,neutral
SBC,Outside Bar,2026-05-29,1D,neutral,midair,neutral
SBC,Long-legged Doji,2026-06-02,1D,neutral,midair,pending (last bar)
SBC,Inside Bar,2026-06-02,1D,neutral,midair,pending (last bar)
SBC,Three Black Crows,2026-06-02,1D,bearish,midair,pending (last bar)
526570,NR7,2026-05-05,1D,neutral,at support,neutral
526570,NR7,2026-05-06,1D,neutral,at S/R confluence,neutral
526570,Outside Bar,2026-05-07,1D,neutral,at support,neutral
526570,Outside Bar,2026-05-11,1D,neutral,at support,neutral
526570,Doji,2026-05-12,1D,neutral,at support,neutral
526570,Hammer,2026-05-12,1D,bullish,at support,confirmed
526570,Bullish Pin Bar,2026-05-12,1D,bullish,at support,confirmed
526570,Bullish Engulfing,2026-05-13,1D,bullish,at support,confirmed
526570,Three White Soldiers,2026-05-15,1D,bullish,at resistance,failed
526570,Doji,2026-05-18,1D,neutral,at resistance,neutral
526570,Bearish Pin Bar,2026-05-18,1D,bearish,at resistance,confirmed
526570,Bearish Harami,2026-05-18,1D,bearish,at resistance,confirmed
526570,Inside Bar,2026-05-18,1D,neutral,at resistance,neutral
526570,NR7,2026-05-18,1D,neutral,at resistance,neutral
526570,Evening Star,2026-05-19,1D,bearish,at support,confirmed
526570,Three Black Crows,2026-05-20,1D,bearish,at support,failed
526570,Doji,2026-05-22,1D,neutral,at resistance,neutral
526570,Bearish Pin Bar,2026-05-22,1D,bearish,at resistance,failed
526570,Outside Bar,2026-05-25,1D,neutral,at resistance,neutral
526570,Three White Soldiers,2026-05-25,1D,bullish,at resistance,confirmed
526570,Three White Soldiers,2026-05-26,1D,bullish,at resistance,confirmed
526570,Three White Soldiers,2026-05-27,1D,bullish,midair,confirmed
526570,Three White Soldiers,2026-05-29,1D,bullish,at resistance,failed
526570,Shooting Star,2026-06-01,1D,bearish,at resistance,pending (last bar)
526570,Bearish Pin Bar,2026-06-01,1D,bearish,at resistance,pending (last bar)
526570,Bearish Harami,2026-06-01,1D,bearish,at resistance,pending (last bar)
526570,Inside Bar,2026-06-01,1D,neutral,at resistance,pending (last bar)
526570,NR7,2026-06-01,1D,neutral,at resistance,pending (last bar)
FINCABLES,Inside Bar,2026-05-06,1D,neutral,at resistance,neutral
FINCABLES,Inside Bar,2026-05-11,1D,neutral,midair,neutral
FINCABLES,Evening Star,2026-05-12,1D,bearish,at resistance,failed
FINCABLES,NR7,2026-05-13,1D,neutral,at resistance,neutral
FINCABLES,Tweezer Top,2026-05-14,1D,bearish,at resistance,confirmed
FINCABLES,Three Black Crows,2026-05-18,1D,bearish,at S/R confluence,failed
FINCABLES,Bearish Harami,2026-05-20,1D,bearish,at resistance,failed
FINCABLES,NR7,2026-05-20,1D,neutral,at resistance,neutral
FINCABLES,Inverted Hammer,2026-05-21,1D,bullish,at resistance,failed
FINCABLES,Bearish Marubozu,2026-05-22,1D,bearish,midair,failed
FINCABLES,Inside Bar,2026-05-26,1D,neutral,at resistance,neutral
FINCABLES,NR4,2026-05-26,1D,neutral,at resistance,neutral
FINCABLES,Three White Soldiers,2026-05-27,1D,bullish,at resistance,failed
FINCABLES,Doji,2026-05-28,1D,neutral,at resistance,neutral
FINCABLES,Inside Bar,2026-05-28,1D,neutral,at resistance,neutral
FINCABLES,Outside Bar,2026-06-01,1D,neutral,at S/R confluence,neutral
FINCABLES,Hanging Man,2026-06-02,1D,bearish,at S/R confluence,pending (last bar)
FINCABLES,Bullish Harami,2026-06-02,1D,bullish,at S/R confluence,pending (last bar)
CGPOWER,Hammer,2026-05-06,1D,bullish,at resistance,confirmed
CGPOWER,Bullish Pin Bar,2026-05-06,1D,bullish,at resistance,confirmed
CGPOWER,NR4,2026-05-08,1D,neutral,at resistance,neutral
CGPOWER,Bearish Engulfing,2026-05-11,1D,bearish,at resistance,confirmed
CGPOWER,Piercing Line,2026-05-13,1D,bullish,at resistance,confirmed
CGPOWER,Hanging Man,2026-05-14,1D,bearish,at resistance,confirmed
CGPOWER,Bullish Pin Bar,2026-05-14,1D,bullish,at resistance,failed
CGPOWER,Inside Bar,2026-05-15,1D,neutral,at resistance,neutral
CGPOWER,NR7,2026-05-15,1D,neutral,at resistance,neutral
CGPOWER,Evening Star,2026-05-15,1D,bearish,at resistance,confirmed
CGPOWER,Three Black Crows,2026-05-18,1D,bearish,at S/R confluence,failed
CGPOWER,Bullish Harami,2026-05-19,1D,bullish,at support,confirmed
CGPOWER,Inside Bar,2026-05-19,1D,neutral,at support,neutral
CGPOWER,Morning Star,2026-05-20,1D,bullish,at resistance,confirmed
CGPOWER,Long-legged Doji,2026-05-21,1D,neutral,at resistance,neutral
CGPOWER,NR7,2026-05-21,1D,neutral,at resistance,neutral
CGPOWER,Long-legged Doji,2026-05-22,1D,neutral,at resistance,neutral
CGPOWER,Tweezer Bottom,2026-05-22,1D,bullish,at resistance,confirmed
CGPOWER,Bullish Engulfing,2026-05-26,1D,bullish,at resistance,confirmed
CGPOWER,Outside Bar,2026-05-26,1D,neutral,at resistance,neutral
CGPOWER,Bullish Marubozu,2026-05-27,1D,bullish,midair,failed
CGPOWER,Doji,2026-05-28,1D,neutral,midair,neutral
CGPOWER,Inside Bar,2026-05-28,1D,neutral,midair,neutral
CGPOWER,Outside Bar,2026-05-29,1D,neutral,midair,neutral
CGPOWER,Bearish Marubozu,2026-06-01,1D,bearish,at resistance,failed
CGPOWER,Bullish Harami,2026-06-02,1D,bullish,midair,pending (last bar)
DIACABS,Hanging Man,2026-05-06,1D,bearish,at resistance,confirmed
DIACABS,Outside Bar,2026-05-06,1D,neutral,at resistance,neutral
DIACABS,Bearish Engulfing,2026-05-07,1D,bearish,at resistance,failed
DIACABS,Shooting Star,2026-05-08,1D,bearish,at resistance,failed
DIACABS,Bearish Pin Bar,2026-05-08,1D,bearish,at resistance,failed
DIACABS,Bullish Harami,2026-05-08,1D,bullish,at resistance,confirmed
DIACABS,Outside Bar,2026-05-08,1D,neutral,at resistance,neutral
DIACABS,NR4,2026-05-11,1D,neutral,at resistance,neutral
DIACABS,Morning Star,2026-05-11,1D,bullish,at resistance,failed
DIACABS,Bearish Engulfing,2026-05-12,1D,bearish,at resistance,failed
DIACABS,Inside Bar,2026-05-12,1D,neutral,at resistance,neutral
DIACABS,NR4,2026-05-12,1D,neutral,at resistance,neutral
DIACABS,Bullish Harami,2026-05-13,1D,bullish,at resistance,confirmed
DIACABS,NR4,2026-05-13,1D,neutral,at resistance,neutral
DIACABS,Bullish Marubozu,2026-05-14,1D,bullish,midair,confirmed
DIACABS,Shooting Star,2026-05-15,1D,bearish,midair,confirmed
DIACABS,Three White Soldiers,2026-05-15,1D,bullish,midair,failed
DIACABS,Bearish Engulfing,2026-05-18,1D,bearish,midair,confirmed
DIACABS,NR7,2026-05-19,1D,neutral,midair,neutral
DIACABS,Bullish Engulfing,2026-05-20,1D,bullish,midair,failed
DIACABS,Doji,2026-05-22,1D,neutral,midair,neutral
DIACABS,Bearish Pin Bar,2026-05-22,1D,bearish,midair,failed
DIACABS,Inside Bar,2026-05-22,1D,neutral,midair,neutral
DIACABS,NR7,2026-05-22,1D,neutral,midair,neutral
DIACABS,Long-legged Doji,2026-05-25,1D,neutral,midair,neutral
DIACABS,Tweezer Top,2026-05-25,1D,bearish,midair,failed
DIACABS,NR7,2026-05-25,1D,neutral,midair,neutral
DIACABS,Morning Star,2026-05-25,1D,bullish,midair,confirmed
DIACABS,Outside Bar,2026-05-26,1D,neutral,at resistance,neutral
DIACABS,Doji,2026-05-28,1D,neutral,midair,neutral
DIACABS,Inside Bar,2026-05-28,1D,neutral,midair,neutral
DIACABS,Outside Bar,2026-05-29,1D,neutral,midair,neutral
DIACABS,Tweezer Bottom,2026-06-02,1D,bullish,midair,pending (last bar)
SPARC,Tweezer Bottom,2026-05-06,1D,bullish,at S/R confluence,confirmed
SPARC,Morning Star,2026-05-06,1D,bullish,at S/R confluence,confirmed
SPARC,Three White Soldiers,2026-05-07,1D,bullish,at S/R confluence,confirmed
SPARC,Three White Soldiers,2026-05-08,1D,bullish,at S/R confluence,failed
SPARC,Bearish Harami,2026-05-11,1D,bearish,at S/R confluence,confirmed
SPARC,NR4,2026-05-11,1D,neutral,at S/R confluence,neutral
SPARC,Long-legged Doji,2026-05-12,1D,neutral,at S/R confluence,neutral
SPARC,Tweezer Top,2026-05-12,1D,bearish,at S/R confluence,failed
SPARC,Shooting Star,2026-05-13,1D,bearish,at S/R confluence,failed
SPARC,Long-legged Doji,2026-05-14,1D,neutral,at S/R confluence,neutral
SPARC,Inside Bar,2026-05-14,1D,neutral,at S/R confluence,neutral
SPARC,Bearish Engulfing,2026-05-15,1D,bearish,at resistance,confirmed
SPARC,Tweezer Top,2026-05-15,1D,bearish,at resistance,confirmed
SPARC,Evening Star,2026-05-15,1D,bearish,at resistance,confirmed
SPARC,Doji,2026-05-18,1D,neutral,at S/R confluence,neutral
SPARC,Hanging Man,2026-05-18,1D,bearish,at S/R confluence,failed
SPARC,Bullish Pin Bar,2026-05-18,1D,bullish,at S/R confluence,confirmed
SPARC,NR7,2026-05-18,1D,neutral,at S/R confluence,neutral
SPARC,Morning Star,2026-05-19,1D,bullish,at resistance,confirmed
SPARC,Inside Bar,2026-05-20,1D,neutral,at resistance,neutral
SPARC,Doji,2026-05-26,1D,neutral,midair,neutral
SPARC,Bearish Pin Bar,2026-05-26,1D,bearish,midair,confirmed
SPARC,Evening Star,2026-05-27,1D,bearish,midair,failed
SPARC,Doji,2026-05-28,1D,neutral,midair,neutral
SPARC,Inside Bar,2026-05-28,1D,neutral,midair,neutral
SPARC,Outside Bar,2026-05-29,1D,neutral,midair,neutral
SPARC,Bullish Harami,2026-06-02,1D,bullish,at resistance,pending (last bar)
KINGFA,Bullish Harami,2026-05-05,1D,bullish,at resistance,confirmed
KINGFA,Tweezer Bottom,2026-05-05,1D,bullish,at resistance,confirmed
KINGFA,NR4,2026-05-06,1D,neutral,at S/R confluence,neutral
KINGFA,Bearish Engulfing,2026-05-07,1D,bearish,at resistance,failed
KINGFA,Tweezer Top,2026-05-07,1D,bearish,at resistance,failed
KINGFA,NR7,2026-05-07,1D,neutral,at resistance,neutral
KINGFA,Bullish Engulfing,2026-05-08,1D,bullish,at resistance,failed
KINGFA,Outside Bar,2026-05-08,1D,neutral,at resistance,neutral
KINGFA,Shooting Star,2026-05-13,1D,bearish,at S/R confluence,confirmed
KINGFA,NR4,2026-05-13,1D,neutral,at S/R confluence,neutral
KINGFA,Shooting Star,2026-05-14,1D,bearish,at S/R confluence,failed
KINGFA,Bearish Pin Bar,2026-05-14,1D,bearish,at S/R confluence,failed
KINGFA,Tweezer Top,2026-05-14,1D,bearish,at S/R confluence,failed
KINGFA,NR7,2026-05-14,1D,neutral,at S/R confluence,neutral
KINGFA,Three White Soldiers,2026-05-18,1D,bullish,at resistance,failed
KINGFA,NR7,2026-05-20,1D,neutral,at support,neutral
KINGFA,Bearish Engulfing,2026-05-21,1D,bearish,at S/R confluence,confirmed
KINGFA,Outside Bar,2026-05-21,1D,neutral,at S/R confluence,neutral
KINGFA,Doji,2026-05-22,1D,neutral,at S/R confluence,neutral
KINGFA,Bearish Pin Bar,2026-05-22,1D,bearish,at S/R confluence,failed
KINGFA,NR7,2026-05-22,1D,neutral,at S/R confluence,neutral
KINGFA,Morning Star,2026-05-25,1D,bullish,at resistance,confirmed
KINGFA,Outside Bar,2026-05-29,1D,neutral,at resistance,neutral
KINGFA,Three Black Crows,2026-06-01,1D,bearish,at resistance,failed
KINGFA,Inside Bar,2026-06-02,1D,neutral,at resistance,pending (last bar)
HAPPYFORGE,Hanging Man,2026-05-06,1D,bearish,at S/R confluence,failed
HAPPYFORGE,Bullish Pin Bar,2026-05-06,1D,bullish,at S/R confluence,confirmed
HAPPYFORGE,Long-legged Doji,2026-05-11,1D,neutral,at resistance,neutral
HAPPYFORGE,Tweezer Top,2026-05-11,1D,bearish,at resistance,confirmed
HAPPYFORGE,Inside Bar,2026-05-11,1D,neutral,at resistance,neutral
HAPPYFORGE,Doji,2026-05-12,1D,neutral,at resistance,neutral
HAPPYFORGE,Shooting Star,2026-05-12,1D,bearish,at resistance,confirmed
HAPPYFORGE,Bearish Pin Bar,2026-05-12,1D,bearish,at resistance,confirmed
HAPPYFORGE,Outside Bar,2026-05-12,1D,neutral,at resistance,neutral
HAPPYFORGE,Evening Star,2026-05-12,1D,bearish,at resistance,confirmed
HAPPYFORGE,Doji,2026-05-13,1D,neutral,at resistance,neutral
HAPPYFORGE,Shooting Star,2026-05-13,1D,bearish,at resistance,confirmed
HAPPYFORGE,Bearish Pin Bar,2026-05-13,1D,bearish,at resistance,confirmed
HAPPYFORGE,Bearish Engulfing,2026-05-14,1D,bearish,at resistance,failed
HAPPYFORGE,Tweezer Top,2026-05-14,1D,bearish,at resistance,failed
HAPPYFORGE,Inside Bar,2026-05-15,1D,neutral,at resistance,neutral
HAPPYFORGE,NR7,2026-05-15,1D,neutral,at resistance,neutral
HAPPYFORGE,Shooting Star,2026-05-18,1D,bearish,at resistance,confirmed
HAPPYFORGE,Bearish Engulfing,2026-05-18,1D,bearish,at resistance,confirmed
HAPPYFORGE,Outside Bar,2026-05-18,1D,neutral,at resistance,neutral
HAPPYFORGE,Inside Bar,2026-05-20,1D,neutral,at resistance,neutral
HAPPYFORGE,Morning Star,2026-05-21,1D,bullish,at resistance,failed
HAPPYFORGE,Bearish Engulfing,2026-05-22,1D,bearish,at resistance,confirmed
HAPPYFORGE,Tweezer Bottom,2026-05-22,1D,bullish,at resistance,failed
HAPPYFORGE,NR4,2026-05-25,1D,neutral,at resistance,neutral
HAPPYFORGE,Long-legged Doji,2026-05-26,1D,neutral,at resistance,neutral
HAPPYFORGE,Bearish Pin Bar,2026-05-26,1D,bearish,at resistance,failed
HAPPYFORGE,Inside Bar,2026-05-26,1D,neutral,at resistance,neutral
HAPPYFORGE,NR7,2026-05-26,1D,neutral,at resistance,neutral
HAPPYFORGE,Morning Star,2026-05-27,1D,bullish,at resistance,failed
HAPPYFORGE,Doji,2026-05-28,1D,neutral,at resistance,neutral
HAPPYFORGE,Inside Bar,2026-05-28,1D,neutral,at resistance,neutral
HAPPYFORGE,Outside Bar,2026-05-29,1D,neutral,at resistance,neutral
HAPPYFORGE,Evening Star,2026-05-29,1D,bearish,at resistance,failed
HAPPYFORGE,Inside Bar,2026-06-02,1D,neutral,at resistance,pending (last bar)
LAURUSLABS,Doji,2026-05-06,1D,neutral,midair,neutral
LAURUSLABS,Morning Star,2026-05-07,1D,bullish,midair,confirmed
LAURUSLABS,Three White Soldiers,2026-05-08,1D,bullish,midair,confirmed
LAURUSLABS,Three White Soldiers,2026-05-11,1D,bullish,midair,confirmed
LAURUSLABS,NR4,2026-05-12,1D,neutral,midair,neutral
LAURUSLABS,Tweezer Top,2026-05-13,1D,bearish,midair,failed
LAURUSLABS,Outside Bar,2026-05-13,1D,neutral,midair,neutral
LAURUSLABS,Doji,2026-05-15,1D,neutral,midair,neutral
LAURUSLABS,Hanging Man,2026-05-15,1D,bearish,midair,failed
LAURUSLABS,Bullish Pin Bar,2026-05-15,1D,bullish,midair,confirmed
LAURUSLABS,Tweezer Top,2026-05-15,1D,bearish,midair,failed
LAURUSLABS,NR7,2026-05-15,1D,neutral,midair,neutral
LAURUSLABS,Hanging Man,2026-05-18,1D,bearish,midair,failed
LAURUSLABS,Bullish Engulfing,2026-05-18,1D,bullish,midair,confirmed
LAURUSLABS,Outside Bar,2026-05-18,1D,neutral,midair,neutral
LAURUSLABS,Three White Soldiers,2026-05-20,1D,bullish,midair,failed
LAURUSLABS,NR4,2026-05-22,1D,neutral,midair,neutral
LAURUSLABS,NR7,2026-05-26,1D,neutral,midair,neutral
LAURUSLABS,Three White Soldiers,2026-05-27,1D,bullish,midair,failed
LAURUSLABS,Doji,2026-05-28,1D,neutral,midair,neutral
LAURUSLABS,Inside Bar,2026-05-28,1D,neutral,midair,neutral
LAURUSLABS,Outside Bar,2026-05-29,1D,neutral,midair,neutral
LAURUSLABS,Evening Star,2026-05-29,1D,bearish,midair,failed
LAURUSLABS,Hanging Man,2026-06-02,1D,bearish,midair,pending (last bar)
LAURUSLABS,Bearish Harami,2026-06-02,1D,bearish,midair,pending (last bar)
LAURUSLABS,Inside Bar,2026-06-02,1D,neutral,midair,pending (last bar)
MBAPL,Hanging Man,2026-05-06,1D,bearish,at resistance,failed
MBAPL,Three White Soldiers,2026-05-06,1D,bullish,at resistance,confirmed
MBAPL,NR7,2026-05-07,1D,neutral,at resistance,neutral
MBAPL,Three White Soldiers,2026-05-07,1D,bullish,at resistance,failed
MBAPL,Shooting Star,2026-05-08,1D,bearish,at resistance,confirmed
MBAPL,Bearish Pin Bar,2026-05-08,1D,bearish,at resistance,confirmed
MBAPL,Long-legged Doji,2026-05-12,1D,neutral,at resistance,neutral
MBAPL,Bearish Engulfing,2026-05-13,1D,bearish,at support,confirmed
MBAPL,NR4,2026-05-14,1D,neutral,at support,neutral
MBAPL,Long-legged Doji,2026-05-15,1D,neutral,at support,neutral
MBAPL,Bullish Harami,2026-05-15,1D,bullish,at support,failed
MBAPL,Tweezer Bottom,2026-05-15,1D,bullish,at support,failed
MBAPL,Outside Bar,2026-05-15,1D,neutral,at support,neutral
MBAPL,Tweezer Bottom,2026-05-18,1D,bullish,at support,confirmed
MBAPL,Inside Bar,2026-05-18,1D,neutral,at support,neutral
MBAPL,NR7,2026-05-18,1D,neutral,at support,neutral
MBAPL,Bullish Engulfing,2026-05-19,1D,bullish,at support,confirmed
MBAPL,Outside Bar,2026-05-19,1D,neutral,at support,neutral
MBAPL,NR7,2026-05-21,1D,neutral,at resistance,neutral
MBAPL,Evening Star,2026-05-22,1D,bearish,at support,failed
MBAPL,Inside Bar,2026-05-25,1D,neutral,midair,neutral
MBAPL,Doji,2026-05-28,1D,neutral,at support,neutral
MBAPL,Inside Bar,2026-05-28,1D,neutral,at support,neutral
MBAPL,Shooting Star,2026-05-29,1D,bearish,at support,confirmed
MBAPL,Outside Bar,2026-05-29,1D,neutral,at support,neutral
MBAPL,Inverted Hammer,2026-06-01,1D,bullish,at support,confirmed
MBAPL,Tweezer Bottom,2026-06-01,1D,bullish,at support,confirmed
MBAPL,Bullish Engulfing,2026-06-02,1D,bullish,midair,pending (last bar)
MBAPL,Outside Bar,2026-06-02,1D,neutral,midair,pending (last bar)
MBAPL,Morning Star,2026-06-02,1D,bullish,midair,pending (last bar)
MCL,Gravestone Doji,2026-05-05,1D,bearish,at S/R confluence,confirmed
MCL,Bearish Pin Bar,2026-05-05,1D,bearish,at S/R confluence,confirmed
MCL,Gravestone Doji,2026-05-06,1D,bearish,at S/R confluence,failed
MCL,Bearish Pin Bar,2026-05-06,1D,bearish,at S/R confluence,failed
MCL,Doji,2026-05-07,1D,neutral,at S/R confluence,neutral
MCL,Doji,2026-05-08,1D,neutral,at S/R confluence,neutral
MCL,Gravestone Doji,2026-05-11,1D,bearish,at S/R confluence,failed
MCL,Bearish Pin Bar,2026-05-11,1D,bearish,at S/R confluence,failed
MCL,Tweezer Top,2026-05-11,1D,bearish,at S/R confluence,failed
MCL,Dragonfly Doji,2026-05-12,1D,bullish,at S/R confluence,confirmed
MCL,Bullish Pin Bar,2026-05-12,1D,bullish,at S/R confluence,confirmed
MCL,Tweezer Top,2026-05-12,1D,bearish,at S/R confluence,failed
MCL,Dragonfly Doji,2026-05-13,1D,bullish,at resistance,confirmed
MCL,Bullish Pin Bar,2026-05-13,1D,bullish,at resistance,confirmed
MCL,Dragonfly Doji,2026-05-14,1D,bullish,at resistance,confirmed
MCL,Bullish Pin Bar,2026-05-14,1D,bullish,at resistance,confirmed
MCL,NR4,2026-05-14,1D,neutral,at resistance,neutral
MCL,Dragonfly Doji,2026-05-15,1D,bullish,at resistance,failed
MCL,Bullish Pin Bar,2026-05-15,1D,bullish,at resistance,failed
MCL,Outside Bar,2026-05-15,1D,neutral,at resistance,neutral
MCL,Tweezer Top,2026-05-18,1D,bearish,at resistance,confirmed
MCL,Outside Bar,2026-05-18,1D,neutral,at resistance,neutral
MCL,Outside Bar,2026-05-20,1D,neutral,at resistance,neutral
MCL,Bearish Harami,2026-05-21,1D,bearish,at resistance,confirmed
MCL,Inside Bar,2026-05-21,1D,neutral,at resistance,neutral
MCL,NR4,2026-05-21,1D,neutral,at resistance,neutral
MCL,Tweezer Top,2026-05-25,1D,bearish,at S/R confluence,failed
MCL,Piercing Line,2026-05-26,1D,bullish,at resistance,failed
MCL,NR7,2026-05-27,1D,neutral,at S/R confluence,neutral
MCL,Inverted Hammer,2026-06-01,1D,bullish,at S/R confluence,confirmed
MCL,Bearish Pin Bar,2026-06-01,1D,bearish,at S/R confluence,failed
MCL,Bullish Engulfing,2026-06-02,1D,bullish,at resistance,pending (last bar)
CALSOFT,Dragonfly Doji,2026-05-05,1D,bullish,at resistance,confirmed
CALSOFT,Bullish Pin Bar,2026-05-05,1D,bullish,at resistance,confirmed
CALSOFT,Dragonfly Doji,2026-05-06,1D,bullish,at resistance,confirmed
CALSOFT,Bullish Pin Bar,2026-05-06,1D,bullish,at resistance,confirmed
CALSOFT,Hanging Man,2026-05-07,1D,bearish,midair,failed
CALSOFT,Bullish Pin Bar,2026-05-07,1D,bullish,midair,confirmed
CALSOFT,Doji,2026-05-08,1D,neutral,midair,neutral
CALSOFT,Dragonfly Doji,2026-05-11,1D,bullish,midair,confirmed
CALSOFT,Bullish Pin Bar,2026-05-11,1D,bullish,midair,confirmed
CALSOFT,Doji,2026-05-12,1D,neutral,at resistance,neutral
CALSOFT,Bearish Marubozu,2026-05-13,1D,bearish,midair,confirmed
CALSOFT,Outside Bar,2026-05-13,1D,neutral,midair,neutral
CALSOFT,Doji,2026-05-14,1D,neutral,midair,neutral
CALSOFT,Doji,2026-05-15,1D,neutral,midair,neutral
CALSOFT,Doji,2026-05-18,1D,neutral,midair,neutral
CALSOFT,Bullish Marubozu,2026-05-19,1D,bullish,midair,failed
CALSOFT,Outside Bar,2026-05-19,1D,neutral,midair,neutral
CALSOFT,Bearish Harami,2026-05-20,1D,bearish,midair,confirmed
CALSOFT,Inverted Hammer,2026-05-21,1D,bullish,midair,failed
CALSOFT,NR4,2026-05-25,1D,neutral,at resistance,neutral
CALSOFT,Three Black Crows,2026-05-26,1D,bearish,midair,confirmed
CALSOFT,NR7,2026-05-27,1D,neutral,at resistance,neutral
CALSOFT,Three Black Crows,2026-05-27,1D,bearish,at resistance,failed
CALSOFT,Bullish Engulfing,2026-05-29,1D,bullish,at resistance,confirmed
CALSOFT,Outside Bar,2026-05-29,1D,neutral,at resistance,neutral
CALSOFT,Bullish Marubozu,2026-06-01,1D,bullish,midair,confirmed
CALSOFT,NR7,2026-06-01,1D,neutral,midair,neutral
CALSOFT,Tweezer Bottom,2026-06-02,1D,bullish,midair,pending (last bar)
CALSOFT,Three White Soldiers,2026-06-02,1D,bullish,midair,pending (last bar)
BELRISE,Bearish Engulfing,2026-05-08,1D,bearish,at resistance,confirmed
BELRISE,Tweezer Top,2026-05-08,1D,bearish,at resistance,confirmed
BELRISE,Outside Bar,2026-05-08,1D,neutral,at resistance,neutral
BELRISE,NR4,2026-05-11,1D,neutral,midair,neutral
BELRISE,Three Black Crows,2026-05-12,1D,bearish,at S/R confluence,failed
BELRISE,Bullish Harami,2026-05-13,1D,bullish,at support,failed
BELRISE,Inside Bar,2026-05-13,1D,neutral,at support,neutral
BELRISE,Doji,2026-05-15,1D,neutral,at support,neutral
BELRISE,Inverted Hammer,2026-05-15,1D,bullish,at support,failed
BELRISE,Bearish Pin Bar,2026-05-15,1D,bearish,at support,confirmed
BELRISE,Tweezer Bottom,2026-05-15,1D,bullish,at support,failed
BELRISE,Outside Bar,2026-05-15,1D,neutral,at support,neutral
BELRISE,Three Black Crows,2026-05-18,1D,bearish,at support,failed
BELRISE,Long-legged Doji,2026-05-19,1D,neutral,at support,neutral
BELRISE,NR7,2026-05-19,1D,neutral,at support,neutral
BELRISE,Outside Bar,2026-05-20,1D,neutral,at support,neutral
BELRISE,Morning Star,2026-05-20,1D,bullish,at support,confirmed
BELRISE,Doji,2026-05-21,1D,neutral,at support,neutral
BELRISE,Inverted Hammer,2026-05-21,1D,bullish,at support,confirmed
BELRISE,Bearish Pin Bar,2026-05-21,1D,bearish,at support,failed
BELRISE,Three White Soldiers,2026-05-21,1D,bullish,at support,confirmed
BELRISE,Three White Soldiers,2026-05-22,1D,bullish,midair,failed
BELRISE,Doji,2026-05-27,1D,neutral,midair,neutral
BELRISE,Shooting Star,2026-05-27,1D,bearish,midair,failed
BELRISE,Bearish Pin Bar,2026-05-27,1D,bearish,midair,failed
BELRISE,Inside Bar,2026-05-27,1D,neutral,midair,neutral
BELRISE,NR7,2026-05-27,1D,neutral,midair,neutral
BELRISE,Doji,2026-05-28,1D,neutral,midair,neutral
BELRISE,Inside Bar,2026-05-28,1D,neutral,midair,neutral
BELRISE,Outside Bar,2026-05-29,1D,neutral,midair,neutral
BELRISE,Evening Star,2026-05-29,1D,bearish,midair,confirmed
BELRISE,Bullish Engulfing,2026-06-02,1D,bullish,midair,pending (last bar)
ADFFOODS,Inside Bar,2026-05-07,1D,neutral,at support,neutral
ADFFOODS,NR4,2026-05-07,1D,neutral,at support,neutral
ADFFOODS,Bullish Engulfing,2026-05-08,1D,bullish,at S/R confluence,failed
ADFFOODS,Long-legged Doji,2026-05-11,1D,neutral,at support,neutral
ADFFOODS,Bearish Harami,2026-05-11,1D,bearish,at support,confirmed
ADFFOODS,Inside Bar,2026-05-11,1D,neutral,at support,neutral
ADFFOODS,Tweezer Top,2026-05-12,1D,bearish,at support,failed
ADFFOODS,Evening Star,2026-05-12,1D,bearish,at support,failed
ADFFOODS,Inside Bar,2026-05-13,1D,neutral,at support,neutral
ADFFOODS,Bearish Marubozu,2026-05-14,1D,bearish,at support,confirmed
ADFFOODS,Shooting Star,2026-05-15,1D,bearish,at support,confirmed
ADFFOODS,NR4,2026-05-18,1D,neutral,at S/R confluence,neutral
ADFFOODS,Three Black Crows,2026-05-18,1D,bearish,at S/R confluence,failed
ADFFOODS,Bullish Engulfing,2026-05-19,1D,bullish,at support,failed
ADFFOODS,Bearish Harami,2026-05-20,1D,bearish,at S/R confluence,failed
ADFFOODS,Tweezer Bottom,2026-05-20,1D,bullish,at S/R confluence,confirmed
ADFFOODS,Shooting Star,2026-05-26,1D,bearish,at S/R confluence,confirmed
ADFFOODS,Bearish Pin Bar,2026-05-26,1D,bearish,at S/R confluence,confirmed
ADFFOODS,NR7,2026-05-26,1D,neutral,at S/R confluence,neutral
ADFFOODS,Three Black Crows,2026-05-27,1D,bearish,at support,confirmed
ADFFOODS,Three Black Crows,2026-05-29,1D,bearish,at support,failed
ADFFOODS,Bullish Harami,2026-06-01,1D,bullish,at support,confirmed
ADFFOODS,Inside Bar,2026-06-01,1D,neutral,at support,neutral
ADFFOODS,NR7,2026-06-01,1D,neutral,at support,neutral
ADFFOODS,Morning Star,2026-06-02,1D,bullish,at support,pending (last bar)
ADANIENT,Tweezer Top,2026-05-07,1D,bearish,at S/R confluence,confirmed
ADANIENT,NR4,2026-05-07,1D,neutral,at S/R confluence,neutral
ADANIENT,Shooting Star,2026-05-08,1D,bearish,at S/R confluence,confirmed
ADANIENT,Tweezer Top,2026-05-08,1D,bearish,at S/R confluence,confirmed
ADANIENT,Evening Star,2026-05-08,1D,bearish,at S/R confluence,confirmed
ADANIENT,Doji,2026-05-11,1D,neutral,at S/R confluence,neutral
ADANIENT,Tweezer Top,2026-05-12,1D,bearish,at S/R confluence,failed
ADANIENT,Bullish Engulfing,2026-05-13,1D,bullish,at S/R confluence,confirmed
ADANIENT,Bullish Marubozu,2026-05-14,1D,bullish,at resistance,confirmed
ADANIENT,Hanging Man,2026-05-18,1D,bearish,at resistance,failed
ADANIENT,Bullish Pin Bar,2026-05-18,1D,bullish,at resistance,confirmed
ADANIENT,NR4,2026-05-18,1D,neutral,at resistance,neutral
ADANIENT,NR7,2026-05-20,1D,neutral,at resistance,neutral
ADANIENT,Outside Bar,2026-05-21,1D,neutral,at resistance,neutral
ADANIENT,Three Black Crows,2026-05-21,1D,bearish,at resistance,failed
ADANIENT,Shooting Star,2026-05-22,1D,bearish,at resistance,failed
ADANIENT,Bearish Pin Bar,2026-05-22,1D,bearish,at resistance,failed
ADANIENT,Bullish Harami,2026-05-22,1D,bullish,at resistance,confirmed
ADANIENT,Inside Bar,2026-05-22,1D,neutral,at resistance,neutral
ADANIENT,Bullish Marubozu,2026-05-25,1D,bullish,midair,confirmed
ADANIENT,Morning Star,2026-05-25,1D,bullish,midair,confirmed
ADANIENT,Three White Soldiers,2026-05-26,1D,bullish,midair,confirmed
ADANIENT,Doji,2026-05-28,1D,neutral,midair,neutral
ADANIENT,Inside Bar,2026-05-28,1D,neutral,midair,neutral
ADANIENT,Outside Bar,2026-05-29,1D,neutral,midair,neutral
ADANIENT,Bullish Engulfing,2026-06-02,1D,bullish,midair,pending (last bar)
ADANIENT,Outside Bar,2026-06-02,1D,neutral,midair,pending (last bar)
SOUTHWEST,Tweezer Top,2026-05-06,1D,bearish,at S/R confluence,confirmed
SOUTHWEST,Inside Bar,2026-05-06,1D,neutral,at S/R confluence,neutral
SOUTHWEST,Evening Star,2026-05-06,1D,bearish,at S/R confluence,confirmed
SOUTHWEST,NR4,2026-05-07,1D,neutral,at S/R confluence,neutral
SOUTHWEST,Three Black Crows,2026-05-07,1D,bearish,at S/R confluence,confirmed
SOUTHWEST,Three Black Crows,2026-05-08,1D,bearish,at support,failed
SOUTHWEST,Bullish Engulfing,2026-05-11,1D,bullish,at S/R confluence,failed
SOUTHWEST,Inside Bar,2026-05-12,1D,neutral,at S/R confluence,neutral
SOUTHWEST,Doji,2026-05-14,1D,neutral,midair,neutral
SOUTHWEST,Inverted Hammer,2026-05-14,1D,bullish,midair,confirmed
SOUTHWEST,Bearish Pin Bar,2026-05-14,1D,bearish,midair,failed
SOUTHWEST,Bearish Harami,2026-05-14,1D,bearish,midair,failed
SOUTHWEST,Outside Bar,2026-05-15,1D,neutral,at resistance,neutral
SOUTHWEST,Doji,2026-05-19,1D,neutral,at resistance,neutral
SOUTHWEST,Shooting Star,2026-05-19,1D,bearish,at resistance,confirmed
SOUTHWEST,Bearish Pin Bar,2026-05-19,1D,bearish,at resistance,confirmed
SOUTHWEST,Inside Bar,2026-05-19,1D,neutral,at resistance,neutral
SOUTHWEST,NR4,2026-05-19,1D,neutral,at resistance,neutral
SOUTHWEST,NR4,2026-05-20,1D,neutral,at resistance,neutral
SOUTHWEST,Outside Bar,2026-05-21,1D,neutral,at resistance,neutral
SOUTHWEST,Shooting Star,2026-05-22,1D,bearish,at resistance,confirmed
SOUTHWEST,Inside Bar,2026-05-26,1D,neutral,at resistance,neutral
SOUTHWEST,NR4,2026-05-26,1D,neutral,at resistance,neutral
SOUTHWEST,Doji,2026-05-28,1D,neutral,at resistance,neutral
SOUTHWEST,Inside Bar,2026-05-28,1D,neutral,at resistance,neutral
SOUTHWEST,Outside Bar,2026-05-29,1D,neutral,at resistance,neutral
SOUTHWEST,Evening Star,2026-05-29,1D,bearish,at resistance,confirmed
SOUTHWEST,Shooting Star,2026-06-01,1D,bearish,at resistance,failed
SOUTHWEST,Outside Bar,2026-06-01,1D,neutral,at resistance,neutral
MENONBE,Inside Bar,2026-05-05,1D,neutral,at S/R confluence,neutral
MENONBE,Bullish Engulfing,2026-05-06,1D,bullish,at S/R confluence,confirmed
MENONBE,Outside Bar,2026-05-06,1D,neutral,at S/R confluence,neutral
MENONBE,Three White Soldiers,2026-05-08,1D,bullish,at resistance,failed
MENONBE,Long-legged Doji,2026-05-12,1D,neutral,at resistance,neutral
MENONBE,Morning Star,2026-05-13,1D,bullish,at resistance,confirmed
MENONBE,Outside Bar,2026-05-14,1D,neutral,at resistance,neutral
MENONBE,Three White Soldiers,2026-05-14,1D,bullish,at resistance,confirmed
MENONBE,Inside Bar,2026-05-15,1D,neutral,at resistance,neutral
MENONBE,NR7,2026-05-18,1D,neutral,at resistance,neutral
MENONBE,Bullish Engulfing,2026-05-19,1D,bullish,at resistance,confirmed
MENONBE,Shooting Star,2026-05-20,1D,bearish,midair,confirmed
MENONBE,Inside Bar,2026-05-21,1D,neutral,at resistance,neutral
MENONBE,Shooting Star,2026-05-22,1D,bearish,at resistance,failed
MENONBE,Inside Bar,2026-05-22,1D,neutral,at resistance,neutral
MENONBE,NR4,2026-05-22,1D,neutral,at resistance,neutral
MENONBE,Shooting Star,2026-05-25,1D,bearish,midair,confirmed
MENONBE,Bearish Pin Bar,2026-05-25,1D,bearish,midair,confirmed
MENONBE,Doji,2026-05-26,1D,neutral,at resistance,neutral
MENONBE,Shooting Star,2026-05-26,1D,bearish,at resistance,confirmed
MENONBE,Bearish Pin Bar,2026-05-26,1D,bearish,at resistance,confirmed
MENONBE,NR7,2026-05-26,1D,neutral,at resistance,neutral
MENONBE,Shooting Star,2026-05-27,1D,bearish,at resistance,confirmed
MENONBE,Outside Bar,2026-05-27,1D,neutral,at resistance,neutral
MENONBE,Three Black Crows,2026-06-01,1D,bearish,at resistance,confirmed
SENORES,Tweezer Bottom,2026-05-06,1D,bullish,midair,confirmed
SENORES,Outside Bar,2026-05-06,1D,neutral,midair,neutral
SENORES,NR4,2026-05-07,1D,neutral,at resistance,neutral
SENORES,Three White Soldiers,2026-05-08,1D,bullish,at resistance,failed
SENORES,Shooting Star,2026-05-11,1D,bearish,at resistance,confirmed
SENORES,Evening Star,2026-05-12,1D,bearish,at resistance,failed
SENORES,Bullish Engulfing,2026-05-13,1D,bullish,midair,failed
SENORES,Tweezer Top,2026-05-14,1D,bearish,at resistance,failed
SENORES,Bearish Harami,2026-05-19,1D,bearish,midair,failed
SENORES,Inside Bar,2026-05-19,1D,neutral,midair,neutral
SENORES,NR4,2026-05-19,1D,neutral,midair,neutral
SENORES,NR4,2026-05-20,1D,neutral,midair,neutral
SENORES,NR7,2026-05-21,1D,neutral,midair,neutral
SENORES,Long-legged Doji,2026-05-22,1D,neutral,midair,neutral
SENORES,Tweezer Top,2026-05-22,1D,bearish,midair,failed
SENORES,Outside Bar,2026-05-22,1D,neutral,midair,neutral
SENORES,NR7,2026-05-26,1D,neutral,at resistance,neutral
SENORES,Evening Star,2026-05-27,1D,bearish,midair,failed
SENORES,Doji,2026-05-28,1D,neutral,midair,neutral
SENORES,Inside Bar,2026-05-28,1D,neutral,midair,neutral
SENORES,Hanging Man,2026-05-29,1D,bearish,midair,confirmed
SENORES,Outside Bar,2026-05-29,1D,neutral,midair,neutral
SENORES,Shooting Star,2026-06-01,1D,bearish,midair,confirmed
SENORES,Bearish Pin Bar,2026-06-01,1D,bearish,midair,confirmed
SENORES,Outside Bar,2026-06-01,1D,neutral,midair,neutral
GRAPHITE,Three White Soldiers,2026-05-08,1D,bullish,at resistance,failed
GRAPHITE,Bearish Harami,2026-05-11,1D,bearish,at S/R confluence,confirmed
GRAPHITE,Tweezer Bottom,2026-05-11,1D,bullish,at S/R confluence,failed
GRAPHITE,Doji,2026-05-14,1D,neutral,at resistance,neutral
GRAPHITE,Hanging Man,2026-05-14,1D,bearish,at resistance,failed
GRAPHITE,Bullish Pin Bar,2026-05-14,1D,bullish,at resistance,confirmed
GRAPHITE,Inside Bar,2026-05-18,1D,neutral,at resistance,neutral
GRAPHITE,Inside Bar,2026-05-19,1D,neutral,at resistance,neutral
GRAPHITE,NR7,2026-05-19,1D,neutral,at resistance,neutral
GRAPHITE,Hanging Man,2026-05-20,1D,bearish,at S/R confluence,failed
GRAPHITE,NR7,2026-05-20,1D,neutral,at S/R confluence,neutral
GRAPHITE,Three Black Crows,2026-05-20,1D,bearish,at S/R confluence,failed
GRAPHITE,Doji,2026-05-21,1D,neutral,at S/R confluence,neutral
GRAPHITE,Shooting Star,2026-05-21,1D,bearish,at S/R confluence,confirmed
GRAPHITE,Bearish Pin Bar,2026-05-21,1D,bearish,at S/R confluence,confirmed
GRAPHITE,NR7,2026-05-22,1D,neutral,at S/R confluence,neutral
GRAPHITE,Long-legged Doji,2026-05-25,1D,neutral,at resistance,neutral
GRAPHITE,NR7,2026-05-25,1D,neutral,at resistance,neutral
GRAPHITE,Morning Star,2026-05-26,1D,bullish,at resistance,failed
GRAPHITE,Bearish Engulfing,2026-05-27,1D,bearish,at resistance,failed
GRAPHITE,Outside Bar,2026-05-27,1D,neutral,at resistance,neutral
GRAPHITE,Doji,2026-05-28,1D,neutral,at resistance,neutral
GRAPHITE,Tweezer Bottom,2026-05-28,1D,bullish,at resistance,failed
GRAPHITE,Inside Bar,2026-05-28,1D,neutral,at resistance,neutral
GRAPHITE,Inverted Hammer,2026-05-29,1D,bullish,at S/R confluence,failed
GRAPHITE,Outside Bar,2026-05-29,1D,neutral,at S/R confluence,neutral
GRAPHITE,Inside Bar,2026-06-02,1D,neutral,at S/R confluence,pending (last bar)
GHCLTEXTIL,Doji,2026-05-05,1D,neutral,at S/R confluence,neutral
GHCLTEXTIL,Outside Bar,2026-05-05,1D,neutral,at S/R confluence,neutral
GHCLTEXTIL,Long-legged Doji,2026-05-07,1D,neutral,at resistance,neutral
GHCLTEXTIL,Tweezer Top,2026-05-07,1D,bearish,at resistance,confirmed
GHCLTEXTIL,Three White Soldiers,2026-05-07,1D,bullish,at resistance,failed
GHCLTEXTIL,Shooting Star,2026-05-08,1D,bearish,at S/R confluence,confirmed
GHCLTEXTIL,Bearish Pin Bar,2026-05-08,1D,bearish,at S/R confluence,confirmed
GHCLTEXTIL,Outside Bar,2026-05-08,1D,neutral,at S/R confluence,neutral
GHCLTEXTIL,Evening Star,2026-05-08,1D,bearish,at S/R confluence,confirmed
GHCLTEXTIL,Three Black Crows,2026-05-12,1D,bearish,at S/R confluence,failed
GHCLTEXTIL,Bullish Harami,2026-05-13,1D,bullish,at S/R confluence,confirmed
GHCLTEXTIL,Inside Bar,2026-05-13,1D,neutral,at S/R confluence,neutral
GHCLTEXTIL,Bearish Engulfing,2026-05-15,1D,bearish,at S/R confluence,confirmed
GHCLTEXTIL,NR4,2026-05-15,1D,neutral,at S/R confluence,neutral
GHCLTEXTIL,NR7,2026-05-18,1D,neutral,at S/R confluence,neutral
GHCLTEXTIL,Long-legged Doji,2026-05-21,1D,neutral,at resistance,neutral
GHCLTEXTIL,Three White Soldiers,2026-05-21,1D,bullish,at resistance,failed
GHCLTEXTIL,Bearish Engulfing,2026-05-22,1D,bearish,at S/R confluence,failed
GHCLTEXTIL,NR4,2026-05-22,1D,neutral,at S/R confluence,neutral
GHCLTEXTIL,Outside Bar,2026-05-25,1D,neutral,at resistance,neutral
GHCLTEXTIL,Three White Soldiers,2026-05-27,1D,bullish,at resistance,failed
GHCLTEXTIL,Bearish Engulfing,2026-05-29,1D,bearish,at resistance,failed
GHCLTEXTIL,Inside Bar,2026-06-02,1D,neutral,at resistance,pending (last bar)
GHCLTEXTIL,NR4,2026-06-02,1D,neutral,at resistance,pending (last bar)
519477,Dragonfly Doji,2026-05-04,1D,bullish,at resistance,confirmed
519477,Bullish Pin Bar,2026-05-04,1D,bullish,at resistance,confirmed
519477,Dragonfly Doji,2026-05-05,1D,bullish,midair,confirmed
519477,Hanging Man,2026-05-05,1D,bearish,midair,failed
519477,Bullish Pin Bar,2026-05-05,1D,bullish,midair,confirmed
519477,Dragonfly Doji,2026-05-06,1D,bullish,midair,confirmed
519477,Hanging Man,2026-05-06,1D,bearish,midair,failed
519477,Bullish Pin Bar,2026-05-06,1D,bullish,midair,confirmed
519477,Doji,2026-05-07,1D,neutral,midair,neutral
519477,Doji,2026-05-08,1D,neutral,at resistance,neutral
519477,Bearish Marubozu,2026-05-11,1D,bearish,midair,confirmed
519477,Outside Bar,2026-05-11,1D,neutral,midair,neutral
519477,Doji,2026-05-12,1D,neutral,midair,neutral
519477,Doji,2026-05-13,1D,neutral,midair,neutral
519477,Doji,2026-05-14,1D,neutral,at resistance,neutral
519477,Doji,2026-05-15,1D,neutral,midair,neutral
519477,Doji,2026-05-18,1D,neutral,at resistance,neutral
519477,Doji,2026-05-19,1D,neutral,at resistance,neutral
519477,Doji,2026-05-20,1D,neutral,at S/R confluence,neutral
519477,Doji,2026-05-21,1D,neutral,at resistance,neutral
519477,Doji,2026-05-22,1D,neutral,at resistance,neutral
519477,Bullish Marubozu,2026-05-26,1D,bullish,midair,failed
519477,Outside Bar,2026-05-26,1D,neutral,midair,neutral
519477,Evening Star,2026-05-29,1D,bearish,midair,confirmed
519477,Doji,2026-06-01,1D,neutral,at resistance,pending (last bar)
IDEA,Tweezer Top,2026-05-07,1D,bearish,at resistance,failed
IDEA,Inside Bar,2026-05-07,1D,neutral,at resistance,neutral
IDEA,NR4,2026-05-07,1D,neutral,at resistance,neutral
IDEA,Outside Bar,2026-05-08,1D,neutral,at resistance,neutral
IDEA,Morning Star,2026-05-11,1D,bullish,at resistance,failed
IDEA,Bearish Harami,2026-05-12,1D,bearish,at resistance,failed
IDEA,Inside Bar,2026-05-12,1D,neutral,at resistance,neutral
IDEA,NR4,2026-05-14,1D,neutral,midair,neutral
IDEA,Long-legged Doji,2026-05-15,1D,neutral,midair,neutral
IDEA,Tweezer Top,2026-05-20,1D,bearish,midair,failed
IDEA,NR7,2026-05-20,1D,neutral,midair,neutral
IDEA,Three White Soldiers,2026-05-20,1D,bullish,midair,confirmed
IDEA,Doji,2026-05-21,1D,neutral,midair,neutral
IDEA,Shooting Star,2026-05-22,1D,bearish,midair,failed
IDEA,Bullish Engulfing,2026-05-22,1D,bullish,midair,confirmed
IDEA,Hanging Man,2026-05-25,1D,bearish,midair,failed
IDEA,NR7,2026-05-25,1D,neutral,midair,neutral
IDEA,Hanging Man,2026-05-26,1D,bearish,midair,failed
IDEA,NR7,2026-05-26,1D,neutral,midair,neutral
IDEA,Three White Soldiers,2026-05-26,1D,bullish,midair,confirmed
IDEA,Long-legged Doji,2026-05-27,1D,neutral,midair,neutral
IDEA,NR7,2026-05-27,1D,neutral,midair,neutral
IDEA,Doji,2026-05-28,1D,neutral,midair,neutral
IDEA,Inside Bar,2026-05-28,1D,neutral,midair,neutral
IDEA,Outside Bar,2026-05-29,1D,neutral,midair,neutral
IDEA,Bullish Harami,2026-06-02,1D,bullish,midair,pending (last bar)
SIGNPOST,Inside Bar,2026-05-05,1D,neutral,at S/R confluence,neutral
SIGNPOST,Three White Soldiers,2026-05-06,1D,bullish,at resistance,confirmed
SIGNPOST,Inside Bar,2026-05-07,1D,neutral,at resistance,neutral
SIGNPOST,NR4,2026-05-07,1D,neutral,at resistance,neutral
SIGNPOST,Three White Soldiers,2026-05-07,1D,bullish,at resistance,failed
SIGNPOST,Hanging Man,2026-05-08,1D,bearish,at resistance,failed
SIGNPOST,Bullish Pin Bar,2026-05-08,1D,bullish,at resistance,confirmed
SIGNPOST,NR7,2026-05-08,1D,neutral,at resistance,neutral
SIGNPOST,Outside Bar,2026-05-11,1D,neutral,at resistance,neutral
SIGNPOST,Inside Bar,2026-05-13,1D,neutral,at S/R confluence,neutral
SIGNPOST,Bearish Engulfing,2026-05-18,1D,bearish,at S/R confluence,failed
SIGNPOST,Long-legged Doji,2026-05-19,1D,neutral,at resistance,neutral
SIGNPOST,Inside Bar,2026-05-19,1D,neutral,at resistance,neutral
SIGNPOST,Bullish Engulfing,2026-05-20,1D,bullish,at S/R confluence,confirmed
SIGNPOST,Outside Bar,2026-05-20,1D,neutral,at S/R confluence,neutral
SIGNPOST,Morning Star,2026-05-20,1D,bullish,at S/R confluence,confirmed
SIGNPOST,Hammer,2026-05-21,1D,bullish,at S/R confluence,confirmed
SIGNPOST,Bullish Engulfing,2026-05-22,1D,bullish,at resistance,confirmed
SIGNPOST,Tweezer Top,2026-05-26,1D,bearish,at resistance,confirmed
SIGNPOST,NR7,2026-05-26,1D,neutral,at resistance,neutral
SIGNPOST,Long-legged Doji,2026-05-27,1D,neutral,at resistance,neutral
SIGNPOST,Tweezer Top,2026-05-27,1D,bearish,at resistance,confirmed
SIGNPOST,Three Black Crows,2026-05-29,1D,bearish,at resistance,confirmed
SIGNPOST,Outside Bar,2026-06-01,1D,neutral,at resistance,neutral
SIGNPOST,Three Black Crows,2026-06-01,1D,bearish,at resistance,failed
SIGNPOST,Inside Bar,2026-06-02,1D,neutral,at S/R confluence,pending (last bar)
DHANBANK,Tweezer Top,2026-05-07,1D,bearish,at resistance,confirmed
DHANBANK,Inside Bar,2026-05-07,1D,neutral,at resistance,neutral
DHANBANK,Shooting Star,2026-05-08,1D,bearish,at resistance,confirmed
DHANBANK,Inside Bar,2026-05-08,1D,neutral,at resistance,neutral
DHANBANK,NR4,2026-05-08,1D,neutral,at resistance,neutral
DHANBANK,Hanging Man,2026-05-11,1D,bearish,at resistance,confirmed
DHANBANK,Three Black Crows,2026-05-11,1D,bearish,at resistance,confirmed
DHANBANK,Three Black Crows,2026-05-12,1D,bearish,at S/R confluence,failed
DHANBANK,Bullish Engulfing,2026-05-13,1D,bullish,at resistance,failed
DHANBANK,Tweezer Top,2026-05-14,1D,bearish,at resistance,confirmed
DHANBANK,NR7,2026-05-14,1D,neutral,at resistance,neutral
DHANBANK,Evening Star,2026-05-15,1D,bearish,at S/R confluence,failed
DHANBANK,Bullish Engulfing,2026-05-18,1D,bullish,at resistance,confirmed
DHANBANK,Outside Bar,2026-05-18,1D,neutral,at resistance,neutral
DHANBANK,Long-legged Doji,2026-05-19,1D,neutral,at resistance,neutral
DHANBANK,Inside Bar,2026-05-19,1D,neutral,at resistance,neutral
DHANBANK,Long-legged Doji,2026-05-20,1D,neutral,at resistance,neutral
DHANBANK,Outside Bar,2026-05-20,1D,neutral,at resistance,neutral
DHANBANK,Shooting Star,2026-05-22,1D,bearish,at resistance,confirmed
DHANBANK,Bearish Pin Bar,2026-05-22,1D,bearish,at resistance,confirmed
DHANBANK,Bearish Harami,2026-05-22,1D,bearish,at resistance,confirmed
DHANBANK,NR4,2026-05-22,1D,neutral,at resistance,neutral
DHANBANK,Shooting Star,2026-05-25,1D,bearish,at resistance,confirmed
DHANBANK,NR7,2026-05-25,1D,neutral,at resistance,neutral
DHANBANK,Evening Star,2026-05-25,1D,bearish,at resistance,confirmed
DHANBANK,NR7,2026-05-26,1D,neutral,at resistance,neutral
DHANBANK,Three Black Crows,2026-05-26,1D,bearish,at resistance,failed
DHANBANK,Outside Bar,2026-05-27,1D,neutral,at resistance,neutral
DHANBANK,Doji,2026-05-28,1D,neutral,at resistance,neutral
DHANBANK,Inside Bar,2026-05-28,1D,neutral,at resistance,neutral
DHANBANK,Outside Bar,2026-05-29,1D,neutral,at resistance,neutral
DHANBANK,Evening Star,2026-05-29,1D,bearish,at resistance,failed
DHANBANK,Bullish Harami,2026-06-01,1D,bullish,at resistance,confirmed
DHANBANK,Inside Bar,2026-06-01,1D,neutral,at resistance,neutral
DHANBANK,Hanging Man,2026-06-02,1D,bearish,at resistance,pending (last bar)
DHANBANK,Tweezer Top,2026-06-02,1D,bearish,at resistance,pending (last bar)
DHANBANK,Morning Star,2026-06-02,1D,bullish,at resistance,pending (last bar)
543916,Outside Bar,2026-05-04,1D,neutral,at resistance,neutral
543916,Bearish Marubozu,2026-05-05,1D,bearish,at support,failed
543916,NR7,2026-05-05,1D,neutral,at support,neutral
543916,Three Black Crows,2026-05-05,1D,bearish,at support,failed
543916,Bullish Harami,2026-05-06,1D,bullish,at resistance,confirmed
543916,Shooting Star,2026-05-08,1D,bearish,at resistance,failed
543916,Outside Bar,2026-05-08,1D,neutral,at resistance,neutral
543916,Bullish Marubozu,2026-05-11,1D,bullish,at resistance,confirmed
543916,Long-legged Doji,2026-05-12,1D,neutral,midair,neutral
543916,Inside Bar,2026-05-13,1D,neutral,midair,neutral
543916,NR4,2026-05-13,1D,neutral,midair,neutral
543916,Doji,2026-05-14,1D,neutral,midair,neutral
543916,Bullish Pin Bar,2026-05-14,1D,bullish,midair,confirmed
543916,Bullish Harami,2026-05-14,1D,bullish,midair,confirmed
543916,Outside Bar,2026-05-14,1D,neutral,midair,neutral
543916,Morning Star,2026-05-15,1D,bullish,midair,failed
543916,Bearish Engulfing,2026-05-18,1D,bearish,at resistance,failed
543916,Shooting Star,2026-05-19,1D,bearish,midair,failed
543916,Bullish Harami,2026-05-19,1D,bullish,midair,confirmed
543916,Inside Bar,2026-05-19,1D,neutral,midair,neutral
543916,Outside Bar,2026-05-20,1D,neutral,midair,neutral
543916,Morning Star,2026-05-20,1D,bullish,midair,confirmed
543916,Hanging Man,2026-05-21,1D,bearish,midair,failed
543916,Bullish Pin Bar,2026-05-21,1D,bullish,midair,confirmed
543916,Inside Bar,2026-05-21,1D,neutral,midair,neutral
543916,NR7,2026-05-21,1D,neutral,midair,neutral
543916,Three White Soldiers,2026-05-21,1D,bullish,midair,confirmed
543916,Hanging Man,2026-05-22,1D,bearish,midair,confirmed
543916,Outside Bar,2026-05-22,1D,neutral,midair,neutral
543916,Hanging Man,2026-05-26,1D,bearish,midair,failed
543916,Three Black Crows,2026-05-26,1D,bearish,midair,failed
543916,Hanging Man,2026-05-27,1D,bearish,midair,confirmed
543916,Bullish Harami,2026-05-27,1D,bullish,midair,failed
543916,Inside Bar,2026-05-27,1D,neutral,midair,neutral
543916,NR7,2026-05-27,1D,neutral,midair,neutral
543916,Bearish Engulfing,2026-05-29,1D,bearish,midair,confirmed
543916,Tweezer Top,2026-05-29,1D,bearish,midair,confirmed
543916,Bearish Marubozu,2026-06-01,1D,bearish,midair,pending (last bar)
531911,Bullish Marubozu,2026-05-04,1D,bullish,at S/R confluence,failed
531911,Bullish Engulfing,2026-05-04,1D,bullish,at S/R confluence,failed
531911,Tweezer Bottom,2026-05-04,1D,bullish,at S/R confluence,failed
531911,NR7,2026-05-04,1D,neutral,at S/R confluence,neutral
531911,Outside Bar,2026-05-05,1D,neutral,at S/R confluence,neutral
531911,Bullish Harami,2026-05-06,1D,bullish,at resistance,confirmed
531911,Tweezer Top,2026-05-06,1D,bearish,at resistance,failed
531911,Inside Bar,2026-05-06,1D,neutral,at resistance,neutral
531911,Bullish Engulfing,2026-05-08,1D,bullish,at S/R confluence,confirmed
531911,Outside Bar,2026-05-08,1D,neutral,at S/R confluence,neutral
531911,Hanging Man,2026-05-11,1D,bearish,at resistance,confirmed
531911,Bullish Pin Bar,2026-05-11,1D,bullish,at resistance,failed
531911,Inside Bar,2026-05-12,1D,neutral,at S/R confluence,neutral
531911,Gravestone Doji,2026-05-15,1D,bearish,at S/R confluence,confirmed
531911,Shooting Star,2026-05-15,1D,bearish,at S/R confluence,confirmed
531911,Bearish Pin Bar,2026-05-15,1D,bearish,at S/R confluence,confirmed
531911,Bullish Harami,2026-05-15,1D,bullish,at S/R confluence,failed
531911,NR4,2026-05-15,1D,neutral,at S/R confluence,neutral
531911,Bearish Engulfing,2026-05-18,1D,bearish,at S/R confluence,failed
531911,Bullish Engulfing,2026-05-19,1D,bullish,at resistance,confirmed
531911,Bullish Marubozu,2026-05-20,1D,bullish,at resistance,failed
531911,Shooting Star,2026-05-22,1D,bearish,at resistance,failed
531911,Bearish Pin Bar,2026-05-22,1D,bearish,at resistance,failed
531911,Bullish Marubozu,2026-05-26,1D,bullish,at resistance,failed
531911,Inside Bar,2026-05-26,1D,neutral,at resistance,neutral
531911,NR4,2026-05-26,1D,neutral,at resistance,neutral
531911,Three White Soldiers,2026-05-26,1D,bullish,at resistance,failed
531911,Tweezer Top,2026-05-27,1D,bearish,at resistance,confirmed
531911,NR7,2026-05-27,1D,neutral,at resistance,neutral
531911,Hanging Man,2026-06-01,1D,bearish,at resistance,pending (last bar)
531911,Bullish Pin Bar,2026-06-01,1D,bullish,at resistance,pending (last bar)
SCI,Bearish Engulfing,2026-05-06,1D,bearish,midair,failed
SCI,Evening Star,2026-05-06,1D,bearish,midair,failed
SCI,Bullish Harami,2026-05-07,1D,bullish,at resistance,confirmed
SCI,Tweezer Top,2026-05-07,1D,bearish,at resistance,failed
SCI,Inside Bar,2026-05-07,1D,neutral,at resistance,neutral
SCI,NR4,2026-05-07,1D,neutral,at resistance,neutral
SCI,Shooting Star,2026-05-11,1D,bearish,midair,confirmed
SCI,Bearish Pin Bar,2026-05-11,1D,bearish,midair,confirmed
SCI,Three White Soldiers,2026-05-11,1D,bullish,midair,failed
SCI,Evening Star,2026-05-12,1D,bearish,at resistance,failed
SCI,Shooting Star,2026-05-13,1D,bearish,midair,confirmed
SCI,Bearish Pin Bar,2026-05-13,1D,bearish,midair,confirmed
SCI,Bullish Harami,2026-05-13,1D,bullish,midair,failed
SCI,Inside Bar,2026-05-13,1D,neutral,midair,neutral
SCI,NR4,2026-05-13,1D,neutral,midair,neutral
SCI,Bearish Engulfing,2026-05-14,1D,bearish,at resistance,failed
SCI,Bullish Harami,2026-05-15,1D,bullish,midair,confirmed
SCI,Outside Bar,2026-05-15,1D,neutral,midair,neutral
SCI,Morning Star,2026-05-18,1D,bullish,at resistance,failed
SCI,Tweezer Top,2026-05-19,1D,bearish,midair,confirmed
SCI,Inside Bar,2026-05-19,1D,neutral,midair,neutral
SCI,NR7,2026-05-20,1D,neutral,at resistance,neutral
SCI,Inside Bar,2026-05-21,1D,neutral,at resistance,neutral
SCI,NR7,2026-05-21,1D,neutral,at resistance,neutral
SCI,Three Black Crows,2026-05-25,1D,bearish,midair,failed
SCI,Bullish Harami,2026-05-26,1D,bullish,midair,failed
SCI,Tweezer Bottom,2026-05-26,1D,bullish,midair,failed
SCI,Inside Bar,2026-05-26,1D,neutral,midair,neutral
SCI,Bearish Engulfing,2026-05-27,1D,bearish,midair,failed
SCI,Tweezer Bottom,2026-05-27,1D,bullish,midair,failed
SCI,Doji,2026-05-28,1D,neutral,midair,neutral
SCI,Inside Bar,2026-05-28,1D,neutral,midair,neutral
SCI,Outside Bar,2026-05-29,1D,neutral,midair,neutral
SCI,Bullish Engulfing,2026-06-02,1D,bullish,midair,pending (last bar)
SCI,Outside Bar,2026-06-02,1D,neutral,midair,pending (last bar)
DIVGIITTS,Inverted Hammer,2026-05-05,1D,bullish,at S/R confluence,failed
DIVGIITTS,Bullish Harami,2026-05-05,1D,bullish,at S/R confluence,failed
DIVGIITTS,Inside Bar,2026-05-05,1D,neutral,at S/R confluence,neutral
DIVGIITTS,Long-legged Doji,2026-05-06,1D,neutral,at S/R confluence,neutral
DIVGIITTS,Tweezer Bottom,2026-05-06,1D,bullish,at S/R confluence,confirmed
DIVGIITTS,NR4,2026-05-07,1D,neutral,at resistance,neutral
DIVGIITTS,Tweezer Bottom,2026-05-08,1D,bullish,at resistance,failed
DIVGIITTS,Bearish Harami,2026-05-11,1D,bearish,at resistance,confirmed
DIVGIITTS,Three Black Crows,2026-05-13,1D,bearish,at S/R confluence,confirmed
DIVGIITTS,Three Black Crows,2026-05-14,1D,bearish,at S/R confluence,confirmed
DIVGIITTS,NR7,2026-05-15,1D,neutral,at S/R confluence,neutral
DIVGIITTS,Three Black Crows,2026-05-15,1D,bearish,at S/R confluence,confirmed
DIVGIITTS,Three Black Crows,2026-05-18,1D,bearish,at S/R confluence,failed
DIVGIITTS,Bullish Engulfing,2026-05-19,1D,bullish,at S/R confluence,failed
DIVGIITTS,Bearish Harami,2026-05-20,1D,bearish,at S/R confluence,failed
DIVGIITTS,Doji,2026-05-22,1D,neutral,at S/R confluence,neutral
DIVGIITTS,Hammer,2026-05-22,1D,bullish,at S/R confluence,confirmed
DIVGIITTS,Bullish Pin Bar,2026-05-22,1D,bullish,at S/R confluence,confirmed
DIVGIITTS,Three White Soldiers,2026-05-25,1D,bullish,at resistance,confirmed
DIVGIITTS,Hanging Man,2026-05-27,1D,bearish,at resistance,failed
DIVGIITTS,Bullish Harami,2026-05-27,1D,bullish,at resistance,confirmed
DIVGIITTS,Morning Star,2026-05-29,1D,bullish,at resistance,failed
DIVGIITTS,NR4,2026-06-01,1D,neutral,at resistance,neutral
DIVGIITTS,NR7,2026-06-02,1D,neutral,at resistance,pending (last bar)
MIDHANI,Bullish Engulfing,2026-05-07,1D,bullish,at S/R confluence,confirmed
MIDHANI,NR4,2026-05-15,1D,neutral,at S/R confluence,neutral
MIDHANI,Hanging Man,2026-05-18,1D,bearish,at S/R confluence,confirmed
MIDHANI,NR4,2026-05-18,1D,neutral,at S/R confluence,neutral
MIDHANI,Three Black Crows,2026-05-18,1D,bearish,at S/R confluence,confirmed
MIDHANI,NR7,2026-05-19,1D,neutral,at S/R confluence,neutral
MIDHANI,Three Black Crows,2026-05-19,1D,bearish,at S/R confluence,failed
MIDHANI,Bullish Engulfing,2026-05-20,1D,bullish,at S/R confluence,confirmed
MIDHANI,Outside Bar,2026-05-20,1D,neutral,at S/R confluence,neutral
MIDHANI,Inverted Hammer,2026-05-21,1D,bullish,at S/R confluence,confirmed
MIDHANI,Bearish Pin Bar,2026-05-21,1D,bearish,at S/R confluence,failed
MIDHANI,NR4,2026-05-25,1D,neutral,at S/R confluence,neutral
MIDHANI,Shooting Star,2026-05-26,1D,bearish,at S/R confluence,failed
MIDHANI,Bearish Pin Bar,2026-05-26,1D,bearish,at S/R confluence,failed
MIDHANI,Inside Bar,2026-05-26,1D,neutral,at S/R confluence,neutral
MIDHANI,NR7,2026-05-26,1D,neutral,at S/R confluence,neutral
MIDHANI,Inverted Hammer,2026-05-27,1D,bullish,at S/R confluence,failed
MIDHANI,Bearish Pin Bar,2026-05-27,1D,bearish,at S/R confluence,failed
MIDHANI,Bullish Harami,2026-05-27,1D,bullish,at S/R confluence,failed
MIDHANI,Inside Bar,2026-05-27,1D,neutral,at S/R confluence,neutral
MIDHANI,NR7,2026-05-27,1D,neutral,at S/R confluence,neutral
MIDHANI,Doji,2026-05-28,1D,neutral,at S/R confluence,neutral
MIDHANI,Inside Bar,2026-05-28,1D,neutral,at S/R confluence,neutral
MIDHANI,Long-legged Doji,2026-05-29,1D,neutral,at S/R confluence,neutral
MIDHANI,Outside Bar,2026-05-29,1D,neutral,at S/R confluence,neutral
MIDHANI,Inside Bar,2026-06-01,1D,neutral,at S/R confluence,neutral
NAM-INDIA,NR4,2026-05-07,1D,neutral,at resistance,neutral
NAM-INDIA,Three White Soldiers,2026-05-07,1D,bullish,at resistance,failed
NAM-INDIA,NR4,2026-05-08,1D,neutral,at resistance,neutral
NAM-INDIA,Evening Star,2026-05-11,1D,bearish,at S/R confluence,confirmed
NAM-INDIA,Three Black Crows,2026-05-12,1D,bearish,at support,failed
NAM-INDIA,Bullish Harami,2026-05-13,1D,bullish,at S/R confluence,confirmed
NAM-INDIA,Tweezer Top,2026-05-13,1D,bearish,at S/R confluence,failed
NAM-INDIA,Hanging Man,2026-05-15,1D,bearish,at S/R confluence,confirmed
NAM-INDIA,NR4,2026-05-15,1D,neutral,at S/R confluence,neutral
NAM-INDIA,Three White Soldiers,2026-05-15,1D,bullish,at S/R confluence,failed
NAM-INDIA,Shooting Star,2026-05-18,1D,bearish,at S/R confluence,confirmed
NAM-INDIA,Outside Bar,2026-05-18,1D,neutral,at S/R confluence,neutral
NAM-INDIA,Long-legged Doji,2026-05-19,1D,neutral,at S/R confluence,neutral
NAM-INDIA,Bullish Engulfing,2026-05-20,1D,bullish,at resistance,failed
NAM-INDIA,Morning Star,2026-05-20,1D,bullish,at resistance,failed
NAM-INDIA,Dark Cloud Cover,2026-05-21,1D,bearish,at S/R confluence,failed
NAM-INDIA,NR7,2026-05-22,1D,neutral,at S/R confluence,neutral
NAM-INDIA,NR7,2026-05-25,1D,neutral,at S/R confluence,neutral
NAM-INDIA,Morning Star,2026-05-25,1D,bullish,at S/R confluence,failed
NAM-INDIA,Bearish Harami,2026-05-26,1D,bearish,at S/R confluence,confirmed
NAM-INDIA,Outside Bar,2026-05-26,1D,neutral,at S/R confluence,neutral
NAM-INDIA,Doji,2026-05-27,1D,neutral,at S/R confluence,neutral
NAM-INDIA,Shooting Star,2026-05-27,1D,bearish,at S/R confluence,failed
NAM-INDIA,Bearish Pin Bar,2026-05-27,1D,bearish,at S/R confluence,failed
NAM-INDIA,Doji,2026-05-28,1D,neutral,at S/R confluence,neutral
NAM-INDIA,Inside Bar,2026-05-28,1D,neutral,at S/R confluence,neutral
NAM-INDIA,Outside Bar,2026-05-29,1D,neutral,at S/R confluence,neutral
NAM-INDIA,Morning Star,2026-05-29,1D,bullish,at S/R confluence,failed
NAM-INDIA,Bearish Harami,2026-06-01,1D,bearish,at S/R confluence,confirmed
NAM-INDIA,Inside Bar,2026-06-01,1D,neutral,at S/R confluence,neutral
NAM-INDIA,Hanging Man,2026-06-02,1D,bearish,at S/R confluence,pending (last bar)
NAM-INDIA,Bullish Pin Bar,2026-06-02,1D,bullish,at S/R confluence,pending (last bar)
GLAND,Bullish Harami,2026-05-06,1D,bullish,at S/R confluence,confirmed
GLAND,Inside Bar,2026-05-06,1D,neutral,at S/R confluence,neutral
GLAND,Morning Star,2026-05-07,1D,bullish,at S/R confluence,confirmed
GLAND,Three White Soldiers,2026-05-08,1D,bullish,at S/R confluence,confirmed
GLAND,Three White Soldiers,2026-05-11,1D,bullish,at S/R confluence,failed
GLAND,Bearish Engulfing,2026-05-12,1D,bearish,at S/R confluence,confirmed
GLAND,Evening Star,2026-05-12,1D,bearish,at S/R confluence,confirmed
GLAND,Bullish Engulfing,2026-05-14,1D,bullish,at S/R confluence,failed
GLAND,Dark Cloud Cover,2026-05-15,1D,bearish,at S/R confluence,failed
GLAND,Shooting Star,2026-05-20,1D,bearish,midair,failed
GLAND,Bearish Pin Bar,2026-05-20,1D,bearish,midair,failed
GLAND,Bearish Harami,2026-05-20,1D,bearish,midair,failed
GLAND,NR4,2026-05-20,1D,neutral,midair,neutral
GLAND,Tweezer Top,2026-05-22,1D,bearish,at resistance,confirmed
GLAND,Inside Bar,2026-05-22,1D,neutral,at resistance,neutral
GLAND,NR7,2026-05-22,1D,neutral,at resistance,neutral
GLAND,Three Black Crows,2026-05-26,1D,bearish,at resistance,failed
GLAND,Shooting Star,2026-05-27,1D,bearish,at resistance,failed
GLAND,Bearish Pin Bar,2026-05-27,1D,bearish,at resistance,failed
GLAND,Tweezer Top,2026-05-27,1D,bearish,at resistance,failed
GLAND,NR7,2026-05-27,1D,neutral,at resistance,neutral
GLAND,Doji,2026-05-28,1D,neutral,at resistance,neutral
GLAND,Inside Bar,2026-05-28,1D,neutral,at resistance,neutral
GLAND,Outside Bar,2026-05-29,1D,neutral,midair,neutral
GLAND,Shooting Star,2026-06-01,1D,bearish,midair,confirmed
GLAND,Bullish Harami,2026-06-01,1D,bullish,midair,failed
GLAND,Shooting Star,2026-06-02,1D,bearish,midair,pending (last bar)
GLAND,Bearish Pin Bar,2026-06-02,1D,bearish,midair,pending (last bar)
GLAND,Inside Bar,2026-06-02,1D,neutral,midair,pending (last bar)
CLEANMAX,Inside Bar,2026-05-05,1D,neutral,midair,neutral
CLEANMAX,NR4,2026-05-05,1D,neutral,midair,neutral
CLEANMAX,Dark Cloud Cover,2026-05-07,1D,bearish,midair,failed
CLEANMAX,Outside Bar,2026-05-07,1D,neutral,midair,neutral
CLEANMAX,Tweezer Top,2026-05-12,1D,bearish,midair,failed
CLEANMAX,NR4,2026-05-12,1D,neutral,midair,neutral
CLEANMAX,Bullish Engulfing,2026-05-13,1D,bullish,midair,confirmed
CLEANMAX,Outside Bar,2026-05-13,1D,neutral,midair,neutral
CLEANMAX,Bullish Harami,2026-05-19,1D,bullish,midair,failed
CLEANMAX,Inside Bar,2026-05-19,1D,neutral,midair,neutral
CLEANMAX,NR7,2026-05-19,1D,neutral,midair,neutral
CLEANMAX,NR7,2026-05-20,1D,neutral,midair,neutral
CLEANMAX,Outside Bar,2026-05-21,1D,neutral,midair,neutral
CLEANMAX,Three Black Crows,2026-05-22,1D,bearish,midair,confirmed
CLEANMAX,Three Black Crows,2026-05-25,1D,bearish,midair,failed
CLEANMAX,Bullish Harami,2026-05-26,1D,bullish,midair,failed
CLEANMAX,NR4,2026-05-26,1D,neutral,midair,neutral
CLEANMAX,Bearish Engulfing,2026-06-01,1D,bearish,midair,failed
GAEL,Inside Bar,2026-05-06,1D,neutral,at S/R confluence,neutral
GAEL,Bullish Engulfing,2026-05-07,1D,bullish,at support,confirmed
GAEL,Outside Bar,2026-05-07,1D,neutral,at support,neutral
GAEL,Doji,2026-05-12,1D,neutral,at resistance,neutral
GAEL,Hanging Man,2026-05-12,1D,bearish,at resistance,confirmed
GAEL,Bullish Pin Bar,2026-05-12,1D,bullish,at resistance,failed
GAEL,Bearish Engulfing,2026-05-13,1D,bearish,at resistance,confirmed
GAEL,NR4,2026-05-14,1D,neutral,at support,neutral
GAEL,Doji,2026-05-15,1D,neutral,at support,neutral
GAEL,Shooting Star,2026-05-15,1D,bearish,at support,confirmed
GAEL,Bearish Pin Bar,2026-05-15,1D,bearish,at support,confirmed
GAEL,Dragonfly Doji,2026-05-18,1D,bullish,at support,failed
GAEL,Hanging Man,2026-05-18,1D,bearish,at support,confirmed
GAEL,Bullish Pin Bar,2026-05-18,1D,bullish,at support,failed
GAEL,NR7,2026-05-18,1D,neutral,at support,neutral
GAEL,Shooting Star,2026-05-19,1D,bearish,at S/R confluence,failed
GAEL,Bearish Pin Bar,2026-05-19,1D,bearish,at S/R confluence,failed
GAEL,NR7,2026-05-19,1D,neutral,at S/R confluence,neutral
GAEL,Three Black Crows,2026-05-19,1D,bearish,at S/R confluence,failed
GAEL,Bullish Engulfing,2026-05-20,1D,bullish,at resistance,confirmed
GAEL,Outside Bar,2026-05-20,1D,neutral,at resistance,neutral
GAEL,Tweezer Bottom,2026-05-22,1D,bullish,at support,failed
GAEL,NR7,2026-05-22,1D,neutral,at support,neutral
GAEL,Outside Bar,2026-05-25,1D,neutral,at support,neutral
GAEL,Three Black Crows,2026-05-25,1D,bearish,at support,confirmed
GAEL,NR7,2026-05-27,1D,neutral,at S/R confluence,neutral
GAEL,Doji,2026-05-28,1D,neutral,at S/R confluence,neutral
GAEL,Tweezer Bottom,2026-05-28,1D,bullish,at S/R confluence,failed
GAEL,Inside Bar,2026-05-28,1D,neutral,at S/R confluence,neutral
GAEL,Outside Bar,2026-05-29,1D,neutral,at resistance,neutral
GAEL,Tweezer Bottom,2026-06-01,1D,bullish,at support,confirmed
GAEL,Piercing Line,2026-06-02,1D,bullish,at resistance,pending (last bar)
HSCL,Outside Bar,2026-05-06,1D,neutral,at resistance,neutral
HSCL,Inside Bar,2026-05-07,1D,neutral,midair,neutral
HSCL,Bullish Harami,2026-05-08,1D,bullish,at resistance,failed
HSCL,Tweezer Top,2026-05-08,1D,bearish,at resistance,confirmed
HSCL,NR4,2026-05-11,1D,neutral,midair,neutral
HSCL,Bullish Engulfing,2026-05-13,1D,bullish,midair,failed
HSCL,Outside Bar,2026-05-13,1D,neutral,midair,neutral
HSCL,Doji,2026-05-14,1D,neutral,midair,neutral
HSCL,Bearish Pin Bar,2026-05-14,1D,bearish,midair,confirmed
HSCL,Bearish Harami,2026-05-14,1D,bearish,midair,confirmed
HSCL,Tweezer Top,2026-05-14,1D,bearish,midair,confirmed
HSCL,NR7,2026-05-14,1D,neutral,midair,neutral
HSCL,Evening Star,2026-05-15,1D,bearish,midair,confirmed
HSCL,Three Black Crows,2026-05-18,1D,bearish,at support,failed
HSCL,Bullish Harami,2026-05-19,1D,bullish,midair,confirmed
HSCL,Outside Bar,2026-05-19,1D,neutral,midair,neutral
HSCL,Inside Bar,2026-05-20,1D,neutral,midair,neutral
HSCL,NR4,2026-05-20,1D,neutral,midair,neutral
HSCL,Morning Star,2026-05-20,1D,bullish,midair,confirmed
HSCL,Inverted Hammer,2026-05-21,1D,bullish,midair,failed
HSCL,Three White Soldiers,2026-05-21,1D,bullish,midair,failed
HSCL,Inside Bar,2026-05-22,1D,neutral,midair,neutral
HSCL,NR7,2026-05-22,1D,neutral,midair,neutral
HSCL,Tweezer Bottom,2026-05-25,1D,bullish,midair,confirmed
HSCL,Doji,2026-05-27,1D,neutral,midair,neutral
HSCL,Inverted Hammer,2026-05-27,1D,bullish,midair,failed
HSCL,Bearish Pin Bar,2026-05-27,1D,bearish,midair,failed
HSCL,Doji,2026-05-28,1D,neutral,midair,neutral
HSCL,Inside Bar,2026-05-28,1D,neutral,midair,neutral
HSCL,Hanging Man,2026-05-29,1D,bearish,midair,confirmed
HSCL,Outside Bar,2026-05-29,1D,neutral,midair,neutral
HSCL,Long-legged Doji,2026-06-01,1D,neutral,midair,neutral
HSCL,Bullish Engulfing,2026-06-02,1D,bullish,midair,pending (last bar)
HSCL,Tweezer Top,2026-06-02,1D,bearish,midair,pending (last bar)
HSCL,Inside Bar,2026-06-02,1D,neutral,midair,pending (last bar)
GULPOLY,Hanging Man,2026-05-06,1D,bearish,at S/R confluence,confirmed
GULPOLY,Tweezer Top,2026-05-06,1D,bearish,at S/R confluence,confirmed
GULPOLY,Inside Bar,2026-05-06,1D,neutral,at S/R confluence,neutral
GULPOLY,Inside Bar,2026-05-07,1D,neutral,at S/R confluence,neutral
GULPOLY,NR4,2026-05-07,1D,neutral,at S/R confluence,neutral
GULPOLY,Gravestone Doji,2026-05-08,1D,bearish,at S/R confluence,failed
GULPOLY,Shooting Star,2026-05-08,1D,bearish,at S/R confluence,failed
GULPOLY,Bearish Pin Bar,2026-05-08,1D,bearish,at S/R confluence,failed
GULPOLY,Outside Bar,2026-05-08,1D,neutral,at S/R confluence,neutral
GULPOLY,Shooting Star,2026-05-11,1D,bearish,at resistance,confirmed
GULPOLY,Bearish Pin Bar,2026-05-11,1D,bearish,at resistance,confirmed
GULPOLY,Outside Bar,2026-05-11,1D,neutral,at resistance,neutral
GULPOLY,Morning Star,2026-05-11,1D,bullish,at resistance,failed
GULPOLY,Bullish Engulfing,2026-05-13,1D,bullish,at resistance,confirmed
GULPOLY,NR4,2026-05-13,1D,neutral,at resistance,neutral
GULPOLY,NR4,2026-05-14,1D,neutral,at resistance,neutral
GULPOLY,Outside Bar,2026-05-15,1D,neutral,at resistance,neutral
GULPOLY,Hanging Man,2026-05-18,1D,bearish,at S/R confluence,failed
GULPOLY,Three Black Crows,2026-05-18,1D,bearish,at S/R confluence,failed
GULPOLY,Tweezer Top,2026-05-19,1D,bearish,at S/R confluence,failed
GULPOLY,NR7,2026-05-19,1D,neutral,at S/R confluence,neutral
GULPOLY,Outside Bar,2026-05-20,1D,neutral,at resistance,neutral
GULPOLY,Three White Soldiers,2026-05-21,1D,bullish,at resistance,failed
GULPOLY,Bearish Engulfing,2026-05-22,1D,bearish,at S/R confluence,confirmed
GULPOLY,Outside Bar,2026-05-22,1D,neutral,at S/R confluence,neutral
GULPOLY,Evening Star,2026-05-22,1D,bearish,at S/R confluence,confirmed
GULPOLY,Bullish Harami,2026-05-26,1D,bullish,at S/R confluence,failed
GULPOLY,Inside Bar,2026-05-26,1D,neutral,at S/R confluence,neutral
GULPOLY,NR4,2026-05-26,1D,neutral,at S/R confluence,neutral
GULPOLY,Doji,2026-05-28,1D,neutral,at S/R confluence,neutral
GULPOLY,Tweezer Bottom,2026-05-28,1D,bullish,at S/R confluence,failed
GULPOLY,Inside Bar,2026-05-28,1D,neutral,at S/R confluence,neutral
GULPOLY,Outside Bar,2026-05-29,1D,neutral,at S/R confluence,neutral
GULPOLY,Tweezer Bottom,2026-06-01,1D,bullish,at S/R confluence,failed
GULPOLY,Outside Bar,2026-06-01,1D,neutral,at S/R confluence,neutral
539132,Three White Soldiers,2026-05-04,1D,bullish,midair,confirmed
539132,Three White Soldiers,2026-05-05,1D,bullish,midair,failed
539132,Tweezer Top,2026-05-06,1D,bearish,midair,confirmed
539132,NR4,2026-05-06,1D,neutral,midair,neutral
539132,NR7,2026-05-07,1D,neutral,at resistance,neutral
539132,NR7,2026-05-08,1D,neutral,at resistance,neutral
539132,Bearish Engulfing,2026-05-11,1D,bearish,at resistance,confirmed
539132,Tweezer Top,2026-05-11,1D,bearish,at resistance,confirmed
539132,Inside Bar,2026-05-13,1D,neutral,at S/R confluence,neutral
539132,NR7,2026-05-13,1D,neutral,at S/R confluence,neutral
539132,Bullish Engulfing,2026-05-14,1D,bullish,at resistance,confirmed
539132,Outside Bar,2026-05-14,1D,neutral,at resistance,neutral
539132,Hammer,2026-05-15,1D,bullish,at resistance,failed
539132,Bullish Pin Bar,2026-05-15,1D,bullish,at resistance,failed
539132,Tweezer Bottom,2026-05-18,1D,bullish,at S/R confluence,confirmed
539132,Inside Bar,2026-05-18,1D,neutral,at S/R confluence,neutral
539132,Evening Star,2026-05-18,1D,bearish,at S/R confluence,failed
539132,Piercing Line,2026-05-19,1D,bullish,at resistance,failed
539132,Inside Bar,2026-05-20,1D,neutral,at resistance,neutral
539132,NR7,2026-05-20,1D,neutral,at resistance,neutral
539132,Bearish Engulfing,2026-05-21,1D,bearish,at S/R confluence,failed
539132,Evening Star,2026-05-21,1D,bearish,at S/R confluence,failed
539132,Inside Bar,2026-05-22,1D,neutral,at S/R confluence,neutral
539132,Bullish Marubozu,2026-05-25,1D,bullish,at resistance,confirmed
539132,Tweezer Bottom,2026-05-25,1D,bullish,at resistance,confirmed
539132,Morning Star,2026-05-25,1D,bullish,at resistance,confirmed
539132,Inside Bar,2026-05-27,1D,neutral,at S/R confluence,neutral
539132,NR7,2026-05-27,1D,neutral,at S/R confluence,neutral
539132,Bearish Engulfing,2026-06-01,1D,bearish,at S/R confluence,pending (last bar)
539132,Outside Bar,2026-06-01,1D,neutral,at S/R confluence,pending (last bar)
POLYCAB,Doji,2026-05-05,1D,neutral,at resistance,neutral
POLYCAB,Hanging Man,2026-05-05,1D,bearish,at resistance,failed
POLYCAB,Bullish Pin Bar,2026-05-05,1D,bullish,at resistance,confirmed
POLYCAB,Tweezer Top,2026-05-05,1D,bearish,at resistance,failed
POLYCAB,Doji,2026-05-06,1D,neutral,at resistance,neutral
POLYCAB,Three White Soldiers,2026-05-08,1D,bullish,at resistance,failed
POLYCAB,Tweezer Top,2026-05-11,1D,bearish,at resistance,confirmed
POLYCAB,Inside Bar,2026-05-11,1D,neutral,at resistance,neutral
POLYCAB,NR7,2026-05-15,1D,neutral,at resistance,neutral
POLYCAB,Hanging Man,2026-05-18,1D,bearish,at resistance,failed
POLYCAB,Bullish Pin Bar,2026-05-18,1D,bullish,at resistance,confirmed
POLYCAB,Long-legged Doji,2026-05-19,1D,neutral,at resistance,neutral
POLYCAB,Bullish Engulfing,2026-05-20,1D,bullish,at resistance,failed
POLYCAB,NR7,2026-05-21,1D,neutral,at resistance,neutral
POLYCAB,Tweezer Top,2026-05-22,1D,bearish,at resistance,failed
POLYCAB,NR7,2026-05-22,1D,neutral,at resistance,neutral
POLYCAB,Three White Soldiers,2026-05-26,1D,bullish,midair,confirmed
POLYCAB,Tweezer Top,2026-05-27,1D,bearish,midair,confirmed
POLYCAB,Three White Soldiers,2026-05-27,1D,bullish,midair,failed
POLYCAB,Bearish Engulfing,2026-05-29,1D,bearish,midair,failed
POLYCAB,Outside Bar,2026-05-29,1D,neutral,midair,neutral
POLYCAB,Evening Star,2026-05-29,1D,bearish,midair,failed
POLYCAB,Long-legged Doji,2026-06-01,1D,neutral,midair,neutral
POLYCAB,Bullish Engulfing,2026-06-02,1D,bullish,midair,pending (last bar)
ANGELONE,Doji,2026-05-06,1D,neutral,at resistance,neutral
ANGELONE,Hammer,2026-05-06,1D,bullish,at resistance,confirmed
ANGELONE,Bullish Pin Bar,2026-05-06,1D,bullish,at resistance,confirmed
ANGELONE,Three White Soldiers,2026-05-07,1D,bullish,at resistance,confirmed
ANGELONE,Shooting Star,2026-05-08,1D,bearish,at resistance,confirmed
ANGELONE,Three White Soldiers,2026-05-08,1D,bullish,at resistance,failed
ANGELONE,Inside Bar,2026-05-13,1D,neutral,at S/R confluence,neutral
ANGELONE,NR7,2026-05-13,1D,neutral,at S/R confluence,neutral
ANGELONE,Three Black Crows,2026-05-13,1D,bearish,at S/R confluence,failed
ANGELONE,Hammer,2026-05-14,1D,bullish,at S/R confluence,confirmed
ANGELONE,Outside Bar,2026-05-14,1D,neutral,at S/R confluence,neutral
ANGELONE,Hammer,2026-05-18,1D,bullish,at S/R confluence,confirmed
ANGELONE,Bullish Pin Bar,2026-05-18,1D,bullish,at S/R confluence,confirmed
ANGELONE,Bullish Marubozu,2026-05-19,1D,bullish,at resistance,failed
ANGELONE,Bearish Harami,2026-05-20,1D,bearish,at resistance,failed
ANGELONE,Inside Bar,2026-05-20,1D,neutral,at resistance,neutral
ANGELONE,NR4,2026-05-25,1D,neutral,at resistance,neutral
ANGELONE,Tweezer Top,2026-05-27,1D,bearish,at resistance,failed
ANGELONE,Doji,2026-05-28,1D,neutral,at resistance,neutral
ANGELONE,Inside Bar,2026-05-28,1D,neutral,at resistance,neutral
ANGELONE,Shooting Star,2026-05-29,1D,bearish,at resistance,confirmed
ANGELONE,Outside Bar,2026-05-29,1D,neutral,at resistance,neutral
ANGELONE,Outside Bar,2026-06-01,1D,neutral,at resistance,neutral
ANGELONE,Bullish Engulfing,2026-06-02,1D,bullish,at resistance,pending (last bar)
ANGELONE,Tweezer Top,2026-06-02,1D,bearish,at resistance,pending (last bar)
SANSTAR,Three White Soldiers,2026-05-06,1D,bullish,at S/R confluence,confirmed
SANSTAR,Outside Bar,2026-05-07,1D,neutral,at S/R confluence,neutral
SANSTAR,Three White Soldiers,2026-05-07,1D,bullish,at S/R confluence,confirmed
SANSTAR,Three White Soldiers,2026-05-08,1D,bullish,at S/R confluence,confirmed
SANSTAR,Three White Soldiers,2026-05-11,1D,bullish,at S/R confluence,failed
SANSTAR,Hanging Man,2026-05-12,1D,bearish,at S/R confluence,failed
SANSTAR,Inside Bar,2026-05-12,1D,neutral,at S/R confluence,neutral
SANSTAR,NR4,2026-05-12,1D,neutral,at S/R confluence,neutral
SANSTAR,Hanging Man,2026-05-14,1D,bearish,at S/R confluence,failed
SANSTAR,Long-legged Doji,2026-05-15,1D,neutral,at S/R confluence,neutral
SANSTAR,Shooting Star,2026-05-20,1D,bearish,midair,failed
SANSTAR,Bearish Pin Bar,2026-05-20,1D,bearish,midair,failed
SANSTAR,Bearish Harami,2026-05-22,1D,bearish,at resistance,confirmed
SANSTAR,Evening Star,2026-05-25,1D,bearish,at S/R confluence,failed
SANSTAR,Bullish Harami,2026-05-26,1D,bullish,at S/R confluence,confirmed
SANSTAR,Inside Bar,2026-05-26,1D,neutral,at S/R confluence,neutral
SANSTAR,NR7,2026-05-26,1D,neutral,at S/R confluence,neutral
SANSTAR,Morning Star,2026-05-27,1D,bullish,at resistance,failed
SANSTAR,Doji,2026-05-28,1D,neutral,at resistance,neutral
SANSTAR,Inside Bar,2026-05-28,1D,neutral,at resistance,neutral
SANSTAR,Long-legged Doji,2026-05-29,1D,neutral,at resistance,neutral
SANSTAR,Outside Bar,2026-05-29,1D,neutral,at resistance,neutral
543828,Long-legged Doji,2026-05-07,1D,neutral,at S/R confluence,neutral
543828,NR4,2026-05-08,1D,neutral,at S/R confluence,neutral
543828,Gravestone Doji,2026-05-11,1D,bearish,at S/R confluence,confirmed
543828,Shooting Star,2026-05-11,1D,bearish,at S/R confluence,confirmed
543828,Bearish Pin Bar,2026-05-11,1D,bearish,at S/R confluence,confirmed
543828,Tweezer Top,2026-05-11,1D,bearish,at S/R confluence,confirmed
543828,Bearish Marubozu,2026-05-12,1D,bearish,at S/R confluence,failed
543828,Bearish Engulfing,2026-05-12,1D,bearish,at S/R confluence,failed
543828,NR4,2026-05-14,1D,neutral,at resistance,neutral
543828,Bearish Marubozu,2026-05-15,1D,bearish,at S/R confluence,confirmed
543828,Tweezer Bottom,2026-05-15,1D,bullish,at S/R confluence,failed
543828,NR4,2026-05-15,1D,neutral,at S/R confluence,neutral
543828,Gravestone Doji,2026-05-18,1D,bearish,at S/R confluence,failed
543828,Inverted Hammer,2026-05-18,1D,bullish,at S/R confluence,confirmed
543828,Bearish Pin Bar,2026-05-18,1D,bearish,at S/R confluence,failed
543828,NR7,2026-05-18,1D,neutral,at S/R confluence,neutral
543828,Outside Bar,2026-05-19,1D,neutral,at S/R confluence,neutral
543828,Morning Star,2026-05-19,1D,bullish,at S/R confluence,confirmed
543828,Bullish Marubozu,2026-05-20,1D,bullish,at resistance,confirmed
543828,NR7,2026-05-20,1D,neutral,at resistance,neutral
543828,Hanging Man,2026-05-21,1D,bearish,at resistance,confirmed
543828,Three White Soldiers,2026-05-21,1D,bullish,at resistance,failed
543828,Bearish Engulfing,2026-05-22,1D,bearish,at resistance,failed
543828,Hanging Man,2026-05-25,1D,bearish,at resistance,failed
543828,Bullish Pin Bar,2026-05-25,1D,bullish,at resistance,confirmed
543828,Outside Bar,2026-05-25,1D,neutral,at resistance,neutral
543828,NR4,2026-05-26,1D,neutral,at resistance,neutral
543828,Three White Soldiers,2026-05-27,1D,bullish,midair,failed
543828,Bearish Marubozu,2026-05-29,1D,bearish,at resistance,confirmed
543828,Bearish Engulfing,2026-05-29,1D,bearish,at resistance,confirmed
VIVIMEDLAB,Bearish Engulfing,2026-05-05,1D,bearish,at support,failed
VIVIMEDLAB,Dragonfly Doji,2026-05-07,1D,bullish,at S/R confluence,failed
VIVIMEDLAB,Hammer,2026-05-07,1D,bullish,at S/R confluence,failed
VIVIMEDLAB,Bullish Pin Bar,2026-05-07,1D,bullish,at S/R confluence,failed
VIVIMEDLAB,NR4,2026-05-07,1D,neutral,at S/R confluence,neutral
VIVIMEDLAB,Inside Bar,2026-05-08,1D,neutral,at support,neutral
VIVIMEDLAB,NR7,2026-05-08,1D,neutral,at support,neutral
VIVIMEDLAB,Three Black Crows,2026-05-11,1D,bearish,at support,confirmed
VIVIMEDLAB,Outside Bar,2026-05-12,1D,neutral,at support,neutral
VIVIMEDLAB,Three Black Crows,2026-05-12,1D,bearish,at support,confirmed
VIVIMEDLAB,Hammer,2026-05-13,1D,bullish,at support,confirmed
VIVIMEDLAB,Bullish Pin Bar,2026-05-13,1D,bullish,at support,confirmed
VIVIMEDLAB,Three Black Crows,2026-05-13,1D,bearish,at support,failed
VIVIMEDLAB,Bullish Engulfing,2026-05-14,1D,bullish,at support,confirmed
VIVIMEDLAB,Tweezer Bottom,2026-05-14,1D,bullish,at support,confirmed
VIVIMEDLAB,Outside Bar,2026-05-14,1D,neutral,at support,neutral
VIVIMEDLAB,Bearish Marubozu,2026-05-18,1D,bearish,at support,failed
VIVIMEDLAB,Piercing Line,2026-05-21,1D,bullish,at support,failed
VIVIMEDLAB,Outside Bar,2026-05-21,1D,neutral,at support,neutral
VIVIMEDLAB,Inside Bar,2026-05-22,1D,neutral,at support,neutral
VIVIMEDLAB,NR7,2026-05-22,1D,neutral,at support,neutral
VIVIMEDLAB,NR7,2026-05-25,1D,neutral,at support,neutral
VIVIMEDLAB,Tweezer Top,2026-05-26,1D,bearish,at support,confirmed
VIVIMEDLAB,NR7,2026-05-27,1D,neutral,at support,neutral
VIVIMEDLAB,Dragonfly Doji,2026-05-29,1D,bullish,at support,failed
VIVIMEDLAB,Hammer,2026-05-29,1D,bullish,at support,failed
VIVIMEDLAB,Bullish Pin Bar,2026-05-29,1D,bullish,at support,failed
VIVIMEDLAB,Outside Bar,2026-05-29,1D,neutral,at support,neutral
VIVIMEDLAB,Gravestone Doji,2026-06-01,1D,bearish,at support,failed
VIVIMEDLAB,Shooting Star,2026-06-01,1D,bearish,at support,failed
VIVIMEDLAB,Bearish Pin Bar,2026-06-01,1D,bearish,at support,failed
VIVIMEDLAB,Piercing Line,2026-06-02,1D,bullish,at support,pending (last bar)
GKSL,Shooting Star,2026-05-06,1D,bearish,midair,failed
GKSL,Bearish Pin Bar,2026-05-06,1D,bearish,midair,failed
GKSL,Bullish Harami,2026-05-06,1D,bullish,midair,confirmed
GKSL,Inside Bar,2026-05-06,1D,neutral,midair,neutral
GKSL,Morning Star,2026-05-07,1D,bullish,midair,confirmed
GKSL,Bullish Marubozu,2026-05-08,1D,bullish,midair,confirmed
GKSL,Three White Soldiers,2026-05-08,1D,bullish,midair,confirmed
GKSL,Long-legged Doji,2026-05-11,1D,neutral,midair,neutral
GKSL,NR4,2026-05-12,1D,neutral,midair,neutral
GKSL,NR4,2026-05-13,1D,neutral,midair,neutral
GKSL,NR7,2026-05-15,1D,neutral,at support,neutral
GKSL,Outside Bar,2026-05-18,1D,neutral,at resistance,neutral
GKSL,NR7,2026-05-19,1D,neutral,at resistance,neutral
GKSL,Inside Bar,2026-05-21,1D,neutral,midair,neutral
GKSL,NR7,2026-05-21,1D,neutral,midair,neutral
GKSL,Three Black Crows,2026-05-21,1D,bearish,midair,failed
GKSL,Tweezer Bottom,2026-05-22,1D,bullish,at resistance,failed
GKSL,Inverted Hammer,2026-05-25,1D,bullish,midair,failed
GKSL,Tweezer Bottom,2026-05-25,1D,bullish,midair,failed
GKSL,Doji,2026-05-26,1D,neutral,midair,neutral
GKSL,Inverted Hammer,2026-05-26,1D,bullish,midair,failed
GKSL,Bearish Pin Bar,2026-05-26,1D,bearish,midair,confirmed
GKSL,Inside Bar,2026-05-26,1D,neutral,midair,neutral
GKSL,Three Black Crows,2026-05-27,1D,bearish,at support,failed
GKSL,Doji,2026-05-28,1D,neutral,at support,neutral
GKSL,Inside Bar,2026-05-28,1D,neutral,at support,neutral
GKSL,Inverted Hammer,2026-05-29,1D,bullish,at support,failed
GKSL,Bearish Pin Bar,2026-05-29,1D,bearish,at support,confirmed
GKSL,Tweezer Bottom,2026-05-29,1D,bullish,at support,failed
GKSL,Bearish Engulfing,2026-06-01,1D,bearish,at support,confirmed
GKSL,Outside Bar,2026-06-01,1D,neutral,at support,neutral
GKSL,Inverted Hammer,2026-06-02,1D,bullish,at support,pending (last bar)
GKSL,Bearish Pin Bar,2026-06-02,1D,bearish,at support,pending (last bar)
RUBYMILLS,Morning Star,2026-05-05,1D,bullish,at S/R confluence,failed
RUBYMILLS,Tweezer Top,2026-05-06,1D,bearish,at S/R confluence,failed
RUBYMILLS,Inside Bar,2026-05-06,1D,neutral,at S/R confluence,neutral
RUBYMILLS,Bullish Engulfing,2026-05-07,1D,bullish,at resistance,failed
RUBYMILLS,Outside Bar,2026-05-07,1D,neutral,at resistance,neutral
RUBYMILLS,Inside Bar,2026-05-08,1D,neutral,at S/R confluence,neutral
RUBYMILLS,Outside Bar,2026-05-12,1D,neutral,at S/R confluence,neutral
RUBYMILLS,Three Black Crows,2026-05-12,1D,bearish,at S/R confluence,failed
RUBYMILLS,Inverted Hammer,2026-05-13,1D,bullish,at S/R confluence,failed
RUBYMILLS,Bearish Pin Bar,2026-05-13,1D,bearish,at S/R confluence,confirmed
RUBYMILLS,Inside Bar,2026-05-13,1D,neutral,at S/R confluence,neutral
RUBYMILLS,NR7,2026-05-13,1D,neutral,at S/R confluence,neutral
RUBYMILLS,Outside Bar,2026-05-14,1D,neutral,at S/R confluence,neutral
RUBYMILLS,NR7,2026-05-15,1D,neutral,at S/R confluence,neutral
RUBYMILLS,Three Black Crows,2026-05-15,1D,bearish,at S/R confluence,confirmed
RUBYMILLS,Inverted Hammer,2026-05-18,1D,bullish,at S/R confluence,confirmed
RUBYMILLS,NR7,2026-05-18,1D,neutral,at S/R confluence,neutral
RUBYMILLS,Three Black Crows,2026-05-18,1D,bearish,at S/R confluence,failed
RUBYMILLS,Hammer,2026-05-19,1D,bullish,at S/R confluence,failed
RUBYMILLS,Outside Bar,2026-05-19,1D,neutral,at S/R confluence,neutral
RUBYMILLS,Inverted Hammer,2026-05-20,1D,bullish,at S/R confluence,confirmed
RUBYMILLS,Bearish Pin Bar,2026-05-20,1D,bearish,at S/R confluence,failed
RUBYMILLS,Bearish Engulfing,2026-05-22,1D,bearish,at S/R confluence,failed
RUBYMILLS,Bullish Marubozu,2026-05-25,1D,bullish,midair,failed
RUBYMILLS,Long-legged Doji,2026-05-27,1D,neutral,at resistance,neutral
RUBYMILLS,Bearish Engulfing,2026-06-01,1D,bearish,at resistance,failed
RUBYMILLS,Bullish Engulfing,2026-06-02,1D,bullish,midair,pending (last bar)
RAMRAT,NR4,2026-05-07,1D,neutral,midair,neutral
RAMRAT,Morning Star,2026-05-07,1D,bullish,midair,failed
RAMRAT,Bearish Engulfing,2026-05-08,1D,bearish,midair,confirmed
RAMRAT,Outside Bar,2026-05-08,1D,neutral,midair,neutral
RAMRAT,Three Black Crows,2026-05-12,1D,bearish,at resistance,confirmed
RAMRAT,Long-legged Doji,2026-05-13,1D,neutral,at S/R confluence,neutral
RAMRAT,Inside Bar,2026-05-14,1D,neutral,at resistance,neutral
RAMRAT,NR4,2026-05-14,1D,neutral,at resistance,neutral
RAMRAT,Doji,2026-05-15,1D,neutral,at S/R confluence,neutral
RAMRAT,Inverted Hammer,2026-05-15,1D,bullish,at S/R confluence,confirmed
RAMRAT,Bearish Pin Bar,2026-05-15,1D,bearish,at S/R confluence,failed
RAMRAT,Tweezer Bottom,2026-05-15,1D,bullish,at S/R confluence,confirmed
RAMRAT,Hammer,2026-05-18,1D,bullish,at resistance,confirmed
RAMRAT,Bullish Pin Bar,2026-05-18,1D,bullish,at resistance,confirmed
RAMRAT,Bullish Engulfing,2026-05-18,1D,bullish,at resistance,confirmed
RAMRAT,Inverted Hammer,2026-05-19,1D,bullish,midair,confirmed
RAMRAT,Bearish Pin Bar,2026-05-19,1D,bearish,midair,failed
RAMRAT,Bullish Engulfing,2026-05-20,1D,bullish,midair,failed
RAMRAT,NR4,2026-05-21,1D,neutral,midair,neutral
RAMRAT,Tweezer Bottom,2026-05-22,1D,bullish,midair,confirmed
RAMRAT,Inside Bar,2026-05-22,1D,neutral,midair,neutral
RAMRAT,NR7,2026-05-22,1D,neutral,midair,neutral
RAMRAT,Bearish Engulfing,2026-05-27,1D,bearish,at resistance,confirmed
RAMRAT,Three Black Crows,2026-06-01,1D,bearish,at resistance,confirmed
RAMRAT,NR4,2026-06-02,1D,neutral,at resistance,pending (last bar)
RAMRAT,Three Black Crows,2026-06-02,1D,bearish,at resistance,pending (last bar)
SPECTRUM,Tweezer Top,2026-05-06,1D,bearish,at support,failed
SPECTRUM,NR7,2026-05-06,1D,neutral,at support,neutral
SPECTRUM,Hanging Man,2026-05-08,1D,bearish,at S/R confluence,failed
SPECTRUM,Bullish Pin Bar,2026-05-08,1D,bullish,at S/R confluence,confirmed
SPECTRUM,Bullish Marubozu,2026-05-11,1D,bullish,at S/R confluence,confirmed
SPECTRUM,Three White Soldiers,2026-05-11,1D,bullish,at S/R confluence,confirmed
SPECTRUM,Gravestone Doji,2026-05-12,1D,bearish,at S/R confluence,confirmed
SPECTRUM,Shooting Star,2026-05-12,1D,bearish,at S/R confluence,confirmed
SPECTRUM,Bearish Pin Bar,2026-05-12,1D,bearish,at S/R confluence,confirmed
SPECTRUM,Three White Soldiers,2026-05-12,1D,bullish,at S/R confluence,failed
SPECTRUM,Bullish Engulfing,2026-05-15,1D,bullish,at S/R confluence,failed
SPECTRUM,Bullish Harami,2026-05-19,1D,bullish,at S/R confluence,failed
SPECTRUM,Tweezer Top,2026-05-19,1D,bearish,at S/R confluence,confirmed
SPECTRUM,Inside Bar,2026-05-19,1D,neutral,at S/R confluence,neutral
SPECTRUM,NR7,2026-05-19,1D,neutral,at S/R confluence,neutral
SPECTRUM,Hanging Man,2026-05-20,1D,bearish,at S/R confluence,confirmed
SPECTRUM,Bullish Pin Bar,2026-05-20,1D,bullish,at S/R confluence,failed
SPECTRUM,Tweezer Top,2026-05-21,1D,bearish,at S/R confluence,failed
SPECTRUM,NR7,2026-05-21,1D,neutral,at S/R confluence,neutral
SPECTRUM,Evening Star,2026-05-21,1D,bearish,at S/R confluence,failed
SPECTRUM,Shooting Star,2026-05-22,1D,bearish,at S/R confluence,confirmed
SPECTRUM,Bearish Pin Bar,2026-05-22,1D,bearish,at S/R confluence,confirmed
SPECTRUM,Bearish Engulfing,2026-05-25,1D,bearish,at S/R confluence,confirmed
SPECTRUM,Inside Bar,2026-05-29,1D,neutral,at S/R confluence,neutral
SPECTRUM,NR7,2026-05-29,1D,neutral,at S/R confluence,neutral
SPECTRUM,Long-legged Doji,2026-06-01,1D,neutral,at S/R confluence,neutral
SPECTRUM,Outside Bar,2026-06-01,1D,neutral,at S/R confluence,neutral
SPECTRUM,Tweezer Top,2026-06-02,1D,bearish,at S/R confluence,pending (last bar)
SPECTRUM,Inside Bar,2026-06-02,1D,neutral,at S/R confluence,pending (last bar)
SPECTRUM,Morning Star,2026-06-02,1D,bullish,at S/R confluence,pending (last bar)
SONAMLTD,Inside Bar,2026-05-05,1D,neutral,midair,neutral
SONAMLTD,Long-legged Doji,2026-05-06,1D,neutral,at resistance,neutral
SONAMLTD,Tweezer Bottom,2026-05-07,1D,bullish,at resistance,failed
SONAMLTD,Inside Bar,2026-05-07,1D,neutral,at resistance,neutral
SONAMLTD,NR4,2026-05-07,1D,neutral,at resistance,neutral
SONAMLTD,Evening Star,2026-05-07,1D,bearish,at resistance,confirmed
SONAMLTD,Long-legged Doji,2026-05-13,1D,neutral,at S/R confluence,neutral
SONAMLTD,Inside Bar,2026-05-13,1D,neutral,at S/R confluence,neutral
SONAMLTD,NR7,2026-05-13,1D,neutral,at S/R confluence,neutral
SONAMLTD,Tweezer Bottom,2026-05-14,1D,bullish,at resistance,failed
SONAMLTD,Bearish Harami,2026-05-15,1D,bearish,at resistance,confirmed
SONAMLTD,Inside Bar,2026-05-15,1D,neutral,at resistance,neutral
SONAMLTD,NR7,2026-05-15,1D,neutral,at resistance,neutral
SONAMLTD,Morning Star,2026-05-19,1D,bullish,midair,confirmed
SONAMLTD,Three White Soldiers,2026-05-20,1D,bullish,midair,failed
SONAMLTD,Long-legged Doji,2026-05-21,1D,neutral,at resistance,neutral
SONAMLTD,Tweezer Top,2026-05-21,1D,bearish,at resistance,failed
SONAMLTD,Inside Bar,2026-05-21,1D,neutral,at resistance,neutral
SONAMLTD,Hanging Man,2026-05-22,1D,bearish,at resistance,confirmed
SONAMLTD,Shooting Star,2026-05-26,1D,bearish,at resistance,confirmed
SONAMLTD,Bearish Pin Bar,2026-05-26,1D,bearish,at resistance,confirmed
SONAMLTD,NR4,2026-05-27,1D,neutral,at S/R confluence,neutral
SONAMLTD,Shooting Star,2026-06-01,1D,bearish,midair,confirmed
SONAMLTD,Bearish Pin Bar,2026-06-01,1D,bearish,midair,confirmed
SONAMLTD,Three White Soldiers,2026-06-01,1D,bullish,midair,failed
SONAMLTD,Bearish Engulfing,2026-06-02,1D,bearish,midair,pending (last bar)
SONAMLTD,NR7,2026-06-02,1D,neutral,midair,pending (last bar)
SAILIFE,Shooting Star,2026-05-06,1D,bearish,at resistance,failed
SAILIFE,Inside Bar,2026-05-07,1D,neutral,at resistance,neutral
SAILIFE,NR4,2026-05-07,1D,neutral,at resistance,neutral
SAILIFE,Three White Soldiers,2026-05-11,1D,bullish,at resistance,failed
SAILIFE,Evening Star,2026-05-12,1D,bearish,at resistance,failed
SAILIFE,Doji,2026-05-14,1D,neutral,at resistance,neutral
SAILIFE,Bearish Pin Bar,2026-05-14,1D,bearish,at resistance,confirmed
SAILIFE,Morning Star,2026-05-14,1D,bullish,at resistance,failed
SAILIFE,Hanging Man,2026-05-15,1D,bearish,at resistance,failed
SAILIFE,Morning Star,2026-05-15,1D,bullish,at resistance,confirmed
SAILIFE,Long-legged Doji,2026-05-19,1D,neutral,at resistance,neutral
SAILIFE,Three White Soldiers,2026-05-19,1D,bullish,at resistance,confirmed
SAILIFE,Tweezer Top,2026-05-20,1D,bearish,at resistance,confirmed
SAILIFE,NR7,2026-05-20,1D,neutral,at resistance,neutral
SAILIFE,Three White Soldiers,2026-05-20,1D,bullish,at resistance,failed
SAILIFE,Tweezer Top,2026-05-21,1D,bearish,at resistance,confirmed
SAILIFE,NR7,2026-05-21,1D,neutral,at resistance,neutral
SAILIFE,NR7,2026-05-22,1D,neutral,at resistance,neutral
SAILIFE,Bearish Harami,2026-05-26,1D,bearish,at resistance,confirmed
SAILIFE,Inside Bar,2026-05-26,1D,neutral,at resistance,neutral
SAILIFE,NR7,2026-05-27,1D,neutral,at resistance,neutral
SAILIFE,Evening Star,2026-05-27,1D,bearish,at resistance,failed
SAILIFE,Doji,2026-05-28,1D,neutral,at resistance,neutral
SAILIFE,Inside Bar,2026-05-28,1D,neutral,at resistance,neutral
SAILIFE,Outside Bar,2026-05-29,1D,neutral,at resistance,neutral
SAILIFE,Morning Star,2026-05-29,1D,bullish,at resistance,failed
SAILIFE,Dark Cloud Cover,2026-06-01,1D,bearish,at resistance,confirmed
NELCAST,Hanging Man,2026-05-06,1D,bearish,at S/R confluence,confirmed
NELCAST,Bullish Pin Bar,2026-05-06,1D,bullish,at S/R confluence,failed
NELCAST,Shooting Star,2026-05-07,1D,bearish,at S/R confluence,failed
NELCAST,Bearish Pin Bar,2026-05-07,1D,bearish,at S/R confluence,failed
NELCAST,Outside Bar,2026-05-08,1D,neutral,at support,neutral
NELCAST,Inside Bar,2026-05-11,1D,neutral,at support,neutral
NELCAST,Evening Star,2026-05-12,1D,bearish,at S/R confluence,failed
NELCAST,Shooting Star,2026-05-13,1D,bearish,at resistance,confirmed
NELCAST,Bearish Pin Bar,2026-05-13,1D,bearish,at resistance,confirmed
NELCAST,Bullish Harami,2026-05-13,1D,bullish,at resistance,failed
NELCAST,Inside Bar,2026-05-13,1D,neutral,at resistance,neutral
NELCAST,NR4,2026-05-13,1D,neutral,at resistance,neutral
NELCAST,Bearish Engulfing,2026-05-14,1D,bearish,at S/R confluence,confirmed
NELCAST,Tweezer Top,2026-05-14,1D,bearish,at S/R confluence,confirmed
NELCAST,Inside Bar,2026-05-14,1D,neutral,at S/R confluence,neutral
NELCAST,NR4,2026-05-14,1D,neutral,at S/R confluence,neutral
NELCAST,Doji,2026-05-18,1D,neutral,at S/R confluence,neutral
NELCAST,Hammer,2026-05-18,1D,bullish,at S/R confluence,failed
NELCAST,Bullish Pin Bar,2026-05-18,1D,bullish,at S/R confluence,failed
NELCAST,Three Black Crows,2026-05-18,1D,bearish,at S/R confluence,confirmed
NELCAST,Doji,2026-05-19,1D,neutral,at support,neutral
NELCAST,Inverted Hammer,2026-05-19,1D,bullish,at support,failed
NELCAST,Bearish Pin Bar,2026-05-19,1D,bearish,at support,confirmed
NELCAST,Tweezer Bottom,2026-05-19,1D,bullish,at support,failed
NELCAST,Inside Bar,2026-05-19,1D,neutral,at support,neutral
NELCAST,Three Black Crows,2026-05-19,1D,bearish,at support,confirmed
NELCAST,NR7,2026-05-20,1D,neutral,at support,neutral
NELCAST,Three Black Crows,2026-05-20,1D,bearish,at support,failed
NELCAST,Doji,2026-05-21,1D,neutral,at support,neutral
NELCAST,Inverted Hammer,2026-05-21,1D,bullish,at support,confirmed
NELCAST,Bearish Pin Bar,2026-05-21,1D,bearish,at support,failed
NELCAST,Bullish Harami,2026-05-21,1D,bullish,at support,confirmed
NELCAST,Inside Bar,2026-05-22,1D,neutral,at support,neutral
NELCAST,NR7,2026-05-22,1D,neutral,at support,neutral
NELCAST,Morning Star,2026-05-22,1D,bullish,at support,confirmed
NELCAST,Tweezer Bottom,2026-05-25,1D,bullish,at support,confirmed
NELCAST,Inverted Hammer,2026-05-26,1D,bullish,at support,confirmed
NELCAST,Bearish Pin Bar,2026-05-26,1D,bearish,at support,failed
NELCAST,Inverted Hammer,2026-05-27,1D,bullish,at support,failed
NELCAST,Bearish Pin Bar,2026-05-27,1D,bearish,at support,failed
NELCAST,Inside Bar,2026-05-27,1D,neutral,at support,neutral
NELCAST,Doji,2026-05-28,1D,neutral,at support,neutral
NELCAST,Inside Bar,2026-05-28,1D,neutral,at support,neutral
NELCAST,Inverted Hammer,2026-05-29,1D,bullish,at S/R confluence,confirmed
NELCAST,Tweezer Bottom,2026-05-29,1D,bullish,at S/R confluence,confirmed
NELCAST,Shooting Star,2026-06-01,1D,bearish,at S/R confluence,confirmed
NELCAST,Bearish Pin Bar,2026-06-01,1D,bearish,at S/R confluence,confirmed
NELCAST,Long-legged Doji,2026-06-02,1D,neutral,at S/R confluence,pending (last bar)
STLNETWORK,Tweezer Bottom,2026-05-06,1D,bullish,midair,confirmed
STLNETWORK,Inverted Hammer,2026-05-07,1D,bullish,midair,failed
STLNETWORK,Bearish Pin Bar,2026-05-07,1D,bearish,midair,confirmed
STLNETWORK,NR4,2026-05-07,1D,neutral,midair,neutral
STLNETWORK,Shooting Star,2026-05-08,1D,bearish,at S/R confluence,confirmed
STLNETWORK,Bearish Pin Bar,2026-05-08,1D,bearish,at S/R confluence,confirmed
STLNETWORK,Bearish Engulfing,2026-05-12,1D,bearish,midair,failed
STLNETWORK,Tweezer Bottom,2026-05-12,1D,bullish,midair,confirmed
STLNETWORK,Outside Bar,2026-05-12,1D,neutral,midair,neutral
STLNETWORK,Bullish Harami,2026-05-13,1D,bullish,midair,confirmed
STLNETWORK,Morning Star,2026-05-14,1D,bullish,at support,failed
STLNETWORK,Bearish Harami,2026-05-15,1D,bearish,at S/R confluence,confirmed
STLNETWORK,Inside Bar,2026-05-15,1D,neutral,at S/R confluence,neutral
STLNETWORK,NR4,2026-05-15,1D,neutral,at S/R confluence,neutral
STLNETWORK,Inside Bar,2026-05-19,1D,neutral,at S/R confluence,neutral
STLNETWORK,NR7,2026-05-19,1D,neutral,at S/R confluence,neutral
STLNETWORK,Three Black Crows,2026-05-19,1D,bearish,at S/R confluence,failed
STLNETWORK,Bullish Engulfing,2026-05-20,1D,bullish,midair,failed
STLNETWORK,Tweezer Bottom,2026-05-20,1D,bullish,midair,failed
STLNETWORK,Outside Bar,2026-05-20,1D,neutral,midair,neutral
STLNETWORK,Dark Cloud Cover,2026-05-21,1D,bearish,at S/R confluence,confirmed
STLNETWORK,Outside Bar,2026-05-21,1D,neutral,at S/R confluence,neutral
STLNETWORK,Doji,2026-05-22,1D,neutral,at S/R confluence,neutral
STLNETWORK,Inverted Hammer,2026-05-22,1D,bullish,at S/R confluence,confirmed
STLNETWORK,Bearish Pin Bar,2026-05-22,1D,bearish,at S/R confluence,failed
STLNETWORK,Inside Bar,2026-05-22,1D,neutral,at S/R confluence,neutral
STLNETWORK,NR7,2026-05-22,1D,neutral,at S/R confluence,neutral
STLNETWORK,Morning Star,2026-05-25,1D,bullish,at resistance,confirmed
STLNETWORK,Dragonfly Doji,2026-05-26,1D,bullish,at S/R confluence,confirmed
STLNETWORK,Bullish Pin Bar,2026-05-26,1D,bullish,at S/R confluence,confirmed
STLNETWORK,Doji,2026-05-28,1D,neutral,midair,neutral
STLNETWORK,Tweezer Top,2026-05-28,1D,bearish,midair,failed
STLNETWORK,Dragonfly Doji,2026-05-29,1D,bullish,at resistance,failed
STLNETWORK,Hanging Man,2026-05-29,1D,bearish,at resistance,confirmed
STLNETWORK,Bullish Pin Bar,2026-05-29,1D,bullish,at resistance,failed
STLNETWORK,Shooting Star,2026-06-01,1D,bearish,midair,confirmed
STLNETWORK,Outside Bar,2026-06-01,1D,neutral,midair,neutral
STLNETWORK,Three Black Crows,2026-06-02,1D,bearish,midair,pending (last bar)
AETHER,Hanging Man,2026-05-06,1D,bearish,at resistance,confirmed
AETHER,Bullish Harami,2026-05-06,1D,bullish,at resistance,failed
AETHER,Inside Bar,2026-05-06,1D,neutral,at resistance,neutral
AETHER,Bearish Engulfing,2026-05-07,1D,bearish,at resistance,confirmed
AETHER,Outside Bar,2026-05-07,1D,neutral,at resistance,neutral
AETHER,Shooting Star,2026-05-08,1D,bearish,at resistance,confirmed
AETHER,Bearish Pin Bar,2026-05-08,1D,bearish,at resistance,confirmed
AETHER,Inside Bar,2026-05-08,1D,neutral,at resistance,neutral
AETHER,NR4,2026-05-08,1D,neutral,at resistance,neutral
AETHER,Shooting Star,2026-05-11,1D,bearish,at resistance,confirmed
AETHER,Outside Bar,2026-05-11,1D,neutral,at resistance,neutral
AETHER,Three Black Crows,2026-05-11,1D,bearish,at resistance,confirmed
AETHER,Three Black Crows,2026-05-12,1D,bearish,midair,confirmed
AETHER,Shooting Star,2026-05-13,1D,bearish,midair,confirmed
AETHER,Bearish Pin Bar,2026-05-13,1D,bearish,midair,confirmed
AETHER,Three Black Crows,2026-05-13,1D,bearish,midair,confirmed
AETHER,Three Black Crows,2026-05-14,1D,bearish,at support,failed
AETHER,Tweezer Bottom,2026-05-15,1D,bullish,at support,confirmed
AETHER,Outside Bar,2026-05-18,1D,neutral,at support,neutral
AETHER,Bearish Harami,2026-05-19,1D,bearish,at support,confirmed
AETHER,Inside Bar,2026-05-19,1D,neutral,at support,neutral
AETHER,NR7,2026-05-19,1D,neutral,at support,neutral
AETHER,Long-legged Doji,2026-05-20,1D,neutral,at support,neutral
AETHER,Inside Bar,2026-05-21,1D,neutral,at support,neutral
AETHER,NR7,2026-05-21,1D,neutral,at support,neutral
AETHER,Bullish Harami,2026-05-25,1D,bullish,at S/R confluence,confirmed
AETHER,NR7,2026-05-25,1D,neutral,at S/R confluence,neutral
AETHER,Morning Star,2026-05-26,1D,bullish,at support,failed
AETHER,Hammer,2026-05-27,1D,bullish,at support,failed
AETHER,Bullish Pin Bar,2026-05-27,1D,bullish,at support,failed
AETHER,Inside Bar,2026-05-27,1D,neutral,at support,neutral
AETHER,Doji,2026-05-28,1D,neutral,at support,neutral
AETHER,Inside Bar,2026-05-28,1D,neutral,at support,neutral
AETHER,Long-legged Doji,2026-05-29,1D,neutral,at support,neutral
AETHER,Outside Bar,2026-05-29,1D,neutral,at support,neutral
AETHER,Bullish Engulfing,2026-06-01,1D,bullish,at support,failed
GMDCLTD,Three Black Crows,2026-05-06,1D,bearish,midair,failed
GMDCLTD,Doji,2026-05-07,1D,neutral,midair,neutral
GMDCLTD,Shooting Star,2026-05-07,1D,bearish,midair,confirmed
GMDCLTD,Bearish Pin Bar,2026-05-07,1D,bearish,midair,confirmed
GMDCLTD,Tweezer Top,2026-05-07,1D,bearish,midair,confirmed
GMDCLTD,Inside Bar,2026-05-07,1D,neutral,midair,neutral
GMDCLTD,NR4,2026-05-07,1D,neutral,midair,neutral
GMDCLTD,Three Black Crows,2026-05-11,1D,bearish,at support,confirmed
GMDCLTD,Three Black Crows,2026-05-12,1D,bearish,at S/R confluence,failed
GMDCLTD,Inside Bar,2026-05-13,1D,neutral,at support,neutral
GMDCLTD,NR4,2026-05-13,1D,neutral,at support,neutral
GMDCLTD,NR4,2026-05-14,1D,neutral,at support,neutral
GMDCLTD,Evening Star,2026-05-15,1D,bearish,at S/R confluence,confirmed
GMDCLTD,NR7,2026-05-18,1D,neutral,at S/R confluence,neutral
GMDCLTD,Three Black Crows,2026-05-18,1D,bearish,at S/R confluence,failed
GMDCLTD,Bullish Harami,2026-05-19,1D,bullish,at S/R confluence,failed
GMDCLTD,Inside Bar,2026-05-19,1D,neutral,at S/R confluence,neutral
GMDCLTD,NR7,2026-05-19,1D,neutral,at S/R confluence,neutral
GMDCLTD,NR7,2026-05-20,1D,neutral,at S/R confluence,neutral
GMDCLTD,Morning Star,2026-05-20,1D,bullish,at S/R confluence,confirmed
GMDCLTD,Inverted Hammer,2026-05-21,1D,bullish,at S/R confluence,failed
GMDCLTD,Bearish Pin Bar,2026-05-21,1D,bearish,at S/R confluence,confirmed
GMDCLTD,Inverted Hammer,2026-05-22,1D,bullish,at S/R confluence,confirmed
GMDCLTD,Tweezer Bottom,2026-05-22,1D,bullish,at S/R confluence,confirmed
GMDCLTD,Inside Bar,2026-05-22,1D,neutral,at S/R confluence,neutral
GMDCLTD,NR7,2026-05-25,1D,neutral,at S/R confluence,neutral
GMDCLTD,Bullish Engulfing,2026-05-26,1D,bullish,midair,confirmed
GMDCLTD,Tweezer Bottom,2026-05-26,1D,bullish,midair,confirmed
GMDCLTD,Shooting Star,2026-05-27,1D,bearish,midair,failed
GMDCLTD,Bearish Pin Bar,2026-05-27,1D,bearish,midair,failed
GMDCLTD,NR7,2026-05-27,1D,neutral,midair,neutral
GMDCLTD,Doji,2026-05-28,1D,neutral,midair,neutral
GMDCLTD,Inside Bar,2026-05-28,1D,neutral,midair,neutral
GMDCLTD,Outside Bar,2026-05-29,1D,neutral,at support,neutral
GMDCLTD,Evening Star,2026-05-29,1D,bearish,at support,confirmed
GMDCLTD,Shooting Star,2026-06-01,1D,bearish,at support,failed
GMDCLTD,Bearish Pin Bar,2026-06-01,1D,bearish,at support,failed
GMDCLTD,Inside Bar,2026-06-01,1D,neutral,at support,neutral
AARTIIND,Bullish Harami,2026-05-06,1D,bullish,at resistance,failed
AARTIIND,Inside Bar,2026-05-06,1D,neutral,at resistance,neutral
AARTIIND,Inside Bar,2026-05-07,1D,neutral,at resistance,neutral
AARTIIND,Doji,2026-05-08,1D,neutral,at resistance,neutral
AARTIIND,Shooting Star,2026-05-08,1D,bearish,at resistance,failed
AARTIIND,Bearish Pin Bar,2026-05-08,1D,bearish,at resistance,failed
AARTIIND,Inside Bar,2026-05-08,1D,neutral,at resistance,neutral
AARTIIND,NR4,2026-05-08,1D,neutral,at resistance,neutral
AARTIIND,Outside Bar,2026-05-11,1D,neutral,at resistance,neutral
AARTIIND,Inverted Hammer,2026-05-13,1D,bullish,at S/R confluence,failed
AARTIIND,Bearish Pin Bar,2026-05-13,1D,bearish,at S/R confluence,confirmed
AARTIIND,Inside Bar,2026-05-13,1D,neutral,at S/R confluence,neutral
AARTIIND,Doji,2026-05-14,1D,neutral,at S/R confluence,neutral
AARTIIND,Hammer,2026-05-14,1D,bullish,at S/R confluence,failed
AARTIIND,Bullish Pin Bar,2026-05-14,1D,bullish,at S/R confluence,failed
AARTIIND,Inside Bar,2026-05-15,1D,neutral,at S/R confluence,neutral
AARTIIND,NR4,2026-05-15,1D,neutral,at S/R confluence,neutral
AARTIIND,Evening Star,2026-05-15,1D,bearish,at S/R confluence,confirmed
AARTIIND,Dragonfly Doji,2026-05-18,1D,bullish,at S/R confluence,confirmed
AARTIIND,Hammer,2026-05-18,1D,bullish,at S/R confluence,confirmed
AARTIIND,Bullish Pin Bar,2026-05-18,1D,bullish,at S/R confluence,confirmed
AARTIIND,Morning Star,2026-05-19,1D,bullish,at S/R confluence,failed
AARTIIND,Bearish Harami,2026-05-20,1D,bearish,at S/R confluence,failed
AARTIIND,Inside Bar,2026-05-20,1D,neutral,at S/R confluence,neutral
AARTIIND,Bearish Harami,2026-05-22,1D,bearish,at S/R confluence,failed
AARTIIND,Inside Bar,2026-05-22,1D,neutral,at S/R confluence,neutral
AARTIIND,NR4,2026-05-22,1D,neutral,at S/R confluence,neutral
AARTIIND,Tweezer Top,2026-05-27,1D,bearish,at resistance,failed
AARTIIND,Three White Soldiers,2026-05-27,1D,bullish,at resistance,failed
AARTIIND,Doji,2026-05-28,1D,neutral,at resistance,neutral
AARTIIND,Tweezer Top,2026-05-28,1D,bearish,at resistance,confirmed
AARTIIND,Inside Bar,2026-05-28,1D,neutral,at resistance,neutral
AARTIIND,Tweezer Top,2026-05-29,1D,bearish,at S/R confluence,confirmed
AARTIIND,Outside Bar,2026-05-29,1D,neutral,at S/R confluence,neutral
AARTIIND,Evening Star,2026-05-29,1D,bearish,at S/R confluence,confirmed
AARTIIND,Doji,2026-06-02,1D,neutral,at S/R confluence,pending (last bar)
540693,Tweezer Top,2026-05-04,1D,bearish,at support,failed
540693,Outside Bar,2026-05-04,1D,neutral,at support,neutral
540693,Three Black Crows,2026-05-04,1D,bearish,at support,failed
540693,NR4,2026-05-05,1D,neutral,at support,neutral
540693,NR7,2026-05-06,1D,neutral,at support,neutral
540693,Inside Bar,2026-05-07,1D,neutral,at support,neutral
540693,NR7,2026-05-07,1D,neutral,at support,neutral
540693,Long-legged Doji,2026-05-12,1D,neutral,at support,neutral
540693,Tweezer Bottom,2026-05-12,1D,bullish,at support,failed
540693,Evening Star,2026-05-13,1D,bearish,at support,confirmed
540693,Inverted Hammer,2026-05-14,1D,bullish,at support,confirmed
540693,Bearish Pin Bar,2026-05-14,1D,bearish,at support,failed
540693,Tweezer Bottom,2026-05-14,1D,bullish,at support,confirmed
540693,NR4,2026-05-14,1D,neutral,at support,neutral
540693,Inverted Hammer,2026-05-15,1D,bullish,at support,confirmed
540693,Bearish Pin Bar,2026-05-15,1D,bearish,at support,failed
540693,Tweezer Bottom,2026-05-15,1D,bullish,at support,confirmed
540693,NR4,2026-05-15,1D,neutral,at support,neutral
540693,Inverted Hammer,2026-05-18,1D,bullish,at support,failed
540693,Bearish Pin Bar,2026-05-18,1D,bearish,at support,confirmed
540693,Tweezer Bottom,2026-05-18,1D,bullish,at support,failed
540693,Three White Soldiers,2026-05-18,1D,bullish,at support,failed
540693,Inside Bar,2026-05-19,1D,neutral,at support,neutral
540693,Tweezer Bottom,2026-05-20,1D,bullish,at support,failed
540693,NR7,2026-05-20,1D,neutral,at support,neutral
540693,Tweezer Bottom,2026-05-21,1D,bullish,at support,failed
540693,NR7,2026-05-22,1D,neutral,at support,neutral
540693,Outside Bar,2026-05-25,1D,neutral,at support,neutral
540693,Inverted Hammer,2026-05-26,1D,bullish,at support,confirmed
540693,Inside Bar,2026-05-26,1D,neutral,at support,neutral
540693,Three White Soldiers,2026-05-27,1D,bullish,at support,failed
540693,Dark Cloud Cover,2026-05-29,1D,bearish,at support,failed
APCOTEXIND,Three White Soldiers,2026-05-07,1D,bullish,at resistance,confirmed
APCOTEXIND,Shooting Star,2026-05-12,1D,bearish,midair,confirmed
APCOTEXIND,Bearish Pin Bar,2026-05-12,1D,bearish,midair,confirmed
APCOTEXIND,NR4,2026-05-12,1D,neutral,midair,neutral
APCOTEXIND,Three Black Crows,2026-05-12,1D,bearish,midair,confirmed
APCOTEXIND,NR4,2026-05-13,1D,neutral,at support,neutral
APCOTEXIND,Three Black Crows,2026-05-13,1D,bearish,at support,confirmed
APCOTEXIND,Long-legged Doji,2026-05-14,1D,neutral,at support,neutral
APCOTEXIND,NR7,2026-05-14,1D,neutral,at support,neutral
APCOTEXIND,Three Black Crows,2026-05-14,1D,bearish,at support,failed
APCOTEXIND,Morning Star,2026-05-15,1D,bullish,midair,failed
APCOTEXIND,Inside Bar,2026-05-20,1D,neutral,midair,neutral
APCOTEXIND,Evening Star,2026-05-21,1D,bearish,midair,failed
APCOTEXIND,Tweezer Bottom,2026-05-22,1D,bullish,midair,failed
APCOTEXIND,Inside Bar,2026-05-22,1D,neutral,midair,neutral
APCOTEXIND,NR4,2026-05-22,1D,neutral,midair,neutral
APCOTEXIND,Shooting Star,2026-05-25,1D,bearish,midair,confirmed
APCOTEXIND,Outside Bar,2026-05-25,1D,neutral,midair,neutral
APCOTEXIND,Inside Bar,2026-05-26,1D,neutral,midair,neutral
APCOTEXIND,Hanging Man,2026-05-27,1D,bearish,midair,failed
APCOTEXIND,Three Black Crows,2026-05-27,1D,bearish,midair,failed
APCOTEXIND,Doji,2026-05-28,1D,neutral,midair,neutral
APCOTEXIND,Inside Bar,2026-05-28,1D,neutral,midair,neutral
APCOTEXIND,Outside Bar,2026-05-29,1D,neutral,at support,neutral
APCOTEXIND,Doji,2026-06-02,1D,neutral,midair,pending (last bar)
APCOTEXIND,Bullish Pin Bar,2026-06-02,1D,bullish,midair,pending (last bar)
APCOTEXIND,Inside Bar,2026-06-02,1D,neutral,midair,pending (last bar)
513502,Tweezer Top,2026-05-05,1D,bearish,at resistance,confirmed
513502,Inside Bar,2026-05-05,1D,neutral,at resistance,neutral
513502,NR7,2026-05-05,1D,neutral,at resistance,neutral
513502,Long-legged Doji,2026-05-07,1D,neutral,at resistance,neutral
513502,Inside Bar,2026-05-08,1D,neutral,at resistance,neutral
513502,Tweezer Top,2026-05-11,1D,bearish,at resistance,confirmed
513502,Three Black Crows,2026-05-12,1D,bearish,at S/R confluence,failed
513502,Inside Bar,2026-05-13,1D,neutral,at S/R confluence,neutral
513502,NR7,2026-05-13,1D,neutral,at S/R confluence,neutral
513502,Tweezer Bottom,2026-05-14,1D,bullish,at S/R confluence,failed
513502,Inside Bar,2026-05-15,1D,neutral,at S/R confluence,neutral
513502,NR7,2026-05-18,1D,neutral,at S/R confluence,neutral
513502,Inverted Hammer,2026-05-20,1D,bullish,at S/R confluence,failed
513502,Bearish Pin Bar,2026-05-20,1D,bearish,at S/R confluence,confirmed
513502,Inverted Hammer,2026-05-21,1D,bullish,at S/R confluence,failed
513502,Outside Bar,2026-05-21,1D,neutral,at S/R confluence,neutral
513502,Inside Bar,2026-05-22,1D,neutral,at S/R confluence,neutral
513502,Long-legged Doji,2026-05-25,1D,neutral,at S/R confluence,neutral
513502,Bullish Harami,2026-05-25,1D,bullish,at S/R confluence,confirmed
513502,Outside Bar,2026-05-25,1D,neutral,at S/R confluence,neutral
513502,Morning Star,2026-05-26,1D,bullish,at S/R confluence,failed
513502,Tweezer Bottom,2026-05-27,1D,bullish,at S/R confluence,confirmed
513502,Inside Bar,2026-05-27,1D,neutral,at S/R confluence,neutral
513502,Outside Bar,2026-05-29,1D,neutral,at S/R confluence,neutral
513502,Inside Bar,2026-06-01,1D,neutral,at resistance,pending (last bar)
GUJALKALI,Bearish Engulfing,2026-05-06,1D,bearish,midair,failed
GUJALKALI,Tweezer Top,2026-05-06,1D,bearish,midair,failed
GUJALKALI,Inside Bar,2026-05-07,1D,neutral,midair,neutral
GUJALKALI,NR4,2026-05-07,1D,neutral,midair,neutral
GUJALKALI,Three Black Crows,2026-05-11,1D,bearish,at S/R confluence,confirmed
GUJALKALI,Three Black Crows,2026-05-12,1D,bearish,at S/R confluence,failed
GUJALKALI,Bullish Harami,2026-05-13,1D,bullish,at S/R confluence,confirmed
GUJALKALI,Inside Bar,2026-05-13,1D,neutral,at S/R confluence,neutral
GUJALKALI,NR4,2026-05-13,1D,neutral,at S/R confluence,neutral
GUJALKALI,Doji,2026-05-14,1D,neutral,at S/R confluence,neutral
GUJALKALI,Hammer,2026-05-14,1D,bullish,at S/R confluence,confirmed
GUJALKALI,Bullish Pin Bar,2026-05-14,1D,bullish,at S/R confluence,confirmed
GUJALKALI,Outside Bar,2026-05-14,1D,neutral,at S/R confluence,neutral
GUJALKALI,Morning Star,2026-05-14,1D,bullish,at S/R confluence,confirmed
GUJALKALI,NR7,2026-05-15,1D,neutral,at S/R confluence,neutral
GUJALKALI,Outside Bar,2026-05-20,1D,neutral,at S/R confluence,neutral
GUJALKALI,Bullish Harami,2026-05-25,1D,bullish,at S/R confluence,failed
GUJALKALI,Tweezer Bottom,2026-05-25,1D,bullish,at S/R confluence,failed
GUJALKALI,NR4,2026-05-26,1D,neutral,at S/R confluence,neutral
GUJALKALI,Shooting Star,2026-05-27,1D,bearish,at S/R confluence,failed
GUJALKALI,Bearish Pin Bar,2026-05-27,1D,bearish,at S/R confluence,failed
GUJALKALI,NR7,2026-05-27,1D,neutral,at S/R confluence,neutral
GUJALKALI,Doji,2026-05-28,1D,neutral,at S/R confluence,neutral
GUJALKALI,Inside Bar,2026-05-28,1D,neutral,at S/R confluence,neutral
GUJALKALI,Outside Bar,2026-05-29,1D,neutral,at S/R confluence,neutral
GUJALKALI,Inside Bar,2026-06-01,1D,neutral,at S/R confluence,neutral
GUJALKALI,Three Black Crows,2026-06-02,1D,bearish,at S/R confluence,pending (last bar)
LENSKART,Three Black Crows,2026-05-06,1D,bearish,midair,confirmed
LENSKART,Three Black Crows,2026-05-07,1D,bearish,at S/R confluence,failed
LENSKART,Long-legged Doji,2026-05-08,1D,neutral,at S/R confluence,neutral
LENSKART,Inside Bar,2026-05-11,1D,neutral,at S/R confluence,neutral
LENSKART,NR4,2026-05-11,1D,neutral,at S/R confluence,neutral
LENSKART,Inverted Hammer,2026-05-13,1D,bullish,at S/R confluence,failed
LENSKART,Bearish Pin Bar,2026-05-13,1D,bearish,at S/R confluence,confirmed
LENSKART,Bullish Harami,2026-05-13,1D,bullish,at S/R confluence,failed
LENSKART,Tweezer Bottom,2026-05-13,1D,bullish,at S/R confluence,failed
LENSKART,Inside Bar,2026-05-13,1D,neutral,at S/R confluence,neutral
LENSKART,NR7,2026-05-13,1D,neutral,at S/R confluence,neutral
LENSKART,Bearish Engulfing,2026-05-14,1D,bearish,at S/R confluence,confirmed
LENSKART,Outside Bar,2026-05-15,1D,neutral,at S/R confluence,neutral
LENSKART,Bullish Harami,2026-05-18,1D,bullish,at S/R confluence,confirmed
LENSKART,Long-legged Doji,2026-05-20,1D,neutral,at S/R confluence,neutral
LENSKART,Bearish Harami,2026-05-20,1D,bearish,at S/R confluence,failed
LENSKART,Tweezer Bottom,2026-05-20,1D,bullish,at S/R confluence,confirmed
LENSKART,Inside Bar,2026-05-20,1D,neutral,at S/R confluence,neutral
LENSKART,NR4,2026-05-20,1D,neutral,at S/R confluence,neutral
LENSKART,Tweezer Top,2026-05-22,1D,bearish,midair,confirmed
LENSKART,Inside Bar,2026-05-22,1D,neutral,midair,neutral
LENSKART,Bullish Harami,2026-05-26,1D,bullish,midair,confirmed
LENSKART,Tweezer Top,2026-05-26,1D,bearish,midair,failed
LENSKART,Inside Bar,2026-05-26,1D,neutral,midair,neutral
LENSKART,NR7,2026-05-26,1D,neutral,midair,neutral
LENSKART,Outside Bar,2026-05-27,1D,neutral,at resistance,neutral
LENSKART,Morning Star,2026-05-27,1D,bullish,at resistance,failed
LENSKART,Doji,2026-05-28,1D,neutral,at resistance,neutral
LENSKART,Inside Bar,2026-05-28,1D,neutral,at resistance,neutral
LENSKART,Outside Bar,2026-05-29,1D,neutral,at resistance,neutral
LENSKART,Bearish Engulfing,2026-06-01,1D,bearish,midair,failed
LENSKART,Tweezer Top,2026-06-01,1D,bearish,midair,failed
LENSKART,Outside Bar,2026-06-01,1D,neutral,midair,neutral
LENSKART,Inside Bar,2026-06-02,1D,neutral,at resistance,pending (last bar)
VIJAYA,Three White Soldiers,2026-05-06,1D,bullish,at S/R confluence,confirmed
VIJAYA,Three White Soldiers,2026-05-07,1D,bullish,at S/R confluence,confirmed
VIJAYA,Three White Soldiers,2026-05-08,1D,bullish,at resistance,confirmed
VIJAYA,Three White Soldiers,2026-05-11,1D,bullish,at resistance,failed
VIJAYA,Inside Bar,2026-05-13,1D,neutral,at resistance,neutral
VIJAYA,NR7,2026-05-13,1D,neutral,at resistance,neutral
VIJAYA,Bearish Engulfing,2026-05-14,1D,bearish,at resistance,failed
VIJAYA,Outside Bar,2026-05-15,1D,neutral,midair,neutral
VIJAYA,Shooting Star,2026-05-18,1D,bearish,midair,confirmed
VIJAYA,Bearish Harami,2026-05-18,1D,bearish,midair,confirmed
VIJAYA,Inside Bar,2026-05-18,1D,neutral,midair,neutral
VIJAYA,Doji,2026-05-19,1D,neutral,midair,neutral
VIJAYA,Hanging Man,2026-05-19,1D,bearish,midair,confirmed
VIJAYA,Bullish Pin Bar,2026-05-19,1D,bullish,midair,failed
VIJAYA,Bearish Engulfing,2026-05-20,1D,bearish,at resistance,confirmed
VIJAYA,NR4,2026-05-20,1D,neutral,at resistance,neutral
VIJAYA,Shooting Star,2026-05-21,1D,bearish,at resistance,confirmed
VIJAYA,Bearish Pin Bar,2026-05-21,1D,bearish,at resistance,confirmed
VIJAYA,Tweezer Top,2026-05-21,1D,bearish,at resistance,confirmed
VIJAYA,NR7,2026-05-22,1D,neutral,at support,neutral
VIJAYA,Three Black Crows,2026-05-22,1D,bearish,at support,confirmed
VIJAYA,NR7,2026-05-25,1D,neutral,at S/R confluence,neutral
VIJAYA,Three Black Crows,2026-05-25,1D,bearish,at S/R confluence,failed
VIJAYA,Bullish Engulfing,2026-05-26,1D,bullish,at resistance,confirmed
VIJAYA,Hammer,2026-05-27,1D,bullish,at resistance,confirmed
VIJAYA,Inside Bar,2026-05-27,1D,neutral,at resistance,neutral
VIJAYA,Three White Soldiers,2026-05-29,1D,bullish,midair,failed
VIJAYA,Bearish Engulfing,2026-06-01,1D,bearish,at S/R confluence,failed
VIJAYA,Bullish Harami,2026-06-02,1D,bullish,midair,pending (last bar)
JINDALPOLY,Bullish Harami,2026-05-05,1D,bullish,at resistance,failed
JINDALPOLY,Inside Bar,2026-05-05,1D,neutral,at resistance,neutral
JINDALPOLY,Tweezer Top,2026-05-06,1D,bearish,at S/R confluence,confirmed
JINDALPOLY,Shooting Star,2026-05-07,1D,bearish,at S/R confluence,confirmed
JINDALPOLY,NR4,2026-05-07,1D,neutral,at S/R confluence,neutral
JINDALPOLY,NR4,2026-05-08,1D,neutral,at S/R confluence,neutral
JINDALPOLY,Three Black Crows,2026-05-08,1D,bearish,at S/R confluence,failed
JINDALPOLY,Tweezer Top,2026-05-11,1D,bearish,at S/R confluence,confirmed
JINDALPOLY,Hanging Man,2026-05-12,1D,bearish,at S/R confluence,confirmed
JINDALPOLY,Bullish Pin Bar,2026-05-12,1D,bullish,at S/R confluence,failed
JINDALPOLY,Inside Bar,2026-05-12,1D,neutral,at S/R confluence,neutral
JINDALPOLY,Tweezer Bottom,2026-05-13,1D,bullish,at S/R confluence,failed
JINDALPOLY,NR7,2026-05-13,1D,neutral,at S/R confluence,neutral
JINDALPOLY,Inside Bar,2026-05-15,1D,neutral,at S/R confluence,neutral
JINDALPOLY,NR7,2026-05-15,1D,neutral,at S/R confluence,neutral
JINDALPOLY,Outside Bar,2026-05-18,1D,neutral,at S/R confluence,neutral
JINDALPOLY,Bearish Marubozu,2026-05-21,1D,bearish,at S/R confluence,failed
JINDALPOLY,Hammer,2026-05-22,1D,bullish,at S/R confluence,confirmed
JINDALPOLY,Bullish Harami,2026-05-22,1D,bullish,at S/R confluence,confirmed
JINDALPOLY,Doji,2026-05-25,1D,neutral,at S/R confluence,neutral
JINDALPOLY,NR4,2026-05-25,1D,neutral,at S/R confluence,neutral
JINDALPOLY,Morning Star,2026-05-25,1D,bullish,at S/R confluence,failed
JINDALPOLY,Bearish Engulfing,2026-05-26,1D,bearish,at S/R confluence,failed
JINDALPOLY,Outside Bar,2026-05-26,1D,neutral,at S/R confluence,neutral
JINDALPOLY,Evening Star,2026-05-26,1D,bearish,at S/R confluence,failed
JINDALPOLY,Bullish Harami,2026-05-27,1D,bullish,at S/R confluence,failed
JINDALPOLY,Tweezer Bottom,2026-05-27,1D,bullish,at S/R confluence,failed
JINDALPOLY,Bearish Engulfing,2026-05-29,1D,bearish,at S/R confluence,confirmed
JINDALPOLY,Tweezer Top,2026-05-29,1D,bearish,at S/R confluence,confirmed
JINDALPOLY,NR4,2026-06-01,1D,neutral,at S/R confluence,neutral
JINDALPOLY,NR4,2026-06-02,1D,neutral,at S/R confluence,pending (last bar)
JINDALPOLY,Three Black Crows,2026-06-02,1D,bearish,at S/R confluence,pending (last bar)
MARKSANS,Inside Bar,2026-05-07,1D,neutral,at resistance,neutral
MARKSANS,Outside Bar,2026-05-08,1D,neutral,at resistance,neutral
MARKSANS,Bullish Harami,2026-05-11,1D,bullish,midair,failed
MARKSANS,Outside Bar,2026-05-11,1D,neutral,midair,neutral
MARKSANS,Bearish Engulfing,2026-05-12,1D,bearish,at resistance,failed
MARKSANS,Inside Bar,2026-05-12,1D,neutral,at resistance,neutral
MARKSANS,Long-legged Doji,2026-05-13,1D,neutral,at resistance,neutral
MARKSANS,Bullish Harami,2026-05-13,1D,bullish,at resistance,confirmed
MARKSANS,NR4,2026-05-13,1D,neutral,at resistance,neutral
MARKSANS,Morning Star,2026-05-14,1D,bullish,at resistance,confirmed
MARKSANS,Three White Soldiers,2026-05-15,1D,bullish,midair,confirmed
MARKSANS,Three White Soldiers,2026-05-18,1D,bullish,at support,failed
MARKSANS,Shooting Star,2026-05-19,1D,bearish,at support,failed
MARKSANS,Inside Bar,2026-05-21,1D,neutral,at support,neutral
MARKSANS,NR4,2026-05-21,1D,neutral,at support,neutral
MARKSANS,Shooting Star,2026-05-27,1D,bearish,at S/R confluence,failed
MARKSANS,Bearish Pin Bar,2026-05-27,1D,bearish,at S/R confluence,failed
MARKSANS,Bearish Harami,2026-05-27,1D,bearish,at S/R confluence,failed
MARKSANS,Doji,2026-05-28,1D,neutral,at S/R confluence,neutral
MARKSANS,Inside Bar,2026-05-28,1D,neutral,at S/R confluence,neutral
MARKSANS,Outside Bar,2026-05-29,1D,neutral,at S/R confluence,neutral
MARKSANS,Bullish Harami,2026-06-02,1D,bullish,at S/R confluence,pending (last bar)
MARKSANS,Inside Bar,2026-06-02,1D,neutral,at S/R confluence,pending (last bar)
JSWENERGY,Long-legged Doji,2026-05-06,1D,neutral,at resistance,neutral
JSWENERGY,Tweezer Top,2026-05-06,1D,bearish,at resistance,failed
JSWENERGY,Morning Star,2026-05-06,1D,bullish,at resistance,confirmed
JSWENERGY,Morning Star,2026-05-07,1D,bullish,at resistance,failed
JSWENERGY,Tweezer Top,2026-05-08,1D,bearish,at resistance,confirmed
JSWENERGY,Three Black Crows,2026-05-12,1D,bearish,at S/R confluence,confirmed
JSWENERGY,Three Black Crows,2026-05-13,1D,bearish,at S/R confluence,failed
JSWENERGY,NR4,2026-05-14,1D,neutral,at S/R confluence,neutral
JSWENERGY,Long-legged Doji,2026-05-15,1D,neutral,at S/R confluence,neutral
JSWENERGY,Tweezer Bottom,2026-05-15,1D,bullish,at S/R confluence,confirmed
JSWENERGY,Morning Star,2026-05-18,1D,bullish,at S/R confluence,confirmed
JSWENERGY,NR7,2026-05-19,1D,neutral,at resistance,neutral
JSWENERGY,Bullish Engulfing,2026-05-20,1D,bullish,at resistance,confirmed
JSWENERGY,NR7,2026-05-21,1D,neutral,at resistance,neutral
JSWENERGY,NR7,2026-05-22,1D,neutral,at resistance,neutral
JSWENERGY,Three White Soldiers,2026-05-22,1D,bullish,at resistance,confirmed
JSWENERGY,Doji,2026-05-25,1D,neutral,at resistance,neutral
JSWENERGY,Bullish Pin Bar,2026-05-25,1D,bullish,at resistance,confirmed
JSWENERGY,NR7,2026-05-25,1D,neutral,at resistance,neutral
JSWENERGY,Doji,2026-05-28,1D,neutral,midair,neutral
JSWENERGY,Inside Bar,2026-05-28,1D,neutral,midair,neutral
JSWENERGY,Outside Bar,2026-05-29,1D,neutral,at resistance,neutral
NSLNISP,Tweezer Top,2026-05-06,1D,bearish,at S/R confluence,failed
NSLNISP,Inside Bar,2026-05-06,1D,neutral,at S/R confluence,neutral
NSLNISP,Morning Star,2026-05-06,1D,bullish,at S/R confluence,confirmed
NSLNISP,Three White Soldiers,2026-05-07,1D,bullish,at S/R confluence,failed
NSLNISP,Inside Bar,2026-05-08,1D,neutral,at S/R confluence,neutral
NSLNISP,Tweezer Top,2026-05-12,1D,bearish,at S/R confluence,failed
NSLNISP,Three Black Crows,2026-05-12,1D,bearish,at S/R confluence,failed
NSLNISP,Bullish Engulfing,2026-05-13,1D,bullish,at S/R confluence,confirmed
NSLNISP,Tweezer Top,2026-05-14,1D,bearish,at S/R confluence,confirmed
NSLNISP,Inside Bar,2026-05-14,1D,neutral,at S/R confluence,neutral
NSLNISP,Bearish Engulfing,2026-05-15,1D,bearish,at S/R confluence,confirmed
NSLNISP,Tweezer Top,2026-05-15,1D,bearish,at S/R confluence,confirmed
NSLNISP,Outside Bar,2026-05-15,1D,neutral,at S/R confluence,neutral
NSLNISP,NR4,2026-05-18,1D,neutral,at S/R confluence,neutral
NSLNISP,Bullish Harami,2026-05-19,1D,bullish,at S/R confluence,failed
NSLNISP,Tweezer Top,2026-05-19,1D,bearish,at S/R confluence,confirmed
NSLNISP,Inside Bar,2026-05-19,1D,neutral,at S/R confluence,neutral
NSLNISP,NR7,2026-05-19,1D,neutral,at S/R confluence,neutral
NSLNISP,Tweezer Bottom,2026-05-20,1D,bullish,at S/R confluence,confirmed
NSLNISP,Outside Bar,2026-05-20,1D,neutral,at S/R confluence,neutral
NSLNISP,Inside Bar,2026-05-22,1D,neutral,at S/R confluence,neutral
NSLNISP,Shooting Star,2026-05-26,1D,bearish,at S/R confluence,failed
NSLNISP,Bearish Pin Bar,2026-05-26,1D,bearish,at S/R confluence,failed
NSLNISP,NR4,2026-05-26,1D,neutral,at S/R confluence,neutral
NSLNISP,NR4,2026-05-27,1D,neutral,at S/R confluence,neutral
NSLNISP,Three White Soldiers,2026-05-27,1D,bullish,at S/R confluence,failed
NSLNISP,Doji,2026-05-28,1D,neutral,at S/R confluence,neutral
NSLNISP,Inside Bar,2026-05-28,1D,neutral,at S/R confluence,neutral
NSLNISP,Outside Bar,2026-05-29,1D,neutral,at S/R confluence,neutral
NSLNISP,Evening Star,2026-05-29,1D,bearish,at S/R confluence,failed
ROLEXRINGS,Bearish Engulfing,2026-05-06,1D,bearish,at S/R confluence,failed
ROLEXRINGS,Outside Bar,2026-05-06,1D,neutral,at S/R confluence,neutral
ROLEXRINGS,Bullish Harami,2026-05-07,1D,bullish,at S/R confluence,confirmed
ROLEXRINGS,Inside Bar,2026-05-11,1D,neutral,at resistance,neutral
ROLEXRINGS,NR4,2026-05-11,1D,neutral,at resistance,neutral
ROLEXRINGS,Shooting Star,2026-05-15,1D,bearish,at S/R confluence,confirmed
ROLEXRINGS,Bearish Pin Bar,2026-05-15,1D,bearish,at S/R confluence,confirmed
ROLEXRINGS,Inside Bar,2026-05-15,1D,neutral,at S/R confluence,neutral
ROLEXRINGS,NR7,2026-05-15,1D,neutral,at S/R confluence,neutral
ROLEXRINGS,Hanging Man,2026-05-18,1D,bearish,at S/R confluence,confirmed
ROLEXRINGS,Hammer,2026-05-19,1D,bullish,at S/R confluence,confirmed
ROLEXRINGS,Inside Bar,2026-05-19,1D,neutral,at S/R confluence,neutral
ROLEXRINGS,Bullish Engulfing,2026-05-20,1D,bullish,at S/R confluence,confirmed
ROLEXRINGS,NR7,2026-05-21,1D,neutral,at S/R confluence,neutral
ROLEXRINGS,Bearish Engulfing,2026-05-22,1D,bearish,at S/R confluence,failed
ROLEXRINGS,Tweezer Bottom,2026-05-26,1D,bullish,at S/R confluence,failed
ROLEXRINGS,Doji,2026-05-28,1D,neutral,at S/R confluence,neutral
ROLEXRINGS,Inside Bar,2026-05-28,1D,neutral,at S/R confluence,neutral
ROLEXRINGS,Outside Bar,2026-05-29,1D,neutral,at S/R confluence,neutral
ROLEXRINGS,Bullish Harami,2026-06-02,1D,bullish,at S/R confluence,pending (last bar)
TARIL,Outside Bar,2026-05-05,1D,neutral,at resistance,neutral
TARIL,Three Black Crows,2026-05-06,1D,bearish,at resistance,failed
TARIL,Bearish Harami,2026-05-08,1D,bearish,at resistance,confirmed
TARIL,Inside Bar,2026-05-08,1D,neutral,at resistance,neutral
TARIL,NR4,2026-05-08,1D,neutral,at resistance,neutral
TARIL,Evening Star,2026-05-11,1D,bearish,at resistance,confirmed
TARIL,Three Black Crows,2026-05-12,1D,bearish,midair,failed
TARIL,Bullish Harami,2026-05-13,1D,bullish,at resistance,failed
TARIL,Inside Bar,2026-05-13,1D,neutral,at resistance,neutral
TARIL,NR7,2026-05-15,1D,neutral,at resistance,neutral
TARIL,Three Black Crows,2026-05-18,1D,bearish,at support,failed
TARIL,Bullish Harami,2026-05-19,1D,bullish,midair,confirmed
TARIL,Outside Bar,2026-05-20,1D,neutral,at resistance,neutral
TARIL,Inverted Hammer,2026-05-21,1D,bullish,at resistance,confirmed
TARIL,Doji,2026-05-22,1D,neutral,at resistance,neutral
TARIL,Inverted Hammer,2026-05-22,1D,bullish,at resistance,confirmed
TARIL,Bearish Pin Bar,2026-05-22,1D,bearish,at resistance,failed
TARIL,Inside Bar,2026-05-22,1D,neutral,at resistance,neutral
TARIL,NR7,2026-05-22,1D,neutral,at resistance,neutral
TARIL,NR7,2026-05-25,1D,neutral,at resistance,neutral
TARIL,Shooting Star,2026-05-27,1D,bearish,at resistance,confirmed
TARIL,Bearish Pin Bar,2026-05-27,1D,bearish,at resistance,confirmed
TARIL,Shooting Star,2026-05-29,1D,bearish,at resistance,confirmed
TARIL,NR4,2026-06-02,1D,neutral,at resistance,pending (last bar)
544141,Bearish Marubozu,2026-05-04,1D,bearish,at support,failed
544141,Tweezer Top,2026-05-04,1D,bearish,at support,failed
544141,Evening Star,2026-05-04,1D,bearish,at support,failed
544141,Doji,2026-05-05,1D,neutral,at resistance,neutral
544141,Inside Bar,2026-05-05,1D,neutral,at resistance,neutral
544141,Morning Star,2026-05-06,1D,bullish,at resistance,failed
544141,Bearish Marubozu,2026-05-07,1D,bearish,at support,failed
544141,Inverted Hammer,2026-05-08,1D,bullish,at support,failed
544141,Bearish Marubozu,2026-05-11,1D,bearish,at support,failed
544141,Bearish Engulfing,2026-05-11,1D,bearish,at support,failed
544141,Outside Bar,2026-05-11,1D,neutral,at support,neutral
544141,Outside Bar,2026-05-12,1D,neutral,at support,neutral
544141,Bullish Marubozu,2026-05-15,1D,bullish,at support,failed
544141,Inside Bar,2026-05-15,1D,neutral,at support,neutral
544141,NR4,2026-05-15,1D,neutral,at support,neutral
544141,Shooting Star,2026-05-18,1D,bearish,at support,confirmed
544141,Outside Bar,2026-05-18,1D,neutral,at support,neutral
544141,Bearish Engulfing,2026-05-19,1D,bearish,at support,failed
544141,Bullish Marubozu,2026-05-20,1D,bullish,at support,failed
544141,Bullish Harami,2026-05-20,1D,bullish,at support,failed
544141,Inside Bar,2026-05-20,1D,neutral,at support,neutral
544141,NR7,2026-05-20,1D,neutral,at support,neutral
544141,Bearish Marubozu,2026-05-22,1D,bearish,midair,failed
544141,Outside Bar,2026-05-22,1D,neutral,midair,neutral
544141,Evening Star,2026-05-22,1D,bearish,midair,failed
544141,Tweezer Bottom,2026-05-25,1D,bullish,midair,failed
544141,Inside Bar,2026-05-25,1D,neutral,midair,neutral
544141,Bearish Marubozu,2026-05-26,1D,bearish,midair,failed
544141,Inside Bar,2026-05-26,1D,neutral,midair,neutral
544141,NR7,2026-05-26,1D,neutral,midair,neutral
544141,Bullish Marubozu,2026-05-27,1D,bullish,at support,failed
544141,NR7,2026-05-27,1D,neutral,at support,neutral
OFSS,Three Black Crows,2026-05-06,1D,bearish,at resistance,confirmed
OFSS,NR4,2026-05-07,1D,neutral,at resistance,neutral
OFSS,Bearish Engulfing,2026-05-08,1D,bearish,at resistance,confirmed
OFSS,Outside Bar,2026-05-08,1D,neutral,at resistance,neutral
OFSS,Three Black Crows,2026-05-12,1D,bearish,at resistance,confirmed
OFSS,NR4,2026-05-13,1D,neutral,at resistance,neutral
OFSS,Three Black Crows,2026-05-13,1D,bearish,at resistance,confirmed
OFSS,Dragonfly Doji,2026-05-14,1D,bullish,at resistance,confirmed
OFSS,Hammer,2026-05-14,1D,bullish,at resistance,confirmed
OFSS,Bullish Pin Bar,2026-05-14,1D,bullish,at resistance,confirmed
OFSS,Three Black Crows,2026-05-14,1D,bearish,at resistance,failed
OFSS,Bullish Engulfing,2026-05-15,1D,bullish,at resistance,confirmed
OFSS,Morning Star,2026-05-15,1D,bullish,at resistance,confirmed
OFSS,Three White Soldiers,2026-05-19,1D,bullish,at resistance,confirmed
OFSS,Inverted Hammer,2026-05-20,1D,bullish,at resistance,confirmed
OFSS,Bearish Pin Bar,2026-05-20,1D,bearish,at resistance,failed
OFSS,Inside Bar,2026-05-20,1D,neutral,at resistance,neutral
OFSS,Three White Soldiers,2026-05-20,1D,bullish,at resistance,confirmed
OFSS,Inside Bar,2026-05-21,1D,neutral,at resistance,neutral
OFSS,NR7,2026-05-21,1D,neutral,at resistance,neutral
OFSS,Bullish Harami,2026-05-25,1D,bullish,at resistance,confirmed
OFSS,Three White Soldiers,2026-05-27,1D,bullish,midair,failed
OFSS,Doji,2026-05-28,1D,neutral,midair,neutral
OFSS,Inside Bar,2026-05-28,1D,neutral,midair,neutral
OFSS,Outside Bar,2026-05-29,1D,neutral,at resistance,neutral
OFSS,Evening Star,2026-05-29,1D,bearish,at resistance,failed
OFSS,Bullish Harami,2026-06-01,1D,bullish,midair,confirmed
OFSS,Inside Bar,2026-06-01,1D,neutral,midair,neutral
OFSS,Morning Star,2026-06-02,1D,bullish,midair,pending (last bar)
544023,Bearish Marubozu,2026-05-04,1D,bearish,at support,failed
544023,Dark Cloud Cover,2026-05-06,1D,bearish,at support,confirmed
544023,Outside Bar,2026-05-06,1D,neutral,at support,neutral
544023,Gravestone Doji,2026-05-07,1D,bearish,at support,failed
544023,Bearish Pin Bar,2026-05-07,1D,bearish,at support,failed
544023,Inside Bar,2026-05-07,1D,neutral,at support,neutral
544023,NR7,2026-05-07,1D,neutral,at support,neutral
544023,Tweezer Bottom,2026-05-08,1D,bullish,midair,confirmed
544023,Dragonfly Doji,2026-05-11,1D,bullish,midair,failed
544023,Hammer,2026-05-11,1D,bullish,midair,failed
544023,Bullish Pin Bar,2026-05-11,1D,bullish,midair,failed
544023,Tweezer Bottom,2026-05-11,1D,bullish,midair,failed
544023,Inside Bar,2026-05-11,1D,neutral,midair,neutral
544023,Bearish Marubozu,2026-05-12,1D,bearish,at support,failed
544023,Bearish Engulfing,2026-05-12,1D,bearish,at support,failed
544023,Tweezer Bottom,2026-05-12,1D,bullish,at support,confirmed
544023,Evening Star,2026-05-12,1D,bearish,at support,failed
544023,Long-legged Doji,2026-05-13,1D,neutral,at support,neutral
544023,Tweezer Bottom,2026-05-13,1D,bullish,at support,confirmed
544023,NR4,2026-05-13,1D,neutral,at support,neutral
544023,Tweezer Bottom,2026-05-14,1D,bullish,at support,failed
544023,NR4,2026-05-14,1D,neutral,at support,neutral
544023,Bearish Engulfing,2026-05-15,1D,bearish,at support,confirmed
544023,Inverted Hammer,2026-05-18,1D,bullish,at S/R confluence,confirmed
544023,Bearish Pin Bar,2026-05-18,1D,bearish,at S/R confluence,failed
544023,NR7,2026-05-18,1D,neutral,at S/R confluence,neutral
544023,NR7,2026-05-19,1D,neutral,at S/R confluence,neutral
544023,Hammer,2026-05-20,1D,bullish,at S/R confluence,confirmed
544023,Bullish Pin Bar,2026-05-20,1D,bullish,at S/R confluence,confirmed
544023,Three White Soldiers,2026-05-21,1D,bullish,at support,failed
544023,Bullish Marubozu,2026-05-25,1D,bullish,at S/R confluence,failed
544023,Inside Bar,2026-05-26,1D,neutral,at S/R confluence,neutral
544023,Bearish Marubozu,2026-05-29,1D,bearish,at S/R confluence,confirmed
531626,Inverted Hammer,2026-05-04,1D,bullish,at S/R confluence,confirmed
531626,Three Black Crows,2026-05-04,1D,bearish,at S/R confluence,failed
531626,Inverted Hammer,2026-05-05,1D,bullish,at S/R confluence,failed
531626,Bullish Harami,2026-05-05,1D,bullish,at S/R confluence,failed
531626,Inside Bar,2026-05-05,1D,neutral,at S/R confluence,neutral
531626,NR4,2026-05-05,1D,neutral,at S/R confluence,neutral
531626,Inside Bar,2026-05-06,1D,neutral,at S/R confluence,neutral
531626,NR4,2026-05-06,1D,neutral,at S/R confluence,neutral
531626,Bearish Marubozu,2026-05-07,1D,bearish,at S/R confluence,failed
531626,Inside Bar,2026-05-07,1D,neutral,at S/R confluence,neutral
531626,NR7,2026-05-07,1D,neutral,at S/R confluence,neutral
531626,Long-legged Doji,2026-05-14,1D,neutral,at resistance,neutral
531626,NR4,2026-05-14,1D,neutral,at resistance,neutral
531626,Bearish Marubozu,2026-05-15,1D,bearish,midair,failed
531626,Bearish Engulfing,2026-05-15,1D,bearish,midair,failed
531626,Tweezer Top,2026-05-15,1D,bearish,midair,failed
531626,NR4,2026-05-15,1D,neutral,midair,neutral
531626,Doji,2026-05-18,1D,neutral,midair,neutral
531626,Hanging Man,2026-05-18,1D,bearish,midair,confirmed
531626,Bullish Pin Bar,2026-05-18,1D,bullish,midair,failed
531626,Inside Bar,2026-05-19,1D,neutral,midair,neutral
531626,Outside Bar,2026-05-20,1D,neutral,midair,neutral
531626,Tweezer Top,2026-05-21,1D,bearish,midair,failed
531626,Inside Bar,2026-05-21,1D,neutral,midair,neutral
531626,NR7,2026-05-21,1D,neutral,midair,neutral
531626,Shooting Star,2026-05-22,1D,bearish,midair,confirmed
531626,Bearish Pin Bar,2026-05-22,1D,bearish,midair,confirmed
531626,Three White Soldiers,2026-05-22,1D,bullish,midair,failed
531626,Bearish Engulfing,2026-05-25,1D,bearish,midair,failed
531626,Outside Bar,2026-05-25,1D,neutral,midair,neutral
531626,Inside Bar,2026-05-26,1D,neutral,midair,neutral
531626,Long-legged Doji,2026-05-27,1D,neutral,midair,neutral
531626,Tweezer Bottom,2026-05-27,1D,bullish,midair,failed
531626,Inverted Hammer,2026-06-01,1D,bullish,at resistance,pending (last bar)
531626,Bearish Pin Bar,2026-06-01,1D,bearish,at resistance,pending (last bar)
ICICIAMC,Doji,2026-05-07,1D,neutral,at resistance,neutral
ICICIAMC,Hammer,2026-05-07,1D,bullish,at resistance,failed
ICICIAMC,Bullish Pin Bar,2026-05-07,1D,bullish,at resistance,failed
ICICIAMC,Doji,2026-05-11,1D,neutral,at resistance,neutral
ICICIAMC,Three Black Crows,2026-05-11,1D,bearish,at resistance,confirmed
ICICIAMC,Inverted Hammer,2026-05-12,1D,bullish,at resistance,confirmed
ICICIAMC,Tweezer Bottom,2026-05-12,1D,bullish,at resistance,confirmed
ICICIAMC,Three Black Crows,2026-05-12,1D,bearish,at resistance,failed
ICICIAMC,Bullish Engulfing,2026-05-13,1D,bullish,at resistance,failed
ICICIAMC,Tweezer Bottom,2026-05-15,1D,bullish,at resistance,failed
ICICIAMC,Outside Bar,2026-05-15,1D,neutral,at resistance,neutral
ICICIAMC,Evening Star,2026-05-15,1D,bearish,at resistance,confirmed
ICICIAMC,Hammer,2026-05-18,1D,bullish,at S/R confluence,failed
ICICIAMC,NR7,2026-05-18,1D,neutral,at S/R confluence,neutral
ICICIAMC,Three Black Crows,2026-05-18,1D,bearish,at S/R confluence,confirmed
ICICIAMC,Tweezer Bottom,2026-05-19,1D,bullish,at S/R confluence,confirmed
ICICIAMC,Three Black Crows,2026-05-19,1D,bearish,at S/R confluence,failed
ICICIAMC,Piercing Line,2026-05-20,1D,bullish,at S/R confluence,confirmed
ICICIAMC,NR7,2026-05-22,1D,neutral,at resistance,neutral
ICICIAMC,Three White Soldiers,2026-05-22,1D,bullish,at resistance,confirmed
ICICIAMC,Three White Soldiers,2026-05-25,1D,bullish,at resistance,confirmed
ICICIAMC,Doji,2026-05-26,1D,neutral,at resistance,neutral
ICICIAMC,Shooting Star,2026-05-26,1D,bearish,at resistance,failed
ICICIAMC,Bearish Pin Bar,2026-05-26,1D,bearish,at resistance,failed
ICICIAMC,Three White Soldiers,2026-05-26,1D,bullish,at resistance,confirmed
ICICIAMC,Outside Bar,2026-05-27,1D,neutral,at resistance,neutral
ICICIAMC,Three White Soldiers,2026-05-27,1D,bullish,at resistance,failed
ICICIAMC,Doji,2026-05-28,1D,neutral,at resistance,neutral
ICICIAMC,Inside Bar,2026-05-28,1D,neutral,at resistance,neutral
ICICIAMC,Outside Bar,2026-05-29,1D,neutral,at resistance,neutral
ICICIAMC,Doji,2026-06-02,1D,neutral,at resistance,pending (last bar)
ICICIAMC,Shooting Star,2026-06-02,1D,bearish,at resistance,pending (last bar)
ICICIAMC,Bearish Pin Bar,2026-06-02,1D,bearish,at resistance,pending (last bar)
ICICIAMC,Inside Bar,2026-06-02,1D,neutral,at resistance,pending (last bar)
CUMMINSIND,Doji,2026-05-06,1D,neutral,at resistance,neutral
CUMMINSIND,Hanging Man,2026-05-06,1D,bearish,at resistance,failed
CUMMINSIND,Bullish Pin Bar,2026-05-06,1D,bullish,at resistance,confirmed
CUMMINSIND,Morning Star,2026-05-07,1D,bullish,at resistance,failed
CUMMINSIND,Shooting Star,2026-05-08,1D,bearish,at resistance,confirmed
CUMMINSIND,Evening Star,2026-05-11,1D,bearish,at support,confirmed
CUMMINSIND,Three Black Crows,2026-05-12,1D,bearish,at support,failed
CUMMINSIND,Bullish Harami,2026-05-13,1D,bullish,at support,confirmed
CUMMINSIND,Tweezer Bottom,2026-05-13,1D,bullish,at support,confirmed
CUMMINSIND,Morning Star,2026-05-14,1D,bullish,at resistance,confirmed
CUMMINSIND,Long-legged Doji,2026-05-15,1D,neutral,at resistance,neutral
CUMMINSIND,NR4,2026-05-15,1D,neutral,at resistance,neutral
CUMMINSIND,Three White Soldiers,2026-05-15,1D,bullish,at resistance,failed
CUMMINSIND,Evening Star,2026-05-18,1D,bearish,at resistance,confirmed
CUMMINSIND,Inverted Hammer,2026-05-19,1D,bullish,at support,confirmed
CUMMINSIND,Tweezer Bottom,2026-05-19,1D,bullish,at support,confirmed
CUMMINSIND,Bullish Engulfing,2026-05-20,1D,bullish,at resistance,failed
CUMMINSIND,Outside Bar,2026-05-20,1D,neutral,at resistance,neutral
CUMMINSIND,NR7,2026-05-21,1D,neutral,at resistance,neutral
CUMMINSIND,Shooting Star,2026-05-22,1D,bearish,at resistance,failed
CUMMINSIND,NR7,2026-05-22,1D,neutral,at resistance,neutral
CUMMINSIND,Tweezer Top,2026-05-25,1D,bearish,at resistance,failed
CUMMINSIND,NR7,2026-05-25,1D,neutral,at resistance,neutral
CUMMINSIND,Doji,2026-05-28,1D,neutral,midair,neutral
CUMMINSIND,Inside Bar,2026-05-28,1D,neutral,midair,neutral
CUMMINSIND,Outside Bar,2026-05-29,1D,neutral,midair,neutral
CUMMINSIND,Bearish Marubozu,2026-06-01,1D,bearish,midair,failed
AVADHSUGAR,Long-legged Doji,2026-05-07,1D,neutral,at S/R confluence,neutral
AVADHSUGAR,Bearish Harami,2026-05-07,1D,bearish,at S/R confluence,confirmed
AVADHSUGAR,Tweezer Top,2026-05-07,1D,bearish,at S/R confluence,confirmed
AVADHSUGAR,NR7,2026-05-07,1D,neutral,at S/R confluence,neutral
AVADHSUGAR,Bearish Marubozu,2026-05-08,1D,bearish,at S/R confluence,confirmed
AVADHSUGAR,Outside Bar,2026-05-08,1D,neutral,at S/R confluence,neutral
AVADHSUGAR,Evening Star,2026-05-08,1D,bearish,at S/R confluence,confirmed
AVADHSUGAR,Hanging Man,2026-05-11,1D,bearish,at resistance,confirmed
AVADHSUGAR,Three Black Crows,2026-05-11,1D,bearish,at resistance,confirmed
AVADHSUGAR,Shooting Star,2026-05-12,1D,bearish,at resistance,confirmed
AVADHSUGAR,Tweezer Top,2026-05-12,1D,bearish,at resistance,confirmed
AVADHSUGAR,Inside Bar,2026-05-12,1D,neutral,at resistance,neutral
AVADHSUGAR,Three Black Crows,2026-05-12,1D,bearish,at resistance,confirmed
AVADHSUGAR,Doji,2026-05-13,1D,neutral,at S/R confluence,neutral
AVADHSUGAR,Shooting Star,2026-05-13,1D,bearish,at S/R confluence,confirmed
AVADHSUGAR,Bearish Pin Bar,2026-05-13,1D,bearish,at S/R confluence,confirmed
AVADHSUGAR,Three Black Crows,2026-05-13,1D,bearish,at S/R confluence,confirmed
AVADHSUGAR,Shooting Star,2026-05-14,1D,bearish,at S/R confluence,confirmed
AVADHSUGAR,Bearish Pin Bar,2026-05-14,1D,bearish,at S/R confluence,confirmed
AVADHSUGAR,Bearish Engulfing,2026-05-15,1D,bearish,at S/R confluence,failed
AVADHSUGAR,NR7,2026-05-15,1D,neutral,at S/R confluence,neutral
AVADHSUGAR,Doji,2026-05-18,1D,neutral,at S/R confluence,neutral
AVADHSUGAR,Hammer,2026-05-18,1D,bullish,at S/R confluence,confirmed
AVADHSUGAR,Bullish Pin Bar,2026-05-18,1D,bullish,at S/R confluence,confirmed
AVADHSUGAR,Bullish Harami,2026-05-18,1D,bullish,at S/R confluence,confirmed
AVADHSUGAR,Outside Bar,2026-05-18,1D,neutral,at S/R confluence,neutral
AVADHSUGAR,Inside Bar,2026-05-19,1D,neutral,at S/R confluence,neutral
AVADHSUGAR,Morning Star,2026-05-19,1D,bullish,at S/R confluence,failed
AVADHSUGAR,Bearish Harami,2026-05-20,1D,bearish,at S/R confluence,confirmed
AVADHSUGAR,Inside Bar,2026-05-20,1D,neutral,at S/R confluence,neutral
AVADHSUGAR,NR7,2026-05-20,1D,neutral,at S/R confluence,neutral
AVADHSUGAR,Inverted Hammer,2026-05-21,1D,bullish,at S/R confluence,failed
AVADHSUGAR,Bearish Pin Bar,2026-05-21,1D,bearish,at S/R confluence,confirmed
AVADHSUGAR,Tweezer Bottom,2026-05-21,1D,bullish,at S/R confluence,failed
AVADHSUGAR,NR7,2026-05-21,1D,neutral,at S/R confluence,neutral
AVADHSUGAR,Bearish Engulfing,2026-05-22,1D,bearish,at S/R confluence,confirmed
AVADHSUGAR,Tweezer Bottom,2026-05-26,1D,bullish,at S/R confluence,failed
AVADHSUGAR,Inside Bar,2026-05-26,1D,neutral,at S/R confluence,neutral
AVADHSUGAR,Three Black Crows,2026-05-26,1D,bearish,at S/R confluence,confirmed
AVADHSUGAR,Three Black Crows,2026-05-27,1D,bearish,at S/R confluence,failed
AVADHSUGAR,Doji,2026-05-29,1D,neutral,at resistance,neutral
AVADHSUGAR,Hammer,2026-05-29,1D,bullish,at resistance,confirmed
AVADHSUGAR,Bullish Pin Bar,2026-05-29,1D,bullish,at resistance,confirmed
AVADHSUGAR,Bullish Engulfing,2026-06-01,1D,bullish,at resistance,confirmed
AVADHSUGAR,Outside Bar,2026-06-02,1D,neutral,at S/R confluence,pending (last bar)
PIRAMALFIN,Bullish Harami,2026-05-05,1D,bullish,at S/R confluence,confirmed
PIRAMALFIN,NR4,2026-05-07,1D,neutral,at S/R confluence,neutral
PIRAMALFIN,Bearish Harami,2026-05-11,1D,bearish,at resistance,confirmed
PIRAMALFIN,Inside Bar,2026-05-11,1D,neutral,at resistance,neutral
PIRAMALFIN,Evening Star,2026-05-12,1D,bearish,at S/R confluence,failed
PIRAMALFIN,Inverted Hammer,2026-05-13,1D,bullish,at S/R confluence,failed
PIRAMALFIN,Bearish Pin Bar,2026-05-13,1D,bearish,at S/R confluence,confirmed
PIRAMALFIN,Bullish Harami,2026-05-13,1D,bullish,at S/R confluence,failed
PIRAMALFIN,Inside Bar,2026-05-13,1D,neutral,at S/R confluence,neutral
PIRAMALFIN,NR4,2026-05-13,1D,neutral,at S/R confluence,neutral
PIRAMALFIN,NR4,2026-05-14,1D,neutral,at S/R confluence,neutral
PIRAMALFIN,Piercing Line,2026-05-18,1D,bullish,at S/R confluence,confirmed
PIRAMALFIN,NR7,2026-05-18,1D,neutral,at S/R confluence,neutral
PIRAMALFIN,Hammer,2026-05-20,1D,bullish,at S/R confluence,failed
PIRAMALFIN,Inside Bar,2026-05-20,1D,neutral,at S/R confluence,neutral
PIRAMALFIN,NR7,2026-05-20,1D,neutral,at S/R confluence,neutral
PIRAMALFIN,Tweezer Top,2026-05-25,1D,bearish,at resistance,failed
PIRAMALFIN,Bullish Harami,2026-05-26,1D,bullish,at resistance,confirmed
PIRAMALFIN,Tweezer Top,2026-05-26,1D,bearish,at resistance,failed
PIRAMALFIN,Inside Bar,2026-05-26,1D,neutral,at resistance,neutral
PIRAMALFIN,NR7,2026-05-26,1D,neutral,at resistance,neutral
PIRAMALFIN,Morning Star,2026-05-27,1D,bullish,at resistance,failed
PIRAMALFIN,Bearish Harami,2026-06-02,1D,bearish,at S/R confluence,pending (last bar)
PIRAMALFIN,NR7,2026-06-02,1D,neutral,at S/R confluence,pending (last bar)
ADVENZYMES,Bearish Harami,2026-05-06,1D,bearish,at resistance,failed
ADVENZYMES,Inside Bar,2026-05-06,1D,neutral,at resistance,neutral
ADVENZYMES,Bullish Engulfing,2026-05-07,1D,bullish,at resistance,failed
ADVENZYMES,Shooting Star,2026-05-08,1D,bearish,at resistance,failed
ADVENZYMES,Bearish Harami,2026-05-08,1D,bearish,at resistance,failed
ADVENZYMES,Outside Bar,2026-05-08,1D,neutral,at resistance,neutral
ADVENZYMES,Shooting Star,2026-05-11,1D,bearish,at resistance,confirmed
ADVENZYMES,Bearish Engulfing,2026-05-12,1D,bearish,at resistance,confirmed
ADVENZYMES,NR4,2026-05-13,1D,neutral,at resistance,neutral
ADVENZYMES,Tweezer Top,2026-05-14,1D,bearish,at resistance,confirmed
ADVENZYMES,Outside Bar,2026-05-14,1D,neutral,at resistance,neutral
ADVENZYMES,Three Black Crows,2026-05-14,1D,bearish,at resistance,confirmed
ADVENZYMES,NR4,2026-05-15,1D,neutral,at resistance,neutral
ADVENZYMES,Three Black Crows,2026-05-15,1D,bearish,at resistance,failed
ADVENZYMES,Tweezer Top,2026-05-18,1D,bearish,at resistance,failed
ADVENZYMES,Outside Bar,2026-05-18,1D,neutral,at resistance,neutral
ADVENZYMES,Three White Soldiers,2026-05-20,1D,bullish,at resistance,failed
ADVENZYMES,Inside Bar,2026-05-21,1D,neutral,at resistance,neutral
ADVENZYMES,NR4,2026-05-21,1D,neutral,at resistance,neutral
ADVENZYMES,Inside Bar,2026-05-25,1D,neutral,midair,neutral
ADVENZYMES,NR7,2026-05-25,1D,neutral,midair,neutral
ADVENZYMES,Doji,2026-05-26,1D,neutral,midair,neutral
ADVENZYMES,Shooting Star,2026-05-26,1D,bearish,midair,confirmed
ADVENZYMES,Bearish Pin Bar,2026-05-26,1D,bearish,midair,confirmed
ADVENZYMES,NR7,2026-05-26,1D,neutral,midair,neutral
ADVENZYMES,Three Black Crows,2026-05-27,1D,bearish,at resistance,confirmed
ADVENZYMES,NR7,2026-05-29,1D,neutral,at resistance,neutral
ADVENZYMES,Three Black Crows,2026-05-29,1D,bearish,at resistance,failed
ADVENZYMES,Outside Bar,2026-06-01,1D,neutral,midair,neutral
CRAFTSMAN,Shooting Star,2026-05-08,1D,bearish,midair,confirmed
CRAFTSMAN,Bearish Pin Bar,2026-05-08,1D,bearish,midair,confirmed
CRAFTSMAN,Inside Bar,2026-05-11,1D,neutral,midair,neutral
CRAFTSMAN,NR4,2026-05-12,1D,neutral,midair,neutral
CRAFTSMAN,Shooting Star,2026-05-13,1D,bearish,midair,confirmed
CRAFTSMAN,NR4,2026-05-13,1D,neutral,midair,neutral
CRAFTSMAN,Three Black Crows,2026-05-13,1D,bearish,midair,confirmed
CRAFTSMAN,Inside Bar,2026-05-14,1D,neutral,midair,neutral
CRAFTSMAN,NR4,2026-05-14,1D,neutral,midair,neutral
CRAFTSMAN,Three Black Crows,2026-05-14,1D,bearish,midair,confirmed
CRAFTSMAN,Tweezer Top,2026-05-15,1D,bearish,midair,confirmed
CRAFTSMAN,Three Black Crows,2026-05-15,1D,bearish,midair,confirmed
CRAFTSMAN,Hanging Man,2026-05-18,1D,bearish,at support,failed
CRAFTSMAN,Bullish Pin Bar,2026-05-18,1D,bullish,at support,confirmed
CRAFTSMAN,Three Black Crows,2026-05-18,1D,bearish,at support,failed
CRAFTSMAN,Bullish Engulfing,2026-05-19,1D,bullish,midair,confirmed
CRAFTSMAN,NR7,2026-05-19,1D,neutral,midair,neutral
CRAFTSMAN,Morning Star,2026-05-19,1D,bullish,midair,confirmed
CRAFTSMAN,NR7,2026-05-21,1D,neutral,midair,neutral
CRAFTSMAN,Bullish Engulfing,2026-05-22,1D,bullish,midair,failed
CRAFTSMAN,Outside Bar,2026-05-22,1D,neutral,midair,neutral
CRAFTSMAN,Doji,2026-05-26,1D,neutral,midair,neutral
CRAFTSMAN,Shooting Star,2026-05-26,1D,bearish,midair,failed
CRAFTSMAN,Bearish Pin Bar,2026-05-26,1D,bearish,midair,failed
CRAFTSMAN,NR4,2026-05-27,1D,neutral,midair,neutral
CRAFTSMAN,Doji,2026-05-28,1D,neutral,midair,neutral
CRAFTSMAN,Inside Bar,2026-05-28,1D,neutral,midair,neutral
CRAFTSMAN,Bearish Engulfing,2026-06-01,1D,bearish,midair,failed
CRAFTSMAN,Tweezer Top,2026-06-01,1D,bearish,midair,failed
CRAFTSMAN,Inside Bar,2026-06-02,1D,neutral,midair,pending (last bar)
539730,Three White Soldiers,2026-05-05,1D,bullish,at resistance,failed
539730,Dark Cloud Cover,2026-05-06,1D,bearish,midair,confirmed
539730,NR4,2026-05-06,1D,neutral,midair,neutral
539730,NR7,2026-05-07,1D,neutral,midair,neutral
539730,Outside Bar,2026-05-08,1D,neutral,midair,neutral
539730,Outside Bar,2026-05-11,1D,neutral,at resistance,neutral
539730,Morning Star,2026-05-11,1D,bullish,at resistance,failed
539730,Shooting Star,2026-05-12,1D,bearish,midair,confirmed
539730,Bearish Pin Bar,2026-05-12,1D,bearish,midair,confirmed
539730,Inside Bar,2026-05-12,1D,neutral,midair,neutral
539730,Long-legged Doji,2026-05-13,1D,neutral,midair,neutral
539730,NR7,2026-05-13,1D,neutral,midair,neutral
539730,Evening Star,2026-05-13,1D,bearish,midair,failed
539730,Long-legged Doji,2026-05-14,1D,neutral,midair,neutral
539730,NR7,2026-05-14,1D,neutral,midair,neutral
539730,Shooting Star,2026-05-15,1D,bearish,midair,confirmed
539730,Bearish Pin Bar,2026-05-15,1D,bearish,midair,confirmed
539730,Three Black Crows,2026-05-18,1D,bearish,at support,failed
539730,Bullish Harami,2026-05-19,1D,bullish,midair,confirmed
539730,Inside Bar,2026-05-19,1D,neutral,midair,neutral
539730,NR7,2026-05-19,1D,neutral,midair,neutral
539730,Doji,2026-05-20,1D,neutral,midair,neutral
539730,Bullish Marubozu,2026-05-21,1D,bullish,at resistance,failed
539730,Dark Cloud Cover,2026-05-22,1D,bearish,at resistance,confirmed
539730,Tweezer Top,2026-05-25,1D,bearish,midair,failed
539730,Outside Bar,2026-05-25,1D,neutral,midair,neutral
539730,Doji,2026-05-26,1D,neutral,midair,neutral
539730,Inside Bar,2026-05-26,1D,neutral,midair,neutral
539730,Hanging Man,2026-05-27,1D,bearish,midair,failed
539730,Bullish Pin Bar,2026-05-27,1D,bullish,midair,confirmed
539730,Bearish Engulfing,2026-05-27,1D,bearish,midair,failed
539730,Tweezer Top,2026-06-01,1D,bearish,midair,pending (last bar)
RHETAN,Three White Soldiers,2026-05-07,1D,bullish,at resistance,failed
RHETAN,Hammer,2026-05-08,1D,bullish,at resistance,failed
RHETAN,Inside Bar,2026-05-08,1D,neutral,at resistance,neutral
RHETAN,NR4,2026-05-08,1D,neutral,at resistance,neutral
RHETAN,Three Black Crows,2026-05-12,1D,bearish,at resistance,failed
RHETAN,Bullish Harami,2026-05-13,1D,bullish,at resistance,failed
RHETAN,Tweezer Bottom,2026-05-14,1D,bullish,at resistance,confirmed
RHETAN,Inside Bar,2026-05-14,1D,neutral,at resistance,neutral
RHETAN,Inverted Hammer,2026-05-15,1D,bullish,at resistance,confirmed
RHETAN,Bearish Pin Bar,2026-05-15,1D,bearish,at resistance,failed
RHETAN,Tweezer Bottom,2026-05-15,1D,bullish,at resistance,confirmed
RHETAN,Doji,2026-05-18,1D,neutral,at resistance,neutral
RHETAN,Shooting Star,2026-05-19,1D,bearish,at resistance,failed
RHETAN,Bearish Pin Bar,2026-05-19,1D,bearish,at resistance,failed
RHETAN,Hanging Man,2026-05-20,1D,bearish,at resistance,failed
RHETAN,Bullish Pin Bar,2026-05-20,1D,bullish,at resistance,confirmed
RHETAN,NR4,2026-05-20,1D,neutral,at resistance,neutral
RHETAN,Hanging Man,2026-05-21,1D,bearish,midair,failed
RHETAN,NR7,2026-05-21,1D,neutral,midair,neutral
RHETAN,Three White Soldiers,2026-05-22,1D,bullish,midair,confirmed
RHETAN,NR7,2026-05-25,1D,neutral,at resistance,neutral
RHETAN,Three White Soldiers,2026-05-25,1D,bullish,at resistance,confirmed
RHETAN,Shooting Star,2026-05-26,1D,bearish,at resistance,failed
RHETAN,Three White Soldiers,2026-05-26,1D,bullish,at resistance,confirmed
RHETAN,Inside Bar,2026-05-27,1D,neutral,at resistance,neutral
RHETAN,Three White Soldiers,2026-05-27,1D,bullish,at resistance,failed
RHETAN,Dark Cloud Cover,2026-05-29,1D,bearish,at resistance,failed
RHETAN,Outside Bar,2026-05-29,1D,neutral,at resistance,neutral
RHETAN,Tweezer Top,2026-06-01,1D,bearish,at resistance,confirmed
RHETAN,Inside Bar,2026-06-01,1D,neutral,at resistance,neutral
RHETAN,NR4,2026-06-01,1D,neutral,at resistance,neutral
RHETAN,Dragonfly Doji,2026-06-02,1D,bullish,at resistance,pending (last bar)
RHETAN,Hanging Man,2026-06-02,1D,bearish,at resistance,pending (last bar)
RHETAN,Bullish Pin Bar,2026-06-02,1D,bullish,at resistance,pending (last bar)
RHETAN,Bearish Harami,2026-06-02,1D,bearish,at resistance,pending (last bar)
STEELCAS,Tweezer Bottom,2026-05-05,1D,bullish,midair,confirmed
STEELCAS,NR4,2026-05-05,1D,neutral,midair,neutral
STEELCAS,NR7,2026-05-06,1D,neutral,midair,neutral
STEELCAS,Inverted Hammer,2026-05-07,1D,bullish,at resistance,failed
STEELCAS,Bearish Pin Bar,2026-05-07,1D,bearish,at resistance,confirmed
STEELCAS,Three White Soldiers,2026-05-07,1D,bullish,at resistance,failed
STEELCAS,Bearish Engulfing,2026-05-08,1D,bearish,midair,confirmed
STEELCAS,Long-legged Doji,2026-05-12,1D,neutral,at support,neutral
STEELCAS,Outside Bar,2026-05-12,1D,neutral,at support,neutral
STEELCAS,Bullish Engulfing,2026-05-13,1D,bullish,at resistance,failed
STEELCAS,Morning Star,2026-05-13,1D,bullish,at resistance,failed
STEELCAS,NR7,2026-05-15,1D,neutral,midair,neutral
STEELCAS,Three Black Crows,2026-05-18,1D,bearish,at support,failed
STEELCAS,Piercing Line,2026-05-19,1D,bullish,at support,confirmed
STEELCAS,Tweezer Bottom,2026-05-19,1D,bullish,at support,confirmed
STEELCAS,Outside Bar,2026-05-19,1D,neutral,at support,neutral
STEELCAS,Tweezer Bottom,2026-05-20,1D,bullish,midair,confirmed
STEELCAS,Inside Bar,2026-05-20,1D,neutral,midair,neutral
STEELCAS,Three White Soldiers,2026-05-21,1D,bullish,at resistance,failed
STEELCAS,Hanging Man,2026-05-22,1D,bearish,midair,confirmed
STEELCAS,Inside Bar,2026-05-25,1D,neutral,midair,neutral
STEELCAS,NR4,2026-05-25,1D,neutral,midair,neutral
STEELCAS,Bullish Engulfing,2026-05-26,1D,bullish,midair,failed
STEELCAS,Shooting Star,2026-05-27,1D,bearish,midair,confirmed
STEELCAS,Outside Bar,2026-05-27,1D,neutral,midair,neutral
STEELCAS,Long-legged Doji,2026-06-01,1D,neutral,at support,neutral
STEELCAS,Three Black Crows,2026-06-01,1D,bearish,at support,failed
STEELCAS,Bullish Engulfing,2026-06-02,1D,bullish,at support,pending (last bar)
STEELCAS,Tweezer Bottom,2026-06-02,1D,bullish,at support,pending (last bar)
STEELCAS,Inside Bar,2026-06-02,1D,neutral,at support,pending (last bar)
AYE,Inside Bar,2026-05-07,1D,neutral,midair,neutral
AYE,Outside Bar,2026-05-11,1D,neutral,midair,neutral
AYE,NR4,2026-05-13,1D,neutral,at support,neutral
AYE,Three Black Crows,2026-05-13,1D,bearish,at support,confirmed
AYE,Outside Bar,2026-05-14,1D,neutral,at support,neutral
AYE,Three Black Crows,2026-05-14,1D,bearish,at support,confirmed
AYE,Three Black Crows,2026-05-15,1D,bearish,midair,failed
AYE,Bullish Harami,2026-05-18,1D,bullish,midair,confirmed
AYE,Inside Bar,2026-05-18,1D,neutral,midair,neutral
AYE,Morning Star,2026-05-19,1D,bullish,midair,confirmed
AYE,Three White Soldiers,2026-05-20,1D,bullish,midair,failed
AYE,Inside Bar,2026-05-21,1D,neutral,midair,neutral
AYE,Bullish Harami,2026-05-22,1D,bullish,midair,confirmed
AYE,Tweezer Bottom,2026-05-22,1D,bullish,midair,confirmed
AYE,Inside Bar,2026-05-22,1D,neutral,midair,neutral
AYE,NR4,2026-05-22,1D,neutral,midair,neutral
AYE,Long-legged Doji,2026-05-25,1D,neutral,midair,neutral
AYE,Morning Star,2026-05-25,1D,bullish,midair,confirmed
AYE,Shooting Star,2026-05-26,1D,bearish,midair,confirmed
AYE,Three White Soldiers,2026-05-26,1D,bullish,midair,failed
AYE,Shooting Star,2026-05-27,1D,bearish,midair,failed
AYE,Bearish Pin Bar,2026-05-27,1D,bearish,midair,failed
AYE,Bearish Engulfing,2026-05-27,1D,bearish,midair,failed
AYE,Doji,2026-05-28,1D,neutral,midair,neutral
AYE,Inside Bar,2026-05-28,1D,neutral,midair,neutral
AYE,Long-legged Doji,2026-05-29,1D,neutral,midair,neutral
AYE,Outside Bar,2026-05-29,1D,neutral,midair,neutral
AYE,Shooting Star,2026-06-01,1D,bearish,midair,failed
AYE,Bearish Pin Bar,2026-06-01,1D,bearish,midair,failed
AYE,Outside Bar,2026-06-02,1D,neutral,midair,pending (last bar)
NRBBEARING,Hammer,2026-05-06,1D,bullish,at resistance,confirmed
NRBBEARING,Bullish Pin Bar,2026-05-06,1D,bullish,at resistance,confirmed
NRBBEARING,Outside Bar,2026-05-06,1D,neutral,at resistance,neutral
NRBBEARING,Shooting Star,2026-05-08,1D,bearish,midair,failed
NRBBEARING,Bearish Pin Bar,2026-05-08,1D,bearish,midair,failed
NRBBEARING,Inside Bar,2026-05-11,1D,neutral,midair,neutral
NRBBEARING,Three White Soldiers,2026-05-11,1D,bullish,midair,confirmed
NRBBEARING,Doji,2026-05-12,1D,neutral,midair,neutral
NRBBEARING,Shooting Star,2026-05-12,1D,bearish,midair,failed
NRBBEARING,Bearish Pin Bar,2026-05-12,1D,bearish,midair,failed
NRBBEARING,Three White Soldiers,2026-05-12,1D,bullish,midair,confirmed
NRBBEARING,Three White Soldiers,2026-05-13,1D,bullish,midair,failed
NRBBEARING,Inside Bar,2026-05-14,1D,neutral,midair,neutral
NRBBEARING,NR4,2026-05-14,1D,neutral,midair,neutral
NRBBEARING,Tweezer Top,2026-05-18,1D,bearish,midair,failed
NRBBEARING,NR7,2026-05-19,1D,neutral,midair,neutral
NRBBEARING,Tweezer Top,2026-05-20,1D,bearish,midair,failed
NRBBEARING,Inside Bar,2026-05-20,1D,neutral,midair,neutral
NRBBEARING,NR7,2026-05-20,1D,neutral,midair,neutral
NRBBEARING,Three White Soldiers,2026-05-22,1D,bullish,midair,confirmed
NRBBEARING,NR7,2026-05-25,1D,neutral,at resistance,neutral
NRBBEARING,Three White Soldiers,2026-05-25,1D,bullish,at resistance,failed
NRBBEARING,Hanging Man,2026-05-26,1D,bearish,at resistance,confirmed
NRBBEARING,Outside Bar,2026-05-26,1D,neutral,at resistance,neutral
NRBBEARING,Tweezer Top,2026-05-27,1D,bearish,at resistance,failed
NRBBEARING,Doji,2026-05-28,1D,neutral,at resistance,neutral
NRBBEARING,Inside Bar,2026-05-28,1D,neutral,at resistance,neutral
NRBBEARING,Outside Bar,2026-05-29,1D,neutral,midair,neutral
NRBBEARING,Long-legged Doji,2026-06-02,1D,neutral,midair,pending (last bar)
NRBBEARING,Three Black Crows,2026-06-02,1D,bearish,midair,pending (last bar)
BHARATWIRE,Bearish Engulfing,2026-05-06,1D,bearish,at resistance,failed
BHARATWIRE,Tweezer Top,2026-05-06,1D,bearish,at resistance,failed
BHARATWIRE,Inside Bar,2026-05-06,1D,neutral,at resistance,neutral
BHARATWIRE,Dragonfly Doji,2026-05-07,1D,bullish,midair,confirmed
BHARATWIRE,Hanging Man,2026-05-07,1D,bearish,midair,failed
BHARATWIRE,Bullish Pin Bar,2026-05-07,1D,bullish,midair,confirmed
BHARATWIRE,NR4,2026-05-07,1D,neutral,midair,neutral
BHARATWIRE,Morning Star,2026-05-08,1D,bullish,at resistance,confirmed
BHARATWIRE,Doji,2026-05-11,1D,neutral,at resistance,neutral
BHARATWIRE,Outside Bar,2026-05-11,1D,neutral,at resistance,neutral
BHARATWIRE,Inside Bar,2026-05-12,1D,neutral,at resistance,neutral
BHARATWIRE,Evening Star,2026-05-12,1D,bearish,at resistance,failed
BHARATWIRE,NR4,2026-05-13,1D,neutral,at resistance,neutral
BHARATWIRE,Inside Bar,2026-05-14,1D,neutral,midair,neutral
BHARATWIRE,NR4,2026-05-14,1D,neutral,midair,neutral
BHARATWIRE,Doji,2026-05-19,1D,neutral,at S/R confluence,neutral
BHARATWIRE,Inverted Hammer,2026-05-19,1D,bullish,at S/R confluence,confirmed
BHARATWIRE,Bearish Pin Bar,2026-05-19,1D,bearish,at S/R confluence,failed
BHARATWIRE,Inside Bar,2026-05-19,1D,neutral,at S/R confluence,neutral
BHARATWIRE,NR7,2026-05-19,1D,neutral,at S/R confluence,neutral
BHARATWIRE,NR7,2026-05-21,1D,neutral,at S/R confluence,neutral
BHARATWIRE,Inverted Hammer,2026-05-22,1D,bullish,at S/R confluence,confirmed
BHARATWIRE,Bearish Pin Bar,2026-05-22,1D,bearish,at S/R confluence,failed
BHARATWIRE,Bullish Harami,2026-05-22,1D,bullish,at S/R confluence,confirmed
BHARATWIRE,Inside Bar,2026-05-25,1D,neutral,at S/R confluence,neutral
BHARATWIRE,NR7,2026-05-25,1D,neutral,at S/R confluence,neutral
BHARATWIRE,Tweezer Bottom,2026-05-26,1D,bullish,at S/R confluence,confirmed
BHARATWIRE,Doji,2026-05-28,1D,neutral,at resistance,neutral
BHARATWIRE,Inside Bar,2026-05-28,1D,neutral,at resistance,neutral
BHARATWIRE,Outside Bar,2026-05-29,1D,neutral,at S/R confluence,neutral
BHARATWIRE,Evening Star,2026-05-29,1D,bearish,at S/R confluence,confirmed
BHARATWIRE,Bearish Marubozu,2026-06-01,1D,bearish,at S/R confluence,failed
BHARATWIRE,Doji,2026-06-02,1D,neutral,at S/R confluence,pending (last bar)
BHARATWIRE,Hanging Man,2026-06-02,1D,bearish,at S/R confluence,pending (last bar)
BHARATWIRE,Bullish Pin Bar,2026-06-02,1D,bullish,at S/R confluence,pending (last bar)
BHARATWIRE,Bullish Harami,2026-06-02,1D,bullish,at S/R confluence,pending (last bar)
CEMPRO,NR4,2026-05-07,1D,neutral,at resistance,neutral
CEMPRO,Shooting Star,2026-05-08,1D,bearish,at resistance,confirmed
CEMPRO,Bearish Harami,2026-05-08,1D,bearish,at resistance,confirmed
CEMPRO,Inside Bar,2026-05-08,1D,neutral,at resistance,neutral
CEMPRO,NR4,2026-05-08,1D,neutral,at resistance,neutral
CEMPRO,Evening Star,2026-05-11,1D,bearish,at resistance,confirmed
CEMPRO,Shooting Star,2026-05-12,1D,bearish,at resistance,confirmed
CEMPRO,Three Black Crows,2026-05-12,1D,bearish,at resistance,confirmed
CEMPRO,Doji,2026-05-13,1D,neutral,at resistance,neutral
CEMPRO,Shooting Star,2026-05-13,1D,bearish,at resistance,failed
CEMPRO,Bearish Pin Bar,2026-05-13,1D,bearish,at resistance,failed
CEMPRO,Three Black Crows,2026-05-13,1D,bearish,at resistance,failed
CEMPRO,Outside Bar,2026-05-14,1D,neutral,at resistance,neutral
CEMPRO,Morning Star,2026-05-14,1D,bullish,at resistance,failed
CEMPRO,Dark Cloud Cover,2026-05-15,1D,bearish,at resistance,confirmed
CEMPRO,Hammer,2026-05-18,1D,bullish,at S/R confluence,failed
CEMPRO,Bullish Pin Bar,2026-05-18,1D,bullish,at S/R confluence,failed
CEMPRO,Three Black Crows,2026-05-19,1D,bearish,at S/R confluence,confirmed
CEMPRO,NR7,2026-05-20,1D,neutral,at S/R confluence,neutral
CEMPRO,Three Black Crows,2026-05-20,1D,bearish,at S/R confluence,failed
CEMPRO,Bearish Engulfing,2026-05-22,1D,bearish,at S/R confluence,failed
CEMPRO,Outside Bar,2026-05-22,1D,neutral,at S/R confluence,neutral
CEMPRO,Bullish Harami,2026-05-25,1D,bullish,at S/R confluence,confirmed
CEMPRO,Morning Star,2026-05-26,1D,bullish,at resistance,confirmed
CEMPRO,Three White Soldiers,2026-05-27,1D,bullish,at resistance,failed
CEMPRO,Doji,2026-05-28,1D,neutral,at resistance,neutral
CEMPRO,Inside Bar,2026-05-28,1D,neutral,at resistance,neutral
CEMPRO,Outside Bar,2026-05-29,1D,neutral,midair,neutral
CEMPRO,Doji,2026-06-01,1D,neutral,midair,neutral
CEMPRO,Hanging Man,2026-06-01,1D,bearish,midair,confirmed
CEMPRO,Bullish Pin Bar,2026-06-01,1D,bullish,midair,failed
CEMPRO,Inside Bar,2026-06-01,1D,neutral,midair,neutral
CEMPRO,Inside Bar,2026-06-02,1D,neutral,midair,pending (last bar)
AZAD,Morning Star,2026-05-06,1D,bullish,at resistance,confirmed
AZAD,Three White Soldiers,2026-05-08,1D,bullish,at resistance,failed
AZAD,Inside Bar,2026-05-12,1D,neutral,at resistance,neutral
AZAD,NR4,2026-05-12,1D,neutral,at resistance,neutral
AZAD,Doji,2026-05-13,1D,neutral,at resistance,neutral
AZAD,Shooting Star,2026-05-13,1D,bearish,at resistance,failed
AZAD,Bearish Pin Bar,2026-05-13,1D,bearish,at resistance,failed
AZAD,Inside Bar,2026-05-13,1D,neutral,at resistance,neutral
AZAD,NR4,2026-05-13,1D,neutral,at resistance,neutral
AZAD,Three Black Crows,2026-05-13,1D,bearish,at resistance,failed
AZAD,Outside Bar,2026-05-14,1D,neutral,at resistance,neutral
AZAD,Morning Star,2026-05-14,1D,bullish,at resistance,failed
AZAD,Bearish Engulfing,2026-05-15,1D,bearish,at resistance,confirmed
AZAD,Outside Bar,2026-05-15,1D,neutral,at resistance,neutral
AZAD,NR4,2026-05-19,1D,neutral,at S/R confluence,neutral
AZAD,Three Black Crows,2026-05-19,1D,bearish,at S/R confluence,failed
AZAD,Bullish Engulfing,2026-05-20,1D,bullish,midair,confirmed
AZAD,Outside Bar,2026-05-20,1D,neutral,midair,neutral
AZAD,Morning Star,2026-05-20,1D,bullish,midair,confirmed
AZAD,Doji,2026-05-21,1D,neutral,midair,neutral
AZAD,Bearish Pin Bar,2026-05-21,1D,bearish,midair,failed
AZAD,Inside Bar,2026-05-22,1D,neutral,midair,neutral
AZAD,Three White Soldiers,2026-05-22,1D,bullish,midair,confirmed
AZAD,Inverted Hammer,2026-05-25,1D,bullish,midair,confirmed
AZAD,Bearish Pin Bar,2026-05-25,1D,bearish,midair,failed
AZAD,Bearish Harami,2026-05-27,1D,bearish,midair,failed
AZAD,Inside Bar,2026-05-27,1D,neutral,midair,neutral
AZAD,Doji,2026-05-28,1D,neutral,midair,neutral
AZAD,Inside Bar,2026-05-28,1D,neutral,midair,neutral
AZAD,Outside Bar,2026-05-29,1D,neutral,midair,neutral
AZAD,Bullish Engulfing,2026-06-02,1D,bullish,midair,pending (last bar)
AZAD,Outside Bar,2026-06-02,1D,neutral,midair,pending (last bar)
WSTCSTPAPR,Three White Soldiers,2026-05-06,1D,bullish,at S/R confluence,failed
WSTCSTPAPR,Bearish Marubozu,2026-05-12,1D,bearish,at S/R confluence,confirmed
WSTCSTPAPR,Bearish Engulfing,2026-05-12,1D,bearish,at S/R confluence,confirmed
WSTCSTPAPR,Three Black Crows,2026-05-14,1D,bearish,at S/R confluence,confirmed
WSTCSTPAPR,NR7,2026-05-15,1D,neutral,at S/R confluence,neutral
WSTCSTPAPR,Three Black Crows,2026-05-15,1D,bearish,at S/R confluence,confirmed
WSTCSTPAPR,NR7,2026-05-19,1D,neutral,at S/R confluence,neutral
WSTCSTPAPR,Three White Soldiers,2026-05-20,1D,bullish,at support,confirmed
WSTCSTPAPR,Inverted Hammer,2026-05-21,1D,bullish,at support,failed
WSTCSTPAPR,Bearish Pin Bar,2026-05-21,1D,bearish,at support,confirmed
WSTCSTPAPR,Three White Soldiers,2026-05-21,1D,bullish,at support,failed
WSTCSTPAPR,Long-legged Doji,2026-05-22,1D,neutral,at support,neutral
WSTCSTPAPR,Tweezer Bottom,2026-05-22,1D,bullish,at support,confirmed
WSTCSTPAPR,Inside Bar,2026-05-22,1D,neutral,at support,neutral
WSTCSTPAPR,NR7,2026-05-22,1D,neutral,at support,neutral
WSTCSTPAPR,Outside Bar,2026-05-27,1D,neutral,at S/R confluence,neutral
WSTCSTPAPR,Three White Soldiers,2026-05-27,1D,bullish,at S/R confluence,failed
WSTCSTPAPR,Doji,2026-05-28,1D,neutral,at S/R confluence,neutral
WSTCSTPAPR,Inside Bar,2026-05-28,1D,neutral,at S/R confluence,neutral
WSTCSTPAPR,Outside Bar,2026-05-29,1D,neutral,at S/R confluence,neutral
WSTCSTPAPR,Evening Star,2026-05-29,1D,bearish,at S/R confluence,failed
WSTCSTPAPR,Shooting Star,2026-06-01,1D,bearish,at S/R confluence,failed
WSTCSTPAPR,Bullish Harami,2026-06-01,1D,bullish,at S/R confluence,confirmed
WSTCSTPAPR,Tweezer Top,2026-06-01,1D,bearish,at S/R confluence,failed
WSTCSTPAPR,Inside Bar,2026-06-01,1D,neutral,at S/R confluence,neutral
WSTCSTPAPR,Morning Star,2026-06-02,1D,bullish,at S/R confluence,pending (last bar)
SKIPPER,Bearish Engulfing,2026-05-05,1D,bearish,at S/R confluence,failed
SKIPPER,Outside Bar,2026-05-05,1D,neutral,at S/R confluence,neutral
SKIPPER,Tweezer Top,2026-05-06,1D,bearish,at S/R confluence,confirmed
SKIPPER,Bearish Engulfing,2026-05-07,1D,bearish,at S/R confluence,confirmed
SKIPPER,Tweezer Top,2026-05-07,1D,bearish,at S/R confluence,confirmed
SKIPPER,Three Black Crows,2026-05-11,1D,bearish,at S/R confluence,confirmed
SKIPPER,Three Black Crows,2026-05-12,1D,bearish,at S/R confluence,failed
SKIPPER,Bullish Harami,2026-05-13,1D,bullish,at S/R confluence,confirmed
SKIPPER,Hammer,2026-05-14,1D,bullish,at S/R confluence,confirmed
SKIPPER,Inside Bar,2026-05-14,1D,neutral,at S/R confluence,neutral
SKIPPER,NR4,2026-05-14,1D,neutral,at S/R confluence,neutral
SKIPPER,Doji,2026-05-15,1D,neutral,at S/R confluence,neutral
SKIPPER,Inverted Hammer,2026-05-15,1D,bullish,at S/R confluence,failed
SKIPPER,Bearish Pin Bar,2026-05-15,1D,bearish,at S/R confluence,confirmed
SKIPPER,Three White Soldiers,2026-05-15,1D,bullish,at S/R confluence,failed
SKIPPER,Hammer,2026-05-18,1D,bullish,at S/R confluence,confirmed
SKIPPER,Bullish Pin Bar,2026-05-18,1D,bullish,at S/R confluence,confirmed
SKIPPER,Inverted Hammer,2026-05-20,1D,bullish,at S/R confluence,failed
SKIPPER,NR4,2026-05-20,1D,neutral,at S/R confluence,neutral
SKIPPER,Bearish Engulfing,2026-05-21,1D,bearish,at S/R confluence,failed
SKIPPER,Tweezer Bottom,2026-05-21,1D,bullish,at S/R confluence,confirmed
SKIPPER,NR4,2026-05-21,1D,neutral,at S/R confluence,neutral
SKIPPER,Long-legged Doji,2026-05-22,1D,neutral,at S/R confluence,neutral
SKIPPER,Bullish Harami,2026-05-22,1D,bullish,at S/R confluence,confirmed
SKIPPER,NR7,2026-05-22,1D,neutral,at S/R confluence,neutral
SKIPPER,Morning Star,2026-05-25,1D,bullish,at S/R confluence,confirmed
SKIPPER,Three White Soldiers,2026-05-26,1D,bullish,at S/R confluence,confirmed
SKIPPER,Three White Soldiers,2026-05-27,1D,bullish,at S/R confluence,confirmed
SKIPPER,Three White Soldiers,2026-05-29,1D,bullish,at resistance,failed
SKIPPER,Bullish Engulfing,2026-06-02,1D,bullish,at resistance,pending (last bar)
SKIPPER,Tweezer Top,2026-06-02,1D,bearish,at resistance,pending (last bar)
AKUMS,Inside Bar,2026-05-05,1D,neutral,at S/R confluence,neutral
AKUMS,NR4,2026-05-05,1D,neutral,at S/R confluence,neutral
AKUMS,Shooting Star,2026-05-06,1D,bearish,at S/R confluence,confirmed
AKUMS,Bearish Pin Bar,2026-05-06,1D,bearish,at S/R confluence,confirmed
AKUMS,Inside Bar,2026-05-06,1D,neutral,at S/R confluence,neutral
AKUMS,NR4,2026-05-06,1D,neutral,at S/R confluence,neutral
AKUMS,Tweezer Top,2026-05-07,1D,bearish,at S/R confluence,failed
AKUMS,Three Black Crows,2026-05-07,1D,bearish,at S/R confluence,failed
AKUMS,Bullish Engulfing,2026-05-08,1D,bullish,at S/R confluence,failed
AKUMS,Tweezer Top,2026-05-08,1D,bearish,at S/R confluence,confirmed
AKUMS,Bearish Engulfing,2026-05-11,1D,bearish,at S/R confluence,confirmed
AKUMS,Outside Bar,2026-05-11,1D,neutral,at S/R confluence,neutral
AKUMS,Bearish Engulfing,2026-05-14,1D,bearish,at S/R confluence,confirmed
AKUMS,Outside Bar,2026-05-14,1D,neutral,at S/R confluence,neutral
AKUMS,Doji,2026-05-19,1D,neutral,at S/R confluence,neutral
AKUMS,Inverted Hammer,2026-05-19,1D,bullish,at S/R confluence,failed
AKUMS,Bearish Pin Bar,2026-05-19,1D,bearish,at S/R confluence,confirmed
AKUMS,Inside Bar,2026-05-19,1D,neutral,at S/R confluence,neutral
AKUMS,NR7,2026-05-19,1D,neutral,at S/R confluence,neutral
AKUMS,Long-legged Doji,2026-05-20,1D,neutral,at S/R confluence,neutral
AKUMS,Evening Star,2026-05-20,1D,bearish,at S/R confluence,failed
AKUMS,Tweezer Bottom,2026-05-21,1D,bullish,at S/R confluence,failed
AKUMS,Outside Bar,2026-05-21,1D,neutral,at S/R confluence,neutral
AKUMS,Inside Bar,2026-05-22,1D,neutral,at S/R confluence,neutral
AKUMS,NR7,2026-05-22,1D,neutral,at S/R confluence,neutral
AKUMS,Outside Bar,2026-05-25,1D,neutral,at S/R confluence,neutral
AKUMS,Gravestone Doji,2026-05-27,1D,bearish,at S/R confluence,confirmed
AKUMS,Inverted Hammer,2026-05-27,1D,bullish,at S/R confluence,failed
AKUMS,Bearish Pin Bar,2026-05-27,1D,bearish,at S/R confluence,confirmed
AKUMS,Inside Bar,2026-05-27,1D,neutral,at S/R confluence,neutral
AKUMS,Bearish Engulfing,2026-05-29,1D,bearish,at S/R confluence,failed
AKUMS,Evening Star,2026-05-29,1D,bearish,at S/R confluence,failed
AKUMS,Gravestone Doji,2026-06-01,1D,bearish,at S/R confluence,failed
AKUMS,Shooting Star,2026-06-01,1D,bearish,at S/R confluence,failed
AKUMS,Bearish Pin Bar,2026-06-01,1D,bearish,at S/R confluence,failed
AKUMS,Tweezer Top,2026-06-01,1D,bearish,at S/R confluence,failed
AKUMS,Morning Star,2026-06-02,1D,bullish,at S/R confluence,pending (last bar)
KEI,Outside Bar,2026-05-05,1D,neutral,midair,neutral
KEI,Long-legged Doji,2026-05-07,1D,neutral,at resistance,neutral
KEI,Bearish Harami,2026-05-07,1D,bearish,at resistance,confirmed
KEI,Outside Bar,2026-05-07,1D,neutral,at resistance,neutral
KEI,Inside Bar,2026-05-08,1D,neutral,at resistance,neutral
KEI,NR4,2026-05-08,1D,neutral,at resistance,neutral
KEI,Piercing Line,2026-05-11,1D,bullish,at resistance,failed
KEI,Outside Bar,2026-05-11,1D,neutral,at resistance,neutral
KEI,Bearish Engulfing,2026-05-12,1D,bearish,midair,confirmed
KEI,NR4,2026-05-15,1D,neutral,at resistance,neutral
KEI,Doji,2026-05-18,1D,neutral,midair,neutral
KEI,Hammer,2026-05-18,1D,bullish,midair,failed
KEI,Bullish Pin Bar,2026-05-18,1D,bullish,midair,failed
KEI,NR4,2026-05-18,1D,neutral,midair,neutral
KEI,Long-legged Doji,2026-05-19,1D,neutral,midair,neutral
KEI,NR7,2026-05-19,1D,neutral,midair,neutral
KEI,Tweezer Bottom,2026-05-20,1D,bullish,at resistance,confirmed
KEI,Inside Bar,2026-05-20,1D,neutral,at resistance,neutral
KEI,NR7,2026-05-20,1D,neutral,at resistance,neutral
KEI,Three White Soldiers,2026-05-21,1D,bullish,at resistance,confirmed
KEI,Long-legged Doji,2026-05-22,1D,neutral,at resistance,neutral
KEI,Bearish Pin Bar,2026-05-22,1D,bearish,at resistance,failed
KEI,NR7,2026-05-22,1D,neutral,at resistance,neutral
KEI,NR7,2026-05-25,1D,neutral,at resistance,neutral
KEI,Bullish Harami,2026-05-26,1D,bullish,at resistance,confirmed
KEI,Inside Bar,2026-05-26,1D,neutral,at resistance,neutral
KEI,NR7,2026-05-26,1D,neutral,at resistance,neutral
KEI,Morning Star,2026-05-27,1D,bullish,midair,failed
KEI,Bearish Engulfing,2026-05-29,1D,bearish,at resistance,confirmed
KEI,Outside Bar,2026-05-29,1D,neutral,at resistance,neutral
KEI,Piercing Line,2026-06-02,1D,bullish,at resistance,pending (last bar)
TRITURBINE,Hammer,2026-05-06,1D,bullish,at S/R confluence,confirmed
TRITURBINE,Morning Star,2026-05-07,1D,bullish,at S/R confluence,confirmed
TRITURBINE,Bearish Marubozu,2026-05-11,1D,bearish,at S/R confluence,confirmed
TRITURBINE,Inside Bar,2026-05-11,1D,neutral,at S/R confluence,neutral
TRITURBINE,NR4,2026-05-11,1D,neutral,at S/R confluence,neutral
TRITURBINE,Shooting Star,2026-05-13,1D,bearish,at S/R confluence,failed
TRITURBINE,NR7,2026-05-14,1D,neutral,at S/R confluence,neutral
TRITURBINE,Morning Star,2026-05-14,1D,bullish,at S/R confluence,confirmed
TRITURBINE,Three White Soldiers,2026-05-15,1D,bullish,at S/R confluence,failed
TRITURBINE,Bearish Harami,2026-05-18,1D,bearish,at S/R confluence,failed
TRITURBINE,Tweezer Top,2026-05-18,1D,bearish,at S/R confluence,failed
TRITURBINE,Inside Bar,2026-05-18,1D,neutral,at S/R confluence,neutral
TRITURBINE,Bullish Engulfing,2026-05-19,1D,bullish,at resistance,confirmed
TRITURBINE,Outside Bar,2026-05-19,1D,neutral,at resistance,neutral
TRITURBINE,Three White Soldiers,2026-05-21,1D,bullish,midair,confirmed
TRITURBINE,NR4,2026-05-22,1D,neutral,midair,neutral
TRITURBINE,NR4,2026-05-25,1D,neutral,at resistance,neutral
TRITURBINE,NR7,2026-05-26,1D,neutral,at resistance,neutral
TRITURBINE,Three Black Crows,2026-05-26,1D,bearish,at resistance,failed
TRITURBINE,Morning Star,2026-05-27,1D,bullish,at resistance,failed
TRITURBINE,Doji,2026-05-28,1D,neutral,at resistance,neutral
TRITURBINE,Inside Bar,2026-05-28,1D,neutral,at resistance,neutral
TRITURBINE,Shooting Star,2026-05-29,1D,bearish,at resistance,confirmed
TRITURBINE,Bearish Pin Bar,2026-05-29,1D,bearish,at resistance,confirmed
TRITURBINE,Bearish Engulfing,2026-06-01,1D,bearish,at resistance,confirmed
TRITURBINE,Doji,2026-06-02,1D,neutral,at resistance,pending (last bar)
TRITURBINE,Hanging Man,2026-06-02,1D,bearish,at resistance,pending (last bar)
TRITURBINE,Bullish Pin Bar,2026-06-02,1D,bullish,at resistance,pending (last bar)
GROWW,Bearish Engulfing,2026-05-06,1D,bearish,midair,confirmed
GROWW,Outside Bar,2026-05-06,1D,neutral,midair,neutral
GROWW,Inside Bar,2026-05-08,1D,neutral,midair,neutral
GROWW,Three Black Crows,2026-05-08,1D,bearish,midair,confirmed
GROWW,Three Black Crows,2026-05-11,1D,bearish,at resistance,confirmed
GROWW,Three Black Crows,2026-05-12,1D,bearish,at S/R confluence,failed
GROWW,Dragonfly Doji,2026-05-14,1D,bullish,at resistance,failed
GROWW,Hammer,2026-05-14,1D,bullish,at resistance,failed
GROWW,Bullish Pin Bar,2026-05-14,1D,bullish,at resistance,failed
GROWW,Bearish Engulfing,2026-05-15,1D,bearish,at resistance,confirmed
GROWW,NR7,2026-05-15,1D,neutral,at resistance,neutral
GROWW,NR7,2026-05-19,1D,neutral,at resistance,neutral
GROWW,Tweezer Bottom,2026-05-20,1D,bullish,at resistance,failed
GROWW,Outside Bar,2026-05-20,1D,neutral,at resistance,neutral
GROWW,Tweezer Bottom,2026-05-22,1D,bullish,at resistance,confirmed
GROWW,NR7,2026-05-22,1D,neutral,at resistance,neutral
GROWW,Inverted Hammer,2026-05-25,1D,bullish,at resistance,failed
GROWW,NR7,2026-05-25,1D,neutral,at resistance,neutral
GROWW,Shooting Star,2026-05-26,1D,bearish,at resistance,confirmed
GROWW,Bearish Pin Bar,2026-05-26,1D,bearish,at resistance,confirmed
GROWW,Outside Bar,2026-05-26,1D,neutral,at resistance,neutral
GROWW,Three Black Crows,2026-05-27,1D,bearish,at resistance,failed
GROWW,Doji,2026-05-28,1D,neutral,at resistance,neutral
GROWW,Inside Bar,2026-05-28,1D,neutral,at resistance,neutral
GROWW,Outside Bar,2026-05-29,1D,neutral,at resistance,neutral
GROWW,Long-legged Doji,2026-06-01,1D,neutral,at resistance,neutral
GROWW,Bullish Engulfing,2026-06-02,1D,bullish,at resistance,pending (last bar)
GROWW,Morning Star,2026-06-02,1D,bullish,at resistance,pending (last bar)
540545,Hanging Man,2026-05-05,1D,bearish,at resistance,failed
540545,Hammer,2026-05-06,1D,bullish,at resistance,confirmed
540545,Morning Star,2026-05-06,1D,bullish,at resistance,confirmed
540545,Bullish Marubozu,2026-05-07,1D,bullish,at resistance,confirmed
540545,Three White Soldiers,2026-05-07,1D,bullish,at resistance,confirmed
540545,Bullish Marubozu,2026-05-08,1D,bullish,midair,confirmed
540545,Three White Soldiers,2026-05-08,1D,bullish,midair,confirmed
540545,Inside Bar,2026-05-12,1D,neutral,at resistance,neutral
540545,NR7,2026-05-12,1D,neutral,at resistance,neutral
540545,Three Black Crows,2026-05-13,1D,bearish,at resistance,confirmed
540545,Three Black Crows,2026-05-14,1D,bearish,at resistance,confirmed
540545,Three Black Crows,2026-05-15,1D,bearish,at resistance,failed
540545,Piercing Line,2026-05-18,1D,bullish,at resistance,confirmed
540545,Doji,2026-05-19,1D,neutral,at resistance,neutral
540545,Hanging Man,2026-05-19,1D,bearish,at resistance,confirmed
540545,Bullish Pin Bar,2026-05-19,1D,bullish,at resistance,failed
540545,Bearish Engulfing,2026-05-20,1D,bearish,midair,confirmed
540545,NR4,2026-05-20,1D,neutral,midair,neutral
540545,Inverted Hammer,2026-05-21,1D,bullish,at S/R confluence,failed
540545,Bearish Pin Bar,2026-05-21,1D,bearish,at S/R confluence,confirmed
540545,Doji,2026-05-22,1D,neutral,at S/R confluence,neutral
540545,Outside Bar,2026-05-25,1D,neutral,at S/R confluence,neutral
540545,Inverted Hammer,2026-05-26,1D,bullish,at S/R confluence,confirmed
540545,Bearish Pin Bar,2026-05-26,1D,bearish,at S/R confluence,failed
540545,Inside Bar,2026-05-26,1D,neutral,at S/R confluence,neutral
540545,Inside Bar,2026-05-29,1D,neutral,at resistance,neutral
540545,NR4,2026-06-01,1D,neutral,at support,pending (last bar)
RISHABH,Doji,2026-05-06,1D,neutral,at resistance,neutral
RISHABH,Hanging Man,2026-05-06,1D,bearish,at resistance,failed
RISHABH,Bullish Pin Bar,2026-05-06,1D,bullish,at resistance,confirmed
RISHABH,NR4,2026-05-06,1D,neutral,at resistance,neutral
RISHABH,Long-legged Doji,2026-05-07,1D,neutral,at resistance,neutral
RISHABH,NR7,2026-05-07,1D,neutral,at resistance,neutral
RISHABH,Morning Star,2026-05-07,1D,bullish,at resistance,confirmed
RISHABH,Outside Bar,2026-05-11,1D,neutral,at resistance,neutral
RISHABH,Doji,2026-05-13,1D,neutral,at resistance,neutral
RISHABH,Shooting Star,2026-05-13,1D,bearish,at resistance,failed
RISHABH,Bearish Pin Bar,2026-05-13,1D,bearish,at resistance,failed
RISHABH,Shooting Star,2026-05-14,1D,bearish,at resistance,confirmed
RISHABH,Bearish Pin Bar,2026-05-14,1D,bearish,at resistance,confirmed
RISHABH,Inside Bar,2026-05-14,1D,neutral,at resistance,neutral
RISHABH,NR4,2026-05-14,1D,neutral,at resistance,neutral
RISHABH,Bearish Engulfing,2026-05-15,1D,bearish,at S/R confluence,confirmed
RISHABH,Inverted Hammer,2026-05-18,1D,bullish,at S/R confluence,confirmed
RISHABH,Outside Bar,2026-05-18,1D,neutral,at S/R confluence,neutral
RISHABH,Bullish Engulfing,2026-05-19,1D,bullish,midair,failed
RISHABH,Bearish Harami,2026-05-20,1D,bearish,at resistance,confirmed
RISHABH,Inside Bar,2026-05-20,1D,neutral,at resistance,neutral
RISHABH,NR4,2026-05-20,1D,neutral,at resistance,neutral
RISHABH,Inverted Hammer,2026-05-21,1D,bullish,at resistance,confirmed
RISHABH,Long-legged Doji,2026-05-22,1D,neutral,at resistance,neutral
RISHABH,Morning Star,2026-05-25,1D,bullish,at resistance,failed
RISHABH,Bullish Harami,2026-05-27,1D,bullish,at resistance,failed
RISHABH,Inside Bar,2026-05-27,1D,neutral,at resistance,neutral
RISHABH,Doji,2026-05-28,1D,neutral,at resistance,neutral
RISHABH,Inside Bar,2026-05-28,1D,neutral,at resistance,neutral
RISHABH,Outside Bar,2026-05-29,1D,neutral,midair,neutral
RISHABH,Evening Star,2026-05-29,1D,bearish,midair,confirmed
RISHABH,Inside Bar,2026-06-02,1D,neutral,at resistance,pending (last bar)
VISHNU,Doji,2026-05-07,1D,neutral,at resistance,neutral
VISHNU,Shooting Star,2026-05-07,1D,bearish,at resistance,failed
VISHNU,Bearish Pin Bar,2026-05-07,1D,bearish,at resistance,failed
VISHNU,Outside Bar,2026-05-07,1D,neutral,at resistance,neutral
VISHNU,Three Black Crows,2026-05-07,1D,bearish,at resistance,failed
VISHNU,Long-legged Doji,2026-05-08,1D,neutral,at resistance,neutral
VISHNU,Bullish Engulfing,2026-05-08,1D,bullish,at resistance,failed
VISHNU,Bearish Marubozu,2026-05-11,1D,bearish,at S/R confluence,confirmed
VISHNU,Gravestone Doji,2026-05-12,1D,bearish,at S/R confluence,failed
VISHNU,Shooting Star,2026-05-12,1D,bearish,at S/R confluence,failed
VISHNU,Bearish Pin Bar,2026-05-12,1D,bearish,at S/R confluence,failed
VISHNU,Doji,2026-05-13,1D,neutral,at S/R confluence,neutral
VISHNU,Inverted Hammer,2026-05-13,1D,bullish,at S/R confluence,confirmed
VISHNU,Bearish Pin Bar,2026-05-13,1D,bearish,at S/R confluence,failed
VISHNU,Outside Bar,2026-05-13,1D,neutral,at S/R confluence,neutral
VISHNU,Inverted Hammer,2026-05-14,1D,bullish,at S/R confluence,failed
VISHNU,Bearish Pin Bar,2026-05-14,1D,bearish,at S/R confluence,confirmed
VISHNU,Three White Soldiers,2026-05-14,1D,bullish,at S/R confluence,failed
VISHNU,Bearish Engulfing,2026-05-15,1D,bearish,at S/R confluence,failed
VISHNU,NR7,2026-05-18,1D,neutral,at S/R confluence,neutral
VISHNU,Morning Star,2026-05-19,1D,bullish,at resistance,confirmed
VISHNU,Doji,2026-05-20,1D,neutral,at resistance,neutral
VISHNU,Inverted Hammer,2026-05-20,1D,bullish,at resistance,failed
VISHNU,Bearish Pin Bar,2026-05-20,1D,bearish,at resistance,confirmed
VISHNU,NR7,2026-05-21,1D,neutral,at resistance,neutral
VISHNU,Long-legged Doji,2026-05-22,1D,neutral,at resistance,neutral
VISHNU,Outside Bar,2026-05-22,1D,neutral,at resistance,neutral
VISHNU,Inside Bar,2026-05-25,1D,neutral,at resistance,neutral
VISHNU,NR7,2026-05-25,1D,neutral,at resistance,neutral
VISHNU,Morning Star,2026-05-25,1D,bullish,at resistance,failed
VISHNU,Bearish Engulfing,2026-05-26,1D,bearish,at resistance,failed
VISHNU,Outside Bar,2026-05-26,1D,neutral,at resistance,neutral
VISHNU,Inside Bar,2026-05-27,1D,neutral,at resistance,neutral
VISHNU,Doji,2026-05-28,1D,neutral,at resistance,neutral
VISHNU,Inside Bar,2026-05-28,1D,neutral,at resistance,neutral
VISHNU,Outside Bar,2026-05-29,1D,neutral,at S/R confluence,neutral
VISHNU,Shooting Star,2026-06-02,1D,bearish,at resistance,pending (last bar)
VISHNU,Bearish Pin Bar,2026-06-02,1D,bearish,at resistance,pending (last bar)
TATASTEEL,Evening Star,2026-05-08,1D,bearish,at S/R confluence,confirmed
TATASTEEL,Doji,2026-05-12,1D,neutral,at S/R confluence,neutral
TATASTEEL,Bearish Pin Bar,2026-05-12,1D,bearish,at S/R confluence,failed
TATASTEEL,Outside Bar,2026-05-12,1D,neutral,at S/R confluence,neutral
TATASTEEL,Morning Star,2026-05-13,1D,bullish,at resistance,confirmed
TATASTEEL,Outside Bar,2026-05-15,1D,neutral,at resistance,neutral
TATASTEEL,Hanging Man,2026-05-18,1D,bearish,at support,confirmed
TATASTEEL,Bullish Pin Bar,2026-05-18,1D,bullish,at support,failed
TATASTEEL,Three Black Crows,2026-05-18,1D,bearish,at support,confirmed
TATASTEEL,Tweezer Top,2026-05-19,1D,bearish,at support,confirmed
TATASTEEL,NR7,2026-05-19,1D,neutral,at support,neutral
TATASTEEL,Three Black Crows,2026-05-19,1D,bearish,at support,confirmed
TATASTEEL,Hammer,2026-05-20,1D,bullish,at S/R confluence,confirmed
TATASTEEL,Bullish Pin Bar,2026-05-20,1D,bullish,at S/R confluence,confirmed
TATASTEEL,Three Black Crows,2026-05-20,1D,bearish,at S/R confluence,failed
TATASTEEL,NR7,2026-05-21,1D,neutral,at support,neutral
TATASTEEL,Tweezer Bottom,2026-05-22,1D,bullish,at support,confirmed
TATASTEEL,NR7,2026-05-25,1D,neutral,at support,neutral
TATASTEEL,Tweezer Bottom,2026-05-26,1D,bullish,at support,confirmed
TATASTEEL,Inside Bar,2026-05-26,1D,neutral,at support,neutral
TATASTEEL,NR7,2026-05-26,1D,neutral,at support,neutral
TATASTEEL,Doji,2026-05-28,1D,neutral,at S/R confluence,neutral
TATASTEEL,Inside Bar,2026-05-28,1D,neutral,at S/R confluence,neutral
TATASTEEL,Outside Bar,2026-05-29,1D,neutral,at S/R confluence,neutral
TATASTEEL,Evening Star,2026-05-29,1D,bearish,at S/R confluence,failed
TATASTEEL,Hanging Man,2026-06-01,1D,bearish,at support,failed
TATASTEEL,Bullish Pin Bar,2026-06-01,1D,bullish,at support,confirmed
TATASTEEL,Bullish Harami,2026-06-01,1D,bullish,at support,confirmed
INOXINDIA,Doji,2026-05-05,1D,neutral,midair,neutral
INOXINDIA,Bullish Pin Bar,2026-05-05,1D,bullish,midair,failed
INOXINDIA,Bearish Engulfing,2026-05-06,1D,bearish,midair,failed
INOXINDIA,Bullish Engulfing,2026-05-07,1D,bullish,at resistance,failed
INOXINDIA,Inside Bar,2026-05-07,1D,neutral,at resistance,neutral
INOXINDIA,Bearish Engulfing,2026-05-08,1D,bearish,midair,confirmed
INOXINDIA,Outside Bar,2026-05-08,1D,neutral,midair,neutral
INOXINDIA,Inside Bar,2026-05-11,1D,neutral,at support,neutral
INOXINDIA,NR4,2026-05-11,1D,neutral,at support,neutral
INOXINDIA,Three Black Crows,2026-05-12,1D,bearish,at support,failed
INOXINDIA,Inverted Hammer,2026-05-14,1D,bullish,at support,confirmed
INOXINDIA,Hammer,2026-05-15,1D,bullish,at support,failed
INOXINDIA,Bullish Pin Bar,2026-05-15,1D,bullish,at support,failed
INOXINDIA,NR4,2026-05-15,1D,neutral,at support,neutral
INOXINDIA,Long-legged Doji,2026-05-18,1D,neutral,at support,neutral
INOXINDIA,NR4,2026-05-18,1D,neutral,at support,neutral
INOXINDIA,NR7,2026-05-19,1D,neutral,at support,neutral
INOXINDIA,Inverted Hammer,2026-05-21,1D,bullish,at support,failed
INOXINDIA,Three White Soldiers,2026-05-21,1D,bullish,at support,failed
INOXINDIA,Bearish Engulfing,2026-05-22,1D,bearish,at support,confirmed
INOXINDIA,Inside Bar,2026-05-25,1D,neutral,at support,neutral
INOXINDIA,NR7,2026-05-25,1D,neutral,at support,neutral
INOXINDIA,Bullish Engulfing,2026-05-26,1D,bullish,midair,confirmed
INOXINDIA,Morning Star,2026-05-26,1D,bullish,midair,confirmed
INOXINDIA,Bearish Engulfing,2026-05-29,1D,bearish,midair,confirmed
INOXINDIA,NR7,2026-06-02,1D,neutral,at support,pending (last bar)
ELECTHERM,Bullish Engulfing,2026-05-06,1D,bullish,at S/R confluence,failed
ELECTHERM,Outside Bar,2026-05-07,1D,neutral,at support,neutral
ELECTHERM,Three Black Crows,2026-05-11,1D,bearish,at support,confirmed
ELECTHERM,NR4,2026-05-12,1D,neutral,at support,neutral
ELECTHERM,Three Black Crows,2026-05-12,1D,bearish,at support,failed
ELECTHERM,Outside Bar,2026-05-13,1D,neutral,at support,neutral
ELECTHERM,Inside Bar,2026-05-14,1D,neutral,at support,neutral
ELECTHERM,NR7,2026-05-15,1D,neutral,at support,neutral
ELECTHERM,Three Black Crows,2026-05-18,1D,bearish,at support,confirmed
ELECTHERM,Hammer,2026-05-19,1D,bullish,at support,confirmed
ELECTHERM,Bullish Pin Bar,2026-05-19,1D,bullish,at support,confirmed
ELECTHERM,Tweezer Bottom,2026-05-19,1D,bullish,at support,confirmed
ELECTHERM,Inside Bar,2026-05-19,1D,neutral,at support,neutral
ELECTHERM,Three Black Crows,2026-05-19,1D,bearish,at support,failed
ELECTHERM,Inverted Hammer,2026-05-20,1D,bullish,at support,confirmed
ELECTHERM,Bearish Pin Bar,2026-05-20,1D,bearish,at support,failed
ELECTHERM,Morning Star,2026-05-20,1D,bullish,at support,confirmed
ELECTHERM,Bullish Marubozu,2026-05-21,1D,bullish,at S/R confluence,failed
ELECTHERM,Outside Bar,2026-05-21,1D,neutral,at S/R confluence,neutral
ELECTHERM,Long-legged Doji,2026-05-25,1D,neutral,at support,neutral
ELECTHERM,Shooting Star,2026-05-26,1D,bearish,at support,confirmed
ELECTHERM,Doji,2026-05-28,1D,neutral,at support,neutral
ELECTHERM,Inside Bar,2026-05-28,1D,neutral,at support,neutral
ELECTHERM,Outside Bar,2026-05-29,1D,neutral,at resistance,neutral
ELECTHERM,Morning Star,2026-05-29,1D,bullish,at resistance,confirmed
ELECTHERM,Three White Soldiers,2026-06-02,1D,bullish,at S/R confluence,pending (last bar)
PANACEABIO,Shooting Star,2026-05-07,1D,bearish,at support,confirmed
PANACEABIO,Bearish Pin Bar,2026-05-07,1D,bearish,at support,confirmed
PANACEABIO,Bearish Engulfing,2026-05-08,1D,bearish,at S/R confluence,confirmed
PANACEABIO,Long-legged Doji,2026-05-11,1D,neutral,at S/R confluence,neutral
PANACEABIO,NR4,2026-05-11,1D,neutral,at S/R confluence,neutral
PANACEABIO,Three Black Crows,2026-05-12,1D,bearish,at S/R confluence,failed
PANACEABIO,Bearish Harami,2026-05-14,1D,bearish,at S/R confluence,failed
PANACEABIO,Inside Bar,2026-05-14,1D,neutral,at S/R confluence,neutral
PANACEABIO,NR7,2026-05-14,1D,neutral,at S/R confluence,neutral
PANACEABIO,Bullish Harami,2026-05-15,1D,bullish,at S/R confluence,confirmed
PANACEABIO,Tweezer Top,2026-05-15,1D,bearish,at S/R confluence,failed
PANACEABIO,Outside Bar,2026-05-18,1D,neutral,at S/R confluence,neutral
PANACEABIO,Morning Star,2026-05-18,1D,bullish,at S/R confluence,confirmed
PANACEABIO,Three White Soldiers,2026-05-19,1D,bullish,at S/R confluence,confirmed
PANACEABIO,Hanging Man,2026-05-20,1D,bearish,at S/R confluence,failed
PANACEABIO,Three White Soldiers,2026-05-20,1D,bullish,at S/R confluence,confirmed
PANACEABIO,NR4,2026-05-21,1D,neutral,at S/R confluence,neutral
PANACEABIO,Three White Soldiers,2026-05-21,1D,bullish,at S/R confluence,failed
PANACEABIO,Bearish Engulfing,2026-05-22,1D,bearish,at S/R confluence,failed
PANACEABIO,NR4,2026-05-22,1D,neutral,at S/R confluence,neutral
PANACEABIO,Shooting Star,2026-05-25,1D,bearish,at S/R confluence,failed
PANACEABIO,Shooting Star,2026-05-26,1D,bearish,at S/R confluence,confirmed
PANACEABIO,Bearish Pin Bar,2026-05-26,1D,bearish,at S/R confluence,confirmed
PANACEABIO,Bearish Engulfing,2026-05-27,1D,bearish,at S/R confluence,failed
PANACEABIO,Doji,2026-05-28,1D,neutral,at S/R confluence,neutral
PANACEABIO,Inside Bar,2026-05-28,1D,neutral,at S/R confluence,neutral
PANACEABIO,Doji,2026-05-29,1D,neutral,at S/R confluence,neutral
PANACEABIO,Shooting Star,2026-05-29,1D,bearish,at S/R confluence,confirmed
PANACEABIO,Bearish Pin Bar,2026-05-29,1D,bearish,at S/R confluence,confirmed
PANACEABIO,Outside Bar,2026-05-29,1D,neutral,at S/R confluence,neutral
PANACEABIO,Gravestone Doji,2026-06-01,1D,bearish,at support,failed
PANACEABIO,Shooting Star,2026-06-01,1D,bearish,at support,failed
PANACEABIO,Bearish Pin Bar,2026-06-01,1D,bearish,at support,failed
PANACEABIO,Outside Bar,2026-06-01,1D,neutral,at support,neutral
GANDHAR,Inside Bar,2026-05-07,1D,neutral,at resistance,neutral
GANDHAR,Shooting Star,2026-05-08,1D,bearish,at S/R confluence,confirmed
GANDHAR,Bearish Pin Bar,2026-05-08,1D,bearish,at S/R confluence,confirmed
GANDHAR,NR4,2026-05-11,1D,neutral,at support,neutral
GANDHAR,Three Black Crows,2026-05-11,1D,bearish,at support,confirmed
GANDHAR,Three Black Crows,2026-05-12,1D,bearish,at S/R confluence,failed
GANDHAR,Hanging Man,2026-05-13,1D,bearish,at S/R confluence,failed
GANDHAR,NR7,2026-05-13,1D,neutral,at S/R confluence,neutral
GANDHAR,Outside Bar,2026-05-14,1D,neutral,at S/R confluence,neutral
GANDHAR,Three White Soldiers,2026-05-18,1D,bullish,at resistance,confirmed
GANDHAR,Hanging Man,2026-05-19,1D,bearish,at resistance,confirmed
GANDHAR,Bullish Pin Bar,2026-05-19,1D,bullish,at resistance,failed
GANDHAR,Tweezer Top,2026-05-19,1D,bearish,at resistance,confirmed
GANDHAR,NR4,2026-05-19,1D,neutral,at resistance,neutral
GANDHAR,Three White Soldiers,2026-05-19,1D,bullish,at resistance,failed
GANDHAR,Hanging Man,2026-05-20,1D,bearish,at resistance,failed
GANDHAR,Inside Bar,2026-05-20,1D,neutral,at resistance,neutral
GANDHAR,NR4,2026-05-20,1D,neutral,at resistance,neutral
GANDHAR,Doji,2026-05-22,1D,neutral,at S/R confluence,neutral
GANDHAR,Shooting Star,2026-05-22,1D,bearish,at S/R confluence,failed
GANDHAR,Bearish Pin Bar,2026-05-22,1D,bearish,at S/R confluence,failed
GANDHAR,Bearish Engulfing,2026-05-26,1D,bearish,at S/R confluence,failed
GANDHAR,Tweezer Top,2026-05-26,1D,bearish,at S/R confluence,failed
GANDHAR,Outside Bar,2026-05-26,1D,neutral,at S/R confluence,neutral
GANDHAR,Bullish Harami,2026-06-01,1D,bullish,at resistance,failed
GANDHAR,NR4,2026-06-01,1D,neutral,at resistance,neutral
GANDHAR,NR7,2026-06-02,1D,neutral,at resistance,pending (last bar)
530145,NR7,2026-05-04,1D,neutral,at resistance,neutral
530145,Tweezer Bottom,2026-05-05,1D,bullish,at S/R confluence,failed
530145,Outside Bar,2026-05-05,1D,neutral,at S/R confluence,neutral
530145,Morning Star,2026-05-05,1D,bullish,at S/R confluence,failed
530145,Gravestone Doji,2026-05-06,1D,bearish,at S/R confluence,failed
530145,Inverted Hammer,2026-05-06,1D,bullish,at S/R confluence,confirmed
530145,Bearish Pin Bar,2026-05-06,1D,bearish,at S/R confluence,failed
530145,Bearish Harami,2026-05-06,1D,bearish,at S/R confluence,failed
530145,Inside Bar,2026-05-06,1D,neutral,at S/R confluence,neutral
530145,Inside Bar,2026-05-07,1D,neutral,at S/R confluence,neutral
530145,Hanging Man,2026-05-08,1D,bearish,at S/R confluence,failed
530145,Bullish Pin Bar,2026-05-08,1D,bullish,at S/R confluence,confirmed
530145,NR4,2026-05-08,1D,neutral,at S/R confluence,neutral
530145,Inside Bar,2026-05-13,1D,neutral,at S/R confluence,neutral
530145,Three White Soldiers,2026-05-13,1D,bullish,at S/R confluence,failed
530145,Bearish Engulfing,2026-05-14,1D,bearish,at S/R confluence,failed
530145,Inside Bar,2026-05-15,1D,neutral,at S/R confluence,neutral
530145,NR4,2026-05-15,1D,neutral,at S/R confluence,neutral
530145,Doji,2026-05-18,1D,neutral,at S/R confluence,neutral
530145,Shooting Star,2026-05-18,1D,bearish,at S/R confluence,failed
530145,Bearish Pin Bar,2026-05-18,1D,bearish,at S/R confluence,failed
530145,Tweezer Top,2026-05-18,1D,bearish,at S/R confluence,failed
530145,Inside Bar,2026-05-18,1D,neutral,at S/R confluence,neutral
530145,NR4,2026-05-18,1D,neutral,at S/R confluence,neutral
530145,Bullish Engulfing,2026-05-19,1D,bullish,at S/R confluence,failed
530145,Inside Bar,2026-05-19,1D,neutral,at S/R confluence,neutral
530145,NR7,2026-05-19,1D,neutral,at S/R confluence,neutral
530145,Hanging Man,2026-05-20,1D,bearish,at S/R confluence,failed
530145,Bullish Pin Bar,2026-05-20,1D,bullish,at S/R confluence,confirmed
530145,Tweezer Top,2026-05-20,1D,bearish,at S/R confluence,failed
530145,Bullish Engulfing,2026-05-21,1D,bullish,at S/R confluence,failed
530145,Bearish Harami,2026-05-22,1D,bearish,at S/R confluence,failed
530145,Inside Bar,2026-05-22,1D,neutral,at S/R confluence,neutral
530145,NR7,2026-05-22,1D,neutral,at S/R confluence,neutral
530145,Long-legged Doji,2026-05-25,1D,neutral,at S/R confluence,neutral
530145,Outside Bar,2026-05-25,1D,neutral,at S/R confluence,neutral
530145,Hammer,2026-05-26,1D,bullish,at S/R confluence,failed
530145,Doji,2026-05-27,1D,neutral,at S/R confluence,neutral
530145,Inverted Hammer,2026-05-27,1D,bullish,at S/R confluence,failed
530145,Bearish Pin Bar,2026-05-27,1D,bearish,at S/R confluence,confirmed
530145,Three Black Crows,2026-05-27,1D,bearish,at S/R confluence,confirmed
530145,NR4,2026-05-29,1D,neutral,at support,neutral
530145,Three Black Crows,2026-05-29,1D,bearish,at support,confirmed
530145,Inverted Hammer,2026-06-01,1D,bullish,at resistance,pending (last bar)
530145,NR4,2026-06-01,1D,neutral,at resistance,pending (last bar)
530145,Three Black Crows,2026-06-01,1D,bearish,at resistance,pending (last bar)
SIS,Inside Bar,2026-05-05,1D,neutral,at resistance,neutral
SIS,NR4,2026-05-05,1D,neutral,at resistance,neutral
SIS,Doji,2026-05-07,1D,neutral,at resistance,neutral
SIS,Bullish Harami,2026-05-07,1D,bullish,at resistance,failed
SIS,Tweezer Top,2026-05-07,1D,bearish,at resistance,confirmed
SIS,NR7,2026-05-07,1D,neutral,at resistance,neutral
SIS,Bearish Engulfing,2026-05-08,1D,bearish,at S/R confluence,confirmed
SIS,Outside Bar,2026-05-08,1D,neutral,at S/R confluence,neutral
SIS,Three Black Crows,2026-05-12,1D,bearish,at S/R confluence,failed
SIS,Doji,2026-05-13,1D,neutral,at S/R confluence,neutral
SIS,Bearish Pin Bar,2026-05-13,1D,bearish,at S/R confluence,failed
SIS,Inside Bar,2026-05-13,1D,neutral,at S/R confluence,neutral
SIS,NR4,2026-05-13,1D,neutral,at S/R confluence,neutral
SIS,Morning Star,2026-05-14,1D,bullish,at S/R confluence,confirmed
SIS,Inverted Hammer,2026-05-15,1D,bullish,at S/R confluence,confirmed
SIS,Three White Soldiers,2026-05-15,1D,bullish,at S/R confluence,confirmed
SIS,Three White Soldiers,2026-05-18,1D,bullish,at resistance,confirmed
SIS,Three White Soldiers,2026-05-19,1D,bullish,at resistance,failed
SIS,Bearish Harami,2026-05-20,1D,bearish,at resistance,confirmed
SIS,Inside Bar,2026-05-20,1D,neutral,at resistance,neutral
SIS,NR4,2026-05-21,1D,neutral,at S/R confluence,neutral
SIS,Evening Star,2026-05-21,1D,bearish,at S/R confluence,failed
SIS,Doji,2026-05-22,1D,neutral,at S/R confluence,neutral
SIS,Hanging Man,2026-05-22,1D,bearish,at S/R confluence,confirmed
SIS,Bullish Pin Bar,2026-05-22,1D,bullish,at S/R confluence,failed
SIS,NR7,2026-05-22,1D,neutral,at S/R confluence,neutral
SIS,Bearish Engulfing,2026-05-25,1D,bearish,at S/R confluence,failed
SIS,Outside Bar,2026-05-25,1D,neutral,at S/R confluence,neutral
SIS,Bullish Engulfing,2026-05-26,1D,bullish,at resistance,failed
SIS,Tweezer Top,2026-05-27,1D,bearish,at resistance,failed
SIS,Inside Bar,2026-05-27,1D,neutral,at resistance,neutral
SIS,Bullish Engulfing,2026-05-29,1D,bullish,at resistance,confirmed
SIS,Long-legged Doji,2026-06-01,1D,neutral,at resistance,neutral
SIS,Inside Bar,2026-06-02,1D,neutral,at resistance,pending (last bar)
SIS,Three White Soldiers,2026-06-02,1D,bullish,at resistance,pending (last bar)
MMFL,Tweezer Bottom,2026-05-06,1D,bullish,at resistance,confirmed
MMFL,Doji,2026-05-07,1D,neutral,at resistance,neutral
MMFL,Inverted Hammer,2026-05-07,1D,bullish,at resistance,failed
MMFL,Bearish Pin Bar,2026-05-07,1D,bearish,at resistance,confirmed
MMFL,NR4,2026-05-08,1D,neutral,at resistance,neutral
MMFL,Three Black Crows,2026-05-12,1D,bearish,at resistance,confirmed
MMFL,Three Black Crows,2026-05-13,1D,bearish,at resistance,failed
MMFL,Doji,2026-05-14,1D,neutral,at resistance,neutral
MMFL,Inverted Hammer,2026-05-14,1D,bullish,at resistance,confirmed
MMFL,Bearish Pin Bar,2026-05-14,1D,bearish,at resistance,failed
MMFL,Doji,2026-05-15,1D,neutral,at resistance,neutral
MMFL,Inverted Hammer,2026-05-15,1D,bullish,at resistance,failed
MMFL,Bearish Pin Bar,2026-05-15,1D,bearish,at resistance,confirmed
MMFL,Inverted Hammer,2026-05-21,1D,bullish,at resistance,failed
MMFL,Bearish Pin Bar,2026-05-21,1D,bearish,at resistance,confirmed
MMFL,Three White Soldiers,2026-05-21,1D,bullish,at resistance,failed
MMFL,Bearish Engulfing,2026-05-22,1D,bearish,at resistance,failed
MMFL,NR7,2026-05-22,1D,neutral,at resistance,neutral
MMFL,NR7,2026-05-25,1D,neutral,at resistance,neutral
MMFL,Bearish Engulfing,2026-05-27,1D,bearish,at resistance,failed
MMFL,Tweezer Top,2026-05-27,1D,bearish,at resistance,failed
MMFL,Doji,2026-05-28,1D,neutral,at resistance,neutral
MMFL,Inside Bar,2026-05-28,1D,neutral,at resistance,neutral
MMFL,Outside Bar,2026-05-29,1D,neutral,at resistance,neutral
MMFL,Long-legged Doji,2026-06-02,1D,neutral,at S/R confluence,pending (last bar)
MMFL,Three Black Crows,2026-06-02,1D,bearish,at S/R confluence,pending (last bar)
TIPSMUSIC,Bearish Engulfing,2026-05-07,1D,bearish,at support,failed
TIPSMUSIC,Tweezer Bottom,2026-05-07,1D,bullish,at support,confirmed
TIPSMUSIC,Bullish Harami,2026-05-08,1D,bullish,at S/R confluence,confirmed
TIPSMUSIC,Tweezer Bottom,2026-05-08,1D,bullish,at S/R confluence,confirmed
TIPSMUSIC,Inside Bar,2026-05-08,1D,neutral,at S/R confluence,neutral
TIPSMUSIC,NR4,2026-05-08,1D,neutral,at S/R confluence,neutral
TIPSMUSIC,Outside Bar,2026-05-11,1D,neutral,at S/R confluence,neutral
TIPSMUSIC,Morning Star,2026-05-11,1D,bullish,at S/R confluence,failed
TIPSMUSIC,Bearish Harami,2026-05-12,1D,bearish,at support,confirmed
TIPSMUSIC,Doji,2026-05-13,1D,neutral,at support,neutral
TIPSMUSIC,Doji,2026-05-14,1D,neutral,at support,neutral
TIPSMUSIC,Bullish Pin Bar,2026-05-14,1D,bullish,at support,confirmed
TIPSMUSIC,Outside Bar,2026-05-14,1D,neutral,at support,neutral
TIPSMUSIC,Inverted Hammer,2026-05-15,1D,bullish,at support,failed
TIPSMUSIC,Bullish Engulfing,2026-05-15,1D,bullish,at support,failed
TIPSMUSIC,Tweezer Bottom,2026-05-18,1D,bullish,at support,confirmed
TIPSMUSIC,Inside Bar,2026-05-18,1D,neutral,at support,neutral
TIPSMUSIC,Bullish Engulfing,2026-05-19,1D,bullish,at S/R confluence,confirmed
TIPSMUSIC,Tweezer Bottom,2026-05-19,1D,bullish,at S/R confluence,confirmed
TIPSMUSIC,Tweezer Bottom,2026-05-20,1D,bullish,at S/R confluence,failed
TIPSMUSIC,Shooting Star,2026-05-21,1D,bearish,at S/R confluence,failed
TIPSMUSIC,Tweezer Top,2026-05-22,1D,bearish,at resistance,confirmed
TIPSMUSIC,Outside Bar,2026-05-22,1D,neutral,at resistance,neutral
TIPSMUSIC,Bearish Marubozu,2026-05-25,1D,bearish,at support,failed
TIPSMUSIC,Bearish Engulfing,2026-05-25,1D,bearish,at support,failed
TIPSMUSIC,Outside Bar,2026-05-25,1D,neutral,at support,neutral
TIPSMUSIC,Bullish Harami,2026-05-26,1D,bullish,at S/R confluence,confirmed
TIPSMUSIC,Inside Bar,2026-05-26,1D,neutral,at S/R confluence,neutral
TIPSMUSIC,NR7,2026-05-26,1D,neutral,at S/R confluence,neutral
TIPSMUSIC,Morning Star,2026-05-27,1D,bullish,at S/R confluence,failed
TIPSMUSIC,Doji,2026-05-28,1D,neutral,at S/R confluence,neutral
TIPSMUSIC,Inside Bar,2026-05-28,1D,neutral,at S/R confluence,neutral
TIPSMUSIC,Outside Bar,2026-05-29,1D,neutral,at S/R confluence,neutral
TIPSMUSIC,Evening Star,2026-05-29,1D,bearish,at S/R confluence,confirmed
TIPSMUSIC,Outside Bar,2026-06-01,1D,neutral,at S/R confluence,neutral
TIPSMUSIC,Bullish Engulfing,2026-06-02,1D,bullish,at resistance,pending (last bar)
TIPSMUSIC,Inside Bar,2026-06-02,1D,neutral,at resistance,pending (last bar)
HINDZINC,Three White Soldiers,2026-05-06,1D,bullish,at S/R confluence,confirmed
HINDZINC,NR4,2026-05-07,1D,neutral,at S/R confluence,neutral
HINDZINC,Long-legged Doji,2026-05-08,1D,neutral,at S/R confluence,neutral
HINDZINC,Shooting Star,2026-05-11,1D,bearish,at S/R confluence,failed
HINDZINC,Tweezer Top,2026-05-14,1D,bearish,at resistance,confirmed
HINDZINC,Tweezer Top,2026-05-19,1D,bearish,at S/R confluence,confirmed
HINDZINC,NR4,2026-05-19,1D,neutral,at S/R confluence,neutral
HINDZINC,NR7,2026-05-21,1D,neutral,at S/R confluence,neutral
HINDZINC,Doji,2026-05-22,1D,neutral,at S/R confluence,neutral
HINDZINC,Inverted Hammer,2026-05-22,1D,bullish,at S/R confluence,confirmed
HINDZINC,Bearish Pin Bar,2026-05-22,1D,bearish,at S/R confluence,failed
HINDZINC,Bullish Harami,2026-05-22,1D,bullish,at S/R confluence,confirmed
HINDZINC,Inside Bar,2026-05-25,1D,neutral,at S/R confluence,neutral
HINDZINC,NR7,2026-05-25,1D,neutral,at S/R confluence,neutral
HINDZINC,Bullish Engulfing,2026-05-26,1D,bullish,at resistance,confirmed
HINDZINC,Outside Bar,2026-05-26,1D,neutral,at resistance,neutral
HINDZINC,Inverted Hammer,2026-05-27,1D,bullish,at resistance,failed
HINDZINC,Bearish Pin Bar,2026-05-27,1D,bearish,at resistance,failed
HINDZINC,Doji,2026-05-28,1D,neutral,at resistance,neutral
HINDZINC,Tweezer Bottom,2026-05-28,1D,bullish,at resistance,failed
HINDZINC,Inside Bar,2026-05-28,1D,neutral,at resistance,neutral
HINDZINC,Outside Bar,2026-05-29,1D,neutral,at S/R confluence,neutral
HINDZINC,Three Black Crows,2026-06-02,1D,bearish,at S/R confluence,pending (last bar)
530883,Long-legged Doji,2026-05-04,1D,neutral,at resistance,neutral
530883,Inside Bar,2026-05-04,1D,neutral,at resistance,neutral
530883,NR7,2026-05-04,1D,neutral,at resistance,neutral
530883,Gravestone Doji,2026-05-06,1D,bearish,at resistance,failed
530883,Inverted Hammer,2026-05-06,1D,bullish,at resistance,confirmed
530883,Bearish Pin Bar,2026-05-06,1D,bearish,at resistance,failed
530883,Inside Bar,2026-05-06,1D,neutral,at resistance,neutral
530883,Shooting Star,2026-05-07,1D,bearish,at resistance,failed
530883,Bearish Pin Bar,2026-05-07,1D,bearish,at resistance,failed
530883,Inside Bar,2026-05-07,1D,neutral,at resistance,neutral
530883,NR7,2026-05-07,1D,neutral,at resistance,neutral
530883,Doji,2026-05-08,1D,neutral,midair,neutral
530883,Bearish Pin Bar,2026-05-08,1D,bearish,midair,failed
530883,Doji,2026-05-11,1D,neutral,at resistance,neutral
530883,Hanging Man,2026-05-11,1D,bearish,at resistance,confirmed
530883,Bullish Pin Bar,2026-05-11,1D,bullish,at resistance,failed
530883,Inside Bar,2026-05-12,1D,neutral,at resistance,neutral
530883,Bullish Engulfing,2026-05-13,1D,bullish,midair,confirmed
530883,Outside Bar,2026-05-13,1D,neutral,midair,neutral
530883,Tweezer Top,2026-05-15,1D,bearish,at resistance,confirmed
530883,Bearish Engulfing,2026-05-18,1D,bearish,at S/R confluence,failed
530883,Inside Bar,2026-05-19,1D,neutral,at resistance,neutral
530883,NR4,2026-05-19,1D,neutral,at resistance,neutral
530883,Long-legged Doji,2026-05-20,1D,neutral,at resistance,neutral
530883,Bearish Harami,2026-05-20,1D,bearish,at resistance,failed
530883,Outside Bar,2026-05-20,1D,neutral,at resistance,neutral
530883,Doji,2026-05-21,1D,neutral,at resistance,neutral
530883,Bullish Pin Bar,2026-05-21,1D,bullish,at resistance,confirmed
530883,Outside Bar,2026-05-21,1D,neutral,at resistance,neutral
530883,Three White Soldiers,2026-05-25,1D,bullish,at resistance,confirmed
530883,Three White Soldiers,2026-05-26,1D,bullish,at support,confirmed
530883,NR4,2026-05-29,1D,neutral,at resistance,neutral
530883,Shooting Star,2026-06-01,1D,bearish,at resistance,pending (last bar)
530883,Bearish Pin Bar,2026-06-01,1D,bearish,at resistance,pending (last bar)
GALAPREC,Long-legged Doji,2026-05-07,1D,neutral,at S/R confluence,neutral
GALAPREC,Bullish Harami,2026-05-07,1D,bullish,at S/R confluence,confirmed
GALAPREC,Morning Star,2026-05-08,1D,bullish,at S/R confluence,failed
GALAPREC,Evening Star,2026-05-12,1D,bearish,at S/R confluence,failed
GALAPREC,Bullish Harami,2026-05-13,1D,bullish,at S/R confluence,failed
GALAPREC,Inside Bar,2026-05-13,1D,neutral,at S/R confluence,neutral
GALAPREC,NR4,2026-05-13,1D,neutral,at S/R confluence,neutral
GALAPREC,Dark Cloud Cover,2026-05-14,1D,bearish,at S/R confluence,failed
GALAPREC,Inside Bar,2026-05-15,1D,neutral,at S/R confluence,neutral
GALAPREC,NR4,2026-05-15,1D,neutral,at S/R confluence,neutral
GALAPREC,Shooting Star,2026-05-18,1D,bearish,at S/R confluence,confirmed
GALAPREC,Bearish Pin Bar,2026-05-18,1D,bearish,at S/R confluence,confirmed
GALAPREC,NR7,2026-05-19,1D,neutral,at S/R confluence,neutral
GALAPREC,Three Black Crows,2026-05-19,1D,bearish,at S/R confluence,confirmed
GALAPREC,NR7,2026-05-20,1D,neutral,at S/R confluence,neutral
GALAPREC,Three Black Crows,2026-05-20,1D,bearish,at S/R confluence,failed
GALAPREC,Doji,2026-05-25,1D,neutral,at S/R confluence,neutral
GALAPREC,Bullish Pin Bar,2026-05-25,1D,bullish,at S/R confluence,confirmed
GALAPREC,Three White Soldiers,2026-05-25,1D,bullish,at S/R confluence,confirmed
GALAPREC,Three White Soldiers,2026-05-26,1D,bullish,at resistance,confirmed
GALAPREC,Doji,2026-05-27,1D,neutral,at resistance,neutral
GALAPREC,Hanging Man,2026-05-27,1D,bearish,at resistance,failed
GALAPREC,Bullish Pin Bar,2026-05-27,1D,bullish,at resistance,failed
GALAPREC,Tweezer Top,2026-05-27,1D,bearish,at resistance,failed
GALAPREC,Inside Bar,2026-05-27,1D,neutral,at resistance,neutral
GALAPREC,NR4,2026-05-27,1D,neutral,at resistance,neutral
GALAPREC,Doji,2026-05-28,1D,neutral,at resistance,neutral
GALAPREC,Inside Bar,2026-05-28,1D,neutral,at resistance,neutral
GALAPREC,Outside Bar,2026-05-29,1D,neutral,at resistance,neutral
PREMIERPOL,Three White Soldiers,2026-05-05,1D,bullish,at S/R confluence,confirmed
PREMIERPOL,Hammer,2026-05-06,1D,bullish,at S/R confluence,failed
PREMIERPOL,Bullish Pin Bar,2026-05-06,1D,bullish,at S/R confluence,failed
PREMIERPOL,NR4,2026-05-06,1D,neutral,at S/R confluence,neutral
PREMIERPOL,Long-legged Doji,2026-05-07,1D,neutral,at S/R confluence,neutral
PREMIERPOL,Tweezer Top,2026-05-07,1D,bearish,at S/R confluence,failed
PREMIERPOL,Inside Bar,2026-05-07,1D,neutral,at S/R confluence,neutral
PREMIERPOL,NR7,2026-05-07,1D,neutral,at S/R confluence,neutral
PREMIERPOL,Bullish Engulfing,2026-05-11,1D,bullish,at S/R confluence,failed
PREMIERPOL,Bearish Engulfing,2026-05-12,1D,bearish,at S/R confluence,confirmed
PREMIERPOL,Tweezer Top,2026-05-12,1D,bearish,at S/R confluence,confirmed
PREMIERPOL,NR4,2026-05-14,1D,neutral,at S/R confluence,neutral
PREMIERPOL,Three Black Crows,2026-05-14,1D,bearish,at S/R confluence,failed
PREMIERPOL,Hammer,2026-05-15,1D,bullish,at S/R confluence,failed
PREMIERPOL,Bullish Harami,2026-05-15,1D,bullish,at S/R confluence,failed
PREMIERPOL,Bullish Marubozu,2026-05-19,1D,bullish,at S/R confluence,confirmed
PREMIERPOL,Bullish Marubozu,2026-05-20,1D,bullish,at S/R confluence,confirmed
PREMIERPOL,Long-legged Doji,2026-05-22,1D,neutral,at S/R confluence,neutral
PREMIERPOL,Tweezer Top,2026-05-25,1D,bearish,at S/R confluence,confirmed
PREMIERPOL,Outside Bar,2026-05-25,1D,neutral,at S/R confluence,neutral
PREMIERPOL,Three Black Crows,2026-05-26,1D,bearish,at S/R confluence,failed
PREMIERPOL,Shooting Star,2026-05-27,1D,bearish,at S/R confluence,confirmed
PREMIERPOL,Tweezer Top,2026-05-27,1D,bearish,at S/R confluence,confirmed
PREMIERPOL,NR7,2026-05-29,1D,neutral,at S/R confluence,neutral
PREMIERPOL,Long-legged Doji,2026-06-01,1D,neutral,at S/R confluence,neutral
PREMIERPOL,Hanging Man,2026-06-02,1D,bearish,at S/R confluence,pending (last bar)
PREMIERPOL,Bullish Pin Bar,2026-06-02,1D,bullish,at S/R confluence,pending (last bar)
PREMIERPOL,Inside Bar,2026-06-02,1D,neutral,at S/R confluence,pending (last bar)
PREMIERPOL,NR7,2026-06-02,1D,neutral,at S/R confluence,pending (last bar)
PREMIERPOL,Morning Star,2026-06-02,1D,bullish,at S/R confluence,pending (last bar)
NOVARTIND,Doji,2026-05-06,1D,neutral,at resistance,neutral
NOVARTIND,Hanging Man,2026-05-06,1D,bearish,at resistance,failed
NOVARTIND,Bullish Pin Bar,2026-05-06,1D,bullish,at resistance,confirmed
NOVARTIND,NR7,2026-05-06,1D,neutral,at resistance,neutral
NOVARTIND,Three White Soldiers,2026-05-11,1D,bullish,at support,confirmed
NOVARTIND,Three White Soldiers,2026-05-12,1D,bullish,at resistance,failed
NOVARTIND,Hanging Man,2026-05-13,1D,bearish,midair,confirmed
NOVARTIND,Bullish Pin Bar,2026-05-13,1D,bullish,midair,failed
NOVARTIND,Bearish Harami,2026-05-13,1D,bearish,midair,confirmed
NOVARTIND,Inside Bar,2026-05-13,1D,neutral,midair,neutral
NOVARTIND,Tweezer Top,2026-05-14,1D,bearish,at support,failed
NOVARTIND,Evening Star,2026-05-14,1D,bearish,at support,failed
NOVARTIND,Long-legged Doji,2026-05-15,1D,neutral,midair,neutral
NOVARTIND,Inside Bar,2026-05-15,1D,neutral,midair,neutral
NOVARTIND,NR4,2026-05-15,1D,neutral,midair,neutral
NOVARTIND,Inside Bar,2026-05-19,1D,neutral,midair,neutral
NOVARTIND,Hanging Man,2026-05-21,1D,bearish,midair,failed
NOVARTIND,Bullish Pin Bar,2026-05-21,1D,bullish,midair,confirmed
NOVARTIND,Three White Soldiers,2026-05-21,1D,bullish,midair,confirmed
NOVARTIND,Shooting Star,2026-05-22,1D,bearish,midair,confirmed
NOVARTIND,Three White Soldiers,2026-05-22,1D,bullish,midair,failed
NOVARTIND,Shooting Star,2026-05-25,1D,bearish,midair,failed
NOVARTIND,Outside Bar,2026-05-25,1D,neutral,midair,neutral
NOVARTIND,Three White Soldiers,2026-05-27,1D,bullish,midair,confirmed
NOVARTIND,Three White Soldiers,2026-05-29,1D,bullish,midair,failed
NOVARTIND,NR7,2026-06-02,1D,neutral,midair,pending (last bar)
KOVAI,NR4,2026-05-07,1D,neutral,at resistance,neutral
KOVAI,Three Black Crows,2026-05-11,1D,bearish,midair,confirmed
KOVAI,Three Black Crows,2026-05-12,1D,bearish,at support,confirmed
KOVAI,Inverted Hammer,2026-05-13,1D,bullish,at support,failed
KOVAI,Tweezer Bottom,2026-05-13,1D,bullish,at support,failed
KOVAI,Inside Bar,2026-05-13,1D,neutral,at support,neutral
KOVAI,NR4,2026-05-13,1D,neutral,at support,neutral
KOVAI,Three Black Crows,2026-05-13,1D,bearish,at support,confirmed
KOVAI,Inverted Hammer,2026-05-14,1D,bullish,at support,confirmed
KOVAI,NR7,2026-05-14,1D,neutral,at support,neutral
KOVAI,Three Black Crows,2026-05-14,1D,bearish,at support,failed
KOVAI,Doji,2026-05-15,1D,neutral,at support,neutral
KOVAI,Bearish Pin Bar,2026-05-15,1D,bearish,at support,confirmed
KOVAI,Tweezer Bottom,2026-05-15,1D,bullish,at support,failed
KOVAI,Outside Bar,2026-05-15,1D,neutral,at support,neutral
KOVAI,Doji,2026-05-19,1D,neutral,at support,neutral
KOVAI,Inverted Hammer,2026-05-19,1D,bullish,at support,failed
KOVAI,Bearish Pin Bar,2026-05-19,1D,bearish,at support,confirmed
KOVAI,Tweezer Bottom,2026-05-19,1D,bullish,at support,failed
KOVAI,Long-legged Doji,2026-05-20,1D,neutral,at support,neutral
KOVAI,Tweezer Bottom,2026-05-20,1D,bullish,at support,confirmed
KOVAI,NR7,2026-05-20,1D,neutral,at support,neutral
KOVAI,Doji,2026-05-21,1D,neutral,at support,neutral
KOVAI,Long-legged Doji,2026-05-22,1D,neutral,at support,neutral
KOVAI,Tweezer Bottom,2026-05-22,1D,bullish,at support,failed
KOVAI,Inside Bar,2026-05-22,1D,neutral,at support,neutral
KOVAI,Bearish Engulfing,2026-05-25,1D,bearish,at support,confirmed
KOVAI,Outside Bar,2026-05-25,1D,neutral,at support,neutral
KOVAI,Evening Star,2026-05-25,1D,bearish,at support,confirmed
KOVAI,Tweezer Bottom,2026-05-27,1D,bullish,at support,failed
KOVAI,Outside Bar,2026-05-27,1D,neutral,at support,neutral
KOVAI,Doji,2026-05-28,1D,neutral,at support,neutral
KOVAI,Inside Bar,2026-05-28,1D,neutral,at support,neutral
KOVAI,Inverted Hammer,2026-05-29,1D,bullish,at support,confirmed
KOVAI,Bearish Pin Bar,2026-05-29,1D,bearish,at support,failed
KOVAI,Outside Bar,2026-05-29,1D,neutral,at support,neutral
KOVAI,Inside Bar,2026-06-02,1D,neutral,at support,pending (last bar)
NITTAGELA,Inside Bar,2026-05-05,1D,neutral,midair,neutral
NITTAGELA,Shooting Star,2026-05-07,1D,bearish,midair,failed
NITTAGELA,NR4,2026-05-07,1D,neutral,midair,neutral
NITTAGELA,Shooting Star,2026-05-11,1D,bearish,midair,confirmed
NITTAGELA,Bearish Pin Bar,2026-05-11,1D,bearish,midair,confirmed
NITTAGELA,Inside Bar,2026-05-12,1D,neutral,midair,neutral
NITTAGELA,Bearish Marubozu,2026-05-13,1D,bearish,midair,failed
NITTAGELA,Three Black Crows,2026-05-13,1D,bearish,midair,failed
NITTAGELA,Tweezer Top,2026-05-14,1D,bearish,midair,failed
NITTAGELA,Morning Star,2026-05-15,1D,bullish,midair,failed
NITTAGELA,Tweezer Top,2026-05-18,1D,bearish,midair,failed
NITTAGELA,NR4,2026-05-18,1D,neutral,midair,neutral
NITTAGELA,Shooting Star,2026-05-20,1D,bearish,midair,failed
NITTAGELA,Bearish Pin Bar,2026-05-20,1D,bearish,midair,failed
NITTAGELA,NR7,2026-05-21,1D,neutral,midair,neutral
NITTAGELA,Morning Star,2026-05-21,1D,bullish,midair,confirmed
NITTAGELA,Outside Bar,2026-05-22,1D,neutral,midair,neutral
NITTAGELA,Three White Soldiers,2026-05-22,1D,bullish,midair,confirmed
NITTAGELA,Three White Soldiers,2026-05-25,1D,bullish,midair,confirmed
NITTAGELA,Three White Soldiers,2026-05-26,1D,bullish,midair,confirmed
NITTAGELA,Long-legged Doji,2026-05-27,1D,neutral,midair,neutral
NITTAGELA,Tweezer Top,2026-05-27,1D,bearish,midair,confirmed
NITTAGELA,Inside Bar,2026-05-27,1D,neutral,midair,neutral
NITTAGELA,NR4,2026-05-27,1D,neutral,midair,neutral
NITTAGELA,NR4,2026-05-29,1D,neutral,midair,neutral
NITTAGELA,Bullish Harami,2026-06-01,1D,bullish,midair,failed
NITTAGELA,NR4,2026-06-01,1D,neutral,midair,neutral
NITTAGELA,Tweezer Top,2026-06-02,1D,bearish,midair,pending (last bar)
NITTAGELA,Inside Bar,2026-06-02,1D,neutral,midair,pending (last bar)
NITTAGELA,NR7,2026-06-02,1D,neutral,midair,pending (last bar)
SEDEMAC,Doji,2026-05-05,1D,neutral,at support,neutral
SEDEMAC,Shooting Star,2026-05-05,1D,bearish,at support,confirmed
SEDEMAC,Bearish Pin Bar,2026-05-05,1D,bearish,at support,confirmed
SEDEMAC,Bearish Engulfing,2026-05-06,1D,bearish,at support,failed
SEDEMAC,Evening Star,2026-05-06,1D,bearish,at support,failed
SEDEMAC,Bullish Harami,2026-05-07,1D,bullish,at support,confirmed
SEDEMAC,Tweezer Top,2026-05-07,1D,bearish,at support,failed
SEDEMAC,Inside Bar,2026-05-07,1D,neutral,at support,neutral
SEDEMAC,NR4,2026-05-07,1D,neutral,at support,neutral
SEDEMAC,NR4,2026-05-08,1D,neutral,at resistance,neutral
SEDEMAC,Morning Star,2026-05-08,1D,bullish,at resistance,failed
SEDEMAC,NR4,2026-05-11,1D,neutral,at resistance,neutral
SEDEMAC,Shooting Star,2026-05-12,1D,bearish,at support,failed
SEDEMAC,Outside Bar,2026-05-12,1D,neutral,at support,neutral
SEDEMAC,Shooting Star,2026-05-13,1D,bearish,at resistance,confirmed
SEDEMAC,Bearish Pin Bar,2026-05-13,1D,bearish,at resistance,confirmed
SEDEMAC,Bullish Engulfing,2026-05-13,1D,bullish,at resistance,failed
SEDEMAC,Inside Bar,2026-05-14,1D,neutral,at resistance,neutral
SEDEMAC,Three Black Crows,2026-05-18,1D,bearish,at support,failed
SEDEMAC,Tweezer Top,2026-05-20,1D,bearish,at resistance,confirmed
SEDEMAC,Outside Bar,2026-05-21,1D,neutral,midair,neutral
SEDEMAC,NR7,2026-05-22,1D,neutral,midair,neutral
SEDEMAC,Three White Soldiers,2026-05-27,1D,bullish,midair,failed
SEDEMAC,Dark Cloud Cover,2026-05-29,1D,bearish,midair,failed
ELPROINTL,Inside Bar,2026-05-05,1D,neutral,midair,neutral
ELPROINTL,Three White Soldiers,2026-05-06,1D,bullish,midair,confirmed
ELPROINTL,Three White Soldiers,2026-05-07,1D,bullish,midair,confirmed
ELPROINTL,Three White Soldiers,2026-05-08,1D,bullish,midair,confirmed
ELPROINTL,Three White Soldiers,2026-05-11,1D,bullish,at resistance,confirmed
ELPROINTL,Hanging Man,2026-05-12,1D,bearish,at resistance,failed
ELPROINTL,Bullish Pin Bar,2026-05-12,1D,bullish,at resistance,confirmed
ELPROINTL,Inside Bar,2026-05-12,1D,neutral,at resistance,neutral
ELPROINTL,NR7,2026-05-12,1D,neutral,at resistance,neutral
ELPROINTL,Long-legged Doji,2026-05-13,1D,neutral,at resistance,neutral
ELPROINTL,Bearish Engulfing,2026-05-14,1D,bearish,at resistance,failed
ELPROINTL,Tweezer Top,2026-05-14,1D,bearish,at resistance,failed
ELPROINTL,Inside Bar,2026-05-14,1D,neutral,at resistance,neutral
ELPROINTL,NR7,2026-05-14,1D,neutral,at resistance,neutral
ELPROINTL,Hanging Man,2026-05-15,1D,bearish,at resistance,confirmed
ELPROINTL,NR7,2026-05-15,1D,neutral,at resistance,neutral
ELPROINTL,Hanging Man,2026-05-18,1D,bearish,at resistance,failed
ELPROINTL,Bullish Pin Bar,2026-05-18,1D,bullish,at resistance,confirmed
ELPROINTL,Inside Bar,2026-05-18,1D,neutral,at resistance,neutral
ELPROINTL,NR7,2026-05-18,1D,neutral,at resistance,neutral
ELPROINTL,Tweezer Top,2026-05-19,1D,bearish,at resistance,failed
ELPROINTL,NR7,2026-05-19,1D,neutral,at resistance,neutral
ELPROINTL,Doji,2026-05-20,1D,neutral,at resistance,neutral
ELPROINTL,Bullish Pin Bar,2026-05-20,1D,bullish,at resistance,confirmed
ELPROINTL,Tweezer Top,2026-05-20,1D,bearish,at resistance,failed
ELPROINTL,NR7,2026-05-20,1D,neutral,at resistance,neutral
ELPROINTL,Three White Soldiers,2026-05-21,1D,bullish,at resistance,confirmed
ELPROINTL,Three White Soldiers,2026-05-22,1D,bullish,at resistance,failed
ELPROINTL,Dark Cloud Cover,2026-05-25,1D,bearish,at resistance,confirmed
ELPROINTL,Outside Bar,2026-05-25,1D,neutral,at resistance,neutral
ELPROINTL,Inside Bar,2026-05-26,1D,neutral,at resistance,neutral
ELPROINTL,Doji,2026-05-29,1D,neutral,at resistance,neutral
ELPROINTL,Hanging Man,2026-05-29,1D,bearish,at resistance,failed
ELPROINTL,Bullish Pin Bar,2026-05-29,1D,bullish,at resistance,confirmed
ELPROINTL,Tweezer Top,2026-06-02,1D,bearish,at resistance,pending (last bar)
ELPROINTL,NR7,2026-06-02,1D,neutral,at resistance,pending (last bar)
CMPDI,Dragonfly Doji,2026-05-06,1D,bullish,midair,confirmed
CMPDI,Hanging Man,2026-05-06,1D,bearish,midair,failed
CMPDI,Bullish Pin Bar,2026-05-06,1D,bullish,midair,confirmed
CMPDI,Tweezer Top,2026-05-06,1D,bearish,midair,failed
CMPDI,Three White Soldiers,2026-05-06,1D,bullish,midair,confirmed
CMPDI,Three White Soldiers,2026-05-07,1D,bullish,midair,confirmed
CMPDI,Three White Soldiers,2026-05-08,1D,bullish,midair,failed
CMPDI,Bearish Harami,2026-05-11,1D,bearish,midair,failed
CMPDI,Inside Bar,2026-05-11,1D,neutral,midair,neutral
CMPDI,Bullish Engulfing,2026-05-12,1D,bullish,midair,confirmed
CMPDI,Outside Bar,2026-05-12,1D,neutral,midair,neutral
CMPDI,Shooting Star,2026-05-13,1D,bearish,midair,confirmed
CMPDI,Bearish Pin Bar,2026-05-13,1D,bearish,midair,confirmed
CMPDI,NR4,2026-05-15,1D,neutral,midair,neutral
CMPDI,NR4,2026-05-18,1D,neutral,midair,neutral
CMPDI,Three Black Crows,2026-05-18,1D,bearish,midair,failed
CMPDI,Shooting Star,2026-05-20,1D,bearish,midair,failed
CMPDI,Bearish Pin Bar,2026-05-20,1D,bearish,midair,failed
CMPDI,Bearish Harami,2026-05-20,1D,bearish,midair,failed
CMPDI,Inside Bar,2026-05-20,1D,neutral,midair,neutral
CMPDI,NR7,2026-05-20,1D,neutral,midair,neutral
CMPDI,Shooting Star,2026-05-22,1D,bearish,midair,failed
CMPDI,NR4,2026-05-26,1D,neutral,midair,neutral
CMPDI,Doji,2026-05-28,1D,neutral,midair,neutral
CMPDI,Inside Bar,2026-05-28,1D,neutral,midair,neutral
CMPDI,Outside Bar,2026-05-29,1D,neutral,midair,neutral
CMPDI,Evening Star,2026-05-29,1D,bearish,midair,confirmed
CMPDI,Inside Bar,2026-06-02,1D,neutral,midair,pending (last bar)
EMPOWER,Doji,2026-05-05,1D,neutral,midair,neutral
EMPOWER,Doji,2026-05-06,1D,neutral,midair,neutral
EMPOWER,Doji,2026-05-07,1D,neutral,midair,neutral
EMPOWER,Doji,2026-05-08,1D,neutral,midair,neutral
EMPOWER,Dragonfly Doji,2026-05-11,1D,bullish,midair,confirmed
EMPOWER,Bullish Pin Bar,2026-05-11,1D,bullish,midair,confirmed
EMPOWER,Bearish Marubozu,2026-05-12,1D,bearish,midair,failed
EMPOWER,Dragonfly Doji,2026-05-13,1D,bullish,at resistance,failed
EMPOWER,Hanging Man,2026-05-13,1D,bearish,at resistance,confirmed
EMPOWER,Bullish Pin Bar,2026-05-13,1D,bullish,at resistance,failed
EMPOWER,Outside Bar,2026-05-13,1D,neutral,at resistance,neutral
EMPOWER,Doji,2026-05-14,1D,neutral,at resistance,neutral
EMPOWER,Inside Bar,2026-05-14,1D,neutral,at resistance,neutral
EMPOWER,Doji,2026-05-15,1D,neutral,midair,neutral
EMPOWER,Doji,2026-05-18,1D,neutral,midair,neutral
EMPOWER,Doji,2026-05-19,1D,neutral,midair,neutral
EMPOWER,Doji,2026-05-20,1D,neutral,midair,neutral
EMPOWER,Doji,2026-05-21,1D,neutral,midair,neutral
EMPOWER,Doji,2026-05-22,1D,neutral,midair,neutral
EMPOWER,Doji,2026-05-25,1D,neutral,midair,neutral
EMPOWER,Doji,2026-05-26,1D,neutral,midair,neutral
EMPOWER,Doji,2026-05-27,1D,neutral,midair,neutral
EMPOWER,Doji,2026-05-29,1D,neutral,midair,neutral
EMPOWER,Doji,2026-06-01,1D,neutral,midair,neutral
EMPOWER,Doji,2026-06-02,1D,neutral,midair,pending (last bar)
COCKERILL,Bullish Engulfing,2026-05-07,1D,bullish,at resistance,failed
COCKERILL,Evening Star,2026-05-11,1D,bearish,at support,confirmed
COCKERILL,Inside Bar,2026-05-12,1D,neutral,at support,neutral
COCKERILL,NR4,2026-05-12,1D,neutral,at support,neutral
COCKERILL,Three Black Crows,2026-05-12,1D,bearish,at support,failed
COCKERILL,Outside Bar,2026-05-13,1D,neutral,midair,neutral
COCKERILL,Tweezer Top,2026-05-14,1D,bearish,midair,failed
COCKERILL,Inside Bar,2026-05-14,1D,neutral,midair,neutral
COCKERILL,NR7,2026-05-14,1D,neutral,midair,neutral
COCKERILL,Tweezer Top,2026-05-15,1D,bearish,midair,failed
COCKERILL,Dark Cloud Cover,2026-05-19,1D,bearish,midair,failed
COCKERILL,Tweezer Top,2026-05-19,1D,bearish,midair,failed
COCKERILL,Outside Bar,2026-05-19,1D,neutral,midair,neutral
COCKERILL,Shooting Star,2026-05-20,1D,bearish,midair,confirmed
COCKERILL,Bearish Pin Bar,2026-05-20,1D,bearish,midair,confirmed
COCKERILL,Bullish Harami,2026-05-20,1D,bullish,midair,failed
COCKERILL,Inside Bar,2026-05-20,1D,neutral,midair,neutral
COCKERILL,Bearish Engulfing,2026-05-21,1D,bearish,midair,failed
COCKERILL,Tweezer Top,2026-05-21,1D,bearish,midair,failed
COCKERILL,Doji,2026-05-28,1D,neutral,midair,neutral
COCKERILL,Inside Bar,2026-05-28,1D,neutral,midair,neutral
COCKERILL,Doji,2026-06-02,1D,neutral,midair,pending (last bar)
COCKERILL,Shooting Star,2026-06-02,1D,bearish,midair,pending (last bar)
COCKERILL,Bearish Pin Bar,2026-06-02,1D,bearish,midair,pending (last bar)
KPL,Three White Soldiers,2026-05-06,1D,bullish,at resistance,failed
KPL,Hanging Man,2026-05-07,1D,bearish,at resistance,failed
KPL,Inside Bar,2026-05-07,1D,neutral,at resistance,neutral
KPL,NR4,2026-05-07,1D,neutral,at resistance,neutral
KPL,Bullish Harami,2026-05-08,1D,bullish,at resistance,failed
KPL,NR7,2026-05-08,1D,neutral,at resistance,neutral
KPL,Bearish Engulfing,2026-05-11,1D,bearish,midair,confirmed
KPL,Shooting Star,2026-05-13,1D,bearish,at support,failed
KPL,Bearish Pin Bar,2026-05-13,1D,bearish,at support,failed
KPL,Inside Bar,2026-05-13,1D,neutral,at support,neutral
KPL,Long-legged Doji,2026-05-14,1D,neutral,at support,neutral
KPL,Outside Bar,2026-05-14,1D,neutral,at support,neutral
KPL,Tweezer Top,2026-05-15,1D,bearish,midair,failed
KPL,Inside Bar,2026-05-15,1D,neutral,midair,neutral
KPL,NR7,2026-05-15,1D,neutral,midair,neutral
KPL,Outside Bar,2026-05-19,1D,neutral,midair,neutral
KPL,Three White Soldiers,2026-05-19,1D,bullish,midair,confirmed
KPL,Long-legged Doji,2026-05-21,1D,neutral,midair,neutral
KPL,Inside Bar,2026-05-21,1D,neutral,midair,neutral
KPL,NR4,2026-05-21,1D,neutral,midair,neutral
KPL,Hanging Man,2026-05-22,1D,bearish,midair,failed
KPL,Bullish Pin Bar,2026-05-22,1D,bullish,midair,confirmed
KPL,Inside Bar,2026-05-22,1D,neutral,midair,neutral
KPL,NR4,2026-05-22,1D,neutral,midair,neutral
KPL,Morning Star,2026-05-22,1D,bullish,midair,confirmed
KPL,Bearish Engulfing,2026-05-26,1D,bearish,midair,failed
KPL,Bullish Harami,2026-05-27,1D,bullish,midair,confirmed
KPL,Tweezer Top,2026-05-27,1D,bearish,midair,failed
KPL,Bearish Engulfing,2026-06-01,1D,bearish,midair,failed
KPL,Piercing Line,2026-06-02,1D,bullish,midair,pending (last bar)
DECNGOLD,Bullish Harami,2026-05-05,1D,bullish,midair,confirmed
DECNGOLD,Inside Bar,2026-05-05,1D,neutral,midair,neutral
DECNGOLD,Long-legged Doji,2026-05-07,1D,neutral,midair,neutral
DECNGOLD,Bullish Harami,2026-05-07,1D,bullish,midair,failed
DECNGOLD,NR4,2026-05-07,1D,neutral,midair,neutral
DECNGOLD,Outside Bar,2026-05-08,1D,neutral,midair,neutral
DECNGOLD,Bearish Marubozu,2026-05-11,1D,bearish,at support,confirmed
DECNGOLD,NR7,2026-05-12,1D,neutral,at support,neutral
DECNGOLD,Three Black Crows,2026-05-12,1D,bearish,at support,failed
DECNGOLD,Inverted Hammer,2026-05-13,1D,bullish,midair,confirmed
DECNGOLD,Morning Star,2026-05-13,1D,bullish,midair,confirmed
DECNGOLD,Inside Bar,2026-05-14,1D,neutral,midair,neutral
DECNGOLD,NR4,2026-05-22,1D,neutral,midair,neutral
DECNGOLD,Bullish Marubozu,2026-05-26,1D,bullish,midair,failed
DECNGOLD,Shooting Star,2026-06-02,1D,bearish,midair,pending (last bar)
DECNGOLD,Inside Bar,2026-06-02,1D,neutral,midair,pending (last bar)
DECNGOLD,NR7,2026-06-02,1D,neutral,midair,pending (last bar)
POWERICA,Three Black Crows,2026-05-06,1D,bearish,midair,failed
POWERICA,Inside Bar,2026-05-11,1D,neutral,at resistance,neutral
POWERICA,NR4,2026-05-11,1D,neutral,at resistance,neutral
POWERICA,Morning Star,2026-05-13,1D,bullish,midair,confirmed
POWERICA,Three White Soldiers,2026-05-15,1D,bullish,midair,failed
POWERICA,Bearish Engulfing,2026-05-18,1D,bearish,midair,failed
POWERICA,Inside Bar,2026-05-18,1D,neutral,midair,neutral
POWERICA,NR4,2026-05-18,1D,neutral,midair,neutral
POWERICA,Bullish Harami,2026-05-19,1D,bullish,midair,confirmed
POWERICA,Inside Bar,2026-05-19,1D,neutral,midair,neutral
POWERICA,NR4,2026-05-19,1D,neutral,midair,neutral
POWERICA,Outside Bar,2026-05-20,1D,neutral,midair,neutral
POWERICA,Morning Star,2026-05-20,1D,bullish,midair,failed
POWERICA,NR7,2026-05-22,1D,neutral,midair,neutral
POWERICA,Outside Bar,2026-05-25,1D,neutral,midair,neutral
POWERICA,Bearish Harami,2026-05-27,1D,bearish,at resistance,failed
POWERICA,Doji,2026-05-28,1D,neutral,at resistance,neutral
POWERICA,Inside Bar,2026-05-28,1D,neutral,at resistance,neutral
POWERICA,Hanging Man,2026-05-29,1D,bearish,midair,confirmed
POWERICA,Tweezer Top,2026-05-29,1D,bearish,midair,confirmed
POWERICA,Outside Bar,2026-05-29,1D,neutral,midair,neutral
POWERICA,Inside Bar,2026-06-01,1D,neutral,midair,neutral
POWERICA,Inside Bar,2026-06-02,1D,neutral,midair,pending (last bar)
MMWL,Three White Soldiers,2026-05-06,1D,bullish,midair,confirmed
MMWL,Doji,2026-05-07,1D,neutral,at resistance,neutral
MMWL,Hanging Man,2026-05-07,1D,bearish,at resistance,confirmed
MMWL,Bullish Pin Bar,2026-05-07,1D,bullish,at resistance,failed
MMWL,NR4,2026-05-08,1D,neutral,midair,neutral
MMWL,Outside Bar,2026-05-11,1D,neutral,midair,neutral
MMWL,Three Black Crows,2026-05-11,1D,bearish,midair,confirmed
MMWL,Bearish Marubozu,2026-05-12,1D,bearish,midair,confirmed
MMWL,Three Black Crows,2026-05-12,1D,bearish,midair,confirmed
MMWL,Shooting Star,2026-05-13,1D,bearish,midair,failed
MMWL,Morning Star,2026-05-14,1D,bullish,midair,confirmed
MMWL,NR4,2026-05-15,1D,neutral,midair,neutral
MMWL,NR4,2026-05-18,1D,neutral,midair,neutral
MMWL,NR7,2026-05-19,1D,neutral,midair,neutral
MMWL,Three Black Crows,2026-05-19,1D,bearish,midair,failed
MMWL,Piercing Line,2026-05-20,1D,bullish,midair,failed
MMWL,NR7,2026-05-22,1D,neutral,midair,neutral
MMWL,Shooting Star,2026-05-26,1D,bearish,midair,confirmed
MMWL,Bearish Pin Bar,2026-05-26,1D,bearish,midair,confirmed
MMWL,Inside Bar,2026-05-26,1D,neutral,midair,neutral
MMWL,NR7,2026-05-26,1D,neutral,midair,neutral
MMWL,Evening Star,2026-05-27,1D,bearish,midair,failed
MMWL,Bullish Engulfing,2026-05-29,1D,bullish,midair,confirmed
MMWL,Outside Bar,2026-05-29,1D,neutral,midair,neutral
MMWL,Inverted Hammer,2026-06-02,1D,bullish,midair,pending (last bar)
MMWL,Bearish Pin Bar,2026-06-02,1D,bearish,midair,pending (last bar)
TIMEX,Long-legged Doji,2026-05-06,1D,neutral,at resistance,neutral
TIMEX,Shooting Star,2026-05-07,1D,bearish,at resistance,failed
TIMEX,Bearish Pin Bar,2026-05-07,1D,bearish,at resistance,failed
TIMEX,Inside Bar,2026-05-07,1D,neutral,at resistance,neutral
TIMEX,NR7,2026-05-07,1D,neutral,at resistance,neutral
TIMEX,Shooting Star,2026-05-11,1D,bearish,at resistance,confirmed
TIMEX,Tweezer Top,2026-05-11,1D,bearish,at resistance,confirmed
TIMEX,Outside Bar,2026-05-11,1D,neutral,at resistance,neutral
TIMEX,Long-legged Doji,2026-05-14,1D,neutral,midair,neutral
TIMEX,Bearish Harami,2026-05-14,1D,bearish,midair,failed
TIMEX,NR4,2026-05-14,1D,neutral,midair,neutral
TIMEX,Inverted Hammer,2026-05-15,1D,bullish,midair,failed
TIMEX,Bearish Pin Bar,2026-05-15,1D,bearish,midair,confirmed
TIMEX,Bullish Engulfing,2026-05-15,1D,bullish,midair,failed
TIMEX,Tweezer Bottom,2026-05-15,1D,bullish,midair,failed
TIMEX,Doji,2026-05-19,1D,neutral,at support,neutral
TIMEX,Inverted Hammer,2026-05-19,1D,bullish,at support,confirmed
TIMEX,Bearish Pin Bar,2026-05-19,1D,bearish,at support,failed
TIMEX,Inside Bar,2026-05-19,1D,neutral,at support,neutral
TIMEX,Morning Star,2026-05-20,1D,bullish,midair,confirmed
TIMEX,Three White Soldiers,2026-05-22,1D,bullish,at resistance,confirmed
TIMEX,NR4,2026-05-25,1D,neutral,at resistance,neutral
TIMEX,Doji,2026-05-28,1D,neutral,midair,neutral
TIMEX,Inside Bar,2026-05-28,1D,neutral,midair,neutral
HALDYNGL,Hanging Man,2026-05-05,1D,bearish,midair,failed
HALDYNGL,Bullish Pin Bar,2026-05-05,1D,bullish,midair,confirmed
HALDYNGL,NR7,2026-05-05,1D,neutral,midair,neutral
HALDYNGL,Three Black Crows,2026-05-05,1D,bearish,midair,failed
HALDYNGL,Shooting Star,2026-05-06,1D,bearish,midair,failed
HALDYNGL,Morning Star,2026-05-06,1D,bullish,midair,confirmed
HALDYNGL,Inside Bar,2026-05-07,1D,neutral,midair,neutral
HALDYNGL,Shooting Star,2026-05-08,1D,bearish,midair,confirmed
HALDYNGL,Three White Soldiers,2026-05-08,1D,bullish,midair,failed
HALDYNGL,Doji,2026-05-13,1D,neutral,midair,neutral
HALDYNGL,Shooting Star,2026-05-13,1D,bearish,midair,failed
HALDYNGL,Bearish Pin Bar,2026-05-13,1D,bearish,midair,failed
HALDYNGL,NR4,2026-05-13,1D,neutral,midair,neutral
HALDYNGL,Tweezer Top,2026-05-14,1D,bearish,midair,confirmed
HALDYNGL,Outside Bar,2026-05-14,1D,neutral,midair,neutral
HALDYNGL,Tweezer Top,2026-05-15,1D,bearish,midair,confirmed
HALDYNGL,NR7,2026-05-15,1D,neutral,midair,neutral
HALDYNGL,Inverted Hammer,2026-05-19,1D,bullish,midair,failed
HALDYNGL,Inside Bar,2026-05-19,1D,neutral,midair,neutral
HALDYNGL,NR7,2026-05-19,1D,neutral,midair,neutral
HALDYNGL,Bearish Engulfing,2026-05-20,1D,bearish,at support,failed
HALDYNGL,Bullish Engulfing,2026-05-21,1D,bullish,midair,confirmed
HALDYNGL,Inside Bar,2026-05-22,1D,neutral,midair,neutral
HALDYNGL,Inverted Hammer,2026-05-25,1D,bullish,midair,failed
HALDYNGL,Bearish Pin Bar,2026-05-25,1D,bearish,midair,confirmed
HALDYNGL,Three White Soldiers,2026-05-25,1D,bullish,midair,failed
HALDYNGL,Bearish Engulfing,2026-05-26,1D,bearish,midair,failed
HALDYNGL,Gravestone Doji,2026-05-27,1D,bearish,midair,confirmed
HALDYNGL,Shooting Star,2026-05-27,1D,bearish,midair,confirmed
HALDYNGL,Bearish Pin Bar,2026-05-27,1D,bearish,midair,confirmed
HALDYNGL,Bearish Engulfing,2026-05-29,1D,bearish,midair,confirmed
HALDYNGL,NR4,2026-06-01,1D,neutral,midair,neutral
