symbol,mcap_cr,yahoo_ticker,name,exchange,CMP,dist_52wh_pct,rsi,adx,above_ema200,above_ema50,vol_drying,vol_spike10,base_depth_pct,weeks_base,cmf,macd_hist,confA_macd,confB_cmf,confC_obv,confE_vcp,confF_no_supply,gannG_sq9,gannH_cycle,next_resistance,vcp_contractions
PHOENIXLTD,62581.72,PHOENIXLTD.NS,The Phoenix Mills Limited,NSE,1751.1,12.14,49.9,18.1,True,True,True,True,9.7,87.4,-0.022,-7.107,False,False,False,False,False,True,True,1762.0,3
PFS,1980.8,PFS.NS,PTC India Financial Services Limited,NSE,30.88,30.14,54.8,31.5,False,True,True,False,15.8,87.8,-0.268,-0.001,True,False,True,True,False,False,True,31.88,3
PCBL,11400.58,PCBL.NS,PCBL Chemical Limited,NSE,289.15,33.88,51.0,15.2,False,True,True,False,16.4,88.0,0.166,0.003,False,True,True,True,True,True,True,298.0,3
PDMJEPAPER,781.44,PDMJEPAPER.NS,Pudumjee Paper Products Limited,NSE,82.61,44.33,48.8,10.2,False,False,True,False,17.3,90.4,-0.456,-0.036,True,False,True,True,True,False,True,84.98,3
PGIL,7685.04,PGIL.NS,Pearl Global Industries Limited,NSE,1665.6,16.44,59.0,29.6,True,True,False,False,18.1,84.4,0.129,3.76,False,True,False,True,False,True,False,1693.6,3
20MICRONS,692.67,20MICRONS.NS,20 Microns Limited,NSE,195.77,31.05,63.3,27.1,True,True,False,True,24.9,85.4,-0.015,0.776,False,False,False,False,False,True,True,197.59,3
PATELENG,2700.61,PATELENG.NS,Patel Engineering Limited,NSE,27.22,41.34,52.5,15.8,False,True,True,False,15.8,89.4,-0.163,0.007,False,False,False,True,True,False,True,28.3,3
PICCADIL,5696.48,PICCADIL.NS,Piccadily Agro Industries Limited,NSE,578.05,28.24,46.3,15.4,False,False,True,True,21.3,81.8,-0.23,-1.076,True,False,False,True,False,True,True,588.3,3
PENINLAND,517.5,PENINLAND.NS,Peninsula Land Limited,NSE,15.48,66.35,33.4,11.9,False,False,True,False,32.5,90.8,-0.253,-0.101,False,False,False,True,True,False,True,16.99,3
PDSL,4533.22,PDSL.NS,PDS Limited,NSE,320.2,26.2,69.4,17.9,False,True,True,False,16.9,83.8,0.179,2.473,False,True,False,True,True,True,True,339.0,3
PIDILITIND,150274.53,PIDILITIND.NS,Pidilite Industries Limited,NSE,1476.6,6.24,58.9,17.4,True,True,True,True,13.2,88.0,-0.006,-3.221,False,False,True,True,False,True,True,1487.0,3
PAYTM,68204.8,PAYTM.NS,One 97 Communications Limited,NSE,1065.2,22.91,40.4,20.5,False,False,True,False,15.3,88.0,-0.189,-9.068,False,False,False,True,True,True,True,1071.0,3
POWERGRID,265392.73,POWERGRID.NS,Power Grid Corporation of India Limited,NSE,285.65,12.09,35.3,30.5,False,False,False,True,14.3,89.8,-0.118,-1.321,False,False,False,False,False,True,False,287.9,3
PERSISTENT,79536.76,PERSISTENT.NS,Persistent Systems Limited,NSE,5038.5,23.65,48.5,15.5,False,False,True,False,18.4,84.6,-0.203,9.539,False,False,True,True,False,True,True,5137.0,3
PFOCUS,18631.53,PFOCUS.NS,Prime Focus Limited,NSE,240.19,34.55,40.0,44.0,True,False,True,False,40.5,90.6,-0.007,0.64,False,False,True,True,True,True,True,244.39,3
PGEL,13850.53,PGEL.NS,PG Electroplast Limited,NSE,485.35,41.98,47.7,22.2,False,False,True,True,21.9,90.4,-0.056,3.287,False,False,True,True,True,True,True,493.9,3
PIIND,41246.85,PIIND.NS,PI Industries Limited,NSE,2717.9,37.23,35.4,28.5,False,False,False,True,16.8,86.6,-0.182,-18.878,True,False,False,False,False,True,False,2958.2,3
POONAWALLA,34360.73,POONAWALLA.NS,Poonawalla Fincorp Limited,NSE,389.85,31.65,39.4,20.9,False,False,True,False,19.1,88.0,-0.28,-0.877,True,False,False,True,True,True,True,426.7,3
PETRONET,40410.0,PETRONET.NS,Petronet LNG Limited,NSE,269.45,17.45,45.3,13.9,False,False,True,True,9.7,88.6,-0.254,-0.5,False,False,False,False,True,True,True,272.25,3
PENIND,2249.72,PENIND.NS,Pennar Industries Limited,NSE,158.07,43.53,47.5,16.9,False,False,False,True,19.1,85.0,0.035,0.155,False,True,True,True,True,True,True,174.09,3
PFC,142646.9,PFC.NS,Power Finance Corporation Limited,NSE,431.75,11.25,48.4,15.5,True,False,True,True,16.0,89.6,-0.161,-1.064,True,False,True,True,True,True,False,434.55,3
PPLPHARMA,22165.21,PPLPHARMA.NS,Piramal Pharma Limited,NSE,166.77,24.49,45.5,24.8,False,True,True,False,28.2,88.2,-0.124,-1.92,False,False,False,True,False,True,True,171.65,3
POWERINDIA,164268.77,POWERINDIA.NS,Hitachi Energy India Limited,NSE,36870.0,4.94,61.8,32.6,True,True,False,True,29.0,84.8,0.129,-163.052,False,True,False,False,False,True,True,38645.0,3
PRAJIND,6494.12,PRAJIND.NS,Praj Industries Limited,NSE,353.45,34.3,41.2,26.5,False,False,True,False,23.3,90.2,-0.192,-5.145,False,False,False,True,True,True,True,357.8,3
PRAKASH,2591.31,PRAKASH.NS,Prakash Industries Limited,NSE,144.3,24.41,47.7,16.8,True,True,True,True,18.9,88.2,-0.012,-0.867,False,False,True,True,False,True,True,148.01,3
POLYMED,14391.02,POLYMED.NS,Poly Medicure Limited,NSE,1419.8,38.71,47.4,18.5,False,False,False,True,24.0,87.6,-0.131,-11.307,True,False,False,False,False,True,True,1511.3,3
PNBHOUSING,26006.87,PNBHOUSING.NS,PNB Housing Finance Limited,NSE,997.7,12.63,42.5,32.2,True,True,True,False,24.3,85.4,-0.182,-14.902,False,False,False,True,False,True,True,1014.0,3
PNB,122802.1,PNB.NS,Punjab National Bank,NSE,106.85,20.94,52.4,17.3,False,False,True,False,14.8,90.4,-0.085,0.552,False,False,False,True,True,True,False,108.06,3
POLICYBZR,71004.88,POLICYBZR.NS,PB Fintech Limited,NSE,1534.1,22.44,30.9,25.8,False,False,False,True,21.4,86.0,-0.003,-34.186,False,False,False,True,False,True,True,1546.7,3
PNBGILTS,1697.68,PNBGILTS.NS,PNB Gilts Limited,NSE,94.45,21.16,75.1,37.1,True,True,False,True,33.0,84.0,0.174,1.563,False,True,False,False,True,False,True,98.01,3
PLATIND,1197.64,PLATIND.NS,Platinum Industries Limited,NSE,218.4,36.21,41.9,10.6,False,False,True,True,24.5,87.8,-0.425,-1.588,True,False,False,True,False,True,True,219.8,3
POLYCAB,146011.23,POLYCAB.NS,Polycab India Limited,NSE,9699.0,1.36,73.6,36.9,True,True,True,False,24.4,84.0,0.03,-19.184,False,True,False,True,True,True,True,9833.0,3
PNCINFRA,5388.61,PNCINFRA.NS,PNC Infratech Limited,NSE,209.91,36.74,48.2,17.5,False,False,True,False,23.9,90.4,-0.402,-0.895,True,False,True,True,True,True,True,222.0,3
PNGJL,7757.77,PNGJL.NS,P N Gadgil Jewellers Limited,NSE,572.35,22.28,48.5,27.4,False,False,False,False,30.9,88.0,-0.281,3.707,False,False,False,True,True,True,True,578.5,3
POKARNA,2553.49,POKARNA.NS,Pokarna Limited,NSE,824.35,28.08,44.9,11.8,False,False,True,False,21.1,91.0,-0.266,2.249,False,False,False,True,False,True,False,852.95,3
PASUPTAC,660.48,PASUPTAC.NS,Pasupati Acrylon Limited,NSE,74.21,3.22,79.0,43.2,True,True,False,True,41.1,83.6,0.032,1.345,False,True,False,False,True,False,True,76.68,3
POCL,3923.6,POCL.NS,Pondy Oxides & Chemicals Limited,NSE,1286.4,20.54,42.5,20.2,True,False,False,True,29.4,87.2,-0.237,-24.752,True,False,False,False,True,True,True,1319.9,3
OMINFRAL,822.34,OMINFRAL.NS,OM INFRA LIMITED,NSE,85.62,41.4,40.4,9.1,False,False,True,False,18.0,87.8,-0.251,-0.298,False,False,False,True,False,False,True,89.69,3
OMAXE,1380.9,OMAXE.NS,Omaxe Limited,NSE,75.05,33.82,43.0,18.6,False,False,True,False,22.6,87.6,-0.336,-0.222,True,False,False,True,False,False,True,79.0,3
ONESOURCE,20522.17,ONESOURCE.NS,Onesource Specialty Pharma Limited,NSE,1789.7,20.39,51.3,35.5,True,True,True,False,29.9,86.8,-0.033,-12.736,True,False,True,True,False,True,True,1824.0,3
OPTIEMUS,4018.49,OPTIEMUS.NS,Optiemus Infracom Limited,NSE,453.5,36.4,63.5,22.4,False,True,True,True,24.7,87.6,0.182,2.018,False,True,False,False,False,True,True,468.35,3
PATANJALI,45776.73,PATANJALI.NS,Patanjali Foods Limited,NSE,420.45,35.7,27.7,20.9,False,False,False,True,14.6,86.6,0.017,-3.548,False,True,False,False,False,True,False,463.75,3
ONMOBILE,536.92,ONMOBILE.NS,OnMobile Global Limited,NSE,50.66,32.53,45.2,14.8,False,False,True,False,28.8,88.4,-0.27,-0.249,True,False,False,True,False,False,True,51.75,3
OMAXAUTO,504.12,OMAXAUTO.NS,Omax Autos Limited,NSE,234.72,10.89,62.0,50.7,True,True,True,False,60.6,84.6,0.08,-2.926,False,True,True,True,False,True,False,258.24,3
OLAELEC,19795.8,OLAELEC.NS,Ola Electric Mobility Limited,NSE,44.88,37.01,70.7,38.6,True,True,True,False,26.3,84.2,0.184,0.633,False,True,False,False,True,False,True,47.76,3
OLECTRA,10580.62,OLECTRA.NS,Olectra Greentech Limited,NSE,1290.8,24.7,57.7,21.6,True,True,True,True,18.8,88.0,-0.31,5.314,False,False,True,False,False,True,True,1395.0,3
ONEPOINT,1541.86,ONEPOINT.NS,One Point One Solutions Limited,NSE,58.58,15.04,48.5,28.6,True,True,False,True,23.3,84.6,-0.06,-0.835,False,False,False,True,False,False,True,59.55,3
ONGC,332937.09,ONGC.NS,Oil & Natural Gas Corporation Limited,NSE,264.75,13.9,32.9,26.3,True,False,True,True,15.1,89.4,-0.204,-2.686,True,False,False,True,False,True,True,271.5,3
NTPCGREEN,84979.53,NTPCGREEN.NS,NTPC Green Energy Limited,NSE,100.86,15.91,40.3,13.2,True,False,True,False,19.8,89.8,-0.173,-0.616,True,False,False,True,True,True,True,101.96,3
NYKAA,75109.81,NYKAA.NS,FSN E-Commerce Ventures Limited,NSE,262.3,8.16,44.2,15.0,True,False,False,True,12.0,86.0,0.011,-0.972,True,True,True,True,False,True,False,266.79,3
NUVOCO,11384.35,NUVOCO.NS,Nuvoco Vistas Corporation Limited,NSE,319.15,33.16,48.0,26.3,False,True,True,True,22.5,85.0,0.04,-1.405,False,True,True,True,True,True,True,329.0,3
OBEROIRLTY,59372.61,OBEROIRLTY.NS,Oberoi Realty Limited,NSE,1633.4,18.53,46.1,13.3,False,False,True,True,10.4,90.0,-0.197,-6.012,False,False,True,True,False,True,True,1641.9,3
OIL,78605.82,OIL.NS,Oil India Limited,NSE,483.35,8.97,48.1,15.6,True,True,True,False,15.6,87.2,-0.061,-1.656,True,False,False,True,False,True,True,485.8,3
NUVAMA,28702.78,NUVAMA.NS,Nuvama Wealth Management Limited,NSE,1574.4,7.48,65.6,29.6,True,True,True,False,23.5,88.0,-0.018,-0.463,True,False,True,False,True,True,True,1647.9,3
NTPC,350679.93,NTPC.NS,NTPC Limited,NSE,361.65,12.73,28.2,22.5,False,False,True,False,13.5,89.8,-0.284,-3.604,False,False,False,True,False,True,True,368.55,3
PANAMAPET,2085.82,PANAMAPET.NS,Panama Petrochem Limited,NSE,344.75,7.62,61.6,40.9,True,True,False,True,28.8,84.6,-0.221,0.498,False,False,False,False,False,True,True,353.55,3
PANACEABIO,3314.28,PANACEABIO.NS,Panacea Biotec Limited,NSE,540.2,6.48,81.0,36.3,True,True,False,True,45.6,84.0,-0.03,10.231,False,False,False,False,True,True,True,577.65,3
ORICONENT,962.39,ORICONENT.NS,Oricon Enterprises Limited,NSE,60.83,16.81,36.7,11.6,True,False,True,True,19.3,91.0,-0.09,-0.293,False,False,True,True,True,False,False,61.53,3
PARAGMILK,2938.82,PARAGMILK.NS,Parag Milk Foods Limited,NSE,235.15,37.62,61.9,22.4,False,True,True,True,20.6,84.4,0.017,2.669,False,True,False,False,True,True,True,244.85,3
PAISALO,5257.95,PAISALO.NS,Paisalo Digital Limited,NSE,57.87,0.69,81.0,44.4,True,True,True,True,34.8,84.0,0.074,0.562,False,True,False,True,True,False,True,58.27,3
PARACABLES,2062.3,PARACABLES.NS,Paramount Communications Limited,NSE,67.32,7.08,64.1,39.4,True,True,False,True,52.4,84.0,0.132,-0.122,False,True,False,False,True,False,True,70.95,3
PARADEEP,13236.68,PARADEEP.NS,Paradeep Phosphates Limited,NSE,127.58,45.57,54.7,10.4,False,True,True,False,16.7,90.0,-0.055,0.029,False,False,False,True,True,True,True,131.48,3
OFSS,86546.3,OFSS.NS,Oracle Financial Services Software Limited,NSE,9936.5,6.12,58.1,32.4,True,True,True,True,33.1,85.0,-0.082,-40.917,False,False,False,False,True,True,False,10380.5,3
PARAS,7741.62,PARAS.NS,Paras Defence and Space Technologies Limited,NSE,960.15,3.41,72.0,21.6,True,True,False,True,33.8,84.0,-0.028,9.362,False,False,False,False,True,True,True,994.0,3
ORIENTCEM,2740.83,ORIENTCEM.NS,Orient Cement Limited,NSE,133.39,62.43,39.2,12.7,False,False,True,False,13.4,88.8,-0.217,-0.45,False,False,False,True,True,True,True,140.58,3
PARKHOTELS,2437.8,PARKHOTELS.NS,Apeejay Surrendra Park Hotels Limited,NSE,114.2,34.06,39.6,12.4,False,False,True,False,16.7,88.4,0.04,-0.777,True,True,False,True,False,True,True,115.48,3
ORIENTELEC,3805.38,ORIENTELEC.NS,Orient Electric Limited,NSE,178.38,23.26,41.0,23.4,False,False,True,False,19.4,88.2,0.129,-1.673,False,True,True,True,False,True,True,182.1,3
ORIENTHOT,1820.28,ORIENTHOT.NS,Oriental Hotels Limited,NSE,102.12,39.57,56.7,10.5,False,True,True,False,15.2,88.2,-0.086,0.188,False,False,True,False,True,True,True,102.95,3
ORIENTTECH,1204.47,ORIENTTECH.NS,Orient Technologies Limited,NSE,263.05,43.64,41.4,10.4,False,False,True,False,22.3,88.2,-0.378,-1.648,False,False,False,True,False,True,True,286.23,3
OSWALPUMPS,4692.44,OSWALPUMPS.NS,Oswal Pumps Limited,NSE,412.7,53.55,64.4,21.7,False,True,True,True,21.9,86.6,-0.157,3.926,False,False,False,False,False,True,True,439.7,3
OSWALSEEDS,,OSWALSEEDS.NS,ShreeOswal Seeds And Chemicals Limited,NSE,11.06,45.46,36.9,27.7,False,False,False,True,21.9,91.4,-0.273,-0.063,True,False,False,False,True,False,True,11.39,3
OSWALGREEN,604.02,OSWALGREEN.NS,Oswal Greentech Limited,NSE,23.49,53.85,32.2,16.8,False,False,True,True,23.0,91.2,-0.417,-0.114,True,False,False,True,True,False,True,24.63,3
PRECAM,1398.19,PRECAM.NS,Precision Camshafts Limited,NSE,147.05,43.87,42.1,21.2,False,False,True,False,23.5,86.0,-0.198,-1.482,False,False,True,True,False,True,True,157.36,3
RGL,1087.83,RGL.NS,Renaissance Global Limited,NSE,101.44,31.41,44.6,13.6,False,False,True,False,15.7,88.0,-0.03,-0.209,False,False,False,True,False,True,True,103.47,3
REPCOHOME,2304.76,REPCOHOME.NS,Repco Home Finance Limited,NSE,367.85,20.8,34.5,17.7,False,False,True,False,15.3,90.2,-0.076,-2.875,False,False,False,True,True,True,True,375.35,3
RESPONIND,4818.95,RESPONIND.NS,Responsive Industries Limited,NSE,180.66,28.02,54.2,43.5,True,True,False,True,38.6,83.8,-0.241,0.196,False,False,False,True,True,True,True,188.76,3
RHIM,8261.09,RHIM.NS,RHI MAGNESITA INDIA LIMITED,NSE,399.6,25.68,52.2,17.2,False,True,False,True,21.8,89.8,0.324,-0.635,False,True,True,False,False,True,True,414.55,3
RISHABH,1970.21,RISHABH.NS,Rishabh Instruments Limited,NSE,512.45,9.46,51.7,19.3,True,True,False,True,25.8,84.8,-0.003,-4.05,False,False,True,True,True,True,True,543.2,3
RITCO,742.9,RITCO.NS,Ritco Logistics Limited,NSE,259.4,18.2,56.6,38.2,True,True,False,True,33.6,86.4,0.14,-2.712,False,True,False,True,True,True,True,261.95,3
RICOAUTO,1852.73,RICOAUTO.NS,Rico Auto Industries Limited,NSE,136.85,3.9,68.2,15.9,True,True,False,True,22.0,84.0,0.513,1.485,False,True,False,False,True,True,True,139.79,3
RELTD,2284.61,RELTD.NS,Ravindra Energy Limited,NSE,128.11,33.2,47.5,15.9,False,False,False,True,25.4,89.4,-0.072,0.821,False,False,False,True,True,True,False,132.5,3
RENUKA,4780.59,RENUKA.NS,Shree Renuka Sugars Limited,NSE,22.44,37.41,34.4,36.5,False,False,True,False,30.5,88.4,-0.341,-0.087,True,False,False,False,True,False,False,24.48,3
RITES,10116.71,RITES.NS,RITES Limited,NSE,210.49,33.39,53.6,20.1,False,True,False,True,14.1,88.0,0.054,-0.141,True,True,True,False,False,True,True,212.4,3
RBZJEWEL,531.6,RBZJEWEL.NS,RBZ Jewellers Limited,NSE,132.7,25.87,56.8,17.5,False,True,True,False,21.9,90.0,-0.11,0.685,False,False,False,True,False,True,True,141.0,3
KTKBANK,9904.8,KTKBANK.NS,The Karnataka Bank Limited,NSE,262.0,5.89,52.2,29.6,True,True,True,False,15.8,85.0,-0.087,-0.827,False,False,False,True,True,True,False,273.75,3
RKFORGE,10057.16,RKFORGE.NS,Ramkrishna Forgings Limited,NSE,554.6,19.8,43.6,11.3,False,False,True,False,17.3,88.6,-0.171,-2.661,True,False,False,True,False,True,True,559.4,3
RCF,6967.82,RCF.NS,Rashtriya Chemicals and Fertilizers Limited,NSE,126.32,24.13,47.3,13.5,False,False,False,False,12.5,86.0,-0.48,-0.326,False,False,True,True,True,True,True,130.4,3
RELIGARE,7596.56,RELIGARE.NS,Religare Enterprises Limited,NSE,228.14,22.66,47.5,27.5,False,False,True,False,13.5,85.4,-0.041,-0.759,False,False,True,True,True,True,True,231.54,3
REDTAPE,7454.61,REDTAPE.NS,Redtape Limited,NSE,134.82,17.54,52.0,32.7,True,True,False,True,26.1,85.4,0.007,-0.466,False,True,False,False,True,True,True,136.0,3
RECLTD,90556.57,RECLTD.NS,REC Limited,NSE,343.9,19.78,52.1,19.5,False,False,True,False,17.2,90.6,-0.077,0.316,False,False,True,False,False,True,True,346.8,3
REFEX,4294.97,REFEX.NS,Refex Industries Limited,NSE,312.5,41.48,64.4,51.0,True,True,False,True,37.0,85.0,0.041,0.639,False,True,False,True,False,True,True,344.6,3
RELIANCE,1747321.4,RELIANCE.NS,Reliance Industries Limited,NSE,1291.0,19.9,32.1,23.3,False,False,True,True,12.6,88.6,-0.397,-5.754,False,False,False,False,False,True,False,1352.3,3
REDINGTON,18668.77,REDINGTON.NS,Redington Limited,NSE,239.01,28.61,61.7,23.9,False,True,False,True,17.1,84.2,-0.006,2.504,False,False,False,True,True,True,True,242.5,3
RELAXO,8237.38,RELAXO.NS,Relaxo Footwears Limited,NSE,330.05,37.25,61.6,29.0,False,True,False,True,23.1,84.6,0.344,3.912,False,True,False,False,True,True,True,358.0,3
RELINFRA,3353.64,RELINFRA.NS,Reliance Infrastructure Limited,NSE,81.76,80.69,71.8,47.1,False,True,True,True,29.6,91.6,0.656,2.149,False,True,False,False,True,False,False,89.09,3
RPTECH,3599.77,RPTECH.NS,Rashi Peripherals Limited,NSE,546.25,5.0,61.7,41.9,True,True,True,True,32.7,84.8,-0.077,-3.473,True,False,True,True,True,True,True,560.0,3
RRKABEL,25123.56,RRKABEL.NS,R R Kabel Limited,NSE,2223.4,0.73,77.8,50.3,True,True,False,True,39.9,84.0,0.116,9.941,False,True,False,False,True,True,False,2239.8,3
RTNINDIA,5404.67,RTNINDIA.NS,RattanIndia Enterprises Limited,NSE,39.13,43.86,69.0,18.8,False,True,True,True,24.3,84.2,-0.139,0.338,False,False,False,False,True,False,True,39.78,3
ROLEXRINGS,3765.01,ROLEXRINGS.NS,Rolex Rings Limited,NSE,138.35,21.39,44.1,15.9,True,False,True,False,28.7,90.4,-0.221,-1.105,True,False,False,True,True,True,False,140.9,3
RMDRIP,702.29,RMDRIP.NS,R M Drip and Sprinklers Systems Limited,NSE,16.31,77.42,31.1,30.4,False,False,True,False,46.4,91.8,-0.296,-0.02,False,False,False,True,True,False,False,19.97,3
RPSGVENT,3073.4,RPSGVENT.NS,RPSG VENTURES LIMITED,NSE,930.15,21.11,51.8,27.5,True,True,True,False,26.8,87.8,-0.498,-4.203,True,False,False,True,True,True,True,960.0,3
ROSSARI,2919.14,ROSSARI.NS,Rossari Biotech Limited,NSE,527.0,31.2,54.1,24.0,False,True,True,False,22.5,88.0,-0.062,-1.726,False,False,True,True,False,True,True,549.45,3
ROTO,1173.26,ROTO.NS,Roto Pumps Limited,NSE,62.27,43.13,66.5,12.4,False,True,True,True,14.5,84.0,-0.004,0.369,False,False,False,False,True,False,True,64.0,3
ROSSTECH,3967.93,ROSSTECH.NS,Rossell Techsys Limited,NSE,1052.2,6.22,59.2,28.0,True,True,False,True,28.9,84.4,-0.014,6.137,False,False,False,True,False,True,False,1061.9,3
RSYSTEMS,3022.0,RSYSTEMS.NS,R Systems International Limited,NSE,255.3,48.62,38.2,10.6,False,False,True,True,22.2,88.0,-0.435,-1.855,True,False,False,False,True,True,True,269.95,3
RPOWER,11820.03,RPOWER.NS,Reliance Power Limited,NSE,28.59,62.62,60.3,13.6,False,True,True,False,22.0,90.2,-0.065,0.04,False,False,True,True,False,False,True,29.28,3
ROUTE,3309.55,ROUTE.NS,ROUTE MOBILE LIMITED,NSE,525.45,54.62,53.3,14.2,False,True,True,True,19.3,88.2,-0.022,0.749,False,False,True,False,True,True,True,528.2,3
RBLBANK,21750.31,RBLBANK.NS,RBL Bank Limited,NSE,351.35,1.53,61.1,16.0,True,True,True,False,14.2,84.0,0.062,0.785,False,True,False,True,True,True,False,356.8,3
RPEL,5091.83,RPEL.NS,Raghav Productivity Enhancers Limited,NSE,1110.15,0.88,83.4,51.8,True,True,False,True,40.3,83.6,0.34,9.496,False,True,False,True,True,True,True,1120.0,3
RAYMONDREL,4005.08,RAYMONDREL.NS,Raymond Realty Limited,NSE,602.1,42.66,61.4,31.4,True,True,True,False,38.8,81.0,-0.221,-2.058,True,False,False,True,True,True,True,613.15,3
RAYMONDLSL,4686.55,RAYMONDLSL.NS,Raymond Lifestyle Limited,NSE,767.65,45.63,53.0,10.6,False,False,False,True,17.1,88.4,-0.121,5.208,False,False,False,False,True,True,False,825.0,3
PSB,16802.35,PSB.NS,Punjab & Sind Bank,NSE,23.68,31.26,45.0,12.8,False,False,True,False,12.1,88.0,-0.088,-0.036,False,False,False,True,False,False,True,24.49,3
PSPPROJECT,3461.12,PSPPROJECT.NS,PSP Projects Limited,NSE,873.45,15.19,61.1,24.7,True,True,False,True,30.7,83.4,0.034,4.069,False,True,False,False,True,True,True,879.0,3
PVP,847.09,PVP.NS,PVP Ventures Limited,NSE,32.52,17.48,66.4,24.6,True,True,True,False,31.7,91.0,-0.07,0.736,False,False,False,True,False,False,True,33.85,3
RBA,4003.78,RBA.NS,Restaurant Brands Asia Limited,NSE,68.71,21.61,61.0,27.9,True,True,False,True,11.3,85.0,-0.026,-0.154,False,False,True,True,False,False,True,69.48,3
PURVA,4997.93,PURVA.NS,Puravankara Limited,NSE,210.44,37.91,44.1,24.4,False,False,True,False,26.0,86.2,-0.656,-1.939,False,False,True,True,True,True,True,224.95,3
PVRINOX,9563.2,PVRINOX.NS,PVR INOX Limited,NSE,973.25,22.12,42.2,14.6,False,False,True,False,16.6,87.8,-0.429,-1.68,True,False,False,True,False,True,True,982.35,3
PRSMJOHNSN,5992.46,PRSMJOHNSN.NS,Prism Johnson Limited,NSE,119.31,32.21,41.2,14.1,False,False,True,True,18.2,89.8,-0.288,-0.228,True,False,False,True,True,True,True,125.99,3
QPOWER,8300.07,QPOWER.NS,Quality Power Electrical Equipments Limited,NSE,1072.0,25.61,45.6,32.5,True,False,True,False,34.4,89.6,-0.313,-8.276,True,False,False,True,True,True,True,1082.0,3
PROZONER,780.26,PROZONER.NS,Prozone Realty Limited,NSE,51.36,29.42,45.9,16.4,True,False,True,False,31.9,89.0,0.129,-0.002,False,True,True,True,False,False,True,53.69,3
PROTEAN,2505.65,PROTEAN.NS,Protean eGov Technologies Limited,NSE,616.6,38.91,57.0,24.6,False,True,False,False,26.7,86.0,-0.061,-0.617,False,False,False,True,False,True,True,627.35,3
PTC,5455.43,PTC.NS,PTC India Limited,NSE,184.39,19.66,40.6,30.4,True,False,True,False,29.4,88.2,-0.238,-2.292,True,False,False,True,True,True,True,192.29,3
PREMIERPOL,586.77,PREMIERPOL.NS,Premier Polyfilm Limited,NSE,55.82,18.95,51.8,8.8,True,True,True,True,17.2,91.4,-0.147,0.151,False,False,True,True,True,False,False,56.5,3
PRECWIRE,7620.35,PRECWIRE.NS,Precision Wires India Limited,NSE,417.05,10.79,52.0,24.9,True,True,True,True,31.5,85.8,-0.222,-1.758,False,False,True,True,False,True,True,434.7,3
PRESTIGE,59468.77,PRESTIGE.NS,Prestige Estates Projects Limited,NSE,1381.1,23.86,50.1,10.7,False,True,True,False,16.7,88.0,-0.18,-4.418,False,False,True,True,False,True,True,1407.6,3
PREMIERENE,48891.68,PREMIERENE.NS,Premier Energies Limited,NSE,1080.1,4.95,66.6,25.6,True,True,False,True,14.2,84.0,-0.064,5.858,False,False,False,True,True,True,False,1089.0,3
PROSTARM,810.11,PROSTARM.NS,Prostarm Info Systems Limited,NSE,137.72,45.67,40.9,9.9,False,False,False,True,25.1,87.6,-0.291,-1.194,True,False,False,True,True,True,True,155.7,3
PRIMO,638.82,PRIMO.NS,Primo Chemicals Limited,NSE,26.11,16.82,65.2,28.1,True,True,True,True,21.0,87.0,0.283,0.131,False,True,True,False,True,False,True,26.4,3
PRICOLLTD,6845.47,PRICOLLTD.NS,Pricol Limited,NSE,561.35,19.14,46.4,13.2,True,False,False,False,17.5,86.6,-0.247,0.413,False,False,True,True,False,True,False,573.45,3
PRINCEPIPE,2992.89,PRINCEPIPE.NS,Prince Pipes And Fittings Limited,NSE,271.15,30.06,57.2,22.0,False,True,False,False,21.9,86.0,-0.593,0.379,False,False,False,False,True,True,True,276.5,3
PRIVISCL,12655.14,PRIVISCL.NS,Privi Speciality Chemicals Limited,NSE,3230.7,10.03,49.1,17.8,True,True,True,False,21.0,87.4,-0.262,-8.674,False,False,False,True,False,True,True,3278.0,3
QUICKHEAL,975.65,QUICKHEAL.NS,Quick Heal Technologies Limited,NSE,180.01,56.8,45.0,20.8,False,False,False,True,35.6,87.8,-0.476,-3.625,False,False,False,False,True,True,True,194.4,3
RAMKY,3025.67,RAMKY.NS,Ramky Infrastructure Limited,NSE,438.8,37.76,38.6,19.1,False,False,True,True,19.0,88.6,-0.391,-1.118,False,False,False,True,True,True,True,474.75,3
QUADFUTURE,1345.2,QUADFUTURE.NS,Quadrant Future Tek Limited,NSE,337.45,36.45,67.5,30.1,True,True,False,True,20.1,84.0,0.055,4.947,False,True,False,False,False,True,False,344.3,3
RAMCOCEM,20753.56,RAMCOCEM.NS,The Ramco Cements Limited,NSE,880.7,27.48,41.3,26.4,False,False,True,True,17.3,90.4,-0.331,0.064,False,False,False,True,True,True,False,930.6,3
RAMRAT,3643.88,RAMRAT.NS,Ram Ratna Wires Limited,NSE,391.5,24.71,39.7,19.8,True,False,False,True,38.9,85.0,-0.486,-9.104,False,False,False,False,True,True,True,414.65,3
PREMEXPLN,3683.72,PREMEXPLN.NS,Premier Explosives Limited,NSE,685.65,12.04,65.1,28.6,True,True,False,True,43.4,85.6,-0.007,1.314,False,False,False,False,True,True,True,779.5,3
RATEGAIN,8962.26,RATEGAIN.NS,Rategain Travel Technologies Limited,NSE,758.7,5.4,69.7,57.8,True,True,False,True,33.2,84.4,0.216,3.033,False,True,False,False,True,True,True,802.0,3
RATNAVEER,1143.62,RATNAVEER.NS,Ratnaveer Precision Engineering Limited,NSE,168.9,12.66,48.7,22.7,True,True,True,False,27.1,87.8,-0.223,-1.938,True,False,True,True,True,True,True,169.9,3
RAMCOSYS,2113.91,RAMCOSYS.NS,Ramco Systems Limited,NSE,562.25,17.6,76.6,37.2,True,True,False,True,35.1,84.0,0.431,9.746,False,True,False,False,False,True,True,574.7,3
RAMCOIND,2662.56,RAMCOIND.NS,Ramco Industries Limited,NSE,307.25,22.81,62.6,27.0,True,True,False,True,23.7,85.4,-0.149,1.367,False,False,False,False,True,True,True,315.0,3
RALLIS,4418.33,RALLIS.NS,Rallis India Limited,NSE,227.24,41.11,24.4,22.4,False,False,True,False,20.1,89.6,-0.303,-2.822,False,False,False,False,True,True,True,247.15,3
QUESS,3521.24,QUESS.NS,Quess Corp Limited,NSE,235.71,28.94,71.2,22.2,True,True,False,True,26.0,84.0,0.216,1.631,False,True,False,False,True,True,True,253.3,3
RADICO,46750.08,RADICO.NS,Radico Khaitan Limited,NSE,3490.7,5.12,55.9,32.0,True,True,True,False,26.3,86.0,-0.116,-24.038,True,False,True,True,False,True,True,3523.9,3
RADHIKAJWE,667.76,RADHIKAJWE.NS,Radhika Jeweltech Limited,NSE,56.53,49.3,41.5,12.9,False,False,True,True,23.5,87.2,-0.275,0.092,False,False,False,True,True,False,True,59.5,3
RAIN,6626.01,RAIN.NS,Rain Industries Limited,NSE,197.09,4.93,75.2,49.4,True,True,False,True,43.0,84.4,0.135,2.327,False,True,False,False,True,True,True,207.3,3
RAJOOENG,969.67,RAJOOENG.NS,Rajoo Engineers Limited,NSE,54.22,62.83,40.9,14.2,False,False,True,False,29.1,90.2,-0.267,-0.015,False,False,False,True,True,False,True,58.4,3
RAINBOW,13639.9,RAINBOW.NS,Rainbow Childrens Medicare Limited,NSE,1343.3,18.38,55.3,25.8,True,True,True,False,12.2,84.4,0.135,-5.364,False,True,False,True,True,True,True,1356.0,3
RAILTEL,10040.56,RAILTEL.NS,Railtel Corporation Of India Limited,NSE,313.25,34.6,44.7,14.3,False,False,True,False,22.1,91.2,-0.107,-1.767,True,False,False,True,False,True,True,330.0,3
RAJRATAN,2197.12,RAJRATAN.NS,Rajratan Global Wire Limited,NSE,432.15,19.97,57.9,12.1,True,True,True,False,17.2,87.8,-0.23,1.09,False,False,True,True,False,True,False,435.0,3
RAYMOND,3395.26,RAYMOND.NS,Raymond Limited,NSE,510.1,34.93,51.9,31.0,True,True,False,False,34.8,85.8,0.174,-6.116,False,True,False,True,False,True,True,527.95,3
MANINDS,4032.14,MANINDS.NS,Man Industries (India) Limited,NSE,537.55,11.35,54.1,22.4,True,True,False,True,27.4,86.2,0.107,-7.311,True,True,True,False,True,True,False,570.0,3
NSLNISP,14647.17,NSLNISP.NS,NMDC Steel Limited,NSE,49.96,7.05,64.3,35.0,True,True,False,True,24.7,84.6,0.087,0.547,False,True,False,False,True,False,True,53.75,3
MARKSANS,10558.72,MARKSANS.NS,Marksans Pharma Limited,NSE,233.19,13.86,59.6,47.4,True,True,False,True,35.1,85.4,0.137,-0.575,False,True,False,False,True,True,True,241.0,3
MANKIND,96492.75,MANKIND.NS,Mankind Pharma Limited,NSE,2336.1,14.0,46.7,29.9,True,True,False,True,23.6,85.8,-0.121,-25.517,False,False,False,True,True,True,True,2437.0,3
MANORAMA,8827.31,MANORAMA.NS,Manorama Industries Limited,NSE,1476.1,16.13,56.0,18.0,True,True,False,True,24.3,88.6,-0.17,4.765,False,False,False,False,True,True,True,1487.0,3
MANYAVAR,9863.49,MANYAVAR.NS,Vedant Fashions Limited,NSE,405.4,52.3,41.9,25.4,False,False,True,False,19.7,87.4,-0.263,-3.045,True,False,False,True,True,True,False,470.85,3
MAPMYINDIA,4669.75,MAPMYINDIA.NS,C.E. Info Systems Limited,NSE,853.4,57.29,43.1,21.9,False,False,False,False,28.6,87.4,0.047,-5.208,True,True,False,True,True,True,True,944.7,3
MARINE,,MARINE.NS,Marine Electricals (India) Limited,NSE,248.85,11.91,57.8,40.4,True,True,False,True,35.1,85.0,-0.056,0.153,False,False,False,False,True,True,True,254.0,3
MARICO,105267.84,MARICO.NS,Marico Limited,NSE,810.65,4.49,48.1,24.4,True,True,True,True,12.8,87.8,-0.183,-4.641,False,False,False,True,True,True,False,845.0,3
MAHSEAMLES,8369.79,MAHSEAMLES.NS,Maharashtra Seamless Limited,NSE,623.95,19.37,47.6,22.7,True,True,True,False,13.0,90.2,-0.018,-3.067,True,False,False,True,True,True,True,644.0,3
MAHLIFE,7233.38,MAHLIFE.NS,Mahindra Lifespace Developers Limited,NSE,338.5,20.74,53.2,10.1,False,True,True,True,10.9,91.4,-0.266,0.409,False,False,False,True,False,True,True,345.0,3
MANAPPURAM,28926.86,MANAPPURAM.NS,Manappuram Finance Limited,NSE,308.2,7.72,47.8,22.2,True,True,True,False,22.6,85.8,0.151,-3.03,False,True,True,True,False,True,True,311.75,3
MANAKCOAT,1105.97,MANAKCOAT.NS,Manaksia Coated Metals & Industries Limited,NSE,104.53,42.82,49.9,15.7,False,False,True,False,19.5,89.2,-0.117,0.473,False,False,True,True,False,True,True,107.8,3
MAMATA,911.1,MAMATA.NS,Mamata Machinery Limited,NSE,370.15,31.58,34.2,21.3,False,False,True,True,18.6,88.6,-0.103,-5.531,False,False,False,False,False,True,True,392.95,3
MANALIPETC,1110.6,MANALIPETC.NS,Manali Petrochemicals Limited,NSE,64.58,20.37,69.0,37.0,True,True,False,True,21.6,84.2,0.09,0.437,False,True,False,False,True,False,True,66.36,3
MAHLOG,3462.37,MAHLOG.NS,Mahindra Logistics Limited,NSE,348.95,22.46,37.0,22.5,False,False,True,False,25.0,90.0,-0.321,0.312,False,False,False,True,True,True,True,361.15,3
NRBBEARING,3727.64,NRBBEARING.NS,NRB Bearing Limited,NSE,385.65,1.54,72.2,47.5,True,True,False,False,36.8,83.6,0.029,-2.427,False,True,False,True,True,True,True,388.5,3
MANINFRA,4601.8,MANINFRA.NS,Man Infraconstruction Limited,NSE,114.1,40.21,46.8,18.7,False,True,True,False,35.7,87.6,-0.429,-1.291,True,False,False,True,True,True,True,119.49,3
MCLOUD,1473.85,MCLOUD.NS,Magellanic Cloud Limited,NSE,25.07,76.22,41.8,13.5,False,False,True,True,16.9,88.0,-0.267,-0.149,False,False,False,False,True,False,True,27.5,3
MEDIASSIST,2666.48,MEDIASSIST.NS,Medi Assist Healthcare Services Limited,NSE,357.25,39.87,43.2,11.1,False,False,False,False,20.0,86.8,-0.304,-2.658,False,False,False,True,True,True,True,365.0,3
MCX,71462.74,MCX.NS,Multi Commodity Exchange of India Limited,NSE,2795.0,19.68,35.7,30.7,True,False,False,True,24.6,86.2,-0.163,-72.389,False,False,False,True,True,True,True,2903.0,3
MEDPLUS,10300.09,MEDPLUS.NS,Medplus Health Services Limited,NSE,858.7,15.99,43.1,17.5,True,False,False,False,17.5,85.4,-0.275,-6.168,False,False,True,False,True,True,False,868.0,3
MEDANTA,33326.16,MEDANTA.NS,Global Health Limited,NSE,1240.0,14.86,61.0,33.8,True,True,False,False,19.6,86.6,-0.168,-4.637,True,False,True,False,False,True,True,1248.9,3
MCLEODRUSS,739.34,MCLEODRUSS.NS,Mcleod Russel India Limited,NSE,70.91,9.57,58.5,44.3,True,True,True,False,51.5,84.2,0.279,-0.897,False,True,False,True,True,False,True,78.41,3
MCL,,MCL.NS,Madhav Copper Limited,NSE,59.6,36.05,43.5,8.1,False,False,False,True,12.7,91.4,0.032,-0.224,False,True,False,False,False,False,False,61.5,3
MARUTI,410251.34,MARUTI.NS,Maruti Suzuki India Limited,NSE,13050.0,24.87,45.7,16.2,False,False,True,True,9.1,88.8,-0.121,-6.567,False,False,False,False,True,True,True,13176.0,3
MASTERTR,1006.27,MASTERTR.NS,Master Trust Limited,NSE,81.91,51.94,45.6,21.9,False,False,True,False,28.7,85.6,-0.214,-1.305,False,False,False,True,True,False,True,89.9,3
MASFIN,5567.9,MASFIN.NS,MAS Financial Services Limited,NSE,306.15,14.69,41.0,16.8,False,False,True,False,16.5,88.8,-0.211,-0.917,True,False,False,True,True,True,True,307.9,3
MAYURUNIQ,3186.38,MAYURUNIQ.NS,Mayur Uniquoters Ltd,NSE,733.65,8.95,64.1,49.0,True,True,False,True,32.7,84.6,0.159,-1.369,False,True,False,True,True,True,False,805.75,3
MBAPL,,MBAPL.NS,Madhya Bharat Agro Products Limited,NSE,546.8,6.53,54.6,16.3,True,True,True,False,14.2,87.2,-0.206,-0.033,True,False,False,True,False,True,False,553.05,3
MAZDOCK,97716.79,MAZDOCK.NS,Mazagon Dock Shipbuilders Limited,NSE,2423.1,30.67,40.5,13.3,False,False,True,False,15.3,89.4,-0.16,-3.751,True,False,True,True,True,True,True,2465.0,3
MAXHEALTH,95090.78,MAXHEALTH.NS,Max Healthcare Institute Limited,NSE,977.25,25.64,44.0,22.8,False,False,False,True,17.2,86.2,-0.139,-7.344,True,False,False,False,True,True,True,993.3,3
MAHABANK,60870.97,MAHABANK.NS,Bank of Maharashtra,NSE,79.19,7.81,51.9,13.4,True,True,True,False,21.0,88.2,-0.008,-0.341,True,False,False,True,True,False,False,81.5,3
MBEL,1593.29,MBEL.NS,M & B Engineering Limited,NSE,280.55,47.65,34.9,20.3,False,False,True,False,20.1,73.2,-0.273,-2.23,False,False,False,True,True,True,True,303.9,3
LEMONTREE,8702.83,LEMONTREE.NS,Lemon Tree Hotels Limited,NSE,109.91,39.17,40.3,17.1,False,False,True,False,16.7,90.6,-0.17,-0.535,False,False,False,True,False,True,True,120.44,3
LICI,505873.32,LICI.NS,Life Insurance Corporation Of India,NSE,399.9,18.39,46.2,12.0,False,False,False,True,9.5,85.6,-0.321,-1.248,False,False,True,True,False,True,True,404.42,3
LEMERITE,,LEMERITE.NS,Le Merite Exports Limited,NSE,29.46,72.61,8.8,54.8,False,False,False,True,69.5,86.8,-0.757,-2.915,True,False,False,False,True,False,False,63.74,3
LIKHITHA,837.92,LIKHITHA.NS,Likhitha Infrastructure Limited,NSE,216.39,33.21,58.8,22.5,True,True,True,False,24.5,90.2,0.081,1.079,False,True,True,True,True,True,True,224.89,3
LICHSGFIN,30250.71,LICHSGFIN.NS,LIC Housing Finance Limited,NSE,549.75,14.97,51.5,15.1,True,True,True,False,14.2,87.8,0.055,-1.078,True,True,True,False,False,True,True,556.4,3
LAXMIINDIA,556.91,LAXMIINDIA.NS,Laxmi India Finance Limited,NSE,106.7,41.02,37.9,15.5,False,False,True,False,31.4,70.2,0.123,-1.878,True,True,False,True,True,True,True,110.76,3
LAXMIDENTL,1261.38,LAXMIDENTL.NS,Laxmi Dental Limited,NSE,229.9,54.92,56.1,33.5,False,True,False,True,33.7,85.8,-0.09,-0.64,False,False,False,True,True,True,True,249.28,3
LANDMARK,1732.61,LANDMARK.NS,Landmark Cars Limited,NSE,418.25,36.9,63.9,28.3,False,True,False,True,20.5,91.0,-0.076,6.163,False,False,False,False,False,True,True,429.6,3
LALPATHLAB,25748.32,LALPATHLAB.NS,Dr. Lal Path Labs Ltd.,NSE,1536.9,13.17,45.2,27.9,True,True,True,False,20.8,86.6,-0.147,-18.243,False,False,False,True,True,True,True,1555.6,3
LAURUSLABS,78117.25,LAURUSLABS.NS,Laurus Labs Limited,NSE,1446.8,0.23,81.3,50.2,True,True,True,False,26.0,84.0,0.356,0.06,False,True,False,True,True,True,False,1450.1,3
LLOYDSENT,10026.81,LLOYDSENT.NS,Lloyds Enterprises Limited,NSE,66.86,30.64,45.7,25.7,True,True,True,False,25.0,85.0,-0.254,-0.977,False,False,False,True,True,False,True,68.75,3
LLOYDSENGG,10637.04,LLOYDSENGG.NS,LLOYDS ENGINEERING WORKS LIMITED,NSE,72.69,13.74,61.1,41.8,True,True,False,True,40.1,85.4,-0.046,-0.806,False,False,False,True,True,False,True,79.4,3
LXCHEM,4396.58,LXCHEM.NS,Laxmi Organic Industries Limited,NSE,158.66,34.17,57.3,25.8,False,True,False,True,31.2,84.4,-0.043,-0.067,True,False,True,False,True,True,True,163.0,3
LATTEYS,,LATTEYS.NS,Latteys Industries Limited,NSE,22.36,39.57,45.5,21.1,True,False,False,False,33.0,86.8,0.04,-0.297,False,True,True,True,True,False,True,22.72,3
LATENTVIEW,6470.54,LATENTVIEW.NS,Latent View Analytics Limited,NSE,312.6,39.59,50.7,21.1,False,False,True,False,18.6,86.6,-0.063,-1.16,False,False,True,True,True,True,True,321.55,3
MADRASFERT,1108.38,MADRASFERT.NS,Madras Fertilizers Limited,NSE,68.86,30.28,53.5,22.6,False,True,True,False,14.8,86.8,-0.239,0.092,False,False,True,True,False,False,True,69.4,3
M&MFIN,40309.16,M&MFIN.NS,Mahindra & Mahindra Financial Services Limited,NSE,289.85,29.68,35.8,18.3,False,False,True,False,17.0,88.0,-0.181,-2.33,False,False,False,True,True,True,True,292.0,3
MAANALU,767.81,MAANALU.NS,Maan Aluminium Limited,NSE,128.72,30.32,35.6,19.9,False,False,True,False,26.0,89.4,-0.365,-1.559,False,False,False,True,True,True,False,133.7,3
M&M,378126.03,M&M.NS,Mahindra & Mahindra Limited,NSE,3040.5,20.82,44.3,14.5,False,False,True,True,14.3,88.2,-0.255,-8.695,False,False,False,False,True,True,True,3157.9,3
LOTUSDEV,6707.73,LOTUSDEV.NS,Sri Lotus Developers and Realty Limited,NSE,137.16,37.22,46.2,9.3,False,False,True,False,11.8,70.2,-0.301,-0.413,True,False,False,True,True,True,True,140.9,3
LLOYDSME,96982.05,LLOYDSME.NS,Lloyds Metals And Energy Limited,NSE,1778.6,5.82,55.6,32.2,True,True,True,False,22.7,85.4,-0.016,-9.658,False,False,True,True,True,True,False,1790.0,3
LUMAXTECH,11344.85,LUMAXTECH.NS,Lumax Auto Technologies Limited,NSE,1664.4,12.31,48.5,16.6,True,True,True,True,19.0,91.0,0.112,6.156,False,True,True,False,True,True,True,1703.1,3
LODHA,89330.77,LODHA.NS,Lodha Developers Limited,NSE,894.45,41.58,50.5,16.5,False,True,True,True,19.6,88.0,-0.034,-3.194,False,False,True,True,False,True,True,904.0,3
LUPIN,103701.13,LUPIN.NS,Lupin Limited,NSE,2267.7,9.07,47.0,11.1,True,False,True,True,11.4,88.2,-0.162,-0.919,True,False,False,True,True,True,False,2294.0,3
LTM,119433.09,LTM.NS,LTM Limited,NSE,4027.2,37.36,44.1,19.1,False,False,False,True,18.5,90.6,-0.194,14.497,False,False,False,True,False,True,False,4284.0,3
LTFOODS,13357.08,LTFOODS.NS,LT Foods Limited,NSE,384.85,25.78,39.6,22.3,False,False,True,False,14.3,88.8,-0.146,-2.494,False,False,False,True,True,True,True,390.7,3
LT,543956.44,LT.NS,Larsen & Toubro Limited,NSE,3953.2,10.96,47.5,9.5,True,False,True,False,8.0,91.2,-0.034,-6.437,False,False,True,True,False,True,True,3988.0,3
LUXIND,4030.21,LUXIND.NS,Lux Industries Limited,NSE,1343.4,26.32,45.5,14.2,True,True,True,False,31.2,90.0,-0.136,-8.313,True,False,False,True,True,True,True,1355.2,3
LTTS,34100.52,LTTS.NS,L&T Technology Services Limited,NSE,3212.7,32.02,35.3,15.9,False,False,True,True,16.8,88.0,-0.294,-36.901,False,False,False,False,False,True,True,3535.0,3
NELCAST,1224.11,NELCAST.NS,Nelcast Limited,NSE,140.74,22.2,52.9,30.8,True,True,True,False,30.5,87.6,-0.374,-0.322,True,False,True,False,True,True,True,142.5,3
METROPOLIS,11046.42,METROPOLIS.NS,Metropolis Healthcare Limited,NSE,533.2,11.13,54.3,35.9,True,True,True,False,24.6,87.2,-0.171,-1.724,False,False,False,True,False,True,True,537.5,3
LTF,67310.42,LTF.NS,L&T Finance Limited,NSE,268.6,18.47,40.8,11.5,True,False,True,False,13.9,88.2,-0.054,-1.561,False,False,False,False,True,True,True,272.19,3
NDTV,955.85,NDTV.NS,New Delhi Television Limited,NSE,84.74,52.38,60.5,20.7,False,True,False,True,20.5,85.4,-0.058,0.409,False,False,False,False,False,False,True,85.8,3
NELCO,1588.27,NELCO.NS,NELCO Limited,NSE,697.6,39.91,56.3,19.0,False,True,True,False,21.9,90.6,-0.399,0.923,False,False,True,True,True,True,True,715.95,3
NETWEB,26564.54,NETWEB.NS,Netweb Technologies India Limited,NSE,4666.0,6.02,63.8,29.7,True,True,False,True,34.9,84.2,0.091,77.09,False,True,False,False,True,True,True,4965.0,3
NEOGEN,5220.73,NEOGEN.NS,Neogen Chemicals Limited,NSE,1903.6,2.89,67.3,39.0,True,True,True,True,33.4,84.8,0.072,9.16,False,True,False,False,True,True,True,1960.3,3
NESTLEIND,267582.54,NESTLEIND.NS,Nestle India Limited,NSE,1386.2,7.47,42.6,27.8,True,True,True,True,18.4,87.8,-0.278,-10.332,False,False,False,True,True,True,False,1431.7,3
NETWORK18,5165.7,NETWORK18.NS,Network18 Media & Investments Limited,NSE,33.41,48.83,58.4,16.1,False,True,False,True,22.7,91.0,0.277,0.059,False,True,True,False,True,False,True,35.63,3
NEWGEN,6959.34,NEWGEN.NS,Newgen Software Technologies Limited,NSE,489.05,63.39,56.1,18.5,False,True,False,True,19.8,84.4,0.246,6.587,False,True,True,False,True,True,True,514.0,3
NAVKARCORP,1469.97,NAVKARCORP.NS,Navkar Corporation Limited,NSE,97.5,30.46,51.9,12.2,False,True,True,False,22.6,90.8,-0.268,0.065,False,False,True,True,True,True,True,98.9,3
NATIONALUM,72657.15,NATIONALUM.NS,National Aluminium Company Limited,NSE,395.7,11.11,41.3,12.7,True,False,False,True,12.7,89.8,-0.179,-0.806,False,False,False,False,False,True,False,410.2,3
NAUKRI,64089.89,NAUKRI.NS,Info Edge (India) Limited,NSE,988.45,36.23,51.4,20.7,False,False,False,True,16.0,90.6,-0.059,6.549,False,False,False,True,True,True,False,996.0,3
NAZARA,10048.86,NAZARA.NS,Nazara Technologies Limited,NSE,271.5,25.26,46.0,19.8,False,True,False,False,22.1,87.0,0.227,-2.934,False,True,True,True,False,True,True,274.8,3
NAVINFLUOR,36068.97,NAVINFLUOR.NS,Navin Fluorine International Limited,NSE,7032.5,6.54,52.4,34.3,True,True,True,False,20.4,85.2,-0.009,-43.995,False,False,False,True,True,True,False,7119.0,3
NAVA,16919.23,NAVA.NS,NAVA LIMITED,NSE,595.5,19.46,39.6,19.0,False,False,True,False,21.6,87.8,-0.364,-3.373,True,False,False,True,True,True,False,598.8,3
NAVNETEDUL,3150.08,NAVNETEDUL.NS,Navneet Education Limited,NSE,142.52,15.42,50.1,21.2,False,True,True,False,19.4,91.0,-0.098,-0.167,True,False,True,True,False,True,True,143.44,3
NCC,9179.12,NCC.NS,NCC Limited,NSE,146.28,39.59,37.0,20.5,False,False,True,False,15.5,88.2,-0.4,-0.676,True,False,False,True,True,True,True,147.4,3
NBCC,28728.0,NBCC.NS,NBCC (India) Limited,NSE,106.36,18.62,69.4,25.6,True,True,False,True,20.4,84.0,-0.031,0.867,False,False,False,False,True,True,True,111.18,3
NIVABUPA,15226.74,NIVABUPA.NS,Niva Bupa Health Insurance Company Limited,NSE,82.42,11.28,52.7,35.1,True,True,False,False,20.0,87.4,-0.302,-0.361,False,False,False,True,True,False,True,83.39,3
NMDC,81755.11,NMDC.NS,NMDC Limited,NSE,92.9,4.71,55.5,12.0,True,True,False,True,14.7,84.4,0.025,0.266,False,True,False,False,False,False,False,93.78,3
NFL,3622.43,NFL.NS,National Fertilizers Limited,NSE,73.84,34.19,41.6,12.3,False,False,True,False,10.2,88.0,-0.256,-0.313,False,False,False,True,True,False,True,78.5,3
NITCO,2216.6,NITCO.NS,Nitco Limited,NSE,92.17,43.78,44.0,19.2,False,False,True,True,25.2,87.4,-0.161,-0.927,False,False,False,False,False,False,True,93.5,3
NIBE,2381.79,NIBE.NS,NIBE Limited,NSE,1590.4,20.52,79.6,48.4,True,True,False,True,43.5,84.0,0.063,21.517,False,True,False,True,True,True,True,1699.0,3
NOCIL,2695.78,NOCIL.NS,NOCIL Limited,NSE,161.19,23.61,40.9,17.6,False,False,True,False,17.7,88.6,-0.304,-0.749,False,False,True,True,True,True,True,166.31,3
NITINSPIN,3015.36,NITINSPIN.NS,Nitin Spinners Limited,NSE,535.8,5.12,69.6,46.8,True,True,False,True,32.4,83.6,-0.208,0.229,False,False,False,False,True,True,True,544.95,3
NH,40260.1,NH.NS,Narayana Hrudayalaya Ltd.,NSE,1969.2,16.92,61.2,14.6,True,True,False,True,14.9,84.2,0.072,3.527,False,True,False,False,True,True,True,2005.0,3
NIITLTD,1277.66,NIITLTD.NS,NIIT Limited,NSE,93.59,35.85,81.6,30.2,True,True,False,True,35.6,84.0,0.507,3.131,False,True,False,False,True,False,True,101.0,3
NIACL,24950.72,NIACL.NS,The New India Assurance Company Limited,NSE,151.51,29.44,40.3,23.8,False,False,True,False,27.4,91.4,-0.019,-2.013,False,False,True,True,True,True,True,152.32,3
NIITMTS,3136.84,NIITMTS.NS,NIIT Learning Systems Limited,NSE,228.02,48.63,40.2,43.6,False,False,False,True,41.4,90.2,-0.27,2.547,False,False,False,False,True,True,False,301.8,3
MFSL,55337.43,MFSL.NS,Max Financial Services Limited,NSE,1604.2,15.23,45.4,15.0,False,False,True,False,11.8,85.6,-0.034,-10.003,False,False,False,False,False,True,True,1615.0,3
MOBIKWIK,1533.67,MOBIKWIK.NS,One Mobikwik Systems Limited,NSE,194.67,41.72,46.2,11.9,False,False,False,True,26.3,89.6,-0.226,-0.372,True,False,False,True,False,True,True,204.8,3
NLCINDIA,46660.32,NLCINDIA.NS,NLC India Limited,NSE,336.6,13.2,51.2,41.3,True,True,False,False,32.7,87.2,-0.079,-3.301,False,False,True,True,False,True,True,355.5,3
NAM-INDIA,71044.0,NAM-INDIA.NS,Nippon Life India Asset Management Limited,NSE,1113.1,2.74,59.4,32.6,True,True,True,True,20.3,84.0,0.115,-2.88,True,True,False,True,True,True,True,1122.0,3
NATCOPHARM,16006.15,NATCOPHARM.NS,Natco Pharma Limited,NSE,893.4,27.18,23.6,36.3,False,False,False,True,27.8,87.6,-0.268,-34.351,False,False,False,False,True,True,False,938.15,3
MOL,1242.32,MOL.NS,Meghmani Organics Limited,NSE,48.77,54.12,44.3,12.8,False,False,True,False,24.2,88.4,-0.383,-0.302,True,False,False,True,False,False,True,52.2,3
MOKSH,,MOKSH.NS,Moksh Ornaments Limited,NSE,11.82,29.01,45.5,18.2,False,False,True,False,32.3,88.0,-0.472,-0.083,True,False,False,True,True,False,True,12.12,2
NORTHARC,4792.22,NORTHARC.NS,Northern Arc Capital Limited,NSE,296.85,7.72,63.0,27.7,True,True,False,False,28.5,87.8,-0.155,-0.201,True,False,False,False,True,True,True,321.7,3
NHPC,75287.54,NHPC.NS,NHPC Limited,NSE,74.97,18.81,41.1,19.8,False,False,False,True,17.3,89.4,-0.235,-0.462,False,False,False,False,True,False,True,76.0,3
MODISONLTD,1175.5,MODISONLTD.NS,MODISON LIMITED,NSE,362.7,0.0,94.8,66.9,True,True,False,True,62.8,83.6,0.568,14.388,False,True,False,False,True,True,True,362.7,3
MOLDTKPAC,2355.76,MOLDTKPAC.NS,Mold-Tek Packaging Limited,NSE,709.0,20.6,66.6,41.1,True,True,False,False,30.2,84.4,0.131,-1.908,False,True,False,True,False,True,True,714.85,3
MONARCH,2671.34,MONARCH.NS,Monarch Networth Capital Limited,NSE,338.9,15.02,63.3,27.1,True,True,False,True,19.4,85.0,0.063,0.552,False,True,False,True,True,True,True,342.5,3
MMTC,10200.0,MMTC.NS,MMTC Limited,NSE,68.03,13.12,61.6,22.4,True,True,True,True,20.3,91.0,-0.012,0.224,False,False,True,False,True,False,True,68.99,3
MGEL,510.81,MGEL.NS,Mangalam Global Enterprise Limited,NSE,15.47,15.92,69.3,35.5,True,True,False,True,28.5,84.6,-0.143,0.167,False,False,False,False,True,False,True,15.8,3
MOIL,6066.91,MOIL.NS,MOIL Limited,NSE,297.8,26.58,44.0,10.6,False,False,True,False,14.2,89.6,-0.308,-0.483,True,False,False,True,True,True,False,306.35,3
MGL,10747.52,MGL.NS,Mahanagar Gas Limited,NSE,1089.1,31.37,50.5,14.9,False,True,True,False,16.2,87.8,0.002,-0.347,False,True,False,False,False,True,True,1097.5,3
MIDHANI,8148.35,MIDHANI.NS,Mishra Dhatu Nigam Limited,NSE,435.55,7.13,63.3,35.8,True,True,False,True,29.5,84.2,-0.001,0.597,False,False,False,True,True,True,True,438.7,3
MICEL,1042.62,MICEL.NS,MIC Electronics Limited,NSE,43.32,47.79,48.4,18.5,False,True,True,False,35.5,88.0,-0.483,-0.329,True,False,False,True,True,False,True,43.74,3
MINDACORP,15374.0,MINDACORP.NS,Minda Corporation Limited,NSE,643.4,2.96,76.4,33.9,True,True,False,True,24.6,83.8,0.053,7.348,False,True,False,False,True,True,True,663.0,3
MHRIL,4358.35,MHRIL.NS,Mahindra Holidays & Resorts India Limited,NSE,215.52,43.58,34.2,27.4,False,False,False,True,25.0,90.8,-0.224,0.506,False,False,False,True,True,True,False,225.55,3
MINDTECK,680.47,MINDTECK.NS,Mindteck (India) Limited,NSE,212.49,30.94,54.0,24.8,True,True,True,True,24.7,84.6,-0.198,0.046,False,False,True,True,True,True,True,213.87,3
MOSCHIP,4274.82,MOSCHIP.NS,Moschip Technologies Limited,NSE,220.43,23.58,58.3,27.6,True,True,False,True,29.0,88.0,-0.111,0.64,False,False,True,False,True,True,True,225.9,3
MIRCELECTR,1453.56,MIRCELECTR.NS,MIRC Electronics Limited,NSE,39.28,20.21,49.9,36.6,True,True,True,False,39.1,87.8,-0.089,-0.552,False,False,False,True,True,False,True,43.38,3
MMFL,2175.33,MMFL.NS,MM Forgings Limited,NSE,450.55,14.5,46.4,13.2,True,False,True,True,19.7,90.4,-0.325,-0.947,True,False,True,True,False,True,False,465.0,3
MUTHOOTMF,3091.02,MUTHOOTMF.NS,Muthoot Microfin Limited,NSE,181.87,16.57,50.6,11.7,True,True,True,False,26.5,87.8,-0.258,-0.315,True,False,False,True,False,True,True,183.8,3
MUKKA,671.7,MUKKA.NS,Mukka Proteins Limited,NSE,22.41,31.68,43.0,16.9,False,False,True,False,14.8,87.2,-0.345,-0.116,False,False,False,False,False,False,True,23.43,3
NACLIND,3772.49,NACLIND.NS,NACL Industries Limited,NSE,161.18,52.52,51.7,14.0,False,True,True,False,21.0,88.2,-0.275,-0.952,True,False,False,True,True,True,True,167.79,3
MOREPENLAB,2398.94,MOREPENLAB.NS,Morepen Laboratories Limited,NSE,43.75,37.94,51.9,21.4,False,True,False,True,22.6,84.8,-0.141,0.063,False,False,True,False,False,False,True,44.94,3
MOTHERSON,151451.01,MOTHERSON.NS,Samvardhana Motherson International Limited,NSE,143.56,5.41,64.3,44.1,True,True,False,True,22.9,85.0,0.027,0.459,False,True,False,False,True,True,False,151.77,3
MUNJALAU,962.1,MUNJALAU.NS,Munjal Auto Industries Limited,NSE,96.28,15.95,62.8,29.0,True,True,False,True,23.2,85.0,0.145,-0.419,False,True,True,False,True,False,True,99.0,3
MOTISONS,1152.8,MOTISONS.NS,Motisons Jewellers Limited,NSE,11.71,51.25,41.5,24.5,False,False,True,True,23.1,90.2,-0.411,0.058,False,False,False,True,True,False,True,12.24,3
MRPL,27130.23,MRPL.NS,Mangalore Refinery and Petrochemicals Limited,NSE,154.9,27.04,48.6,22.7,False,False,True,True,26.5,90.0,-0.067,1.708,False,False,True,True,True,True,False,156.5,3
MPHASIS,44458.11,MPHASIS.NS,MphasiS Limited,NSE,2330.0,23.28,57.7,16.5,False,True,True,True,16.8,91.2,-0.044,15.067,False,False,False,False,True,True,True,2349.2,3
MSPL,2328.97,MSPL.NS,MSP Steel & Power Limited,NSE,41.1,8.36,55.8,25.2,True,True,False,True,25.3,84.0,-0.24,-0.43,False,False,True,False,False,False,True,42.18,3
MUTHOOTFIN,126520.78,MUTHOOTFIN.NS,Muthoot Finance Limited,NSE,3153.1,24.01,35.2,12.3,False,False,False,True,15.0,91.4,-0.025,-15.796,False,False,False,True,False,True,True,3199.0,3
MSUMI,25598.21,MSUMI.NS,Motherson Sumi Wiring India Limited,NSE,38.58,28.01,43.3,19.0,False,False,True,False,14.4,88.2,-0.227,-0.151,False,False,False,True,False,False,True,39.77,3
TVSSCS,5719.9,TVSSCS.NS,TVS Supply Chain Solutions Limited,NSE,129.67,11.79,65.2,20.9,True,True,False,True,20.6,83.6,0.155,0.574,False,True,False,False,False,True,True,132.0,3
MUKANDLTD,2007.77,MUKANDLTD.NS,Mukand Limited,NSE,138.96,14.22,50.0,25.7,True,True,False,False,18.1,86.8,-0.027,-0.45,False,False,True,True,True,True,True,140.27,3
MOTILALOFS,51471.81,MOTILALOFS.NS,Motilal Oswal Financial Services Limited,NSE,855.35,22.04,52.8,23.2,True,True,True,False,17.2,85.4,-0.151,-4.756,False,False,True,True,True,True,True,866.0,3
MTARTECH,23194.73,MTARTECH.NS,Mtar Technologies Limited,NSE,7535.5,10.82,58.3,39.7,True,True,False,True,51.5,86.0,0.195,-116.453,False,True,False,False,True,True,True,7730.0,3
MSTCLTD,3609.76,MSTCLTD.NS,Mstc Limited,NSE,512.35,10.89,71.0,23.6,True,True,False,True,24.2,84.2,0.46,9.248,False,True,False,False,True,True,True,537.0,3
RUPA,1214.74,RUPA.NS,Rupa & Company Limited,NSE,152.89,34.35,54.7,31.4,False,True,True,False,26.1,89.6,-0.316,0.115,False,False,True,True,True,True,True,153.84,3
TRENT,147947.81,TRENT.NS,Trent Limited,NSE,2774.2,55.69,49.2,12.2,False,True,True,False,15.2,90.4,0.03,-5.144,False,True,False,True,True,True,True,2865.6,3
MUFIN,2121.22,MUFIN.NS,Mufin Green Finance Limited,NSE,122.5,4.43,58.5,19.4,True,True,True,False,19.8,85.4,0.038,-0.307,False,True,False,True,False,True,False,123.8,3
MUFTI,583.45,MUFTI.NS,Credo Brands Marketing Limited,NSE,89.66,51.4,59.7,22.7,False,True,False,False,21.6,85.6,0.029,0.35,False,True,False,True,False,False,True,92.9,3
TRIDENT,12413.75,TRIDENT.NS,Trident Limited,NSE,24.37,27.6,44.0,16.4,False,False,True,True,12.7,88.2,-0.225,-0.017,True,False,False,False,True,False,False,24.78,3
TRITURBINE,21850.51,TRITURBINE.NS,Triveni Turbine Limited,NSE,686.9,12.79,59.7,47.9,True,True,False,False,43.2,85.0,0.288,-4.431,False,True,False,True,True,True,True,787.6,3
MTNL,1954.89,MTNL.NS,Mahanagar Telephone Nigam Limited,NSE,31.0,46.74,57.0,14.3,False,True,True,False,18.6,91.0,-0.232,0.101,False,False,False,False,False,False,True,31.19,3
TRIVENI,8024.8,TRIVENI.NS,Triveni Engineering & Industries Limited,NSE,367.2,17.58,41.1,14.6,False,False,True,False,17.9,90.2,-0.173,-0.881,False,False,False,True,True,True,True,372.0,3
TVSELECT,877.59,TVSELECT.NS,TVS Electronics Limited,NSE,470.15,36.41,48.1,22.6,True,True,False,True,28.7,85.4,0.002,-3.451,False,True,True,True,True,True,True,485.6,3
TTML,9021.99,TTML.NS,Tata Teleservices (Maharashtra) Limited,NSE,46.16,43.1,70.1,38.5,False,True,True,True,19.6,90.2,-0.057,0.257,False,False,False,True,False,False,True,47.5,3
TTKPRESTIG,7312.5,TTKPRESTIG.NS,TTK Prestige Limited,NSE,533.65,30.8,53.1,43.7,False,True,False,False,21.9,87.6,-0.614,-0.217,True,False,True,True,False,True,True,546.95,3
TREL,622.59,TREL.NS,Transindia Real Estate Limited,NSE,25.4,31.17,48.1,12.3,False,False,True,False,18.9,90.0,-0.379,0.107,False,False,False,True,False,False,True,26.37,3
TORNTPHARM,149542.88,TORNTPHARM.NS,Torrent Pharmaceuticals Limited,NSE,4420.9,6.2,53.0,19.1,True,True,False,True,13.7,85.8,-0.187,-19.473,False,False,False,False,True,True,False,4443.5,3
TPLPLASTEH,521.22,TPLPLASTEH.NS,TPL Plastech Limited,NSE,66.54,24.12,48.8,26.7,False,True,True,True,19.5,85.0,-0.172,0.206,False,False,True,True,True,False,True,68.5,3
TRANSRAILL,6624.86,TRANSRAILL.NS,Transrail Lighting Limited,NSE,493.25,42.36,39.4,29.7,False,False,True,True,23.9,89.4,-0.277,0.029,False,False,False,True,True,True,True,512.9,3
TNPL,999.06,TNPL.NS,Tamil Nadu Newsprint & Papers Limited,NSE,144.29,24.36,41.6,20.6,False,False,True,False,17.5,88.4,-0.185,-1.052,False,False,False,True,False,True,True,145.44,3
TVSMOTOR,160719.6,TVSMOTOR.NS,TVS Motor Company Limited,NSE,3383.9,14.76,45.1,16.4,False,False,False,True,16.2,91.8,-0.16,1.744,False,False,False,False,False,True,False,3501.5,3
UNIECOM,971.18,UNIECOM.NS,Unicommerce Esolutions Limited,NSE,86.4,44.54,43.9,10.3,False,False,True,False,24.0,89.8,-0.291,0.345,False,False,False,True,True,False,True,90.37,3
TARACHAND,,TARACHAND.NS,Tara Chand InfraLogistic Solutions Limited,NSE,56.77,45.24,44.4,14.2,False,False,False,True,23.3,87.8,-0.165,0.183,False,False,False,False,False,False,True,58.75,3
UNIPARTS,2853.72,UNIPARTS.NS,Uniparts India Limited,NSE,633.95,3.07,74.6,35.3,True,True,False,True,24.8,85.2,-0.492,4.314,False,False,False,False,True,True,True,654.0,3
TORNTPOWER,73542.2,TORNTPOWER.NS,Torrent Power Limited,NSE,1460.1,19.96,43.1,23.8,True,False,True,True,23.5,89.8,-0.359,-2.763,True,False,False,True,True,True,False,1492.0,3
UNITDSPR,90638.83,UNITDSPR.NS,United Spirits Limited,NSE,1246.7,24.21,40.2,14.5,False,False,True,False,13.2,89.8,-0.059,-3.499,False,False,True,True,True,True,True,1270.7,3
UNITEDPOLY,757.86,UNITEDPOLY.NS,United Polyfab Gujarat Limited,NSE,33.69,34.15,55.8,29.0,True,True,True,False,32.7,85.4,-0.089,-0.26,False,False,False,True,True,False,False,34.0,3
UFBL,1976.21,UFBL.NS,United Foodbrands Limited,NSE,506.0,1.94,67.7,39.0,True,True,False,True,51.0,84.0,0.73,-0.615,False,True,False,True,True,True,False,516.0,3
UNIVCABLES,4255.56,UNIVCABLES.NS,Universal Cables Limited,NSE,1227.5,5.76,65.6,43.6,True,True,False,True,44.0,84.4,0.009,5.719,False,True,False,False,True,True,True,1234.0,3
UGROCAP,1454.28,UGROCAP.NS,Ugro Capital Limited,NSE,93.93,51.21,36.2,19.9,False,False,True,False,24.8,90.0,-0.356,-0.451,False,False,False,True,True,False,True,99.55,3
UNOMINDA,62964.07,UNOMINDA.NS,UNO Minda Limited,NSE,1090.0,21.13,46.9,16.1,False,False,True,False,15.3,88.0,0.028,-2.269,False,True,False,True,False,True,True,1100.5,3
UDS,1299.56,UDS.NS,Updater Services Limited,NSE,193.04,39.49,70.4,30.2,True,True,False,True,26.0,83.6,0.2,0.649,False,True,False,False,True,True,True,204.0,3
UNIONBANK,127519.38,UNIONBANK.NS,Union Bank of India,NSE,167.0,18.73,50.0,14.3,True,False,True,True,20.8,90.4,-0.092,0.889,False,False,True,True,True,True,True,169.46,3
UJJIVANSFB,10412.48,UJJIVANSFB.NS,Ujjivan Small Finance Bank Limited,NSE,53.56,21.24,41.8,8.9,False,False,True,False,20.6,88.0,-0.181,-0.081,True,False,False,True,True,False,False,54.34,3
TMPV,146432.05,TMPV.NS,Tata Motors Passenger Vehicles Limited,NSE,397.8,46.53,66.7,29.5,False,True,False,True,18.6,85.0,0.011,2.055,False,True,False,False,True,True,True,404.0,3
TNPETRO,775.46,TNPETRO.NS,Tamilnadu PetroProducts Limited,NSE,86.07,33.74,38.7,10.8,False,False,True,False,9.6,86.0,-0.052,-0.49,False,False,True,True,True,False,False,89.0,3
UCOBANK,31700.01,UCOBANK.NS,UCO Bank,NSE,25.26,27.1,47.3,20.9,False,False,True,False,12.1,88.2,-0.153,0.024,False,False,False,True,True,False,True,25.62,3
ULTRACEMCO,321517.08,ULTRACEMCO.NS,UltraTech Cement Limited,NSE,10912.0,16.77,32.4,20.0,False,False,True,True,11.7,89.6,-0.237,-72.427,False,False,False,False,True,True,True,11236.0,3
UBL,34974.19,UBL.NS,United Breweries Limited,NSE,1324.0,37.98,39.0,28.5,False,False,True,True,17.3,90.8,-0.003,5.26,False,False,False,True,True,True,False,1359.0,3
TMB,11815.39,TMB.NS,Tamilnad Mercantile Bank Limited,NSE,745.9,3.13,65.1,24.7,True,True,True,True,17.3,88.4,0.094,6.014,False,True,False,False,False,True,False,760.0,3
TEGA,13874.21,TEGA.NS,Tega Industries Limited,NSE,1847.7,13.05,69.4,29.6,True,True,False,True,19.6,83.8,0.36,32.742,False,True,False,False,True,True,False,1857.5,3
TEJASNET,10239.26,TEJASNET.NS,Tejas Networks Limited,NSE,576.2,23.17,69.7,37.1,True,True,False,True,37.0,84.2,0.031,10.334,False,True,False,False,True,True,True,608.65,3
TDPOWERSYS,20507.32,TDPOWERSYS.NS,TD Power Systems Limited,NSE,1312.8,4.84,59.5,40.9,True,True,False,False,36.0,85.4,0.271,-10.176,False,True,False,False,True,True,True,1361.0,3
TECHM,145297.8,TECHM.NS,Tech Mahindra Limited,NSE,1483.5,19.98,53.3,17.1,False,True,False,True,16.5,84.6,-0.054,5.607,False,False,True,True,False,True,True,1506.8,3
TCS,795346.09,TCS.NS,Tata Consultancy Services Limited,NSE,2198.9,37.85,37.6,19.7,False,False,False,True,16.1,90.6,-0.239,-0.963,False,False,False,False,False,True,False,2342.0,3
TEMBO,,TEMBO.NS,Tembo Global Industries Limited,NSE,597.05,28.67,51.1,18.1,True,True,True,True,19.9,85.4,-0.067,-2.98,False,False,True,True,True,True,True,600.25,3
TECHNOE,11826.5,TECHNOE.NS,Techno Electric & Engineering Company Limited,NSE,1017.0,38.51,33.9,21.4,False,False,False,True,27.4,85.8,-0.201,-24.075,False,False,False,False,True,True,True,1119.8,3
TBOTEK,13312.32,TBOTEK.NS,TBO Tek Limited,NSE,1225.2,30.58,52.7,21.8,False,False,True,False,14.3,91.0,-0.068,2.544,False,False,True,True,True,True,True,1231.4,3
TARC,3805.27,TARC.NS,TARC Limited,NSE,128.91,37.45,43.8,12.7,False,False,True,False,15.8,89.8,-0.401,-0.152,True,False,False,True,True,True,True,136.44,3
TBZ,1115.07,TBZ.NS,Tribhovandas Bhimji Zaveri Limited,NSE,167.16,23.3,64.1,30.6,True,True,False,True,33.1,84.6,0.259,4.132,False,True,False,False,True,True,True,170.63,3
TATACHEM,18327.17,TATACHEM.NS,Tata Chemicals Limited,NSE,719.3,29.94,41.2,26.0,False,False,True,False,23.3,89.2,-0.294,-7.231,False,False,True,True,False,True,True,723.55,3
TARIL,9633.82,TARIL.NS,Transformers And Rectifiers (India) Limited,NSE,321.1,44.49,55.6,11.3,False,True,True,False,24.0,89.8,-0.158,0.341,False,False,True,True,False,True,False,328.68,3
TARSONS,1118.4,TARSONS.NS,Tarsons Products Limited,NSE,210.73,47.69,49.0,30.8,False,True,False,True,26.7,85.8,-0.469,-1.024,False,False,False,True,False,True,True,217.15,3
TATVA,2770.44,TATVA.NS,Tatva Chintan Pharma Chem Limited,NSE,1183.5,26.49,44.1,19.6,False,False,False,True,22.0,88.0,-0.192,-1.29,True,False,False,False,False,True,False,1208.0,3
TATACOMM,56226.23,TATACOMM.NS,Tata Communications Limited,NSE,1972.7,3.77,68.5,38.0,True,True,False,True,30.2,85.6,0.283,2.174,False,True,False,False,True,True,True,2004.0,3
TATAELXSI,26787.11,TATAELXSI.NS,Tata Elxsi Limited,NSE,4301.1,36.14,50.8,21.5,False,False,True,True,17.0,91.0,0.008,12.294,False,True,True,True,True,True,False,4347.4,3
TATACONSUM,111875.31,TATACONSUM.NS,TATA CONSUMER PRODUCTS LIMITED,NSE,1130.9,11.83,38.7,27.2,False,False,False,True,16.3,87.6,-0.021,-11.143,False,False,False,False,False,True,True,1138.8,3
TATAPOWER,130705.36,TATAPOWER.NS,Tata Power Company Limited,NSE,409.2,11.98,41.8,15.9,True,False,True,False,16.1,89.6,-0.004,-1.039,False,False,False,True,True,True,True,411.5,3
TATASTEEL,258157.59,TATASTEEL.NS,Tata Steel Limited,NSE,206.77,7.86,43.5,13.7,True,False,False,True,10.2,87.0,-0.037,-0.624,False,False,False,False,False,True,True,209.7,3
TATATECH,31290.35,TATATECH.NS,Tata Technologies Limited,NSE,771.2,3.24,79.4,50.2,True,True,True,False,28.9,84.0,0.417,5.874,False,True,False,True,True,True,True,796.95,3
TIINDIA,60471.76,TIINDIA.NS,Tube Investments of India Limited,NSE,3129.0,8.51,59.4,14.2,True,True,False,True,18.5,85.0,-0.103,0.192,False,False,False,True,False,True,True,3152.0,3
TEXINFRA,1273.63,TEXINFRA.NS,Texmaco Infrastructure & Holdings Limited,NSE,99.46,11.55,53.8,20.2,True,True,True,False,10.6,88.2,-0.023,0.176,False,False,True,False,True,True,False,100.0,3
TIRUPATIFL,,TIRUPATIFL.NS,Tirupati Forge Limited,NSE,44.11,15.17,51.8,12.5,True,True,False,True,20.0,88.4,-0.007,0.242,False,False,False,False,False,False,False,44.7,3
TATAINVEST,33878.61,TATAINVEST.NS,Tata Investment Corporation Limited,NSE,669.7,43.47,45.6,22.4,False,False,True,False,16.0,90.4,-0.196,-1.734,False,False,True,True,True,True,True,681.1,3
TIPSMUSIC,8821.66,TIPSMUSIC.NS,Tips Music Limited,NSE,690.95,4.93,63.2,32.8,True,True,True,True,28.3,84.0,-0.148,-0.533,True,False,False,False,False,True,True,696.45,3
TITAN,378196.9,TITAN.NS,Titan Company Limited,NSE,4260.2,7.49,55.6,10.2,True,True,True,False,13.5,88.0,-0.046,18.406,False,False,True,True,True,True,False,4286.4,3
TITAGARH,11283.64,TITAGARH.NS,TITAGARH RAIL SYSTEMS LIMITED,NSE,837.9,13.96,57.8,16.1,True,True,True,True,22.5,84.2,0.183,3.129,False,True,True,True,True,True,True,850.7,3
TI,10286.01,TI.NS,Tilaknagar Industries Limited,NSE,416.1,24.3,38.2,13.4,False,False,True,True,15.8,90.8,-0.198,-2.541,False,False,False,False,True,True,True,436.25,3
THANGAMAYL,16633.85,THANGAMAYL.NS,Thangamayil Jewellery Limited,NSE,5351.9,5.26,78.5,26.6,True,True,False,True,39.2,84.2,0.323,177.166,False,True,False,False,True,True,False,5649.0,3
TEXRAIL,4249.7,TEXRAIL.NS,Texmaco Rail & Engineering Limited,NSE,104.37,44.78,45.5,16.8,False,False,False,False,27.6,87.2,-0.034,-1.111,True,False,True,True,True,True,True,107.84,3
THYROCARE,8213.73,THYROCARE.NS,Thyrocare Technologies Limited,NSE,518.0,3.48,69.3,48.6,True,True,True,False,27.6,84.2,0.119,0.527,False,True,False,True,True,True,True,526.0,3
TFCILTD,3482.51,TFCILTD.NS,Tourism Finance Corporation of India Limited,NSE,75.25,11.06,53.6,14.1,True,True,False,True,22.4,88.0,-0.225,0.003,False,False,False,False,True,False,False,75.85,3
THELEELA,14011.2,THELEELA.NS,Leela Palaces Hotels & Resorts Limited,NSE,419.35,11.6,52.3,13.5,False,True,True,False,9.6,89.8,-0.072,1.16,False,False,False,True,False,True,True,421.85,3
TIRUMALCHM,2103.65,TIRUMALCHM.NS,Thirumalai Chemicals Limited,NSE,174.14,47.04,29.7,23.5,False,False,True,False,23.8,88.0,-0.205,-4.651,False,False,False,False,True,True,True,183.88,3
WESTLIFE,6932.14,WESTLIFE.NS,WESTLIFE FOODWORLD LIMITED,NSE,444.2,45.78,41.9,22.5,False,False,True,False,20.1,87.2,-0.209,-3.693,False,False,False,True,True,True,True,474.95,3
THERMAX,57586.45,THERMAX.NS,Thermax Limited,NSE,4832.1,4.79,63.1,58.1,True,True,True,True,30.4,84.6,0.098,3.698,False,True,False,False,True,True,True,5016.1,3
THOMASCOOK,4420.64,THOMASCOOK.NS,Thomas Cook  (India)  Limited,NSE,93.86,50.15,49.3,13.7,False,False,False,True,21.3,91.0,-0.175,0.29,False,False,True,False,False,False,False,95.55,3
WELSPUNLIV,13706.29,WELSPUNLIV.NS,Welspun Living Limited,NSE,143.13,6.36,59.7,21.3,True,True,False,True,18.8,84.8,0.307,-0.028,True,True,False,False,True,True,True,144.56,3
TIMETECHNO,8502.87,TIMETECHNO.NS,Time Technoplast Limited,NSE,172.44,30.79,42.1,12.4,False,False,True,False,16.7,90.8,-0.167,-0.399,False,False,False,False,False,True,True,180.9,3
WHIRLPOOL,10147.21,WHIRLPOOL.NS,Whirlpool of India Limited,NSE,800.15,45.71,31.6,23.5,False,False,True,False,22.5,89.6,-0.085,-5.174,True,False,True,True,True,True,False,832.5,3
WEL,1271.07,WEL.NS,Wonder Electricals Limited,NSE,94.54,48.62,41.8,14.9,False,False,True,False,29.6,89.6,-0.214,-0.145,True,False,False,True,False,False,True,107.0,3
VSSL,2656.92,VSSL.NS,Vardhman Special Steels Limited,NSE,275.45,14.98,54.6,17.4,True,True,True,False,24.3,89.0,0.088,-0.843,True,True,True,True,True,True,True,277.0,3
UPL,53794.69,UPL.NS,UPL Limited,NSE,637.45,21.52,46.8,12.0,False,False,False,True,9.9,87.8,-0.077,-0.609,False,False,False,True,False,True,True,651.9,3
WHEELS,3637.1,WHEELS.NS,Wheels India Limited,NSE,1487.7,14.7,54.0,43.3,True,True,False,False,42.4,86.0,0.126,-28.942,False,True,False,True,True,True,True,1744.0,3
WELCORP,36610.18,WELCORP.NS,Welspun Corp Limited,NSE,1388.8,2.68,66.5,37.0,True,True,True,False,34.8,84.2,0.142,-4.306,True,True,False,False,False,True,False,1427.0,3
WELENT,7487.5,WELENT.NS,Welspun Enterprises Limited,NSE,541.4,6.66,65.0,19.2,True,True,True,True,22.4,89.2,-0.028,2.656,False,False,False,False,True,True,True,544.6,3
WAAREEENER,87828.58,WAAREEENER.NS,Waaree Energies Limited,NSE,3053.0,21.01,43.6,13.1,False,False,True,True,16.7,90.6,-0.11,4.329,False,False,True,True,False,True,True,3114.9,3
VSTIND,4380.72,VSTIND.NS,VST Industries Limited,NSE,258.05,19.13,55.8,27.4,True,True,True,False,22.7,91.0,-0.305,-0.868,True,False,False,True,False,True,True,260.3,3
WEBELSOLAR,4801.85,WEBELSOLAR.NS,Websol Energy System Limited,NSE,110.76,29.59,56.1,28.7,True,True,True,False,41.5,89.4,-0.119,-0.659,True,False,False,True,False,True,True,113.09,3
VTL,18265.25,VTL.NS,Vardhman Textiles Limited,NSE,631.4,2.41,62.1,16.1,True,True,True,True,17.7,88.4,-0.035,1.396,False,False,False,False,True,True,False,638.0,3
WCIL,977.95,WCIL.NS,Western Carriers (India) Limited,NSE,96.08,34.77,44.0,17.4,False,False,True,False,20.1,88.8,-0.187,-0.5,True,False,False,True,True,False,True,99.71,3
WALCHANNAG,1640.08,WALCHANNAG.NS,Walchandnagar Industries Limited,NSE,241.75,12.96,53.1,24.4,True,True,False,True,39.8,85.6,-0.111,-3.122,False,False,True,True,True,True,True,263.99,3
WOCKPHARMA,31199.67,WOCKPHARMA.NS,Wockhardt Limited,NSE,1920.9,20.7,60.3,49.7,True,True,False,True,46.0,84.8,-0.175,24.694,False,False,False,False,True,True,True,2422.3,3
WIPRO,208312.53,WIPRO.NS,Wipro Limited,NSE,198.37,27.36,46.2,23.0,False,False,False,True,12.2,91.2,-0.081,0.309,False,False,True,False,False,True,True,203.37,3
WABAG,9972.69,WABAG.NS,VA Tech Wabag Limited,NSE,1600.4,4.29,72.5,20.8,True,True,True,True,19.2,84.0,-0.03,10.778,False,False,False,False,True,True,True,1647.5,3
ZENSARTECH,11023.3,ZENSARTECH.NS,Zensar Technologies Limited,NSE,484.85,45.77,40.5,19.2,False,False,False,True,23.1,90.6,-0.124,1.999,False,False,True,True,False,True,False,496.8,3
WAAREERTL,10126.24,WAAREERTL.NS,Waaree Renewable Technologies Limited,NSE,970.25,28.55,47.8,13.0,False,True,True,False,26.2,91.0,-0.156,-0.376,True,False,False,True,False,True,True,979.0,3
ZIMLAB,559.59,ZIMLAB.NS,Zim Laboratories Limited,NSE,105.12,17.23,63.7,39.1,True,True,True,False,39.9,87.4,-0.115,-0.366,True,False,False,True,True,True,True,108.87,3
ZUARIIND,745.72,ZUARIIND.NS,ZUARI INDUSTRIES LIMITED,NSE,250.8,39.71,45.7,14.8,False,False,True,False,16.1,88.2,-0.186,0.077,False,False,False,True,True,True,True,257.0,3
ZUARI,913.71,ZUARI.NS,Zuari Agro Chemicals Limited,NSE,217.58,44.71,42.3,10.9,False,False,True,False,18.2,90.0,-0.323,-0.47,True,False,False,True,True,True,True,218.71,3
ZENTEC,16395.83,ZENTEC.NS,Zen Technologies Limited,NSE,1815.3,19.96,70.3,15.4,True,True,True,True,22.2,84.2,0.069,17.704,False,True,False,False,True,True,False,1909.9,3
ZYDUSLIFE,109568.82,ZYDUSLIFE.NS,Zydus Lifesciences Limited,NSE,1089.0,2.38,71.1,53.5,True,True,False,True,20.2,85.0,-0.16,0.461,False,False,False,False,True,True,True,1108.9,3
WSI,516.92,WSI.NS,W S Industries (I) Limited,NSE,68.15,32.85,44.5,18.8,False,False,True,False,15.9,88.6,-0.239,0.097,False,False,False,True,True,False,False,70.99,3
YATRA,1549.55,YATRA.NS,Yatra Online Limited,NSE,98.84,51.07,47.2,16.2,False,False,True,True,29.2,91.2,-0.161,0.5,False,False,True,True,True,True,True,103.0,3
XCHANGING,726.02,XCHANGING.NS,Xchanging Solutions Limited,NSE,65.19,37.62,47.3,14.6,False,False,True,False,17.5,85.8,-0.309,-0.306,False,False,True,True,True,False,True,67.6,3
ZYDUSWELL,16122.79,ZYDUSWELL.NS,Zydus Wellness Limited,NSE,504.6,8.65,54.8,35.7,True,True,True,False,13.6,91.6,-0.232,-0.049,True,False,False,True,True,True,True,512.0,3
YESBANK,73159.67,YESBANK.NS,Yes Bank Limited,NSE,23.3,4.12,67.5,28.6,True,True,True,True,22.4,84.8,0.002,-0.017,False,True,True,False,False,False,True,23.47,3
YATHARTH,7790.73,YATHARTH.NS,Yatharth Hospital & Trauma Care Services Limited,NSE,808.9,9.1,50.8,19.6,True,True,True,True,20.4,85.8,-0.246,-6.336,True,False,False,True,False,True,True,819.95,3
VRLLOG,4115.39,VRLLOG.NS,VRL Logistics Limited,NSE,234.99,27.58,40.6,20.3,False,False,False,True,18.1,90.8,-0.193,-0.451,True,False,False,False,True,True,True,243.0,3
URJA,567.49,URJA.NS,Urja Global Limited,NSE,10.81,38.19,50.8,12.4,False,True,True,False,26.8,89.4,-0.03,-0.021,True,False,True,True,False,False,True,11.0,3
ZAGGLE,2705.3,ZAGGLE.NS,Zaggle Prepaid Ocean Services Limited,NSE,200.81,57.26,35.4,24.0,False,False,True,False,34.3,87.6,-0.306,-1.601,True,False,False,True,True,True,True,223.7,3
VOLTAS,42928.99,VOLTAS.NS,Voltas Limited,NSE,1298.3,17.96,50.2,18.2,False,False,True,True,22.1,89.4,-0.079,5.9,False,False,False,False,False,True,True,1310.0,3
ZEEL,10787.59,ZEEL.NS,Zee Entertainment Enterprises Limited,NSE,112.27,25.99,76.4,30.2,True,True,False,True,31.1,84.0,0.284,2.227,False,True,False,False,True,True,True,114.98,3
VBL,177046.29,VBL.NS,Varun Beverages Limited,NSE,523.3,3.88,55.7,26.4,True,True,True,False,23.4,85.0,0.051,-2.182,False,True,False,True,True,True,True,534.7,3
VEDL,123372.74,VEDL.NS,Vedanta Limited,NSE,315.6,60.3,30.0,32.9,False,False,True,False,66.2,90.6,0.173,11.497,False,True,False,True,False,True,True,318.0,3
VARROC,8963.21,VARROC.NS,Varroc Engineering Limited,NSE,586.3,15.6,58.3,24.8,True,True,True,True,18.7,83.6,-0.003,0.721,False,False,False,False,True,True,True,601.8,3
VERANDA,2222.12,VERANDA.NS,Veranda Learning Solutions Limited,NSE,229.73,15.7,56.9,51.5,True,True,False,False,41.3,86.2,0.243,-3.246,False,True,False,True,False,True,False,230.99,3
VENKEYS,1972.72,VENKEYS.NS,Venky's (India) Limited,NSE,1400.4,22.2,34.6,16.9,False,False,False,False,22.7,87.0,-0.558,-17.214,True,False,False,True,True,True,True,1443.3,3
UTIAMC,11946.24,UTIAMC.NS,UTI Asset Management Company Limited,NSE,930.05,37.78,40.7,23.0,False,False,True,False,15.5,90.4,-0.108,-1.775,False,False,False,True,False,True,True,964.0,3
VASCONEQ,740.5,VASCONEQ.NS,Vascon Engineers Limited,NSE,32.03,57.06,34.6,25.4,False,False,True,False,28.1,89.4,-0.371,-0.232,True,False,False,True,True,False,True,32.74,3
VESUVIUS,9598.02,VESUVIUS.NS,Vesuvius India Limited,NSE,473.65,26.68,46.0,15.4,False,False,True,False,17.3,87.8,-0.224,0.479,False,False,False,True,True,True,True,477.65,3
USHAMART,15605.83,USHAMART.NS,Usha Martin Limited,NSE,513.1,2.73,65.2,24.3,True,True,False,True,20.0,84.2,0.182,1.909,False,True,False,False,True,True,True,518.0,3
VERTOZ,,VERTOZ.NS,Vertoz Limited,NSE,38.73,65.42,28.6,16.1,False,False,True,False,30.8,90.2,-0.404,-0.901,False,False,False,True,True,False,True,42.66,3
UTKARSHBNK,2235.08,UTKARSHBNK.NS,Utkarsh Small Finance Bank Limited,NSE,12.56,52.94,34.6,25.3,False,False,True,False,22.1,88.2,-0.391,-0.121,False,False,False,True,True,False,True,13.6,3
V2RETAIL,9039.36,V2RETAIL.NS,V2 Retail Limited,NSE,247.99,4.34,62.9,28.7,True,True,False,True,27.0,84.2,0.334,0.933,False,True,False,False,True,True,True,249.24,3
UTTAMSUGAR,939.34,UTTAMSUGAR.NS,Uttam Sugar Mills Limited,NSE,246.85,24.88,54.5,22.3,True,True,True,False,21.3,89.2,-0.011,-0.534,True,False,True,True,True,True,True,255.68,3
VISHNU,4056.42,VISHNU.NS,Vishnu Chemicals Limited,NSE,603.4,7.45,54.0,23.3,True,True,False,True,22.5,84.6,-0.254,-0.321,True,False,False,False,True,True,False,607.3,3
VAIBHAVGBL,3826.09,VAIBHAVGBL.NS,Vaibhav Global Limited,NSE,228.46,22.09,53.7,18.0,True,True,True,False,15.6,85.6,-0.159,0.349,False,False,True,False,False,True,True,233.0,3
VGUARD,13556.73,VGUARD.NS,V-Guard Industries Limited,NSE,310.45,24.23,46.6,28.7,False,False,False,True,13.4,88.0,-0.29,-0.374,True,False,False,True,True,True,True,316.9,3
VMM,55531.96,VMM.NS,Vishal Mega Mart Limited,NSE,118.73,24.66,45.1,24.1,False,False,True,False,14.8,89.6,0.064,-0.497,False,True,True,False,False,True,True,122.27,3
VIYASH,11146.88,VIYASH.NS,Viyash Scientific Limited,NSE,255.25,7.97,62.3,52.6,True,True,False,True,27.9,85.4,-0.139,-0.634,False,False,False,False,False,True,True,257.85,3
VMART,5286.36,VMART.NS,V-Mart Retail Limited,NSE,665.55,29.57,56.0,22.5,False,True,True,False,14.2,84.4,0.038,-0.145,False,True,True,True,False,True,True,689.9,3
VIPIND,4678.48,VIPIND.NS,VIP Industries Limited,NSE,329.85,33.0,60.4,23.7,False,True,False,True,19.3,84.4,0.285,4.437,False,True,False,False,True,True,False,332.5,3
VIJAYA,14151.39,VIJAYA.NS,Vijaya Diagnostic Centre Limited,NSE,1372.4,3.88,65.2,51.1,True,True,False,True,33.2,83.6,0.057,0.383,False,True,True,False,True,True,True,1379.3,3
VIMTALABS,2429.79,VIMTALABS.NS,Vimta Labs Limited,NSE,544.35,39.69,74.6,26.2,True,True,True,True,24.8,88.2,0.167,8.104,False,True,False,False,False,True,True,611.1,3
SHAILY,14060.19,SHAILY.NS,Shaily Engineering Plastics Limited,NSE,3062.9,4.22,69.0,31.7,True,True,True,True,44.6,84.8,0.228,16.734,False,True,False,True,True,True,False,3198.0,3
SHAKTIPUMP,6666.58,SHAKTIPUMP.NS,Shakti Pumps (India) Limited,NSE,540.5,48.47,56.9,14.7,False,True,True,False,19.3,88.2,-0.185,3.136,False,False,True,True,True,True,True,583.3,3
TANLA,6845.71,TANLA.NS,Tanla Platforms Limited,NSE,517.15,32.49,49.5,24.9,False,True,True,False,24.5,88.2,-0.135,-2.076,True,False,False,True,False,True,True,526.3,3
SHANTIGOLD,1598.37,SHANTIGOLD.NS,Shanti Gold International Limited,NSE,221.13,19.33,53.6,26.1,True,True,False,True,27.8,69.6,-0.247,-0.851,False,False,True,False,True,True,True,222.7,3
SHALBY,1886.39,SHALBY.NS,Shalby Limited,NSE,173.8,36.73,59.8,22.9,False,True,True,True,19.3,84.4,-0.121,0.177,False,False,False,False,False,True,True,177.14,3
SHAREINDIA,2972.74,SHAREINDIA.NS,Share India Securities Limited,NSE,135.29,35.88,41.0,10.2,False,False,True,False,13.4,86.4,-0.411,-0.71,True,False,False,True,True,True,True,138.4,3
SHARDACROP,8057.59,SHARDACROP.NS,Sharda Cropchem Limited,NSE,892.7,31.17,38.4,24.8,False,False,False,False,29.2,86.8,-0.209,-2.286,True,False,True,True,True,True,True,903.8,3
VINCOFE,2173.67,VINCOFE.NS,Vintage Coffee And Beverages Limited,NSE,149.07,17.11,59.8,17.2,True,True,True,True,21.3,85.4,-0.004,1.167,False,False,False,True,True,True,True,151.7,3
SENCO,5745.82,SENCO.NS,Senco Gold Limited,NSE,350.75,13.36,57.8,16.4,True,True,True,True,18.1,88.0,0.011,-0.259,False,True,False,True,True,True,True,356.1,3
SENORES,4765.63,SENORES.NS,Senores Pharmaceuticals Limited,NSE,1034.7,13.37,51.6,39.4,True,True,False,False,33.6,86.8,0.041,-15.817,False,True,False,False,True,True,False,1173.8,3
SERVOTECH,,SERVOTECH.NS,Servotech Renewable Power System Limited,NSE,104.26,37.02,60.8,32.7,True,True,False,True,34.5,84.4,0.023,1.111,False,True,False,False,True,True,True,126.9,3
SETL,3091.12,SETL.NS,Standard Engineering Technology Limited,NSE,154.72,24.14,68.6,13.3,True,True,False,True,20.1,83.6,0.241,0.963,False,True,False,False,True,True,True,155.5,3
SFL,7023.67,SFL.NS,Sheela Foam Limited,NSE,642.75,16.52,66.0,30.2,True,True,False,False,23.3,86.0,-0.105,-0.086,False,False,False,True,True,True,True,652.0,3
SGFIN,3191.6,SGFIN.NS,SG Finserve Limited,NSE,570.35,12.25,54.3,41.8,True,True,True,False,30.8,71.0,-0.265,-3.769,True,False,True,True,True,True,False,574.0,3
SHRIRAMFIN,217225.08,SHRIRAMFIN.NS,Shriram Finance Limited,NSE,923.3,16.67,43.5,18.3,True,False,True,False,16.4,90.6,-0.097,-1.413,False,False,False,False,True,True,False,945.9,3
SHRIRAMPPS,1503.12,SHRIRAMPPS.NS,Shriram Properties Limited,NSE,88.18,16.48,53.2,28.8,True,True,False,True,24.2,88.0,-0.352,-0.213,False,False,True,True,False,False,True,90.4,3
SHYAMMETL,27920.16,SHYAMMETL.NS,Shyam Metalics and Energy Limited,NSE,1001.3,1.25,71.0,34.3,True,True,False,True,20.9,84.2,0.143,3.367,False,True,False,False,True,True,True,1014.0,3
SIGMAADV,7681.41,SIGMAADV.NS,SIGMA ADVANCED SYSTEMS LIMITED,NSE,435.8,6.84,73.4,69.4,True,True,False,True,64.5,83.6,0.343,4.135,False,True,False,True,True,True,False,467.8,3
SHILPAMED,10497.85,SHILPAMED.NS,Shilpa Medicare Limited,NSE,538.05,0.91,77.3,62.2,True,True,False,True,27.0,84.0,0.009,1.897,False,True,False,False,True,True,True,543.0,3
SIGNATURE,11415.09,SIGNATURE.NS,Signatureglobal (India) Limited,NSE,812.55,37.95,44.4,16.6,False,False,True,True,15.7,86.4,-0.229,-1.858,True,False,False,False,True,True,True,836.95,3
SIEMENS,131832.25,SIEMENS.NS,Siemens Limited,NSE,3700.8,6.01,50.4,15.5,True,True,False,True,17.9,84.6,0.119,-13.687,False,True,True,False,True,True,True,3895.5,3
SHRIPISTON,14999.63,SHRIPISTON.NS,Shriram Pistons & Rings Limited,NSE,3406.1,9.53,52.0,18.4,True,True,True,False,16.7,90.2,-0.038,8.669,False,False,False,True,True,True,True,3638.0,3
SHK,1738.57,SHK.NS,S H Kelkar and Company Limited,NSE,125.52,54.44,37.5,20.0,False,False,True,True,25.0,88.2,-0.296,-0.666,False,False,False,True,True,True,True,129.9,3
SHREERAMA,583.92,SHREERAMA.NS,Shree Rama Multi-Tech Limited,NSE,43.6,39.44,44.8,10.4,False,False,True,False,29.6,91.0,-0.096,0.177,False,False,False,True,True,False,False,44.9,3
SHREDIGCEM,1046.62,SHREDIGCEM.NS,Shree Digvijay Cement Co.Ltd,NSE,70.87,34.2,45.2,19.7,False,False,True,True,14.9,88.0,-0.283,-0.168,True,False,False,True,True,False,True,72.99,3
SIGACHI,823.84,SIGACHI.NS,Sigachi Industries Limited,NSE,21.47,63.97,54.5,12.2,False,True,True,False,20.2,90.4,0.103,0.122,False,True,True,True,False,False,True,22.36,3
SHOPERSTOP,3939.71,SHOPERSTOP.NS,Shoppers Stop Limited,NSE,358.0,39.19,61.6,36.3,False,True,True,False,23.7,88.2,0.045,1.331,False,True,True,True,False,True,True,373.75,3
SAKAR,,SAKAR.NS,Sakar Healthcare Limited,NSE,773.2,11.26,57.3,44.7,True,True,False,True,40.3,84.8,0.141,-2.396,False,True,False,False,True,True,True,829.6,3
SHREEPUSHK,1167.07,SHREEPUSHK.NS,Shree Pushkar Chemicals & Fertilisers Limited,NSE,359.35,24.51,47.8,15.2,True,True,True,False,23.0,88.0,-0.168,-0.752,True,False,True,True,True,True,True,363.0,3
SALSTEEL,663.37,SALSTEEL.NS,S.A.L. Steel Limited,NSE,60.77,7.22,58.4,19.8,True,True,True,False,38.2,83.2,0.278,0.037,False,True,False,True,True,False,False,63.0,3
SAMBHV,3111.73,SAMBHV.NS,Sambhv Steel Tubes Limited,NSE,105.71,29.24,41.6,21.3,True,False,False,False,28.5,79.8,-0.568,-0.404,True,False,False,True,True,True,True,106.6,3
SAKSOFT,1791.88,SAKSOFT.NS,Saksoft Limited,NSE,143.23,43.61,51.2,20.5,False,True,False,True,18.0,87.8,-0.154,-0.045,False,False,True,False,True,True,True,149.0,3
SALZERELEC,1095.45,SALZERELEC.NS,Salzer Electronics Limited,NSE,619.05,36.01,42.9,21.5,False,False,False,True,28.0,87.6,-0.164,-8.061,True,False,False,True,False,True,True,646.7,3
SAMHI,3593.03,SAMHI.NS,Samhi Hotels Limited,NSE,162.05,36.33,53.1,23.7,False,True,True,True,17.7,85.6,0.025,1.017,False,True,False,True,True,True,True,164.3,3
SAMMAANCAP,21340.33,SAMMAANCAP.NS,Sammaan Capital Limited,NSE,184.28,4.49,78.2,37.9,True,True,False,False,29.9,84.0,0.151,2.549,False,True,False,False,False,True,True,191.2,3
SAILIFE,25161.1,SAILIFE.NS,Sai Life Sciences Limited,NSE,1186.4,0.3,64.5,18.3,True,True,False,False,20.7,84.0,0.369,-0.447,True,True,False,True,True,True,False,1190.0,3
SAIL,78657.61,SAIL.NS,Steel Authority of India Limited,NSE,190.56,9.13,46.2,31.0,True,True,False,False,23.3,87.2,0.147,-1.779,False,True,False,True,True,True,False,202.35,3
SAGILITY,18739.36,SAGILITY.NS,SAGILITY LIMITED,NSE,40.02,30.87,39.8,11.9,False,False,True,False,12.4,87.8,-0.16,-0.206,False,False,False,False,False,False,True,41.59,3
RVNL,49133.5,RVNL.NS,Rail Vikas Nigam Limited,NSE,235.61,46.79,20.7,37.8,False,False,False,True,25.4,91.0,-0.393,-3.099,True,False,False,False,True,True,False,273.4,3
SANDHAR,4235.02,SANDHAR.NS,Sandhar Technologies Limited,NSE,703.1,5.63,70.6,38.3,True,True,False,True,37.1,84.2,0.243,6.421,False,True,False,False,True,True,True,720.0,3
SANDUMA,10820.69,SANDUMA.NS,Sandur Manganese & Iron Ores Limited,NSE,222.86,18.37,48.6,15.6,True,True,True,False,23.5,88.0,-0.289,-1.803,False,False,True,True,True,True,True,225.99,3
SBICARD,56120.93,SBICARD.NS,SBI Cards and Payment Services Limited,NSE,589.6,42.6,22.9,27.8,False,False,True,True,16.2,90.8,-0.117,-2.151,False,False,False,False,True,True,False,631.8,3
SBFC,10292.13,SBFC.NS,SBFC Finance Limited,NSE,92.96,24.42,51.4,25.0,False,True,True,True,14.6,90.6,-0.032,0.142,False,False,True,True,False,False,True,94.5,3
SCHNEIDER,28061.25,SCHNEIDER.NS,Schneider Electric Infrastructure Limited,NSE,1172.2,17.32,44.4,27.5,True,True,False,True,31.9,85.4,0.167,-32.907,False,True,False,False,True,True,True,1355.0,3
SBC,1764.76,SBC.NS,SBC Exports Limited,NSE,37.1,8.28,56.2,21.7,True,True,False,False,20.2,85.0,-0.074,-0.181,False,False,False,False,False,False,True,40.15,3
SBILIFE,178975.83,SBILIFE.NS,SBI Life Insurance Company Limited,NSE,1782.8,16.38,37.4,17.1,False,False,True,False,11.6,91.2,-0.137,-9.6,False,False,False,True,True,True,True,1800.9,3
SBIN,902523.63,SBIN.NS,State Bank of India,NSE,977.7,20.81,45.1,26.0,False,False,True,False,16.7,90.8,-0.082,5.708,False,False,False,True,False,True,True,984.45,3
SCI,14097.41,SCI.NS,Shipping Corporation Of India Limited,NSE,302.65,17.93,48.2,21.8,True,True,True,False,36.2,87.8,-0.368,-3.589,True,False,False,True,True,True,True,322.8,3
SBCL,4107.18,SBCL.NS,Shivalik Bimetal Controls Limited,NSE,712.7,9.67,61.8,49.7,True,True,True,True,40.4,85.2,-0.11,-3.146,False,False,False,True,True,True,True,783.0,3
SDBL,1473.65,SDBL.NS,Som Distilleries & Breweries Limited,NSE,74.64,56.86,34.2,19.4,False,False,True,True,25.3,88.2,-0.441,-1.452,False,False,False,True,True,False,True,75.5,3
SANGHVIMOV,3231.88,SANGHVIMOV.NS,Sanghvi Movers Limited,NSE,373.15,9.41,64.6,34.4,True,True,False,True,28.2,85.6,-0.308,-0.008,False,False,False,True,False,True,True,375.7,3
SANGINITA,,SANGINITA.NS,Sanginita Chemicals Limited,NSE,31.57,0.0,87.5,55.1,True,True,True,True,38.7,83.6,0.382,0.308,False,True,False,True,True,False,True,31.57,3
SCILAL,2111.47,SCILAL.NS,Shipping Corporation of India Land and Assets Limited,NSE,45.29,24.94,47.5,15.8,False,False,True,False,25.1,87.8,-0.423,-0.326,True,False,False,True,True,False,True,46.75,3
SAREGAMA,9173.88,SAREGAMA.NS,Saregama India Limited,NSE,476.2,18.6,75.2,54.7,True,True,False,True,33.4,83.6,0.117,5.689,False,True,False,False,True,True,True,489.0,3
SANSERA,18362.71,SANSERA.NS,Sansera Engineering Limited,NSE,2945.1,1.57,67.7,30.8,True,True,False,False,24.7,85.4,0.114,10.662,False,True,False,False,True,True,False,2975.0,3
SARDAEN,19252.36,SARDAEN.NS,Sarda Energy & Minerals Limited,NSE,546.55,14.57,50.4,22.2,True,False,True,True,18.8,89.6,-0.18,-0.323,True,False,False,True,True,True,True,549.9,3
SAPPHIRE,5704.55,SAPPHIRE.NS,Sapphire Foods India Limited,NSE,177.44,51.78,47.1,10.6,False,False,True,False,24.5,89.2,0.155,-0.661,False,True,True,True,True,True,True,179.0,3
SANSTAR,2148.66,SANSTAR.NS,Sanstar Limited,NSE,117.96,3.3,63.4,43.3,True,True,False,True,33.4,85.0,0.139,-0.1,False,True,False,False,False,True,True,120.0,3
SARLAPOLY,836.87,SARLAPOLY.NS,Sarla Performance Fibers Limited,NSE,100.21,21.4,63.7,27.2,True,True,True,True,21.1,84.2,0.1,-0.023,False,True,False,False,True,True,True,101.0,3
SCODATUBES,754.25,SCODATUBES.NS,Scoda Tubes Limited,NSE,125.82,45.5,37.7,27.1,False,False,False,True,27.9,87.8,-0.251,-1.396,True,False,False,False,True,True,True,129.12,3
SILGO,,SILGO.NS,Silgo Retail Limited,NSE,76.65,11.08,45.0,18.0,True,False,False,False,25.5,84.6,0.058,-0.171,False,True,True,True,True,False,False,78.5,3
SASKEN,3317.03,SASKEN.NS,Sasken Technologies Limited,NSE,2181.2,7.53,69.2,59.6,True,True,False,False,50.0,84.2,0.202,8.266,False,True,False,True,True,True,True,2358.7,3
SATIN,2664.56,SATIN.NS,Satin Creditcare Network Limited,NSE,241.39,2.27,75.0,53.4,True,True,False,True,38.3,83.8,-0.48,0.323,False,False,False,False,True,True,True,247.0,3
SUNFLAG,6714.98,SUNFLAG.NS,Sunflag Iron And Steel Company Limited,NSE,372.1,13.06,53.4,30.6,True,True,True,True,43.9,88.2,-0.182,-3.764,False,False,True,False,True,True,True,407.0,3
SUNDRMFAST,17650.78,SUNDRMFAST.NS,Sundram Fasteners Limited,NSE,840.15,22.21,49.0,16.1,False,False,True,False,14.9,88.4,-0.118,-3.469,False,False,True,True,False,True,True,869.9,3
STEELXIND,1542.81,STEELXIND.NS,STEEL EXCHANGE INDIA LIMITED,NSE,12.34,7.84,67.0,27.0,True,True,False,True,40.2,85.0,0.005,0.092,False,True,False,True,True,False,True,13.39,3
SATIA,541.5,SATIA.NS,Satia Industries Limited,NSE,54.07,44.54,25.8,35.6,False,False,True,True,28.6,89.6,-0.262,-0.775,True,False,False,True,True,False,True,63.25,3
SUPRAJIT,6517.0,SUPRAJIT.NS,Suprajit Engineering Limited,NSE,475.75,8.09,66.6,27.0,True,True,False,True,21.8,85.2,-0.462,2.769,False,False,False,False,True,True,False,478.75,3
SUNPHARMA,427923.31,SUNPHARMA.NS,Sun Pharmaceutical Industries Limited,NSE,1782.2,7.01,42.3,19.7,True,False,True,True,15.8,86.6,-0.056,-13.368,False,False,False,True,False,True,False,1792.2,3
SUMEETINDS,1448.97,SUMEETINDS.NS,Sumeet Industries Limited,NSE,27.39,32.37,36.7,20.3,False,False,False,True,13.9,90.0,-0.018,-0.139,True,False,False,False,True,False,False,27.95,3
SUMICHEM,23604.6,SUMICHEM.NS,Sumitomo Chemical India Limited,NSE,472.05,29.02,51.5,18.4,True,True,True,True,21.6,88.2,0.157,-2.53,False,True,True,True,True,True,True,475.05,3
SUNTV,20350.53,SUNTV.NS,Sun TV Network Limited,NSE,516.55,21.82,42.5,37.7,False,False,False,True,27.2,90.8,-0.209,3.412,False,False,True,True,False,True,True,522.0,3
SULA,1316.53,SULA.NS,Sula Vineyards Limited,NSE,155.93,53.58,37.8,18.4,False,False,True,False,16.5,89.6,-0.388,-0.343,True,False,False,True,True,True,True,161.44,3
STOVEKRAFT,2146.68,STOVEKRAFT.NS,Stove Kraft Limited,NSE,649.25,20.23,74.6,47.1,True,True,False,True,21.9,83.8,-0.153,7.959,False,False,False,False,False,True,True,686.95,3
SUNTECK,4151.22,SUNTECK.NS,Sunteck Realty Limited,NSE,282.3,41.03,36.7,20.3,False,False,True,True,27.8,90.4,-0.289,-1.003,True,False,False,True,True,True,True,312.6,3
STYLEBAAZA,2514.23,STYLEBAAZA.NS,Baazar Style Retail Limited,NSE,337.8,20.89,43.5,26.6,True,False,True,False,34.0,87.4,-0.037,-3.895,True,False,True,True,True,True,True,340.0,3
SUDARSCHEM,6960.9,SUDARSCHEM.NS,Sudarshan Chemical Industries Limited,NSE,886.65,44.69,45.2,20.7,False,False,True,True,30.7,85.2,-0.249,-11.394,False,False,False,True,True,True,True,893.9,3
STLTECH,30234.66,STLTECH.NS,Sterlite Technologies Limited,NSE,619.25,8.92,82.2,69.0,True,True,True,False,67.9,84.0,0.258,12.607,False,True,False,True,True,True,True,679.9,3
SWSOLAR,4757.04,SWSOLAR.NS,Sterling and Wilson Renewable Energy Limited,NSE,203.67,41.63,56.7,16.0,False,True,True,False,25.1,90.2,-0.026,0.4,False,False,False,True,False,True,True,213.4,3
SYNGENE,17527.31,SYNGENE.NS,Syngene International Limited,NSE,434.25,40.4,41.3,26.5,False,False,True,False,24.5,89.2,-0.052,-4.759,False,False,False,True,True,True,True,448.65,3
SYNCOMF,1363.0,SYNCOMF.NS,Syncom Formulations (India) Limited,NSE,14.49,36.0,50.4,18.2,False,True,False,True,22.2,85.8,-0.063,-0.099,False,False,True,False,True,False,True,14.83,3
SYMPHONY,4719.79,SYMPHONY.NS,Symphony Limited,NSE,687.4,42.91,31.2,24.6,False,False,True,False,23.6,89.6,-0.436,-2.099,True,False,False,True,True,True,False,731.45,3
SYRMA,23650.66,SYRMA.NS,Syrma SGS Technology Limited,NSE,1226.8,0.58,79.6,45.6,True,True,False,False,31.6,84.2,-0.122,15.42,False,False,False,False,True,True,True,1234.0,3
SUBEXLTD,618.2,SUBEXLTD.NS,Subex Limited,NSE,10.97,36.18,57.9,23.4,False,True,True,False,34.0,88.0,-0.258,-0.06,False,False,True,True,True,False,True,11.34,3
SUPREMEIND,45756.98,SUPREMEIND.NS,Supreme Industries Limited,NSE,3602.0,23.99,50.8,14.2,False,False,True,False,12.4,91.4,-0.065,14.347,False,False,False,True,True,True,True,3640.7,3
SWIGGY,69187.26,SWIGGY.NS,Swiggy Limited,NSE,250.6,47.13,41.6,21.5,False,False,True,True,18.2,90.0,-0.151,0.208,False,False,False,True,False,True,False,262.95,3
TALBROAUTO,2165.11,TALBROAUTO.NS,Talbros Automotive Components Limited,NSE,350.75,5.91,62.0,56.9,True,True,False,True,31.3,86.0,-0.103,-1.101,False,False,False,True,True,True,True,372.8,3
SUPRIYA,7632.18,SUPRIYA.NS,Supriya Lifescience Limited,NSE,947.95,12.63,66.8,47.8,True,True,False,True,43.3,84.4,0.387,15.656,False,True,False,False,False,True,True,1085.0,3
SWANCORP,9754.78,SWANCORP.NS,SWAN CORP LIMITED,NSE,311.45,40.87,41.1,11.9,False,False,True,False,20.2,91.2,-0.211,-0.123,False,False,False,True,False,True,True,326.9,3
SUZLON,75928.93,SUZLON.NS,Suzlon Energy Limited,NSE,55.31,20.42,55.9,15.5,True,True,True,True,24.9,85.0,0.105,-0.164,False,True,False,False,False,False,True,55.69,3
SUVEN,6254.13,SUVEN.NS,Suven Life Sciences Limited,NSE,237.35,20.88,45.7,45.7,True,True,False,False,39.8,84.8,0.2,-3.793,False,True,False,False,True,True,True,242.7,3
TAJGVK,2081.38,TAJGVK.NS,Taj GVK Hotels & Resorts Limited,NSE,331.9,35.26,53.3,25.2,False,True,True,True,16.3,84.8,0.174,2.297,False,True,False,True,True,True,True,341.9,3
SURYODAY,1827.65,SURYODAY.NS,Suryoday Small Finance Bank Limited,NSE,171.83,9.93,66.2,40.6,True,True,True,False,32.3,87.0,-0.208,-0.136,True,False,True,True,True,True,False,184.79,3
SNOWMAN,625.24,SNOWMAN.NS,Snowman Logistics Limited,NSE,37.54,41.71,44.0,19.6,False,False,True,False,17.7,91.4,-0.312,-0.044,True,False,False,True,True,False,True,38.39,3
SMSPHARMA,3453.42,SMSPHARMA.NS,SMS Pharmaceuticals Limited,NSE,369.1,17.57,43.0,22.6,True,False,True,True,21.6,90.8,-0.353,-3.266,True,False,False,True,False,True,False,394.25,3
SOBHA,14357.33,SOBHA.NS,Sobha Limited,NSE,1342.6,22.51,40.0,24.3,False,False,True,False,20.4,88.2,0.07,-8.021,False,True,True,True,False,True,True,1433.0,3
SMCGLOBAL,1253.68,SMCGLOBAL.NS,SMC Global Securities Limited,NSE,59.88,36.9,38.4,17.6,False,False,True,False,17.0,88.4,-0.162,-0.199,False,False,False,True,True,False,True,63.4,3
SOLARA,2558.91,SOLARA.NS,Solara Active Pharma Sciences Limited,NSE,534.85,27.17,50.7,43.3,True,True,False,False,22.3,86.4,0.255,-4.253,False,True,True,True,False,True,True,549.0,3
SOLARINDS,166792.63,SOLARINDS.NS,Solar Industries India Limited,NSE,18441.0,2.29,67.2,44.5,True,True,False,True,27.6,84.6,0.218,-87.062,False,True,False,False,True,True,False,18799.0,3
SURYAROSNI,5618.27,SURYAROSNI.NS,Surya Roshni Limited,NSE,258.17,28.09,59.6,16.9,False,True,False,True,24.6,88.4,-0.111,1.675,False,False,True,False,False,True,True,265.03,3
SKYGOLD,8188.96,SKYGOLD.NS,SKY GOLD AND DIAMONDS LIMITED,NSE,528.45,10.43,60.8,43.6,True,True,False,True,36.6,84.2,0.041,5.257,False,True,False,False,True,True,False,549.9,3
SURAJEST,892.65,SURAJEST.NS,Suraj Estate Developers Limited,NSE,186.69,53.18,26.6,22.4,False,False,True,False,30.7,91.2,-0.562,-4.05,False,False,False,True,True,True,True,222.01,3
SINDHUTRAD,3928.83,SINDHUTRAD.NS,Sindhu Trade Links Limited,NSE,25.59,34.87,53.7,23.3,True,True,False,True,23.3,85.8,0.227,-0.061,False,True,False,True,True,False,True,25.8,3
SKMEGGPROD,1295.17,SKMEGGPROD.NS,SKM Egg Products Export (India) Limited,NSE,245.84,3.21,77.7,47.3,True,True,False,True,37.0,84.0,0.022,5.7,False,True,False,False,True,True,True,254.0,3
SILVERTUC,2274.97,SILVERTUC.NS,Silver Touch Technologies Limited,NSE,178.83,84.0,69.7,24.0,False,True,False,True,34.0,84.6,0.138,2.144,False,True,False,False,True,True,False,713.05,3
SIS,5889.18,SIS.NS,SIS LIMITED,NSE,417.05,5.14,67.3,45.5,True,True,True,True,33.1,83.6,0.012,0.017,False,True,False,False,True,True,True,439.65,3
SJS,6413.91,SJS.NS,S.J.S. Enterprises Limited,NSE,2003.8,6.27,56.7,39.0,True,True,True,True,25.6,84.4,-0.138,-11.653,False,False,True,False,True,True,True,2033.5,3
SIMPLEXINF,1914.11,SIMPLEXINF.NS,Simplex Infrastructures Limited,NSE,241.0,26.97,55.4,18.9,True,True,True,True,32.2,84.0,0.08,0.352,False,True,False,False,False,True,True,245.99,3
SKIPPER,6284.86,SKIPPER.NS,Skipper Limited,NSE,556.6,5.34,69.5,43.9,True,True,False,True,37.3,83.8,0.097,6.519,False,True,False,False,True,True,True,559.55,3
SIRCA,2383.59,SIRCA.NS,Sirca Paints India Limited,NSE,419.45,22.18,44.9,16.6,False,False,False,False,11.0,90.8,-0.193,0.151,False,False,True,True,False,True,True,424.0,3
SJVN,28946.87,SJVN.NS,SJVN Limited,NSE,73.68,30.39,46.1,12.7,False,False,True,False,15.7,89.4,-0.11,-0.176,True,False,False,True,False,False,True,74.4,3
SRM,1171.76,SRM.NS,SRM Contractors Limited,NSE,510.7,21.42,53.7,28.9,True,True,False,True,25.4,85.2,-0.449,-2.552,False,False,False,True,False,True,True,531.0,3
SIYSIL,2793.21,SIYSIL.NS,Siyaram Silk Mills Limited,NSE,615.65,27.47,61.1,16.9,True,True,False,True,19.5,84.2,0.042,1.435,False,True,False,False,True,True,True,618.8,3
STANLEY,811.18,STANLEY.NS,Stanley Lifestyles Limited,NSE,141.79,62.44,38.2,16.1,False,False,True,True,32.5,88.2,-0.551,-2.683,False,False,True,True,True,True,True,146.5,3
STARCEMENT,8441.31,STARCEMENT.NS,Star Cement Limited,NSE,209.06,32.33,37.5,16.8,False,False,False,True,14.3,88.2,-0.36,-0.908,False,False,False,False,True,True,True,216.75,3
STAR,9613.15,STAR.NS,Strides Pharma Science Limited,NSE,1044.6,15.14,38.7,30.0,True,False,False,False,20.5,87.6,-0.039,-19.587,False,False,False,True,True,True,True,1110.0,3
SONACOMS,37452.33,SONACOMS.NS,Sona BLW Precision Forgings Limited,NSE,602.3,3.14,55.2,12.3,True,True,True,False,15.4,85.4,0.016,-1.04,False,True,True,True,False,True,False,605.6,3
STCINDIA,729.0,STCINDIA.NS,The State Trading Corporation of India Limited,NSE,121.97,27.59,57.3,23.2,False,True,True,True,19.3,91.0,-0.279,0.36,False,False,True,True,False,True,True,122.7,3
SRF,80179.95,SRF.NS,SRF Limited,NSE,2704.9,18.65,54.0,13.4,False,True,True,True,16.3,87.8,-0.133,-3.809,False,False,False,True,False,True,True,2752.8,3
STALLION,2209.69,STALLION.NS,Stallion India Fluorochemicals Limited,NSE,189.9,55.19,67.3,29.4,True,True,False,True,34.4,84.2,0.123,1.823,False,True,False,False,False,True,True,207.64,3
SSWL,3568.0,SSWL.NS,Steel Strips Wheels Limited,NSE,226.89,18.97,64.5,19.1,True,True,False,True,16.8,83.8,-0.107,1.782,False,False,False,False,True,True,True,228.18,3
SOUTHWEST,780.65,SOUTHWEST.NS,South West Pinnacle Exploration Limited,NSE,262.75,4.45,59.2,25.6,True,True,True,False,23.5,84.8,-0.146,0.451,False,False,False,True,True,True,False,271.0,3
SPANDANA,1816.14,SPANDANA.NS,Spandana Sphoorty Financial Limited,NSE,255.0,16.62,52.2,16.8,True,True,True,False,30.3,88.0,-0.19,-1.813,True,False,True,True,True,True,True,261.55,3
STARHEALTH,30955.91,STARHEALTH.NS,Star Health and Allied Insurance Company Limited,NSE,526.0,10.28,57.8,38.8,True,True,True,False,21.7,89.4,-0.059,-0.578,False,False,True,True,True,True,True,531.85,3
SONATSOFTW,7469.11,SONATSOFTW.NS,Sonata Software Limited,NSE,265.7,41.32,49.2,28.2,False,False,True,True,23.1,88.0,-0.16,-0.823,True,False,True,False,False,True,True,269.04,3
SOTL,3835.27,SOTL.NS,Savita Oil Technologies Limited,NSE,560.5,6.43,83.6,47.0,True,True,False,True,44.0,84.2,0.221,13.137,False,True,False,False,True,True,True,599.0,3
SPARC,6894.46,SPARC.NS,Sun Pharma Advanced Research Company Limited,NSE,212.82,14.44,62.9,36.7,True,True,False,True,52.3,85.6,0.185,-0.907,False,True,False,True,True,True,True,248.75,3
SOUTHBANK,11514.91,SOUTHBANK.NS,The South Indian Bank Limited,NSE,44.0,6.06,66.7,22.7,True,True,True,True,17.3,84.0,0.119,0.372,False,True,False,False,True,False,False,46.84,3
SPORTKING,2291.74,SPORTKING.NS,Sportking India Limited,NSE,180.38,9.13,63.7,39.6,True,True,False,True,32.8,84.4,0.032,0.941,False,True,False,True,True,True,True,192.9,3
SPMLINFRA,1555.93,SPMLINFRA.NS,SPML Infra Limited,NSE,197.0,39.08,44.1,19.7,False,False,True,False,22.4,88.4,-0.221,-1.677,False,False,False,True,True,True,True,198.8,3
CARTRADE,9396.05,CARTRADE.NS,Cartrade Tech Limited,NSE,1958.4,40.48,63.0,21.7,False,True,True,True,24.3,88.2,0.041,19.279,False,True,True,False,False,True,True,2000.0,3
CARRARO,2967.93,CARRARO.NS,Carraro India Limited,NSE,522.5,21.73,40.4,27.8,True,False,True,True,29.0,90.2,-0.612,-8.098,False,False,False,True,False,True,True,530.0,3
SPIC,1417.74,SPIC.NS,Southern Petrochemicals Industries Corporation  Limited,NSE,69.64,45.68,50.2,13.9,False,True,False,True,16.0,85.6,-0.13,-0.227,False,False,True,True,False,False,True,70.75,3
CARBORUNIV,19873.23,CARBORUNIV.NS,Carborundum Universal Limited,NSE,1039.8,10.85,57.7,45.1,True,True,False,True,26.4,86.4,0.036,-9.018,True,True,True,True,True,True,True,1123.9,2
CASTROLIND,18150.4,CASTROLIND.NS,Castrol India Limited,NSE,183.52,21.04,51.0,10.8,False,True,True,False,6.4,88.8,-0.268,0.006,False,False,False,True,False,True,True,185.95,3
CCAVENUE,4890.5,CCAVENUE.NS,AvenuesAI Limited,NSE,14.01,40.74,49.2,9.8,False,False,True,False,15.5,91.0,-0.333,0.042,False,False,True,True,True,False,True,14.18,3
CCCL,655.4,CCCL.NS,Consolidated Construction Consortium Limited,NSE,14.67,49.19,41.1,9.4,False,False,True,False,27.1,90.2,-0.233,-0.002,True,False,False,True,True,False,True,16.27,3
SPLPETRO,13120.58,SPLPETRO.NS,Supreme Petrochem Limited,NSE,697.95,28.71,48.2,16.3,False,False,True,False,22.0,90.2,-0.128,3.59,False,False,False,True,True,True,True,709.35,3
CARYSIL,3138.5,CARYSIL.NS,CARYSIL LIMITED,NSE,1102.0,5.94,63.8,28.7,True,True,False,True,31.7,84.2,0.085,2.435,False,True,False,False,True,True,True,1143.85,3
CDSL,,CDSL.NS,Central Depository Services (India) Limited,NSE,1217.5,33.43,45.8,16.1,False,False,True,False,17.7,90.8,-0.106,2.137,False,False,True,True,True,True,True,1229.0,3
CCL,14368.27,CCL.NS,CCL Products (India) Limited,NSE,1079.1,11.37,47.8,15.9,True,False,True,False,14.3,88.2,-0.066,-1.025,True,False,False,True,False,True,False,1105.0,3
CEATLTD,12905.0,CEATLTD.NS,CEAT Limited,NSE,3191.5,28.09,42.5,13.6,False,False,True,False,21.7,89.4,-0.162,7.014,False,False,False,True,True,True,False,3269.3,3
CAPACITE,1879.9,CAPACITE.NS,Capacit'e Infraprojects Limited,NSE,222.09,37.9,41.9,19.1,False,False,True,False,20.8,91.0,-0.294,-0.011,True,False,False,True,False,True,True,232.15,3
CEIGALL,6266.15,CEIGALL.NS,Ceigall India Limited,NSE,358.5,7.22,60.4,40.7,True,True,True,False,25.5,87.6,-0.196,0.18,False,False,False,False,True,True,True,376.0,3
CAMPUS,7436.61,CAMPUS.NS,Campus Activewear Limited,NSE,243.1,20.14,46.8,21.7,False,False,False,True,12.0,85.6,0.012,0.564,False,True,True,True,True,True,True,245.5,3
BSOFT,9165.01,BSOFT.NS,BIRLASOFT LIMITED,NSE,327.8,30.84,45.0,17.2,False,False,False,True,23.4,90.6,-0.294,2.064,False,False,True,False,False,True,False,337.25,3
CANTABIL,1830.84,CANTABIL.NS,Cantabil Retail India Limited,NSE,219.65,31.68,43.9,26.9,False,False,True,False,18.7,90.2,-0.145,0.706,False,False,True,True,False,True,False,222.85,3
CAMS,18877.82,CAMS.NS,Computer Age Management Services Limited,NSE,761.0,13.03,47.4,10.3,True,True,True,False,18.1,88.0,-0.298,-5.087,False,False,True,True,True,True,True,765.9,3
CAMLINFINE,2593.3,CAMLINFINE.NS,Camlin Fine Sciences Limited,NSE,135.08,59.47,61.5,16.4,False,True,True,True,28.4,87.8,0.114,0.203,False,True,False,False,True,True,True,137.47,3
BUTTERFLY,1173.52,BUTTERFLY.NS,Butterfly Gandhimathi Appliances Limited,NSE,656.3,20.34,50.1,31.5,False,True,False,False,21.7,87.0,0.216,-3.789,False,True,False,True,False,True,True,672.8,3
CANBK,123179.44,CANBK.NS,Canara Bank,NSE,135.81,16.62,56.6,13.7,True,True,False,True,15.8,90.4,-0.041,0.765,False,False,False,True,True,True,True,137.59,3
CANFINHOME,10754.86,CANFINHOME.NS,Can Fin Homes Limited,NSE,807.9,16.84,35.3,28.9,False,False,True,True,15.1,89.8,0.022,-2.801,False,True,False,False,False,True,False,817.75,3
CELLO,8443.33,CELLO.NS,Cello World Limited,NSE,382.1,43.29,42.6,29.2,False,False,True,True,17.5,90.2,-0.17,0.185,False,False,False,False,False,True,False,409.0,3
CHENNPETRO,17585.69,CHENNPETRO.NS,Chennai Petroleum Corporation Limited,NSE,1181.4,3.56,70.5,21.6,True,True,True,False,23.2,84.4,0.044,17.984,False,True,False,False,True,True,False,1225.0,3
CHOICEIN,14801.27,CHOICEIN.NS,Choice International Limited,NSE,663.65,22.88,44.6,10.5,False,False,True,False,11.7,90.0,-0.041,-0.601,False,False,True,True,False,True,True,693.4,3
CEMPRO,19148.3,CEMPRO.NS,Cemindia Projects Limited,NSE,1112.8,3.15,71.7,45.7,True,True,True,False,47.4,84.0,0.286,10.103,False,True,False,True,True,True,True,1149.0,3
CHOLAHLDNG,27222.1,CHOLAHLDNG.NS,Cholamandalam Financial Holdings Limited,NSE,1449.0,35.07,30.5,21.9,False,False,True,True,20.4,88.0,-0.378,-26.241,False,False,False,True,True,True,True,1576.7,3
CHOLAFIN,128151.24,CHOLAFIN.NS,Cholamandalam Investment and Finance Company Limited,NSE,1503.2,17.93,44.0,11.4,False,False,True,False,16.7,88.2,-0.231,-8.144,False,False,False,True,True,True,True,1528.4,3
CIEINDIA,17173.73,CIEINDIA.NS,CIE Automotive India Limited,NSE,452.05,14.06,45.9,19.4,True,False,True,False,13.9,89.0,-0.148,-0.289,True,False,False,True,False,True,False,455.65,3
CLSEL,1389.33,CLSEL.NS,Chaman Lal Setia Exports Limited,NSE,278.85,29.54,51.1,25.1,True,True,True,True,20.0,85.0,-0.139,-0.269,False,False,True,True,False,True,True,283.3,3
CLEAN,8441.61,CLEAN.NS,Clean Science and Technology Limited,NSE,791.85,49.43,53.1,21.7,False,True,True,True,22.0,88.0,-0.12,1.73,False,False,True,True,False,True,True,817.6,3
BELRISE,19216.94,BELRISE.NS,Belrise Industries Limited,NSE,215.98,5.6,52.9,10.8,True,True,True,True,12.9,88.0,-0.198,-0.121,False,False,False,True,False,True,True,221.13,3
CHEMPLASTS,3270.5,CHEMPLASTS.NS,Chemplast Sanmar Limited,NSE,207.02,56.67,33.4,15.7,False,False,False,True,20.9,90.2,-0.259,-1.985,False,False,False,False,False,True,False,246.32,3
CENTRALBK,27507.21,CENTRALBK.NS,Central Bank of India,NSE,30.38,26.14,30.2,35.7,False,False,False,True,21.5,88.2,-0.396,-0.149,True,False,False,False,True,False,False,36.64,3
CIPLA,113148.62,CIPLA.NS,Cipla Limited,NSE,1401.3,16.24,58.2,25.8,True,True,False,True,16.7,87.0,0.11,-5.965,False,True,False,True,False,True,True,1432.0,3
CENTRUM,1069.08,CENTRUM.NS,Centrum Capital Limited,NSE,21.94,47.64,30.2,5.9,False,False,True,False,24.7,91.8,-0.37,-0.032,True,False,False,True,True,False,True,25.0,3
CIFL,949.88,CIFL.NS,Capital India Finance Limited,NSE,24.23,45.55,35.8,14.0,False,False,True,False,25.5,89.8,-0.283,-0.145,True,False,False,True,True,False,True,24.94,3
CGCL,19459.56,CGCL.NS,Capri Global Capital Limited,NSE,202.77,5.25,68.5,33.3,True,True,False,True,15.1,84.2,-0.129,1.158,False,False,False,False,True,True,True,204.9,3
CESC,23694.57,CESC.NS,CESC Limited,NSE,178.61,12.66,48.2,21.9,True,True,True,True,24.2,88.8,-0.095,-1.018,False,False,False,True,False,True,True,181.83,3
CGPOWER,147715.24,CGPOWER.NS,CG Power and Industrial Solutions Limited,NSE,937.85,1.49,68.1,28.6,True,True,True,True,25.9,84.0,0.051,2.347,False,True,False,False,True,True,True,952.0,3
BSE,,BSE.NS,BSE Limited,NSE,3880.0,12.75,46.5,42.5,True,True,True,False,28.0,85.4,-0.026,-65.493,False,False,True,True,True,True,False,3985.0,3
CHAMBLFERT,18736.5,CHAMBLFERT.NS,Chambal Fertilizers & Chemicals Limited,NSE,467.7,19.46,56.5,11.8,False,True,False,True,12.6,85.4,0.122,0.213,False,True,False,True,False,True,True,474.55,3
CHALET,17002.7,CHALET.NS,Chalet Hotels Limited,NSE,777.45,28.15,48.0,14.6,False,False,True,True,10.2,90.4,0.16,-2.479,False,True,True,True,True,True,True,797.95,3
BHARTIARTL,1096150.49,BHARTIARTL.NS,Bharti Airtel Limited,NSE,1798.2,17.31,40.5,20.3,False,False,False,True,10.9,86.8,-0.145,-7.314,False,False,False,True,False,True,False,1840.8,3
BHARTIHEXA,73990.0,BHARTIHEXA.NS,Bharti Hexacom Limited,NSE,1480.5,27.88,40.6,15.5,False,False,True,False,10.6,86.4,0.111,-7.33,False,True,True,True,True,True,True,1543.0,3
BIKAJI,16406.94,BIKAJI.NS,Bikaji Foods International Limited,NSE,654.95,20.0,49.7,13.4,False,False,True,True,12.2,89.6,0.109,-0.604,True,True,True,False,True,True,False,670.0,3
BIGBLOC,726.28,BIGBLOC.NS,Bigbloc Construction Limited,NSE,51.29,35.89,46.4,16.1,False,False,True,False,27.4,87.8,-0.354,-0.614,True,False,False,True,False,False,True,52.6,3
BHEL,134755.85,BHEL.NS,Bharat Heavy Electricals Limited,NSE,386.95,8.93,48.4,38.8,True,True,True,False,34.9,85.0,-0.034,-6.765,False,False,False,True,False,True,True,408.35,3
BIOCON,66789.5,BIOCON.NS,Biocon Limited,NSE,412.3,6.38,52.2,35.1,True,True,False,False,23.3,85.6,0.097,-3.992,False,True,False,True,False,True,False,424.95,3
BHARATWIRE,1435.13,BHARATWIRE.NS,Bharat Wire Ropes Limited,NSE,209.63,19.99,42.0,23.1,True,False,True,False,36.5,87.8,-0.072,-3.01,False,False,False,True,True,True,True,225.0,3
BHARATSE,1156.78,BHARATSE.NS,Bharat Seats Limited,NSE,184.73,22.85,49.2,11.8,True,True,True,False,24.3,88.2,-0.186,-0.825,True,False,True,True,False,True,True,185.99,3
BHAGCHEM,3152.9,BHAGCHEM.NS,Bhagiradha Chemicals & Industries Limited,NSE,243.46,25.09,49.4,20.3,True,True,True,False,24.4,88.2,-0.146,-1.351,True,False,True,True,True,True,True,251.25,3
BESTAGRO,573.15,BESTAGRO.NS,Best Agrolife Limited,NSE,16.15,54.61,41.1,17.0,False,False,True,True,25.4,88.2,-0.3,-0.195,False,False,False,True,True,False,True,16.87,3
BEPL,2406.71,BEPL.NS,Bhansali Engineering Polymers Limited,NSE,96.86,21.76,55.1,20.2,True,True,True,False,16.8,90.2,-0.051,-0.047,True,False,True,True,True,False,True,98.4,3
BHAGERIA,889.69,BHAGERIA.NS,Bhageria Industries Limited,NSE,209.09,14.52,81.7,21.1,True,True,False,True,31.2,83.6,0.282,4.335,False,True,False,False,True,True,True,214.0,3
BHAGYANGR,979.37,BHAGYANGR.NS,Bhagyanagar India Limited,NSE,306.65,12.86,57.0,41.4,True,True,True,False,50.4,87.2,0.123,-0.532,True,True,True,True,True,True,False,336.6,3
BERGEPAINT,57151.63,BERGEPAINT.NS,Berger Paints (I) Limited,NSE,490.25,18.97,46.7,23.6,False,True,False,False,20.6,87.2,-0.191,-4.615,False,False,True,True,True,True,True,521.95,3
BGRENERGY,2453.13,BGRENERGY.NS,BGR Energy Systems Limited,NSE,337.85,31.16,64.2,20.3,True,True,True,True,31.6,90.0,0.247,5.221,False,True,False,False,True,True,False,346.05,3
BOMDYEING,2536.25,BOMDYEING.NS,Bombay Dyeing & Mfg Company Limited,NSE,122.95,37.51,50.7,15.0,False,True,True,False,25.2,88.0,-0.131,-0.848,False,False,True,True,True,True,True,124.34,3
BHARATFORG,92292.62,BHARATFORG.NS,Bharat Forge Limited,NSE,1929.8,5.59,54.1,11.5,True,True,True,True,14.9,87.6,-0.073,-2.992,False,False,True,True,True,True,False,1949.9,3
BORORENEW,7351.5,BORORENEW.NS,BOROSIL RENEWABLES LIMITED,NSE,524.3,27.28,54.3,19.5,True,True,False,True,22.0,88.0,0.196,-0.241,True,True,True,False,True,True,True,529.9,3
BORANA,857.05,BORANA.NS,Borana Weaves Limited,NSE,321.25,23.51,44.4,11.0,True,False,False,True,21.8,89.6,0.01,0.882,False,True,False,True,True,True,False,332.75,3
BLACKBUCK,9247.72,BLACKBUCK.NS,BLACKBUCK LIMITED,NSE,506.7,32.26,38.8,23.6,False,False,False,False,22.3,90.2,-0.22,0.749,False,False,False,True,True,True,False,538.6,3
BOROSCI,1343.55,BOROSCI.NS,Borosil Scientific Limited,NSE,151.07,20.82,73.1,44.3,True,True,False,False,29.6,84.0,0.063,1.031,False,True,False,False,True,True,True,152.0,3
BOROLTD,2649.46,BOROLTD.NS,Borosil Limited,NSE,221.49,44.34,40.0,13.6,False,False,False,True,20.1,91.0,-0.273,0.002,False,False,False,False,True,True,True,235.99,3
BPCL,128006.53,BPCL.NS,Bharat Petroleum Corporation Limited,NSE,295.0,24.68,46.6,13.8,False,False,True,True,13.6,90.6,0.018,-0.035,False,True,False,True,True,True,True,309.0,3
BRITANNIA,123317.34,BRITANNIA.NS,Britannia Industries Limited,NSE,5120.5,19.18,30.4,34.9,False,False,True,True,15.0,90.4,-0.196,-16.581,False,False,False,True,False,True,False,5356.0,3
BLISSGVS,4634.09,BLISSGVS.NS,Bliss GVS Pharma Limited,NSE,438.35,5.28,75.6,53.3,True,True,False,True,46.3,84.2,0.38,10.382,False,True,False,False,True,True,True,462.8,3
BLKASHYAP,1210.16,BLKASHYAP.NS,B. L. Kashyap and Sons Limited,NSE,53.86,32.68,46.8,13.2,False,False,True,True,23.6,88.2,-0.355,-0.444,False,False,True,True,False,False,True,54.59,3
BRIGHOTEL,2375.54,BRIGHOTEL.NS,Brigade Hotel Ventures Limited,NSE,62.34,32.07,51.6,16.4,False,False,True,False,15.4,72.4,-0.23,0.168,False,False,False,True,False,False,True,63.24,3
BLS,10752.61,BLS.NS,BLS International Services Limited,NSE,261.1,37.07,42.8,11.8,False,False,True,False,21.1,91.2,-0.614,0.061,False,False,True,True,True,True,True,271.85,3
BODALCHEM,895.46,BODALCHEM.NS,Bodal Chemicals Limited,NSE,71.2,13.06,51.5,39.1,True,True,False,False,23.1,85.8,-0.016,-0.575,False,False,True,True,True,False,False,74.4,3
BLUSPRING,1391.3,BLUSPRING.NS,Bluspring Enterprises Limited,NSE,93.35,7.46,78.0,47.3,True,True,False,True,37.5,82.0,0.349,1.841,False,True,False,False,True,False,True,94.5,3
BLSE,2086.06,BLSE.NS,BLS E-Services Limited,NSE,229.68,1.21,82.4,49.1,True,True,True,True,32.0,84.0,0.311,0.687,False,True,False,False,True,True,True,232.4,3
BLUESTARCO,32544.71,BLUESTARCO.NS,Blue Star Limited,NSE,1581.8,22.46,38.6,24.5,False,False,True,False,21.8,89.6,-0.091,-2.736,True,False,False,False,True,True,True,1679.8,3
BLUEJET,8067.01,BLUEJET.NS,Blue Jet Healthcare Limited,NSE,465.15,54.74,54.6,24.6,False,True,False,True,28.7,85.6,0.137,-1.169,False,True,True,True,False,True,True,493.75,3
BRIGADE,15927.32,BRIGADE.NS,Brigade Enterprises Limited,NSE,651.4,51.1,34.5,32.9,False,False,True,False,21.6,88.4,-0.046,-0.923,True,False,False,True,True,True,True,662.15,3
CMSINFO,5039.56,CMSINFO.NS,CMS Info Systems Limited,NSE,305.8,43.49,54.3,15.8,False,True,False,False,11.8,90.8,-0.417,-0.202,False,False,False,True,True,True,True,314.0,3
DIFFNKG,1216.91,DIFFNKG.NS,Diffusion Engineers Limited,NSE,324.95,22.3,56.3,20.6,True,True,False,False,21.6,84.2,-0.101,-1.33,False,False,True,True,False,True,False,334.5,3
DHANBANK,1300.14,DHANBANK.NS,Dhanlaxmi Bank Limited,NSE,32.88,6.51,54.2,31.6,True,True,True,False,28.8,84.4,0.017,-0.267,False,True,False,True,True,False,True,33.4,3
DIGITIDE,1336.93,DIGITIDE.NS,Digitide Solutions Limited,NSE,89.76,67.91,50.6,19.6,False,False,True,False,22.5,85.8,-0.304,0.184,False,False,False,True,True,False,True,92.32,3
DELHIVERY,33347.88,DELHIVERY.NS,Delhivery Limited,NSE,445.25,9.13,44.3,12.8,True,False,True,False,11.7,88.0,-0.168,-2.531,False,False,False,True,False,True,True,450.0,3
DEEDEV,4670.08,DEEDEV.NS,DEE Development Engineers Limited,NSE,671.15,1.5,79.7,49.6,True,True,True,False,53.6,84.0,0.53,9.63,False,True,False,True,True,True,True,681.4,3
DCXINDIA,2161.45,DCXINDIA.NS,DCX Systems Limited,NSE,193.85,41.08,45.4,16.0,False,False,True,False,25.8,88.0,-0.263,-1.734,False,False,False,True,True,True,True,201.69,3
DIACABS,10708.05,DIACABS.NS,Diamond Power Infrastructure Limited,NSE,203.6,3.6,62.9,58.1,True,True,False,True,37.6,85.4,0.048,-1.353,False,True,False,False,True,True,False,204.8,3
DHAMPURSUG,918.94,DHAMPURSUG.NS,Dhampur Sugar Mills Limited,NSE,142.51,14.79,48.3,18.4,True,True,True,False,19.1,88.6,-0.065,-0.812,True,False,False,True,True,True,True,144.9,3
DEVYANI,13950.71,DEVYANI.NS,Devyani International Limited,NSE,113.13,40.77,45.6,11.3,False,False,True,False,19.9,89.4,0.041,-0.613,False,True,True,True,True,True,True,115.64,3
DEEPAKNTR,22905.85,DEEPAKNTR.NS,Deepak Nitrite Limited,NSE,1680.1,16.81,44.3,25.9,False,True,True,False,25.9,87.2,-0.131,-18.654,True,False,False,True,False,True,True,1699.9,3
DEEPINDS,3409.92,DEEPINDS.NS,Deep Industries Limited,NSE,532.3,7.91,68.9,22.5,True,True,True,True,20.2,84.0,-0.013,5.805,False,False,False,False,True,True,True,551.3,3
DEEPAKFERT,17995.2,DEEPAKFERT.NS,Deepak Fertilizers and Petrochemicals Corporation Limited,NSE,1425.8,19.84,63.3,29.3,True,True,True,False,31.2,85.8,0.185,-6.646,False,True,False,True,False,True,True,1443.8,3
DEN,1306.16,DEN.NS,Den Networks Limited,NSE,27.39,35.7,52.8,25.7,False,True,True,False,16.5,89.2,-0.111,-0.006,False,False,True,True,False,False,True,27.66,3
DREDGECORP,3302.18,DREDGECORP.NS,Dredging Corporation of India Limited,NSE,1178.3,8.37,62.9,26.4,True,True,False,True,35.1,84.2,0.013,10.945,False,True,False,False,True,True,False,1188.9,3
DELTACORP,1774.25,DELTACORP.NS,Delta Corp Limited,NSE,66.21,32.99,44.5,26.4,False,False,False,True,35.4,85.4,-0.187,-1.254,False,False,False,False,False,False,True,69.59,3
DENTA,653.08,DENTA.NS,Denta Water and Infra Solutions Limited,NSE,244.45,49.03,36.0,18.5,False,False,True,True,24.7,90.8,-0.112,-2.47,True,False,False,True,True,True,True,246.9,3
DSSL,1639.58,DSSL.NS,Dynacons Systems & Solutions Limited,NSE,1288.7,33.05,41.8,42.0,True,False,False,True,49.3,85.4,-0.009,-60.385,False,False,True,False,True,True,True,1445.0,3
DWARKESH,830.71,DWARKESH.NS,Dwarikesh Sugar Industries Limited,NSE,44.8,15.61,52.1,14.5,True,True,True,False,23.1,88.2,-0.143,0.051,False,False,False,True,True,False,True,45.62,3
DRREDDY,106647.48,DRREDDY.NS,Dr. Reddy's Laboratories Limited,NSE,1278.2,7.36,45.1,15.4,True,False,True,True,13.1,89.4,-0.086,-7.231,False,False,False,True,False,True,True,1285.0,3
DYCL,1572.24,DYCL.NS,Dynamic Cables Limited,NSE,324.2,38.45,48.3,22.9,False,False,False,False,34.7,88.0,-0.406,0.528,False,False,False,True,True,True,True,335.0,3
DIVISLAB,175833.11,DIVISLAB.NS,Divi's Laboratories Limited,NSE,6623.0,6.34,49.2,25.7,True,True,False,True,16.0,86.6,0.074,-46.059,False,True,False,False,False,True,False,6660.0,3
E2E,,E2E.NS,E2E Networks Limited,NSE,452.9,0.2,75.9,39.5,True,True,False,True,48.0,84.4,0.293,6.078,False,True,False,False,True,True,False,453.8,3
DIXON,69844.11,DIXON.NS,Dixon Technologies (India) Limited,NSE,11432.0,38.11,52.7,12.1,False,True,True,False,15.3,85.4,0.2,-18.504,False,True,False,True,False,True,True,11492.0,3
DLF,142986.38,DLF.NS,DLF Limited,NSE,577.7,34.86,46.0,11.4,False,False,True,True,11.9,88.2,-0.162,-1.371,False,False,False,False,False,True,True,600.65,3
DMART,270266.46,DMART.NS,Avenue Supermarts Limited,NSE,4144.2,16.27,43.6,33.7,True,False,True,True,14.1,91.0,-0.153,-0.127,True,False,False,True,False,True,False,4222.0,3
DOLATALGO,1295.01,DOLATALGO.NS,Dolat Algotech Limited,NSE,73.39,33.91,41.4,12.9,False,False,True,False,14.1,90.8,-0.113,-0.329,True,False,True,False,False,False,True,74.94,3
DLINKINDIA,1691.1,DLINKINDIA.NS,D-Link (India) Limited,NSE,477.5,19.01,59.1,21.6,True,True,False,False,17.8,87.0,-0.036,-0.393,True,False,True,False,True,True,True,493.75,3
DOLPHIN,1582.38,DOLPHIN.NS,Dolphin Offshore Enterprises (India) Limited,NSE,395.5,21.21,38.1,21.4,False,False,True,False,12.4,88.6,-0.439,-1.673,True,False,True,True,True,True,True,400.0,3
DOMS,12719.06,DOMS.NS,DOMS Industries Limited,NSE,2093.1,24.44,29.1,18.7,False,False,True,False,14.5,90.4,-0.168,-11.202,False,False,False,True,True,True,True,2224.0,3
DDEVPLSTIK,2599.33,DDEVPLSTIK.NS,Ddev Plastiks Industries Limited,NSE,251.43,30.16,58.0,28.8,False,True,False,True,17.6,89.0,-0.239,1.111,False,False,False,False,False,True,True,257.2,3
DOLLAR,1421.87,DOLLAR.NS,Dollar Industries Limited,NSE,251.0,41.61,34.4,17.8,False,False,True,False,30.3,89.6,-0.323,-2.116,False,False,False,True,True,True,True,254.7,3
COALINDIA,291065.66,COALINDIA.NS,Coal India Limited,NSE,472.3,3.86,56.6,11.5,True,True,False,True,13.0,89.2,0.029,1.389,False,True,True,False,True,True,False,491.25,3
CPPLUS,41232.94,CPPLUS.NS,Aditya Infotech Limited,NSE,3501.9,5.72,88.3,47.0,True,True,True,True,50.5,66.8,0.291,90.833,False,True,False,False,True,True,False,3714.4,3
CREDITACC,20264.61,CREDITACC.NS,CREDITACCESS GRAMEEN LIMITED,NSE,1264.0,19.39,42.1,19.7,False,False,True,False,23.7,88.6,-0.536,-7.699,True,False,False,True,False,True,True,1285.3,3
CROMPTON,17166.77,CROMPTON.NS,Crompton Greaves Consumer Electricals Limited,NSE,266.6,26.35,38.1,26.5,False,False,True,False,24.6,87.0,0.005,-4.068,False,True,True,True,True,True,True,271.85,3
CRIZAC,3758.62,CRIZAC.NS,Crizac Limited,NSE,214.38,44.74,49.1,17.0,False,False,False,True,19.3,76.0,-0.083,-0.142,False,False,True,True,True,True,True,219.9,3
DCW,1398.44,DCW.NS,DCW Limited,NSE,47.46,45.57,50.9,12.9,False,True,True,False,20.4,88.4,-0.189,-0.084,True,False,True,True,False,False,True,47.8,3
COROMANDEL,53037.73,COROMANDEL.NS,Coromandel International Limited,NSE,1796.8,33.91,40.7,30.5,False,False,True,True,21.7,91.8,-0.056,-0.908,True,False,False,False,True,True,False,1896.4,3
COFFEEDAY,814.8,COFFEEDAY.NS,Coffee Day Enterprises Limited,NSE,38.43,25.32,74.2,37.4,True,True,False,True,45.4,84.4,0.294,1.533,False,True,False,False,True,False,True,38.7,3
COLPAL,54379.45,COLPAL.NS,Colgate Palmolive (India) Limited,NSE,1999.5,20.15,36.5,21.4,False,False,True,True,15.5,86.6,-0.273,-18.277,False,False,False,True,False,True,True,2100.0,3
COCHINSHIP,37813.92,COCHINSHIP.NS,Cochin Shipyard Limited,NSE,1439.1,43.45,37.6,27.2,False,False,True,False,24.3,88.0,-0.259,-12.733,True,False,False,True,True,True,True,1523.8,3
CONCORDBIO,12665.36,CONCORDBIO.NS,Concord Biotech Limited,NSE,1209.9,43.74,59.7,16.6,False,True,False,True,20.6,84.4,-0.291,9.813,False,False,True,False,True,True,True,1233.9,3
COHANCE,16486.73,COHANCE.NS,Cohance Lifesciences Limited,NSE,431.1,61.55,52.3,26.6,False,True,True,False,38.1,89.6,-0.197,-3.513,True,False,True,True,True,True,True,444.75,3
CONCOR,34368.01,CONCOR.NS,Container Corporation of India Limited,NSE,450.95,30.84,28.3,34.4,False,False,False,True,16.9,88.0,-0.306,-5.827,True,False,False,False,True,True,True,463.9,3
COFORGE,61715.74,COFORGE.NS,Coforge Limited,NSE,1435.5,28.01,58.3,24.3,False,True,True,True,26.9,84.6,-0.133,1.111,False,False,False,False,True,True,False,1447.0,3
CONFIPET,2582.18,CONFIPET.NS,Confidence Petroleum India Limited,NSE,77.61,3.67,73.7,44.9,True,True,True,True,37.8,84.2,0.298,1.303,False,True,False,False,True,False,True,80.57,3
CSBBANK,6293.2,CSBBANK.NS,CSB Bank Limited,NSE,362.05,36.97,47.1,11.4,False,False,True,False,18.5,91.2,0.21,0.947,False,True,True,True,False,True,True,368.35,3
DBL,6959.95,DBL.NS,Dilip Buildcon Limited,NSE,428.45,26.76,43.7,18.2,False,False,True,False,17.3,87.0,-0.225,-1.552,True,False,False,True,True,True,True,461.5,3
DCAL,2980.45,DCAL.NS,Dishman Carbogen Amcis Limited,NSE,189.88,41.02,49.8,25.4,False,True,False,False,32.2,85.8,0.072,-1.651,False,True,False,True,False,True,True,190.9,3
DBOL,730.26,DBOL.NS,Dhampur Bio Organics Limited,NSE,109.4,16.32,47.5,16.0,True,False,True,False,21.2,88.4,-0.162,0.37,False,False,False,True,True,True,False,112.72,3
DBCORP,3596.11,DBCORP.NS,D.B.Corp Limited,NSE,201.8,30.85,35.8,15.7,False,False,False,False,18.0,87.4,-0.34,-0.565,True,False,False,True,False,True,True,214.35,3
DATAPATTNS,23569.81,DATAPATTNS.NS,Data Patterns (India) Limited,NSE,4212.6,2.49,59.3,17.1,True,True,True,False,26.2,84.0,0.004,0.73,False,True,True,True,True,True,True,4280.0,3
DCBBANK,5648.82,DCBBANK.NS,DCB Bank Limited,NSE,175.42,14.8,43.3,14.0,True,False,True,False,17.9,89.8,0.15,-0.495,False,True,False,True,False,True,False,177.26,3
DCMSHRIRAM,16024.63,DCMSHRIRAM.NS,DCM Shriram Limited,NSE,1027.9,31.58,29.9,26.9,False,False,True,False,23.7,88.0,-0.338,-8.105,True,False,False,True,True,True,True,1097.9,3
DBREALTY,6210.56,DBREALTY.NS,Valor Estate Limited,NSE,114.45,54.7,47.5,14.4,False,False,True,False,34.6,88.0,-0.304,-1.162,False,False,False,True,True,True,True,115.32,3
CUB,18183.42,CUB.NS,City Union Bank Limited,NSE,244.85,24.45,38.3,13.5,False,False,True,False,17.4,89.6,0.001,-0.469,False,True,False,True,True,True,True,252.2,3
DATAMATICS,4747.43,DATAMATICS.NS,Datamatics Global Services Limited,NSE,799.65,28.6,56.5,12.3,True,True,False,True,17.5,84.6,0.117,1.611,False,True,True,False,True,True,True,809.9,3
CYIENT,9750.49,CYIENT.NS,Cyient Limited,NSE,877.2,35.91,42.8,12.6,False,False,True,False,15.0,91.0,-0.006,-2.639,False,False,False,True,False,True,True,910.4,3
CUMMINSIND,160336.64,CUMMINSIND.NS,Cummins India Limited,NSE,5784.0,5.18,62.6,23.0,True,True,True,True,19.5,85.0,-0.07,8.211,False,False,False,True,False,True,False,6099.0,3
CUPID,18421.85,CUPID.NS,Cupid Limited,NSE,137.1,0.58,72.2,20.9,True,True,True,False,34.6,84.0,-0.154,0.23,False,False,False,True,True,True,True,137.9,3
DALBHARAT,31678.95,DALBHARAT.NS,Dalmia Bharat Limited,NSE,1688.6,32.36,33.3,30.8,False,False,True,False,16.6,88.4,-0.174,-1.993,False,False,False,True,True,True,False,1844.4,3
DAMCAPITAL,1065.94,DAMCAPITAL.NS,Dam Capital Advisors Limited,NSE,150.64,50.37,48.5,20.9,False,False,False,False,22.0,86.0,-0.252,-0.889,True,False,True,True,False,True,True,166.04,3
DALMIASUG,2769.34,DALMIASUG.NS,Dalmia Bharat Sugar and Industries Limited,NSE,342.3,24.93,45.1,21.4,False,False,True,False,21.8,89.2,-0.231,-0.581,True,False,False,True,True,True,True,356.85,3
ECLERX,12998.75,ECLERX.NS,eClerx Services Limited,NSE,1380.1,44.74,36.4,15.3,False,False,True,False,20.0,87.8,-0.229,-17.869,False,False,False,True,True,True,False,1517.0,3
BEML,14512.28,BEML.NS,BEML Limited,NSE,1742.8,28.5,44.5,17.5,False,False,True,True,23.2,88.0,-0.197,-15.436,True,False,False,True,False,True,True,1764.4,3
CYIENTDLM,3602.35,CYIENTDLM.NS,Cyient DLM Limited,NSE,453.4,10.31,64.9,38.2,True,True,True,False,36.1,84.6,0.129,0.426,False,True,False,True,True,True,True,461.9,3
AKUMS,8718.05,AKUMS.NS,Akums Drugs and Pharmaceuticals Limited,NSE,553.8,7.24,62.0,18.0,True,True,False,False,14.4,83.4,-0.265,2.323,False,False,True,True,True,True,True,561.0,3
ALKYLAMINE,9080.11,ALKYLAMINE.NS,Alkyl Amines Chemicals Limited,NSE,1775.3,27.21,58.0,32.0,True,True,False,True,28.9,87.2,-0.005,-1.296,True,False,False,False,True,True,False,1785.0,3
AGIIL,4716.78,AGIIL.NS,Agi Infra Limited,NSE,377.2,13.17,52.0,25.3,True,True,True,False,22.3,88.8,-0.072,-0.802,True,False,True,True,False,True,False,394.45,3
AIIL,39251.2,AIIL.NS,Authum Investment & Infrastructure Limited,NSE,462.7,32.25,43.3,21.6,False,False,True,True,21.1,86.2,0.079,-6.182,False,True,True,False,True,True,True,486.35,3
ALEMBICLTD,2238.37,ALEMBICLTD.NS,Alembic Limited,NSE,87.12,30.6,45.8,9.2,False,False,True,False,13.8,88.2,-0.205,-0.261,True,False,False,False,False,False,True,88.89,3
AGARWALEYE,14560.62,AGARWALEYE.NS,Dr. Agarwal's Health Care Limited,NSE,459.95,19.02,47.2,27.8,True,True,True,False,15.4,85.2,0.012,-2.063,False,True,True,True,True,True,True,462.5,3
AHLUCONT,5308.09,AHLUCONT.NS,Ahluwalia Contracts (India) Limited,NSE,792.95,29.52,46.4,23.4,False,False,True,False,18.3,88.8,0.113,-2.281,False,True,False,False,False,True,True,840.0,3
ALKEM,62786.57,ALKEM.NS,Alkem Laboratories Limited,NSE,5251.5,11.49,39.6,13.0,False,False,False,True,10.8,84.6,-0.499,-24.08,False,False,True,False,False,True,True,5464.0,3
AJMERA,2395.99,AJMERA.NS,Ajmera Realty & Infra India Limited,NSE,121.67,45.05,51.0,13.9,False,False,False,True,25.9,85.8,-0.164,-0.352,True,False,True,False,True,True,True,126.64,3
ANANTRAJ,20511.19,ANANTRAJ.NS,Anant Raj Limited,NSE,570.05,23.34,64.4,19.1,True,True,False,True,25.3,84.0,-0.017,7.607,False,False,False,False,False,True,True,573.9,3
AGI,3881.52,AGI.NS,AGI Greenpac Limited,NSE,598.95,40.64,52.7,26.3,False,True,True,False,25.3,89.0,-0.352,0.256,False,False,False,True,True,True,True,608.0,3
ANDHRAPAP,1227.1,ANDHRAPAP.NS,ANDHRA PAPER LIMITED,NSE,61.58,31.58,36.2,13.5,False,False,True,False,13.3,87.8,-0.328,-0.223,True,False,False,True,False,False,True,62.87,3
AJANTPHARM,37200.83,AJANTPHARM.NS,Ajanta Pharma Limited,NSE,2976.5,10.21,47.5,23.5,True,True,False,False,17.3,86.2,0.017,-26.912,True,True,True,False,True,True,False,3020.8,3
ANGELONE,30405.4,ANGELONE.NS,Angel One Limited,NSE,332.6,5.24,56.0,26.4,True,True,True,False,22.2,85.6,0.081,-1.509,False,True,False,True,False,True,True,334.95,3
ANDHRSUGAR,1078.05,ANDHRSUGAR.NS,The Andhra Sugars Limited,NSE,79.27,26.07,35.1,24.0,False,False,True,True,31.0,88.4,-0.381,-1.457,False,False,False,False,False,False,True,79.93,3
DABUR,75222.2,DABUR.NS,Dabur India Limited,NSE,424.15,26.49,35.9,17.9,False,False,True,True,15.5,88.0,-0.287,-3.566,False,False,False,False,False,True,True,437.8,3
BEL,298275.53,BEL.NS,Bharat Electronics Limited,NSE,408.2,13.78,37.8,28.8,False,False,True,False,13.8,90.8,-0.18,-0.773,True,False,False,True,False,True,False,414.9,3
ALLTIME,1473.6,ALLTIME.NS,All Time Plastics Limited,NSE,224.87,32.85,43.8,18.6,False,False,True,False,23.6,67.8,-0.163,-2.052,True,False,False,True,False,True,True,226.19,3
APARINDS,55712.25,APARINDS.NS,Apar Industries Limited,NSE,13878.0,2.09,66.7,31.2,True,True,True,True,23.6,84.0,0.057,46.818,False,True,False,False,True,True,True,14174.0,3
ANANDRATHI,29135.26,ANANDRATHI.NS,Anand Rathi Wealth Limited,NSE,1753.3,6.12,46.5,18.5,True,True,False,True,8.1,91.0,-0.124,-6.703,True,False,False,False,True,True,True,1809.5,3
ALOKINDS,6181.72,ALOKINDS.NS,Alok Industries Limited,NSE,12.45,47.02,39.0,14.0,False,False,False,True,18.9,91.2,-0.399,-0.037,True,False,False,False,True,False,True,13.2,3
ANTELOPUS,3165.14,ANTELOPUS.NS,Antelopus Selan Energy Limited,NSE,899.35,2.77,73.2,44.4,True,True,True,False,37.0,84.0,0.13,13.528,False,True,False,True,True,True,False,925.0,3
ANURAS,15150.36,ANURAS.NS,Anupam Rasayan India Limited,NSE,1328.2,6.13,46.2,26.7,True,True,False,True,11.6,87.8,-0.044,-6.465,True,False,True,True,False,True,False,1342.5,3
AMBER,27576.02,AMBER.NS,Amber Enterprises India Limited,NSE,7822.0,12.84,53.5,14.8,True,True,False,False,22.7,88.2,-0.029,6.558,False,False,False,True,False,True,True,7911.5,3
ANTHEM,42912.65,ANTHEM.NS,Anthem Biosciences Limited,NSE,761.5,12.82,50.5,19.5,True,True,False,True,14.1,74.2,-0.142,-4.981,True,False,True,True,False,True,False,780.9,3
AAVAS,10289.31,AAVAS.NS,Aavas Financiers Limited,NSE,1297.8,39.72,39.0,24.9,False,False,True,False,20.1,88.4,-0.108,-12.664,False,False,False,True,True,True,True,1306.0,3
AARTIPHARM,5706.45,AARTIPHARM.NS,Aarti Pharmalabs Limited,NSE,628.3,35.29,37.1,21.7,False,False,True,True,25.7,88.6,-0.419,-8.052,True,False,False,False,True,True,True,661.95,3
AMBUJACEM,103161.55,AMBUJACEM.NS,Ambuja Cements Limited,NSE,417.55,33.19,37.7,13.9,False,False,True,True,11.5,89.8,-0.106,-2.189,False,False,False,False,True,True,True,427.7,3
ABCAPITAL,93734.27,ABCAPITAL.NS,Aditya Birla Capital Limited,NSE,357.5,4.91,54.0,15.9,True,True,True,False,13.6,88.2,-0.016,-1.251,False,False,True,True,False,True,False,360.15,3
ABFRL,7338.93,ABFRL.NS,Aditya Birla Fashion and Retail Limited,NSE,60.09,36.71,39.0,14.5,False,False,True,True,16.1,88.2,-0.362,-0.587,False,False,False,True,True,False,True,63.2,3
ABB,151803.74,ABB.NS,ABB India Limited,NSE,7167.5,8.37,59.3,23.2,True,True,False,True,21.1,90.4,0.025,45.206,False,True,False,True,True,True,True,7340.0,3
ABDL,16220.39,ABDL.NS,Allied Blenders and Distillers Limited,NSE,580.7,16.66,64.3,23.9,True,True,True,False,24.7,87.6,0.006,1.962,False,True,True,True,True,True,True,600.0,3
ABLBL,12431.01,ABLBL.NS,Aditya Birla Lifestyle Brands Limited,NSE,101.55,39.55,48.3,14.4,False,False,True,True,19.3,83.0,-0.043,-0.253,True,False,False,False,False,True,True,105.49,3
5PAISA,1458.98,5PAISA.NS,5Paisa Capital Limited,NSE,311.6,28.15,42.6,18.2,False,False,True,True,18.9,89.6,-0.037,-1.048,False,False,False,True,True,True,True,319.05,3
360ONE,43664.83,360ONE.NS,360 ONE WAM LIMITED,NSE,1073.9,15.69,45.6,13.1,False,False,True,True,15.2,85.2,-0.101,-7.075,False,False,False,True,False,True,True,1088.5,3
AARTIIND,16612.27,AARTIIND.NS,Aarti Industries Limited,NSE,458.05,12.44,42.3,19.0,True,False,True,False,21.6,88.8,0.119,-3.945,False,True,False,True,False,True,True,468.8,3
AARTIDRUGS,3441.79,AARTIDRUGS.NS,Aarti Drugs Limited,NSE,376.85,33.19,48.0,15.9,False,True,True,True,15.6,85.6,-0.055,-1.733,False,False,False,True,True,True,True,385.3,3
63MOONS,2927.6,63MOONS.NS,63 moons technologies limited,NSE,633.9,43.9,45.2,23.2,False,False,True,True,32.7,90.6,-0.26,-5.135,True,False,False,True,False,True,True,702.0,3
ABSLAMC,30318.56,ABSLAMC.NS,Aditya Birla Sun Life AMC Limited,NSE,1048.8,6.65,54.3,24.2,True,True,True,False,14.6,88.2,-0.069,0.113,False,False,True,True,True,True,False,1071.8,3
ABREL,13825.69,ABREL.NS,Aditya Birla Real Estate Limited,NSE,1237.8,51.23,39.9,16.5,False,False,True,False,24.5,88.2,-0.387,-2.354,True,False,False,True,True,True,True,1246.0,3
ADVENZYMES,4109.52,ADVENZYMES.NS,Advanced Enzyme Technologies Limited,NSE,367.05,12.4,51.7,42.6,True,True,False,False,31.1,87.8,-0.216,-3.125,True,False,False,True,True,True,True,394.95,3
ACC,24984.16,ACC.NS,ACC Limited,NSE,1329.8,34.45,37.3,15.8,False,False,True,False,9.4,89.8,-0.086,-3.618,False,False,False,False,False,True,True,1387.5,3
AEGISLOG,27062.1,AEGISLOG.NS,Aegis Logistics Limited,NSE,770.4,18.44,64.8,29.0,True,True,True,True,22.9,84.4,-0.018,4.475,False,False,False,False,True,True,True,782.35,3
AEGISVOPAK,21035.22,AEGISVOPAK.NS,Aegis Vopak Terminals Limited,NSE,190.19,37.02,40.3,14.4,False,False,True,False,17.5,88.2,0.052,-1.911,False,True,False,True,True,True,True,191.98,3
ABINFRA,667.53,ABINFRA.NS,A B Infrabuild Limited,NSE,10.44,55.69,21.4,37.4,False,False,False,True,44.3,90.6,-0.275,-0.134,True,False,False,False,True,False,False,14.0,3
AEROENTER,1138.54,AEROENTER.NS,Aeroflex Enterprises Limited,NSE,100.83,12.17,59.3,37.1,True,True,True,False,29.4,87.8,-0.307,-0.454,True,False,False,False,True,True,True,104.6,3
AADHARHFC,20490.86,AADHARHFC.NS,Aadhar Housing Finance Limited,NSE,468.15,14.54,43.6,15.3,False,False,True,True,13.8,88.6,0.037,-1.116,False,True,False,False,False,True,True,476.5,3
AETHER,15108.91,AETHER.NS,Aether Industries Limited,NSE,1138.2,10.74,53.4,22.9,True,True,True,False,19.7,88.8,-0.013,5.612,False,False,True,False,True,True,True,1198.1,3
ADSL,686.18,ADSL.NS,Allied Digital Services Limited,NSE,121.35,42.08,49.1,18.6,False,True,True,False,24.8,88.0,-0.294,-0.83,True,False,False,True,True,True,True,123.5,3
AFCONS,11732.33,AFCONS.NS,Afcons Infrastructure Limited,NSE,319.6,33.33,48.4,18.8,False,False,True,False,20.8,91.4,-0.052,0.294,False,False,True,True,True,True,True,342.0,3
ACE,10700.82,ACE.NS,Action Construction Equipment Limited,NSE,900.3,29.43,54.2,16.5,False,True,True,False,12.5,88.0,-0.222,-1.192,False,False,True,True,False,True,True,909.05,3
ACI,6399.47,ACI.NS,Archean Chemical Industries Limited,NSE,518.3,28.77,33.5,32.9,False,False,False,False,20.2,88.4,-0.004,0.097,False,False,False,True,True,True,True,544.6,3
ACMESOLAR,21587.75,ACMESOLAR.NS,Acme Solar Holdings Limited,NSE,356.65,0.93,78.5,36.3,True,True,False,True,25.9,84.0,0.306,6.061,False,True,False,False,True,True,True,360.0,3
AEROFLEX,5557.89,AEROFLEX.NS,Aeroflex Industries Limited,NSE,419.75,8.49,61.0,39.3,True,True,True,False,40.0,88.0,-0.025,-0.459,True,False,False,False,True,True,True,458.7,3
AFFLE,20753.39,AFFLE.NS,Affle 3i Limited,NSE,1476.1,32.47,51.5,14.8,False,True,False,False,19.2,87.8,0.246,-1.052,True,True,False,True,False,True,True,1504.7,3
ACUTAAS,27249.98,ACUTAAS.NS,Acutaas Chemicals Limited,NSE,3328.3,0.62,74.6,50.6,True,True,True,False,32.6,84.0,0.278,16.062,False,True,False,True,True,True,False,3348.9,3
ADANIPOWER,448465.58,ADANIPOWER.NS,Adani Power Limited,NSE,232.6,8.5,56.8,28.9,True,True,True,False,33.0,85.0,-0.027,-1.751,False,False,False,True,False,True,True,252.65,3
ADANIENT,393749.91,ADANIENT.NS,Adani Enterprises Limited,NSE,3048.2,0.38,75.8,52.6,True,True,True,False,34.6,84.0,0.265,0.978,False,True,False,True,True,True,True,3059.8,3
ADANIPORTS,420034.78,ADANIPORTS.NS,Adani Ports and Special Economic Zone Limited,NSE,1824.2,1.01,63.5,25.5,True,True,True,False,22.9,85.4,0.018,-8.485,False,True,False,True,True,True,True,1842.8,3
ADFFOODS,3108.59,ADFFOODS.NS,ADF Foods Limited,NSE,282.8,6.25,61.7,45.5,True,True,True,True,38.8,87.2,-0.167,-0.556,True,False,False,False,True,True,True,288.0,3
ADANIGREEN,251210.84,ADANIGREEN.NS,Adani Green Energy Limited,NSE,1525.7,0.44,71.4,43.0,True,True,True,True,32.1,85.0,0.035,-5.668,False,True,False,False,True,True,True,1532.5,3
APLAPOLLO,50650.45,APLAPOLLO.NS,APL Apollo Tubes Limited,NSE,1822.6,20.8,40.7,21.0,False,False,True,True,20.1,90.6,-0.172,-1.689,False,False,False,False,True,True,False,1908.9,3
APLLTD,14485.72,APLLTD.NS,Alembic Pharmaceuticals Limited,NSE,738.4,33.35,46.7,21.2,False,False,False,True,12.9,87.8,-0.027,-3.519,True,False,True,False,False,True,True,748.0,3
BAJAJ-AUTO,289007.75,BAJAJ-AUTO.NS,Bajaj Auto Limited,NSE,10342.0,4.54,51.3,21.3,True,True,True,False,13.7,85.4,-0.141,-61.502,False,False,False,False,True,True,False,10735.0,3
APEX,1286.72,APEX.NS,Apex Frozen Foods Limited,NSE,410.4,20.23,37.8,17.9,True,False,True,False,21.3,90.6,-0.22,-5.115,False,False,True,True,True,True,False,447.6,3
ADANIENSOL,189736.59,ADANIENSOL.NS,Adani Energy Solutions Limited,NSE,1579.0,0.78,71.1,27.8,True,True,False,True,32.2,84.0,0.18,7.302,False,True,False,False,True,True,True,1591.4,3
BAJAJHCARE,987.83,BAJAJHCARE.NS,Bajaj Healthcare Limited,NSE,293.5,46.89,41.7,11.4,False,False,False,False,24.7,91.2,-0.316,0.221,False,False,False,True,True,True,False,314.9,3
BAJAJELEC,3595.0,BAJAJELEC.NS,Bajaj Electricals Limited,NSE,311.5,56.19,27.8,32.6,False,False,False,True,30.4,88.6,-0.423,-3.505,True,False,False,True,False,True,False,364.65,3
BAJAJHFL,70049.94,BAJAJHFL.NS,Bajaj Housing Finance Limited,NSE,84.14,34.5,47.0,13.6,False,False,True,False,12.0,89.6,-0.213,-0.016,False,False,True,True,False,False,True,87.45,3
BAJAJCON,7233.1,BAJAJCON.NS,Bajaj Consumer Care Limited,NSE,552.05,4.98,58.2,53.9,True,True,True,False,32.3,85.8,-0.103,-4.411,False,False,False,True,True,True,True,559.85,3
BAJAJFINSV,272589.67,BAJAJFINSV.NS,Bajaj Finserv Limited,NSE,1703.2,22.41,36.6,22.5,False,False,True,False,8.9,90.4,-0.16,-7.503,False,False,False,True,True,True,True,1765.0,3
BAJEL,2324.35,BAJEL.NS,Bajel Projects Limited,NSE,200.55,24.01,66.7,33.7,True,True,False,True,24.8,85.0,-0.537,1.923,False,False,False,False,True,True,True,205.85,3
BAJFINANCE,553580.97,BAJFINANCE.NS,Bajaj Finance Limited,NSE,889.4,19.33,42.7,15.3,False,False,True,True,13.3,88.2,-0.089,-5.452,False,False,False,False,False,True,True,893.95,3
BALAJITELE,1066.04,BALAJITELE.NS,Balaji Telefilms Limited,NSE,87.34,38.2,36.2,14.4,False,False,True,False,34.3,87.8,-0.319,-0.926,True,False,False,True,True,False,True,92.77,3
BAJAJHIND,4726.35,BAJAJHIND.NS,Bajaj Hindusthan Sugar Limited,NSE,19.75,33.37,62.4,19.1,True,True,True,False,18.8,88.6,-0.193,0.105,False,False,False,False,False,False,False,20.24,3
AZAD,14274.83,AZAD.NS,Azad Engineering Limited,NSE,2207.7,6.06,61.9,27.2,True,True,True,False,29.6,88.0,-0.099,5.786,False,False,True,False,False,True,True,2250.0,3
AVTNPL,1057.16,AVTNPL.NS,AVT Natural Products Limited,NSE,69.16,17.47,53.4,40.8,True,True,False,True,22.0,84.2,-0.537,-0.038,False,False,True,True,True,False,True,69.95,3
AVL,7120.67,AVL.NS,Aditya Vision Limited,NSE,551.2,7.93,59.8,19.0,True,True,True,True,17.7,87.4,0.037,-1.482,True,True,False,True,False,True,True,554.55,3
AVANTEL,4519.74,AVANTEL.NS,Avantel Limited,NSE,169.94,20.96,55.7,28.1,True,True,False,True,23.4,85.4,-0.083,0.054,False,False,True,True,True,True,True,173.44,3
AWHCL,1279.89,AWHCL.NS,Antony Waste Handling Cell Limited,NSE,451.05,34.91,36.7,15.3,False,False,True,True,18.4,90.8,-0.492,-2.232,False,False,False,True,False,True,True,483.95,3
AWL,24544.43,AWL.NS,AWL Agri Business Limited,NSE,188.88,33.96,39.2,20.7,False,False,True,False,17.8,88.2,-0.268,-1.158,True,False,False,True,False,True,True,195.99,3
AXISCADES,7822.72,AXISCADES.NS,AXISCADES Technologies Limited,NSE,1836.0,16.96,45.4,29.3,True,False,True,True,26.5,87.8,0.066,-37.581,False,True,True,False,True,True,True,2022.1,3
AVANTIFEED,15140.3,AVANTIFEED.NS,Avanti Feeds Limited,NSE,1110.6,30.32,28.9,23.4,True,False,True,True,30.6,90.2,-0.317,-20.537,False,False,False,True,True,True,False,1258.0,3
AXISBANK,395956.81,AXISBANK.NS,Axis Bank Limited,NSE,1272.3,10.29,48.7,15.6,True,False,True,True,12.1,90.4,-0.024,-0.763,False,False,False,True,False,True,True,1285.0,3
AWFIS,2231.35,AWFIS.NS,Awfis Space Solutions Limited,NSE,312.75,56.5,40.7,21.0,False,False,True,True,28.6,85.6,-0.429,-4.401,False,False,False,True,False,True,True,362.0,3
BALAXI,,BALAXI.NS,BALAXI PHARMACEUTICALS LIMITED,NSE,24.28,62.0,41.5,18.8,False,False,True,False,23.7,87.0,-0.148,-0.199,True,False,False,True,True,False,True,25.44,3
BALAMINES,6627.3,BALAMINES.NS,Balaji Amines Limited,NSE,2043.3,6.49,69.3,43.0,True,True,False,True,53.2,84.4,0.433,13.335,False,True,False,False,True,True,True,2185.0,3
BCLIND,988.21,BCLIND.NS,Bcl Industries Limited,NSE,33.45,32.15,50.9,18.0,False,True,True,True,19.5,88.4,-0.182,-0.2,True,False,False,True,False,False,True,35.1,3
BBOX,19067.05,BBOX.NS,Black Box Limited,NSE,1072.9,2.73,88.4,68.0,True,True,False,True,55.3,84.0,0.238,-0.567,False,True,False,True,True,True,True,1103.0,3
BCG,2439.67,BCG.NS,Brightcom Group Limited,NSE,12.09,45.05,74.3,27.3,True,True,False,True,32.9,84.0,-0.044,0.181,False,False,False,False,False,False,True,13.17,3
BECTORFOOD,5283.31,BECTORFOOD.NS,Mrs. Bectors Food Specialities Limited,NSE,172.2,45.13,34.9,17.2,False,False,True,False,20.7,90.4,-0.512,-0.577,True,False,False,True,True,True,False,187.48,3
BALKRISIND,41421.11,BALKRISIND.NS,Balkrishna Industries Limited,NSE,2142.0,23.54,43.9,16.9,False,False,False,True,12.7,90.4,-0.124,0.014,False,False,False,False,True,True,True,2197.1,3
BANCOINDIA,9388.25,BANCOINDIA.NS,Banco Products (I) Limited,NSE,655.45,25.5,63.8,20.5,True,True,False,True,17.9,84.6,-0.202,3.88,False,False,False,False,False,True,True,674.95,3
BDL,44255.09,BDL.NS,Bharat Dynamics Limited,NSE,1207.4,40.03,33.1,21.9,False,False,True,True,20.6,88.0,-0.076,-11.314,True,False,False,False,True,True,True,1324.5,3
BATAINDIA,8546.44,BATAINDIA.NS,Bata India Limited,NSE,664.6,48.28,36.5,13.1,False,False,True,True,16.1,90.4,-0.237,-2.38,False,False,False,True,True,True,True,704.95,3
BALUFORGE,5626.44,BALUFORGE.NS,Balu Forge Industries Limited,NSE,479.3,38.86,48.0,17.0,False,False,False,True,22.2,88.8,-0.109,-1.686,True,False,True,False,False,True,True,482.65,3
BALRAMCHIN,10752.85,BALRAMCHIN.NS,Balrampur Chini Mills Limited,NSE,531.8,15.29,52.6,18.9,True,True,True,False,17.8,86.6,-0.011,-1.659,True,False,True,True,True,True,True,535.9,3
BANSALWIRE,4772.61,BANSALWIRE.NS,Bansal Wire Industries Limited,NSE,305.55,29.65,47.4,17.7,False,True,True,False,21.3,85.0,-0.029,-2.679,False,False,True,True,False,True,True,317.38,3
BBTC,10664.98,BBTC.NS,The Bombay Burmah Trading Corporation Limited,NSE,1529.1,29.04,52.6,12.4,False,False,True,False,10.7,88.0,0.043,-2.198,False,True,True,True,True,True,True,1552.0,3
BALMLAWRIE,3067.81,BALMLAWRIE.NS,Balmer Lawrie & Company Limited,NSE,179.04,24.84,42.0,12.8,False,False,True,False,18.2,88.0,-0.4,-1.107,True,False,False,True,False,True,True,181.89,3
BANKINDIA,64397.49,BANKINDIA.NS,Bank of India,NSE,141.46,20.69,49.0,12.3,False,False,True,False,12.8,90.4,-0.051,0.038,False,False,True,True,False,True,False,143.4,3
BANDHANBNK,33170.86,BANDHANBNK.NS,Bandhan Bank Limited,NSE,205.87,3.19,62.5,27.6,True,True,True,False,24.1,88.8,-0.11,-0.157,False,False,True,True,True,True,True,210.63,3
AVALON,10733.78,AVALON.NS,Avalon Technologies Limited,NSE,1607.9,4.77,70.4,29.3,True,True,False,False,39.7,84.0,0.268,4.98,False,True,False,True,True,True,True,1688.5,3
BANKBARODA,136368.82,BANKBARODA.NS,Bank of Baroda,NSE,263.7,18.99,45.0,15.3,False,False,False,False,10.8,90.8,-0.016,0.393,False,False,True,False,True,True,True,270.1,3
ARTEMISMED,4247.27,ARTEMISMED.NS,Artemis Medicare Services Limited,NSE,268.2,9.85,51.7,27.1,True,True,False,False,23.8,84.2,-0.065,-2.695,False,False,True,True,True,True,True,276.4,3
ARVIND,12944.46,ARVIND.NS,Arvind Limited,NSE,493.7,4.11,63.6,48.1,True,True,False,False,26.8,84.2,0.079,-1.476,False,True,False,False,True,True,False,500.95,3
ARVSMART,2688.26,ARVSMART.NS,Arvind SmartSpaces Limited,NSE,584.6,22.77,44.6,17.5,False,False,True,False,13.8,85.8,-0.645,-3.784,False,False,True,True,False,True,True,594.65,3
APOLLO,15054.52,APOLLO.NS,Apollo Micro Systems Limited,NSE,421.35,5.72,68.7,47.9,True,True,False,True,49.1,84.4,-0.012,1.334,False,False,False,False,True,True,True,433.8,3
ARVINDFASN,6284.63,ARVINDFASN.NS,Arvind Fashions Limited,NSE,469.3,18.95,57.0,19.8,True,True,True,False,15.9,88.4,0.161,2.083,False,True,False,True,True,True,True,476.0,3
ASAHIINDIA,22957.47,ASAHIINDIA.NS,Asahi India Glass Limited,NSE,901.9,16.02,60.9,21.8,True,True,False,True,16.5,85.4,0.096,3.972,False,True,False,True,True,True,True,922.3,3
ASHAPURMIN,6716.44,ASHAPURMIN.NS,Ashapura Minechem Limited,NSE,702.75,24.02,57.3,39.6,True,True,False,True,35.3,84.8,0.077,2.815,False,True,False,False,False,True,True,709.0,3
ARIS,931.67,ARIS.NS,Arisinfra Solutions Limited,NSE,113.89,45.38,37.1,26.5,False,False,True,True,31.4,82.2,-0.261,-1.732,True,False,False,True,False,True,False,116.33,3
ARIHANTSUP,1122.77,ARIHANTSUP.NS,Arihant Superstructures Limited,NSE,260.05,44.08,51.4,43.8,False,True,False,False,26.7,88.4,-0.49,0.817,False,False,False,True,True,True,True,270.0,3
AQYLON,1526.95,AQYLON.NS,Aqylon Nexus Limited,NSE,60.07,96.5,51.6,24.2,False,False,False,True,35.9,84.4,0.247,0.389,False,True,False,True,True,False,True,62.45,2
APOLLOHOSP,119392.31,APOLLOHOSP.NS,Apollo Hospitals Enterprise Limited,NSE,8304.5,1.64,61.6,19.5,True,True,False,True,12.3,85.8,0.053,-13.619,False,True,True,False,True,True,True,8443.0,3
ARKADE,2088.72,ARKADE.NS,Arkade Developers Limited,NSE,112.63,47.29,42.6,15.8,False,False,True,True,16.0,88.4,-0.165,-0.803,False,False,True,True,False,True,True,119.95,3
APOLLOPIPE,2192.94,APOLLOPIPE.NS,Apollo Pipes Limited,NSE,497.85,10.14,53.4,36.1,True,True,True,False,24.0,86.2,0.207,-5.732,False,True,True,True,False,True,True,528.0,3
ARFIN,1501.8,ARFIN.NS,Arfin India Limited,NSE,89.24,15.97,44.1,19.2,True,False,False,False,20.0,73.6,-0.07,-0.763,False,False,True,False,True,False,True,97.8,3
APOLLOTYRE,25159.52,APOLLOTYRE.NS,Apollo Tyres Limited,NSE,396.8,26.59,49.3,11.2,False,False,False,True,18.7,91.0,-0.228,2.506,False,False,False,True,False,True,False,400.75,3
APTECHT,608.45,APTECHT.NS,Aptech Limited,NSE,104.97,35.99,55.6,20.8,True,True,False,True,29.8,85.8,0.168,-0.222,False,True,True,True,False,True,True,105.8,3
ARIHANTCAP,727.83,ARIHANTCAP.NS,Arihant Capital Markets Limited,NSE,66.65,44.46,41.3,12.1,False,False,True,False,16.3,88.0,-0.35,-0.198,True,False,True,True,True,False,True,70.92,3
APTUS,13287.21,APTUS.NS,Aptus Value Housing Finance India Limited,NSE,265.3,27.12,55.3,30.4,False,True,True,False,26.5,88.2,-0.049,-1.106,True,False,False,True,True,True,True,267.9,3
ATGL,83833.02,ATGL.NS,Adani Total Gas Limited,NSE,762.25,11.35,64.3,44.0,True,True,False,True,35.9,85.0,0.049,4.149,False,True,False,False,True,True,True,781.7,3
ASHIANA,3533.45,ASHIANA.NS,Ashiana Housing Limited,NSE,352.8,9.4,46.1,25.8,True,True,True,True,19.7,88.0,0.193,-3.831,False,True,False,True,True,True,True,356.0,3
ATL,610.99,ATL.NS,Allcargo Terminals Limited,NSE,24.21,40.24,43.5,11.1,False,False,True,False,18.0,87.6,-0.298,-0.14,False,False,False,True,False,False,True,25.99,3
ARE&M,15561.73,ARE&M.NS,Amara Raja Energy & Mobility Limited,NSE,850.25,19.62,48.7,16.0,False,True,True,True,24.5,90.2,-0.01,-2.659,False,False,True,True,False,True,True,862.85,3
ATHERENERG,39575.5,ATHERENERG.NS,Ather Energy Limited,NSE,1033.6,1.28,66.0,35.6,True,True,True,True,20.7,84.4,0.012,6.647,False,True,False,False,True,True,False,1047.0,3
AUBANK,72537.89,AUBANK.NS,AU Small Finance Bank Limited,NSE,969.4,10.2,44.3,15.8,True,False,True,True,12.8,90.0,-0.039,-3.771,False,False,False,True,False,True,True,976.05,3
ASKAUTOLTD,8659.49,ASKAUTOLTD.NS,ASK Automotive Limited,NSE,438.65,24.17,46.0,13.9,False,False,True,False,10.1,88.4,-0.026,-2.359,False,False,True,True,True,True,True,444.0,3
AURIONPRO,4304.05,AURIONPRO.NS,Aurionpro Solutions Limited,NSE,778.0,53.3,43.2,13.9,False,False,False,False,22.8,91.2,-0.277,1.138,False,False,False,False,True,True,True,831.4,3
AUROPHARMA,84945.14,AUROPHARMA.NS,Aurobindo Pharma Limited,NSE,1462.3,5.66,54.1,20.3,True,True,True,False,14.0,85.8,-0.118,-7.216,True,False,True,True,True,True,False,1550.0,3
ASHOKA,3434.65,ASHOKA.NS,Ashoka Buildcon Limited,NSE,122.36,46.98,41.2,22.6,False,False,True,False,16.0,88.2,-0.351,-0.253,True,False,False,True,True,True,True,123.54,3
ATULAUTO,1298.76,ATULAUTO.NS,Atul Auto Limited,NSE,468.75,15.39,43.4,30.5,True,False,True,False,19.3,86.8,-0.069,-3.586,True,False,False,True,False,True,True,475.0,3
ASIANENE,1712.75,ASIANENE.NS,Asian Energy Services Limited,NSE,382.1,2.44,70.9,37.2,True,True,False,True,27.9,84.2,0.041,1.754,False,True,False,True,True,True,True,389.2,3
ASIANPAINT,257558.99,ASIANPAINT.NS,Asian Paints Limited,NSE,2686.7,10.01,66.1,32.9,True,True,True,True,18.6,84.8,-0.144,-4.28,False,False,False,True,False,True,True,2819.0,3
ASHOKLEY,85376.48,ASHOKLEY.NS,Ashok Leyland Limited,NSE,145.29,32.56,34.7,22.1,False,False,True,True,21.6,90.4,-0.14,-0.981,False,False,False,False,False,True,True,151.46,3
ASTEC,1684.09,ASTEC.NS,Astec LifeSciences Limited,NSE,758.0,24.08,54.7,41.1,True,True,True,False,34.1,85.0,0.06,-0.169,False,True,False,True,True,True,True,764.8,3
EBGNG,4794.18,EBGNG.NS,GNG Electronics Limited,NSE,420.55,13.25,46.4,28.2,True,True,True,False,27.0,72.4,-0.136,-2.287,False,False,True,True,False,True,True,430.0,3
ASIANTILES,1757.21,ASIANTILES.NS,Asian Granito India Limited,NSE,59.4,24.87,36.8,27.1,False,False,True,False,26.1,90.6,-0.122,-0.06,False,False,False,True,True,False,False,60.99,3
ASTRAMICRO,13472.22,ASTRAMICRO.NS,Astra Microwave Products Limited,NSE,1419.5,3.03,73.3,31.0,True,True,False,True,33.0,84.0,0.216,10.787,False,True,False,False,False,True,True,1433.0,3
INOXWIND,15035.67,INOXWIND.NS,Inox Wind Limited,NSE,86.79,54.05,38.2,21.8,False,False,True,True,24.6,88.0,-0.235,-1.333,False,False,False,False,False,False,True,98.37,3
ASTRAL,40791.84,ASTRAL.NS,Astral Limited,NSE,1518.8,14.13,45.0,12.6,False,False,True,True,13.8,91.4,-0.138,0.148,False,False,False,True,False,True,True,1529.8,3
IRB,25605.36,IRB.NS,IRB Infrastructure Developers Limited,NSE,21.17,22.0,47.4,17.7,False,False,False,False,17.7,86.2,0.046,-0.02,False,True,True,True,True,False,True,21.45,3
INOXINDIA,14344.26,INOXINDIA.NS,INOX India Limited,NSE,1578.8,2.3,65.1,21.6,True,True,True,False,24.1,89.8,0.059,4.16,False,True,False,True,True,True,True,1604.4,3
INTERARCH,2953.61,INTERARCH.NS,Interarch Building Solutions Limited,NSE,1763.3,36.17,44.1,26.7,False,False,False,False,29.8,87.8,-0.266,1.721,False,False,False,True,True,True,False,1811.0,3
ECOSMOBLTY,749.1,ECOSMOBLTY.NS,Ecos (India) Mobility & Hospitality Limited,NSE,125.51,64.98,41.2,20.6,False,False,False,True,26.2,85.0,0.143,-1.939,False,True,True,True,False,True,True,148.18,3
ASTERDM,39045.6,ASTERDM.NS,Aster DM Healthcare Limited,NSE,754.0,2.9,59.5,20.9,True,True,True,False,14.7,86.2,-0.003,-3.166,True,False,True,True,True,True,False,770.0,3
INTELLECT,10437.1,INTELLECT.NS,Intellect Design Arena Limited,NSE,745.95,40.56,58.5,16.0,False,True,True,False,23.4,88.0,-0.297,3.303,False,False,True,False,True,True,True,760.2,3
IPCALAB,41677.48,IPCALAB.NS,IPCA Laboratories Limited,NSE,1641.9,2.17,62.1,27.1,True,True,False,True,14.7,86.0,-0.04,0.595,False,False,False,False,True,True,False,1662.2,3
IONEXCHANG,5153.86,IONEXCHANG.NS,ION Exchange (India) Limited,NSE,350.65,39.62,34.6,24.4,False,False,True,True,20.7,87.6,-0.214,-5.436,False,False,False,False,True,True,True,355.0,3
INOXGREEN,6959.86,INOXGREEN.NS,Inox Green Energy Services Limited,NSE,173.5,37.81,47.8,19.4,False,False,True,False,23.4,88.2,-0.189,-1.478,True,False,False,False,False,True,True,177.5,3
INDOTHAI,2856.61,INDOTHAI.NS,Indo Thai Securities Limited,NSE,221.92,52.41,28.3,37.8,False,False,True,True,34.2,87.6,-0.358,-3.268,True,False,False,False,True,True,True,262.9,3
IOC,195508.55,IOC.NS,Indian Oil Corporation Limited,NSE,138.26,26.83,44.9,11.2,False,False,True,True,12.6,88.2,-0.142,0.01,False,False,False,True,False,True,True,143.85,3
INDSWFTLAB,1368.11,INDSWFTLAB.NS,Ind-Swift Laboratories Limited,NSE,158.0,8.8,65.2,22.5,True,True,True,True,26.5,84.4,-0.025,2.616,False,False,False,False,True,True,False,173.25,3
IOB,63392.69,IOB.NS,Indian Overseas Bank,NSE,32.93,21.22,38.3,26.2,False,False,True,False,10.9,89.4,-0.053,-0.073,False,False,False,True,True,False,True,33.97,3
IOLCP,3861.35,IOLCP.NS,IOL Chemicals and Pharmaceuticals Limited,NSE,131.68,5.94,66.2,57.8,True,True,False,True,43.4,84.2,0.146,0.064,False,True,False,True,True,True,True,138.9,3
INDUSINDBK,70521.23,INDUSINDBK.NS,IndusInd Bank Limited,NSE,904.8,6.61,50.5,16.3,True,True,True,False,16.4,88.0,-0.041,-3.494,False,False,True,True,False,True,False,920.0,3
INDRAMEDCO,3626.13,INDRAMEDCO.NS,Indraprastha Medical Corporation Limited,NSE,396.0,38.21,53.4,14.5,False,True,False,True,20.9,91.8,-0.1,4.015,False,False,True,False,False,True,True,398.0,3
INFY,485653.53,INFY.NS,Infosys Limited,NSE,1197.5,30.7,50.7,21.3,False,False,False,True,18.2,91.2,-0.157,9.17,False,False,True,True,True,True,False,1278.9,3
INFOBEAN,1678.37,INFOBEAN.NS,InfoBeans Technologies Limited,NSE,172.82,32.89,57.5,22.8,True,True,True,True,30.2,89.6,0.106,2.716,False,True,False,False,True,True,False,177.25,3
IRCON,12847.45,IRCON.NS,Ircon International Limited,NSE,136.56,39.45,39.8,20.3,False,False,True,False,20.7,88.2,-0.249,-0.709,True,False,False,True,True,True,True,143.6,3
INDUSTOWER,113309.09,INDUSTOWER.NS,Indus Towers Limited,NSE,429.65,10.77,52.7,28.2,True,True,True,True,13.0,85.0,0.001,-0.351,False,True,False,False,True,True,False,442.0,3
HITECH,1767.65,HITECH.NS,Hi-Tech Pipes Limited,NSE,87.22,31.59,48.4,16.3,False,False,True,True,16.2,85.4,0.007,-0.297,False,True,True,False,False,False,True,88.17,3
JAGRAN,1454.15,JAGRAN.NS,Jagran Prakashan Limited,NSE,66.79,15.35,41.8,42.3,False,False,False,True,17.3,84.0,-0.24,0.184,False,False,True,False,True,False,True,67.99,3
JAIBALAJI,6343.8,JAIBALAJI.NS,Jai Balaji Industries Limited,NSE,69.56,49.96,40.1,22.8,False,False,True,False,31.6,87.8,-0.039,-0.989,True,False,False,True,True,False,True,71.5,3
JAGSNPHARM,1361.25,JAGSNPHARM.NS,Jagsonpal Pharmaceuticals Limited,NSE,203.04,32.69,48.4,15.6,False,True,True,False,18.0,88.0,0.009,-1.05,False,True,True,True,True,True,True,204.95,3
J&KBANK,16253.45,J&KBANK.NS,The Jammu & Kashmir Bank Limited,NSE,147.52,2.3,64.9,22.0,True,True,True,True,22.1,84.2,0.097,0.562,False,True,False,False,True,True,False,151.0,3
IPL,1801.73,IPL.NS,India Pesticides Limited,NSE,156.56,36.32,44.3,23.8,False,False,True,True,26.9,87.6,-0.152,-2.121,False,False,True,True,False,True,True,158.99,3
JAICORPLTD,1978.82,JAICORPLTD.NS,Jai Corp Limited,NSE,113.03,36.59,46.1,13.9,False,False,True,False,18.4,89.4,-0.213,-0.55,False,False,False,True,True,True,True,114.0,3
JAMNAAUTO,4859.41,JAMNAAUTO.NS,Jamna Auto Industries Limited,NSE,121.65,20.28,50.2,16.0,True,False,False,True,18.8,88.0,-0.129,0.517,False,False,True,False,True,True,True,124.48,3
JAYBARMARU,1385.06,JAYBARMARU.NS,Jay Bharat Maruti Limited,NSE,127.97,3.42,74.3,34.2,True,True,False,True,36.3,84.0,0.04,1.939,False,True,False,False,True,True,True,132.5,3
IRCTC,42288.0,IRCTC.NS,Indian Railway Catering And Tourism Corporation Limited,NSE,528.6,33.81,48.0,14.8,False,False,True,False,13.5,88.6,-0.228,-0.068,True,False,False,True,False,True,True,540.2,3
JASH,2829.18,JASH.NS,Jash Engineering Limited,NSE,448.9,27.93,64.8,16.2,True,True,False,True,18.2,83.2,0.008,4.145,False,True,False,False,True,True,True,457.85,3
JAYNECOIND,9355.57,JAYNECOIND.NS,Jayaswal Neco Industries Limited,NSE,96.46,17.56,41.0,26.2,True,False,True,False,32.2,88.0,-0.213,-1.525,False,False,False,True,True,False,True,101.64,3
IXIGO,6819.11,IXIGO.NS,Le Travenues Technology Limited,NSE,155.55,54.14,40.7,11.7,False,False,True,False,19.5,90.6,0.114,-1.136,False,True,True,True,True,True,False,168.32,3
IRMENERGY,1072.27,IRMENERGY.NS,IRM Energy Limited,NSE,261.3,33.51,40.0,16.0,False,False,True,False,48.2,89.2,-0.21,-3.737,True,False,False,False,True,True,True,282.3,1
IZMO,1372.22,IZMO.NS,IZMO Limited,NSE,917.4,33.27,80.1,27.7,True,True,False,True,32.2,83.6,0.081,24.474,False,True,False,False,True,True,False,1020.0,3
IREDA,34679.96,IREDA.NS,Indian Renewable Energy Development Agency Limited,NSE,123.43,33.85,39.7,11.4,False,False,True,True,17.1,90.4,-0.128,-0.84,False,False,True,False,False,True,True,128.55,3
IRISDOREME,,IRISDOREME.NS,Iris Clothings Limited,NSE,36.76,44.75,56.7,18.3,True,True,True,False,20.5,87.0,-0.102,-0.049,True,False,False,True,True,False,True,37.35,3
ITDC,5686.51,ITDC.NS,India Tourism Development Corporation Limited,NSE,669.95,6.01,76.4,21.3,True,True,True,True,38.2,83.6,0.233,7.705,False,True,False,True,True,True,True,673.8,3
IRFC,126084.95,IRFC.NS,Indian Railway Finance Corporation Limited,NSE,96.47,35.23,39.8,17.6,False,False,True,False,12.8,90.2,-0.151,-0.267,False,False,False,True,True,False,True,98.7,3
ITI,29052.42,ITI.NS,ITI Limited,NSE,302.0,19.0,59.7,27.4,True,True,True,False,13.3,90.4,-0.211,0.567,False,False,False,True,True,True,True,303.9,3
ITC,351764.82,ITC.NS,ITC Limited,NSE,280.7,34.5,32.2,29.9,False,False,True,False,13.5,88.8,-0.242,-2.451,False,False,False,False,True,True,False,305.4,3
ITCHOTELS,31911.2,ITCHOTELS.NS,ITC Hotels Limited,NSE,153.18,41.45,44.2,10.9,False,False,True,False,12.3,88.4,-0.165,-0.102,False,False,False,True,True,True,True,156.86,3
IBULLSLTD,5380.94,IBULLSLTD.NS,Indiabulls Limited,NSE,23.24,7.04,68.0,39.6,True,True,True,False,55.6,84.2,0.234,0.263,False,True,False,True,True,False,True,25.0,3
INDOSTAR,3772.92,INDOSTAR.NS,IndoStar Capital Finance Limited,NSE,234.83,35.89,63.3,26.4,False,True,True,True,25.3,85.0,-0.006,2.278,False,False,False,True,True,True,True,245.0,3
HYUNDAI,155682.87,HYUNDAI.NS,Hyundai Motor India Limited,NSE,1913.6,33.79,57.0,20.5,False,True,False,True,13.6,85.0,-0.139,6.748,False,False,True,False,False,True,True,1944.0,3
INDORAMA,1194.33,INDORAMA.NS,Indo Rama Synthetics (India) Limited,NSE,45.78,38.96,71.4,40.5,True,True,False,True,31.8,85.4,-0.149,0.685,False,False,False,False,False,False,True,49.25,3
INDOFARM,638.61,INDOFARM.NS,Indo Farm Equipment Limited,NSE,132.78,51.13,50.3,23.9,False,False,True,True,19.6,87.8,-0.067,0.544,False,False,True,False,True,True,True,133.77,3
ICICIPRULI,70116.38,ICICIPRULI.NS,ICICI Prudential Life Insurance Company Limited,NSE,483.25,31.63,32.9,29.3,False,False,False,True,19.1,91.4,-0.02,-3.939,False,False,False,False,True,True,False,528.85,3
ICICIGI,87822.98,ICICIGI.NS,ICICI Lombard General Insurance Company Limited,NSE,1758.0,15.02,42.8,16.4,False,False,True,True,10.0,91.2,-0.013,-10.215,False,False,False,True,True,True,True,1852.2,3
IDEA,162189.52,IDEA.NS,Vodafone Idea Limited,NSE,14.95,1.97,85.4,59.0,True,True,False,False,41.4,84.0,0.084,0.011,False,True,False,True,True,False,True,15.25,3
ICIL,6510.05,ICIL.NS,Indo Count Industries Limited,NSE,328.6,8.82,63.4,41.9,True,True,False,True,33.4,84.4,-0.103,1.683,False,False,False,False,True,True,True,343.0,3
IDEAFORGE,4093.62,IDEAFORGE.NS,Ideaforge Technology Limited,NSE,945.0,0.0,72.4,40.2,True,True,True,False,55.9,84.0,0.168,0.501,False,True,False,True,True,True,True,945.0,3
ICICIBANK,905074.77,ICICIBANK.NS,ICICI Bank Limited,NSE,1262.1,15.86,49.7,12.4,False,False,True,False,12.9,90.6,-0.063,1.124,False,False,False,True,False,True,True,1272.9,3
IDFCFIRSTB,62291.32,IDFCFIRSTB.NS,IDFC First Bank Limited,NSE,72.35,16.84,66.4,20.6,False,True,True,True,13.5,85.0,0.092,0.239,False,True,False,False,True,False,True,73.65,3
HUHTAMAKI,1289.16,HUHTAMAKI.NS,Huhtamaki India Limited,NSE,170.09,37.62,50.7,12.3,False,False,True,True,18.4,90.8,-0.168,0.329,False,False,False,False,True,True,True,172.15,3
HLEGLAS,2674.7,HLEGLAS.NS,HLE Glascoat Limited,NSE,384.5,41.91,68.2,20.7,True,True,False,True,29.9,84.4,0.254,6.894,False,True,False,False,True,True,True,398.4,3
IDBI,78643.07,IDBI.NS,IDBI Bank Limited,NSE,73.08,38.27,47.3,12.8,False,False,True,False,14.6,90.0,-0.178,0.248,False,False,True,True,True,False,True,74.8,3
HUBTOWN,2876.83,HUBTOWN.NS,Hubtown Limited,NSE,203.3,44.41,44.4,12.3,False,False,True,False,16.3,87.8,-0.044,-0.879,True,False,False,True,True,True,True,211.48,3
HONASA,13532.13,HONASA.NS,Honasa Consumer Limited,NSE,416.1,2.07,71.8,39.6,True,True,False,True,22.6,84.6,-0.288,1.803,False,False,False,True,True,True,True,422.75,3
HMAAGRO,1181.32,HMAAGRO.NS,HMA Agro Industries Limited,NSE,23.59,37.09,47.6,10.4,False,False,True,True,17.8,90.2,-0.242,-0.048,True,False,True,True,True,False,False,24.37,3
HPL,2299.06,HPL.NS,HPL Electric & Power Limited,NSE,357.1,44.19,50.9,16.7,False,True,True,False,21.0,88.0,-0.148,-1.979,False,False,True,True,True,True,True,368.9,3
HSCL,34626.69,HSCL.NS,Himadri Speciality Chemical Limited,NSE,685.05,1.86,75.3,25.1,True,True,False,True,34.6,84.0,0.081,3.634,False,True,False,False,True,True,False,698.0,3
INDHOTEL,93576.43,INDHOTEL.NS,The Indian Hotels Company Limited,NSE,657.6,19.01,51.7,11.9,False,True,True,True,8.9,88.0,-0.104,-0.593,False,False,False,False,False,True,True,667.2,3
IEX,10999.72,IEX.NS,Indian Energy Exchange Limited,NSE,122.38,43.18,39.9,9.2,False,False,True,False,11.6,87.8,-0.247,-0.515,False,False,True,False,False,True,True,124.0,3
HUDCO,41259.16,HUDCO.NS,Housing & Urban Development Corporation Limited,NSE,205.93,18.12,49.3,17.4,False,True,True,False,24.5,88.0,-0.251,-1.02,True,False,False,True,False,True,True,210.0,3
INDIACEM,11805.53,INDIACEM.NS,The India Cements Limited,NSE,380.95,21.58,39.3,17.9,False,False,True,False,20.3,89.8,-0.114,-2.541,False,False,False,True,False,True,True,397.0,3
HOMEFIRST,11287.78,HOMEFIRST.NS,Home First Finance Company India Limited,NSE,1078.9,28.97,46.9,20.4,False,False,True,True,17.3,88.0,-0.1,-3.095,True,False,False,True,False,True,True,1098.9,3
INDIGO,173163.89,INDIGO.NS,InterGlobe Aviation Limited,NSE,4481.3,28.1,52.8,9.4,False,True,True,False,12.7,90.0,0.026,11.788,False,True,False,True,True,True,True,4545.8,3
INDIAMART,12035.85,INDIAMART.NS,Indiamart Intermesh Limited,NSE,2000.4,28.53,44.1,26.5,False,False,True,False,13.1,90.6,0.086,1.457,False,True,False,True,False,True,False,2047.0,3
INDIGOPNTS,4543.97,INDIGOPNTS.NS,Indigo Paints Limited,NSE,954.2,29.1,50.5,25.0,False,True,False,True,25.3,84.8,0.181,-9.093,False,True,False,True,True,True,True,1004.55,3
INDIANB,113407.63,INDIANB.NS,Indian Bank,NSE,842.05,15.87,49.7,21.3,True,False,False,True,19.9,91.4,-0.158,4.728,False,False,False,True,False,True,True,849.9,3
INDIAGLYCO,6558.57,INDIAGLYCO.NS,India Glycols Limited,NSE,978.4,19.93,44.4,15.2,True,False,True,False,23.3,88.0,-0.164,-6.902,True,False,False,True,False,True,True,987.0,3
INDOAMIN,954.53,INDOAMIN.NS,Indo Amines Limited,NSE,131.37,25.46,56.0,26.3,True,True,False,True,31.9,85.0,-0.133,-0.608,False,False,False,False,True,True,True,133.0,3
INDIASHLTR,8241.56,INDIASHLTR.NS,India Shelter Finance Corporation Limited,NSE,756.7,25.21,38.3,30.7,False,False,True,True,14.2,87.6,-0.24,-4.364,True,False,True,True,True,True,True,764.5,3
IFCI,21452.13,IFCI.NS,IFCI Limited,NSE,79.6,4.6,74.6,40.1,True,True,False,True,34.8,84.2,0.336,1.714,False,True,False,False,True,False,False,83.44,3
IGIL,15955.34,IGIL.NS,International Gemological Institute Limited,NSE,368.4,16.65,57.0,19.8,True,True,False,False,19.7,85.6,0.203,0.075,False,True,False,True,True,True,True,379.5,3
IGARASHI,1158.91,IGARASHI.NS,Igarashi Motors India Limited,NSE,367.8,44.69,42.6,17.9,False,False,True,False,29.4,88.0,-0.334,-4.268,True,False,False,True,True,True,True,395.0,3
IKS,28463.99,IKS.NS,Inventurus Knowledge Solutions Limited,NSE,1659.1,11.56,54.1,32.8,True,True,True,False,20.2,87.4,-0.104,-2.267,True,False,False,True,False,True,True,1670.0,3
INDGN,12597.09,INDGN.NS,Indegene Limited,NSE,523.0,15.67,57.0,30.0,True,True,True,True,15.0,88.6,-0.009,-0.855,True,False,True,True,False,True,True,533.0,3
IIFL,21968.04,IIFL.NS,IIFL Finance Limited,NSE,516.9,23.42,65.6,19.3,True,True,False,True,23.5,84.2,-0.158,5.712,False,False,False,True,True,True,True,530.0,3
IIFLCAPS,10672.87,IIFLCAPS.NS,IIFL Capital Services Limited,NSE,342.75,16.67,59.4,40.2,True,True,True,True,26.4,88.0,-0.317,-2.04,True,False,False,False,True,True,True,345.0,3
IMAGICAA,2450.18,IMAGICAA.NS,Imagicaaworld Entertainment Limited,NSE,43.55,41.77,44.3,17.0,False,False,True,True,21.5,90.2,-0.249,0.039,False,False,False,True,True,False,True,44.17,3
IKIO,1189.74,IKIO.NS,IKIO Technologies Limited,NSE,154.05,39.09,49.9,17.3,False,True,True,False,26.9,88.0,-0.264,-0.814,True,False,False,True,False,True,True,157.5,3
IMFA,8099.05,IMFA.NS,Indian Metals & Ferro Alloys Limited,NSE,1499.0,10.77,53.9,11.3,True,True,True,True,19.1,89.4,-0.112,3.483,False,False,False,False,False,True,True,1530.0,3
JBMA,16082.79,JBMA.NS,JBM Auto Limited,NSE,679.7,13.96,61.8,21.9,True,True,True,True,15.6,84.2,-0.211,3.356,False,False,True,False,True,True,True,688.4,3
KIRIINDUS,2353.48,KIRIINDUS.NS,Kiri Industries Limited,NSE,392.5,49.61,45.7,8.0,False,False,True,False,14.3,88.2,-0.188,-0.443,False,False,True,True,False,True,True,399.4,3
JBCHEPHARM,34833.21,JBCHEPHARM.NS,JB Chemicals & Pharmaceuticals Limited,NSE,2169.3,5.08,55.4,25.3,True,True,False,True,14.3,85.8,-0.004,-8.644,False,False,False,False,True,True,False,2195.0,3
KIRLOSBROS,13595.21,KIRLOSBROS.NS,Kirloskar Brothers Limited,NSE,1711.1,30.86,59.5,17.6,True,True,True,True,18.4,91.6,-0.147,4.219,False,False,True,False,False,True,True,1764.4,3
KIRLPNU,10174.08,KIRLPNU.NS,Kirloskar Pneumatic Company Limited,NSE,1570.8,7.87,54.9,35.9,True,True,True,False,32.5,85.0,-0.014,-16.469,False,False,False,True,True,True,True,1604.0,3
KIRLOSENG,27787.2,KIRLOSENG.NS,Kirloskar Oil Engines Limited,NSE,1913.3,3.89,65.0,29.8,True,True,False,True,29.0,84.4,0.167,14.439,False,True,False,False,True,True,False,1943.7,3
IGL,23002.03,IGL.NS,Indraprastha Gas Limited,NSE,164.32,28.24,54.7,12.5,False,True,True,True,13.7,90.2,0.056,0.497,False,True,True,True,False,True,True,166.4,3
KITEX,3298.73,KITEX.NS,Kitex Garments Limited,NSE,165.26,45.63,55.6,16.2,False,True,True,True,15.0,90.6,-0.024,0.761,False,False,True,False,False,True,True,171.6,3
KIOCL,24620.0,KIOCL.NS,KIOCL Limited,NSE,405.45,36.1,56.4,18.2,True,True,True,False,22.1,89.6,-0.088,-0.445,False,False,True,False,True,True,True,409.9,3
KMEW,4501.63,KMEW.NS,Knowledge Marine & Engineering Works Limited,NSE,1842.3,19.39,45.4,20.8,True,False,True,False,27.4,88.2,-0.133,-36.461,False,False,False,False,True,True,False,1865.3,3
KIMS,31598.97,KIMS.NS,Krishna Institute of Medical Sciences Limited,NSE,788.95,1.18,62.0,23.0,True,True,False,True,19.2,84.0,0.282,-2.233,False,True,True,False,True,True,True,798.4,3
KECL,709.97,KECL.NS,Kirloskar Electric Company Limited,NSE,107.31,29.36,37.9,16.4,False,False,True,False,33.1,90.8,-0.021,-1.52,False,False,True,True,True,True,True,119.7,3
KEI,51013.43,KEI.NS,KEI Industries Limited,NSE,5335.5,2.57,60.7,14.4,True,True,True,False,21.5,85.0,0.012,-15.858,False,True,False,True,True,True,True,5455.0,3
KELLTONTEC,828.13,KELLTONTEC.NS,Kellton Tech Solutions Limited,NSE,15.68,52.7,47.7,23.1,False,False,True,True,21.3,84.6,-0.215,0.017,False,False,True,False,False,False,True,15.81,3
KOLTEPATIL,3212.44,KOLTEPATIL.NS,Kolte - Patil Developers Limited,NSE,362.1,27.22,42.1,21.9,False,False,True,False,23.1,89.8,0.06,-3.342,False,True,False,True,True,True,True,368.0,3
KHAICHEM,526.65,KHAICHEM.NS,Khaitan Chemicals & Fertilizers Limited,NSE,55.41,59.2,49.1,12.9,False,False,True,False,25.1,89.6,-0.117,-0.123,True,False,False,True,True,False,True,56.5,3
KERNEX,3086.02,KERNEX.NS,Kernex Microsystems (India) Limited,NSE,1836.1,4.29,74.3,48.6,True,True,False,True,42.0,84.6,0.148,37.419,False,True,False,False,True,True,True,1918.4,3
KNRCON,3660.27,KNRCON.NS,KNR Constructions Limited,NSE,130.32,46.81,52.1,11.8,False,True,True,False,16.0,88.2,-0.031,-0.335,True,False,True,True,False,True,True,131.79,3
KFINTECH,14982.99,KFINTECH.NS,Kfin Technologies Limited,NSE,868.85,37.43,51.5,18.3,False,False,True,False,22.0,90.4,-0.088,6.49,False,False,True,True,True,True,False,922.8,3
KRN,8000.34,KRN.NS,KRN Heat Exchanger and Refrigeration Limited,NSE,1216.8,13.4,58.1,20.7,True,True,True,False,33.3,89.6,-0.168,8.992,False,False,False,True,True,True,True,1290.0,3
KSB,14156.35,KSB.NS,Ksb Limited,NSE,814.1,20.83,44.2,35.7,False,False,True,False,27.1,89.6,-0.06,-0.936,True,False,False,True,True,True,True,823.05,3
KRISHNADEF,,KRISHNADEF.NS,Krishna Defence And Allied Industries Limited,NSE,1164.9,11.28,55.5,21.4,True,True,False,False,30.3,87.4,-0.131,-1.817,True,False,False,True,False,True,False,1187.7,3
KRISHANA,,KRISHANA.NS,Krishana Phoschem Limited,NSE,666.7,7.21,51.2,31.7,True,True,True,False,22.6,85.6,-0.103,-4.346,True,False,True,True,False,True,False,692.0,3
EDELWEISS,10856.72,EDELWEISS.NS,Edelweiss Financial Services Limited,NSE,114.67,12.26,52.6,11.4,True,True,True,False,17.0,89.4,-0.146,0.132,False,False,False,True,False,True,True,116.0,3
KOTAKBANK,375480.71,KOTAKBANK.NS,Kotak Mahindra Bank Limited,NSE,377.45,16.71,45.2,13.7,False,False,True,True,8.1,85.8,-0.078,-1.014,False,False,True,True,True,True,True,381.15,3
KROSS,1154.07,KROSS.NS,Kross Limited,NSE,178.11,25.04,37.5,13.6,False,False,True,False,23.8,87.4,-0.64,-1.35,False,False,True,True,False,True,True,180.98,3
KOPRAN,926.36,KOPRAN.NS,Kopran Limited,NSE,189.08,13.66,59.7,44.6,True,True,False,True,32.6,85.0,0.045,-0.167,False,True,False,True,True,True,True,191.38,3
KPEL,2338.48,KPEL.NS,K.P. Energy Limited,NSE,347.15,40.53,44.8,21.3,False,True,True,False,33.9,88.0,-0.309,-3.4,False,False,False,True,True,True,True,352.05,3
KSCL,4408.33,KSCL.NS,Kaveri Seed Company Limited,NSE,858.4,42.51,34.0,31.4,False,False,True,False,17.8,87.8,-0.325,-9.03,True,False,False,True,False,True,True,917.9,3
KPIGREEN,8018.95,KPIGREEN.NS,KPI Green Energy Limited,NSE,405.85,27.91,37.9,14.7,False,False,True,False,22.2,88.4,-0.242,-3.687,False,False,False,True,False,True,True,422.55,3
KPIL,22027.95,KPIL.NS,Kalpataru Projects International Limited,NSE,1290.3,3.39,57.3,38.0,True,True,False,True,14.0,83.8,-0.119,-0.996,False,False,True,False,True,True,True,1305.0,3
KPITTECH,21302.34,KPITTECH.NS,KPIT Technologies Limited,NSE,777.8,45.78,57.0,23.7,False,True,True,False,16.4,84.6,-0.014,2.219,False,False,False,False,True,True,False,784.6,3
KRBL,8162.21,KRBL.NS,KRBL Limited,NSE,356.65,27.95,53.5,14.0,False,True,True,False,17.5,88.4,-0.076,-0.132,False,False,False,True,False,True,True,360.0,3
KEC,13239.46,KEC.NS,KEC International Limited,NSE,497.1,47.51,40.4,21.4,False,False,True,False,24.5,88.2,-0.317,1.522,False,False,False,True,False,True,False,509.0,3
JGCHEM,1638.57,JGCHEM.NS,J.G.Chemicals Limited,NSE,417.35,25.21,54.7,24.1,True,True,False,True,24.9,84.6,-0.062,0.633,False,False,True,True,True,True,True,422.0,3
KPRMILL,37148.35,KPRMILL.NS,K.P.R. Mill Limited,NSE,1086.55,13.56,74.2,35.0,True,True,False,True,24.4,84.2,0.176,15.522,False,True,False,False,True,True,True,1092.8,3
JSFB,4998.43,JSFB.NS,Jana Small Finance Bank Limited,NSE,477.55,13.57,54.2,23.4,True,True,False,True,26.8,85.4,0.041,-2.266,False,True,False,False,True,True,True,487.9,3
JPPOWER,13042.13,JPPOWER.NS,Jaiprakash Power Ventures Limited,NSE,19.03,31.3,48.8,20.9,True,True,False,True,32.6,85.0,-0.252,-0.167,False,False,False,False,False,False,True,19.15,3
JNKINDIA,2355.66,JNKINDIA.NS,JNK India Limited,NSE,421.3,6.66,66.6,25.9,True,True,True,True,41.3,83.6,0.07,2.132,False,True,False,False,True,True,True,451.35,3
JMFINANCIL,11625.85,JMFINANCIL.NS,JM Financial Limited,NSE,121.41,39.23,39.1,18.1,False,False,False,True,22.2,88.0,-0.078,-1.235,False,False,False,False,True,True,True,126.2,3
KCP,2079.5,KCP.NS,KCP Limited,NSE,160.3,30.1,45.3,19.0,False,False,True,True,18.8,89.6,-0.326,-0.372,True,False,True,True,True,True,True,166.0,3
JSLL,7819.76,JSLL.NS,Jeena Sikho Lifecare Limited,NSE,629.85,25.86,48.1,17.0,False,False,False,True,37.3,87.8,0.022,0.052,False,True,False,False,False,True,False,633.8,3
JSL,56996.25,JSL.NS,Jindal Stainless Limited,NSE,690.65,21.87,34.8,36.0,False,False,True,True,17.3,90.6,-0.193,-3.801,True,False,False,False,False,True,False,696.0,3
JSWDULUX,14171.69,JSWDULUX.NS,JSW Dulux Limited,NSE,3110.9,20.55,61.5,26.3,True,True,False,True,12.1,84.4,0.271,19.075,False,True,True,False,True,True,True,3159.0,3
JSWCEMENT,17376.09,JSWCEMENT.NS,JSW Cement Limited,NSE,127.37,21.45,50.8,25.3,False,True,False,True,16.3,66.0,0.013,-0.295,False,True,True,True,False,True,True,128.81,3
JSWENERGY,107020.39,JSWENERGY.NS,JSW Energy Limited,NSE,584.2,5.37,59.0,21.6,True,True,True,True,23.5,85.0,0.003,1.668,False,True,False,True,True,True,True,608.9,3
JKTYRE,11014.1,JKTYRE.NS,JK Tyre & Industries Limited,NSE,381.85,37.6,44.0,16.2,False,False,False,True,19.0,91.0,-0.237,1.175,False,False,True,False,False,True,False,384.0,3
JKPAPER,6076.46,JKPAPER.NS,JK Paper Limited,NSE,359.8,19.11,43.5,17.6,False,False,False,False,16.0,86.2,0.023,-4.091,False,True,True,True,True,True,True,362.0,3
JINDWORLD,2942.64,JINDWORLD.NS,Jindal Worldwide Limited,NSE,29.39,54.25,57.1,39.6,False,True,False,True,33.0,85.4,-0.306,0.022,False,False,True,True,False,False,True,29.73,3
JSWSTEEL,314045.2,JSWSTEEL.NS,JSW Steel Limited,NSE,1284.0,3.31,50.7,13.8,True,True,True,False,10.4,85.4,-0.064,-2.206,False,False,False,True,True,True,False,1293.6,3
JINDALSAW,16022.88,JINDALSAW.NS,Jindal Saw Limited,NSE,250.57,6.33,60.7,18.3,True,True,True,True,26.1,84.2,0.061,1.877,False,True,False,False,True,True,True,254.65,3
JINDALPOLY,2850.5,JINDALPOLY.NS,Jindal Poly Films Limited,NSE,650.9,36.59,35.7,22.3,True,False,True,False,23.3,91.8,-0.246,-3.564,False,False,False,True,True,True,True,657.4,3
JSWINFRA,58401.04,JSWINFRA.NS,JSW Infrastructure Limited,NSE,278.1,20.32,55.5,10.8,True,True,True,False,14.0,87.8,-0.105,-0.148,False,False,True,True,False,True,True,279.75,3
JIOFIN,156428.43,JIOFIN.NS,Jio Financial Services Limited,NSE,236.89,30.04,46.9,18.9,False,False,True,False,11.6,89.4,-0.184,-0.074,False,False,True,True,True,True,True,243.86,3
JINDRILL,1832.48,JINDRILL.NS,Jindal Drilling And Industries Limited,NSE,631.2,8.98,58.5,43.7,True,True,False,False,24.5,86.6,-0.041,-3.02,True,False,False,True,True,True,True,637.2,3
JINDALSTEL,120503.01,JINDALSTEL.NS,JINDAL STEEL LIMITED,NSE,1181.3,9.56,37.8,17.6,True,False,True,True,10.8,90.6,-0.196,-4.09,False,False,False,True,False,True,True,1196.0,3
JKIL,3656.54,JKIL.NS,J.Kumar Infraprojects Limited,NSE,483.4,36.86,39.9,19.9,False,False,True,False,17.8,90.2,-0.22,-0.919,False,False,False,True,False,True,True,511.95,3
JKLAKSHMI,7442.46,JKLAKSHMI.NS,JK Lakshmi Cement Limited,NSE,598.75,41.37,39.1,30.8,False,False,False,False,15.6,87.8,-0.045,-2.366,True,False,False,True,False,True,True,620.5,3
JISLJALEQS,2276.75,JISLJALEQS.NS,Jain Irrigation Systems Limited,NSE,31.89,52.01,54.5,16.9,False,True,True,True,22.6,88.2,-0.141,0.174,False,False,True,False,False,False,True,32.81,3
JTEKTINDIA,3390.19,JTEKTINDIA.NS,Jtekt India Limited,NSE,122.54,34.99,36.4,14.1,False,False,False,False,17.9,87.8,-0.504,-0.831,False,False,False,False,True,True,True,128.34,3
KANSAINER,17070.78,KANSAINER.NS,Kansai Nerolac Paints Limited,NSE,210.89,20.12,48.0,32.1,False,True,True,False,18.1,85.0,-0.075,-1.624,False,False,True,True,False,True,True,223.0,3
KAYNES,20931.91,KAYNES.NS,Kaynes Technology India Limited,NSE,3121.8,59.48,36.8,26.4,False,False,False,False,34.0,88.0,-0.376,2.021,False,False,False,True,True,True,False,3410.0,3
KARURVYSYA,26832.9,KARURVYSYA.NS,Karur Vysya Bank Limited,NSE,279.35,18.66,40.8,14.0,True,False,True,False,15.2,88.2,-0.113,-1.192,False,False,False,True,True,True,False,286.75,3
JTLIND,2781.84,JTLIND.NS,JTL INDUSTRIES LIMITED,NSE,70.62,17.87,52.0,16.9,True,True,True,False,26.8,87.8,-0.16,-0.2,True,False,False,True,False,False,True,71.74,3
JYOTICNC,14400.43,JYOTICNC.NS,Jyoti CNC Automation Limited,NSE,634.3,52.16,39.7,34.9,False,False,False,True,31.3,91.8,-0.306,-3.334,True,False,False,False,False,True,False,683.4,3
KALYANKJIL,38397.28,KALYANKJIL.NS,Kalyan Jewellers India Limited,NSE,371.85,39.8,51.7,23.7,False,False,False,True,25.5,91.4,-0.069,3.318,False,False,False,False,False,True,False,391.1,3
KAMDHENU,704.14,KAMDHENU.NS,Kamdhenu Limited,NSE,24.98,30.51,54.5,19.4,True,True,True,True,23.0,87.8,-0.066,-0.09,True,False,True,False,True,False,True,25.4,3
JUBLFOOD,28205.08,JUBLFOOD.NS,Jubilant Foodworks Limited,NSE,427.2,40.58,38.6,22.4,False,False,False,True,17.1,90.2,-0.243,-0.844,True,False,True,False,True,True,True,464.8,3
JUBLINGREA,9971.0,JUBLINGREA.NS,Jubilant Ingrevia Limited,NSE,626.25,26.48,31.9,26.7,False,False,True,True,20.0,86.2,-0.256,-12.989,False,False,False,False,True,True,True,670.3,3
JUNIPER,4554.62,JUNIPER.NS,Juniper Hotels Limited,NSE,205.27,37.78,56.9,11.6,False,False,True,True,14.9,91.4,-0.338,0.801,False,False,True,False,True,True,True,209.0,3
JUSTDIAL,4454.44,JUSTDIAL.NS,Just Dial Limited,NSE,523.6,45.34,45.3,14.7,False,False,True,False,13.1,91.8,-0.127,0.657,False,False,False,True,True,True,True,534.0,3
JWL,11870.21,JWL.NS,Jupiter Wagons Limited,NSE,277.9,33.67,46.6,14.0,False,False,True,True,16.8,88.2,0.022,-1.063,False,True,True,True,False,True,True,289.95,3
KALAMANDIR,1634.12,KALAMANDIR.NS,Sai Silks (Kalamandir) Limited,NSE,106.44,52.28,50.2,18.0,False,False,True,False,25.4,88.0,-0.259,-0.245,False,False,True,True,False,True,True,108.55,3
JYOTISTRUC,1566.08,JYOTISTRUC.NS,Jyoti Structures Limited,NSE,13.11,36.54,54.2,13.3,True,True,True,True,22.6,84.2,-0.162,0.046,False,False,True,False,False,False,True,13.39,3
JYOTHYLAB,7360.81,JYOTHYLAB.NS,Jyothy Labs Limited,NSE,200.5,45.04,29.5,38.6,False,False,False,False,28.7,88.8,-0.498,-0.477,True,False,False,True,True,True,True,209.65,3
JUBLPHARMA,15505.22,JUBLPHARMA.NS,Jubilant Pharmova Limited,NSE,973.6,21.99,49.5,21.1,False,True,True,True,17.4,87.4,0.077,-7.29,False,True,True,True,True,True,True,998.35,3
KALPATARU,6479.08,KALPATARU.NS,Kalpataru Limited,NSE,316.0,30.91,41.3,16.8,False,False,False,False,28.0,79.8,-0.617,-3.252,False,False,False,True,False,True,True,333.7,3
FORTIS,73174.32,FORTIS.NS,Fortis Healthcare Limited,NSE,968.65,12.28,59.9,22.1,True,True,True,True,16.7,86.2,0.027,-4.045,True,True,True,True,True,True,True,977.0,3
FORCEMOT,23776.11,FORCEMOT.NS,FORCE MOTORS LTD,NSE,18243.0,31.03,39.5,15.9,False,False,True,True,25.1,91.4,-0.307,-123.153,False,False,False,False,False,True,False,18573.0,3
FUSION,2775.31,FUSION.NS,Fusion Finance Limited,NSE,172.13,23.42,41.0,21.7,False,False,True,False,32.9,87.8,-0.248,-2.013,True,False,False,True,True,True,True,176.48,3
FSL,18668.9,FSL.NS,Firstsource Solutions Limited,NSE,268.0,33.63,58.9,32.0,False,True,True,False,26.1,85.8,-0.131,-0.241,False,False,False,True,True,True,True,274.8,3
GABRIEL,14370.86,GABRIEL.NS,Gabriel India Limited,NSE,1000.6,27.91,36.7,24.5,True,False,True,True,22.3,88.0,-0.298,-17.086,False,False,False,True,True,True,True,1011.3,3
KAJARIACER,17312.1,KAJARIACER.NS,Kajaria Ceramics Limited,NSE,1083.8,18.01,48.8,16.7,True,True,True,False,16.5,89.6,-0.218,2.926,False,False,False,True,False,True,False,1099.0,3
FIVESTAR,12886.07,FIVESTAR.NS,Five-Star Business Finance Limited,NSE,436.7,47.26,40.2,21.7,False,False,True,False,23.6,90.0,0.104,-3.065,True,True,False,True,True,True,True,447.95,3
FISCHER,2170.58,FISCHER.NS,Fischer Medical Ventures Limited,NSE,33.42,73.2,36.7,13.9,False,False,True,True,24.5,81.2,-0.381,-0.263,False,False,False,False,True,False,True,36.6,3
GAEL,7143.8,GAEL.NS,Gujarat Ambuja Exports Limited,NSE,155.86,12.4,47.1,19.0,True,True,True,False,18.2,87.8,-0.255,-1.444,False,False,False,True,True,True,False,156.8,3
FLAIR,3014.83,FLAIR.NS,Flair Writing Industries Limited,NSE,285.45,20.04,32.9,24.2,False,False,False,True,18.3,87.6,-0.323,-3.259,True,False,False,True,False,True,True,299.75,3
FEDFINA,6037.83,FEDFINA.NS,Fedbank Financial Services Limited,NSE,160.58,10.03,58.3,30.9,True,True,False,True,17.4,85.6,0.205,-0.183,False,True,False,True,True,True,True,161.69,3
FILATEX,2301.55,FILATEX.NS,Filatex India Limited,NSE,51.85,21.56,74.2,22.4,True,True,False,True,23.5,83.6,0.175,0.749,False,True,False,False,True,False,True,52.78,3
FEDERALBNK,74919.32,FEDERALBNK.NS,The Federal Bank  Limited,NSE,304.15,0.41,67.9,14.8,True,True,False,True,9.3,84.0,0.042,1.61,False,True,False,True,False,True,False,305.4,3
FINOPB,1106.39,FINOPB.NS,Fino Payments Bank Limited,NSE,132.78,60.83,53.9,18.5,False,False,True,False,21.1,84.0,-0.196,1.249,False,False,True,True,False,True,True,136.99,3
FIRSTCRY,11535.07,FIRSTCRY.NS,Brainbees Solutions Limited,NSE,221.14,49.59,40.8,14.7,False,False,True,True,19.8,91.0,-0.283,-0.73,False,False,True,True,False,True,False,223.25,3
FINCABLES,16172.57,FINCABLES.NS,Finolex Cables Limited,NSE,1057.5,10.74,52.3,30.7,True,True,False,True,31.0,85.4,-0.038,-12.87,False,False,True,False,False,True,True,1172.8,3
GEEKAYWIRE,,GEEKAYWIRE.NS,Geekay Wires Limited,NSE,23.78,41.46,44.8,22.7,False,False,True,False,29.9,90.6,-0.31,-0.125,True,False,False,True,False,False,True,25.0,3
FDC,6198.99,FDC.NS,FDC Limited,NSE,381.0,27.81,49.0,25.8,False,True,False,True,23.1,85.0,-0.041,-0.653,False,False,True,False,True,True,True,387.7,3
FINPIPE,10752.86,FINPIPE.NS,Finolex Industries Limited,NSE,172.93,27.34,47.0,14.9,False,False,False,True,20.6,84.6,-0.386,-0.478,False,False,True,True,False,True,True,176.95,3
GENESYS,1150.07,GENESYS.NS,Genesys International Corporation Limited,NSE,274.85,61.9,58.3,29.6,False,True,False,True,32.4,90.2,0.296,5.177,False,True,False,True,True,True,False,276.45,3
GENUSPOWER,9378.28,GENUSPOWER.NS,Genus Power Infrastructures Limited,NSE,308.4,24.76,48.9,24.6,True,True,True,False,23.6,88.2,-0.164,-2.344,False,False,True,True,False,True,False,310.0,3
GALLANTT,15643.45,GALLANTT.NS,Gallantt Ispat Limited,NSE,648.9,31.55,35.6,22.5,True,False,True,False,32.9,90.8,-0.338,-6.976,True,False,False,True,True,True,False,665.45,3
GHCL,4063.88,GHCL.NS,GHCL Limited,NSE,440.75,33.94,36.0,22.0,False,False,False,True,20.0,88.8,-0.383,-1.181,True,False,False,False,True,True,True,455.5,3
GEOJITFSL,2144.5,GEOJITFSL.NS,Geojit Financial Services Limited,NSE,76.82,18.96,65.5,21.2,True,True,True,False,21.3,83.6,0.145,-0.206,True,True,False,False,True,False,True,77.67,3
GICL,,GICL.NS,Globe International Carriers Limited,NSE,25.16,85.2,14.3,21.4,False,False,False,True,43.8,90.8,-0.538,-1.596,False,False,False,False,True,False,False,41.43,3
GAIL,110001.42,GAIL.NS,GAIL (India) Limited,NSE,167.4,17.45,58.0,14.8,True,True,True,True,13.0,85.8,0.066,0.126,False,True,False,True,False,True,True,168.67,3
GICHSGFIN,807.5,GICHSGFIN.NS,GIC Housing Finance Limited,NSE,149.65,27.35,48.0,15.0,False,False,True,False,9.6,87.8,-0.286,-0.112,True,False,False,True,True,True,True,150.68,3
GICRE,68904.06,GICRE.NS,General Insurance Corporation of India,NSE,392.95,7.46,54.5,15.6,True,True,True,False,11.7,91.2,-0.045,0.101,False,False,True,True,True,True,True,398.2,3
GANDHAR,1575.37,GANDHAR.NS,Gandhar Oil Refinery (India) Limited,NSE,160.73,11.89,57.9,27.2,True,True,False,True,24.3,85.4,-0.264,-0.694,False,False,False,False,True,True,True,164.49,3
GARUDA,1557.05,GARUDA.NS,Garuda Construction and Engineering Limited,NSE,167.23,32.92,43.3,10.7,False,False,True,False,20.5,88.2,-0.266,-0.829,False,False,False,True,True,True,True,171.99,3
GHCLTEXTIL,942.95,GHCLTEXTIL.NS,GHCL Textiles Limited,NSE,98.77,4.45,60.9,23.5,True,True,False,True,28.5,85.0,0.027,0.094,False,True,False,False,True,True,True,103.37,3
GATEWAY,2805.5,GATEWAY.NS,Gateway Distriparks Limited,NSE,56.14,26.61,47.7,8.9,False,False,True,False,12.8,88.2,-0.342,0.0,False,False,False,True,True,False,True,57.38,3
GANECOS,2488.14,GANECOS.NS,Ganesha Ecosphere Limited,NSE,929.55,41.46,41.7,27.8,False,False,True,False,25.4,86.0,-0.238,-8.534,True,False,False,True,False,True,True,973.7,3
GANESHBE,803.04,GANESHBE.NS,Ganesh Benzoplast Limited,NSE,111.95,5.13,69.6,20.1,True,True,False,True,30.4,83.6,0.127,0.616,False,True,False,False,True,True,False,112.68,3
GESHIP,21508.54,GESHIP.NS,The Great Eastern Shipping Company Limited,NSE,1464.0,18.58,44.0,21.4,True,False,False,False,26.6,86.6,-0.022,-21.335,True,False,True,True,False,True,False,1492.6,3
ELLEN,3800.33,ELLEN.NS,Ellenbarrie Industrial Gases Limited,NSE,269.6,57.72,52.4,23.7,False,True,True,False,29.4,80.2,-0.153,-1.825,True,False,False,False,True,True,False,273.4,3
EMCURE,33377.24,EMCURE.NS,Emcure Pharmaceuticals Limited,NSE,1756.8,4.0,59.9,23.1,True,True,True,False,18.2,88.6,0.039,-0.747,True,True,False,True,True,True,False,1806.4,3
FCL,4734.86,FCL.NS,Fineotex Chemical Limited,NSE,40.73,8.35,69.8,48.9,True,True,False,True,49.7,84.4,0.248,0.373,False,True,False,False,True,False,True,44.44,3
EMAMILTD,16913.36,EMAMILTD.NS,Emami Limited,NSE,384.8,39.33,26.0,32.3,False,False,True,True,20.4,90.2,-0.297,-2.334,True,False,False,True,True,True,False,416.9,3
EMBDL,8161.63,EMBDL.NS,Embassy Developments Limited,NSE,58.59,54.23,47.5,25.5,False,True,False,False,40.6,87.2,-0.358,-1.214,True,False,False,False,True,False,True,62.19,3
EMIL,4288.02,EMIL.NS,Electronics Mart India Limited,NSE,111.44,33.86,45.2,12.9,False,True,True,False,24.5,89.4,-0.048,-1.221,False,False,True,True,True,True,True,120.99,3
EMSLIMITED,1616.22,EMSLIMITED.NS,EMS Limited,NSE,290.85,55.6,34.9,22.9,False,False,True,False,28.3,90.8,-0.27,-4.404,False,False,False,True,True,True,True,305.55,3
EMUDHRA,3635.05,EMUDHRA.NS,eMudhra Limited,NSE,465.95,44.3,44.5,15.2,False,False,True,False,17.4,87.8,-0.218,-1.341,True,False,False,True,False,True,True,488.2,3
ELIN,539.84,ELIN.NS,Elin Electronics Limited,NSE,108.84,53.49,35.1,18.4,False,False,True,True,20.8,87.8,-0.179,-1.077,False,False,False,True,True,True,True,123.0,3
ELGIEQUIP,19328.28,ELGIEQUIP.NS,Elgi Equipments Limited,NSE,610.3,3.72,68.3,33.5,True,True,False,True,21.2,85.0,-0.162,4.91,False,False,False,False,True,True,True,633.85,3
EIEL,3242.04,EIEL.NS,Enviro Infra Engineers Limited,NSE,184.69,39.72,41.7,19.2,False,False,True,True,24.4,89.4,0.102,-2.158,False,True,True,True,True,True,True,207.71,3
EIDPARRY,13077.56,EIDPARRY.NS,EID Parry India Limited,NSE,735.2,41.03,33.0,28.3,False,False,True,True,19.8,89.6,-0.394,-1.851,True,False,False,False,True,True,False,799.25,3
EKC,1266.82,EKC.NS,Everest Kanto Cylinder Limited,NSE,113.01,27.92,41.6,12.6,False,False,True,False,14.3,87.8,-0.285,-0.602,False,False,False,True,False,True,True,114.07,3
EIHOTEL,18235.62,EIHOTEL.NS,EIH Limited,NSE,291.95,32.85,31.7,20.9,False,False,True,False,17.0,90.6,-0.202,-3.147,False,False,False,True,False,True,True,326.45,3
ELECTCAST,4580.13,ELECTCAST.NS,Electrosteel Castings Limited,NSE,74.0,46.67,36.5,18.2,False,False,True,True,24.0,88.4,-0.205,-0.818,False,False,False,True,False,False,True,75.75,3
HIRECT,3889.05,HIRECT.NS,Hind Rectifiers Limited,NSE,1128.4,6.91,66.6,35.6,True,True,False,True,41.0,85.0,0.193,7.149,False,True,False,True,True,True,True,1191.0,3
EICHERMOT,194036.81,EICHERMOT.NS,Eicher Motors Limited,NSE,7070.0,14.09,46.5,18.1,True,False,True,True,9.6,88.2,-0.038,-7.964,False,False,False,True,False,True,True,7175.0,3
EUREKAFORB,8515.59,EUREKAFORB.NS,Eureka Forbes Limited,NSE,440.8,34.04,33.8,28.0,False,False,False,False,20.1,87.8,-0.253,-3.477,True,False,False,True,True,True,True,448.0,3
ETERNAL,247483.24,ETERNAL.NS,ETERNAL LIMITED,NSE,256.5,30.38,57.3,10.1,False,True,True,False,12.0,89.4,-0.066,0.783,False,False,False,True,False,True,True,258.88,3
EXICOM,1866.45,EXICOM.NS,Exicom Tele-Systems Limited,NSE,133.85,38.32,49.7,40.4,True,True,False,True,43.2,85.0,0.157,-0.835,False,True,False,False,True,True,True,142.45,3
ENGINERSIN,13365.37,ENGINERSIN.NS,Engineers India Limited,NSE,237.78,10.94,51.9,17.2,True,True,True,False,22.8,88.2,-0.099,-0.554,True,False,True,True,True,True,True,241.0,3
EXIDEIND,33961.75,EXIDEIND.NS,Exide Industries Limited,NSE,399.55,7.3,67.5,27.9,True,True,True,True,23.8,84.2,0.262,3.695,False,True,False,True,True,True,True,402.3,3
FACT,56026.73,FACT.NS,Fertilizers and Chemicals Travancore Limited,NSE,866.85,22.05,45.5,15.4,False,False,True,False,13.6,90.2,-0.162,-4.056,False,False,True,True,False,True,True,889.95,3
ENTERO,4843.64,ENTERO.NS,Entero Healthcare Solutions Limited,NSE,1113.8,19.87,37.8,17.4,False,False,False,True,20.6,85.4,-0.054,-16.595,False,False,False,False,True,True,False,1124.0,3
ESTER,897.11,ESTER.NS,Ester Industries Limited,NSE,91.88,36.19,43.7,11.0,False,False,True,False,18.7,88.0,-0.158,-0.651,True,False,False,True,False,False,True,92.9,3
EVEREADY,2420.12,EVEREADY.NS,Eveready Industries India Limited,NSE,332.35,30.06,58.1,26.5,True,True,True,True,19.8,83.6,-0.044,0.995,False,False,True,False,False,True,True,334.7,3
EPL,6964.48,EPL.NS,EPL Limited,NSE,217.33,13.41,48.7,21.5,True,False,True,False,16.9,87.6,-0.008,-0.315,True,False,False,True,True,True,True,218.98,3
EQUITASBNK,8429.37,EQUITASBNK.NS,Equitas Small Finance Bank Limited,NSE,73.95,0.87,64.9,21.4,True,True,True,True,20.6,88.8,0.183,0.17,False,True,False,False,True,False,True,74.4,3
ERIS,18859.7,ERIS.NS,Eris Lifesciences Limited,NSE,1365.2,28.52,49.5,20.5,False,False,False,False,21.6,85.4,0.046,0.194,False,True,True,True,False,True,True,1375.9,3
ESAFSFB,1433.07,ESAFSFB.NS,ESAF Small Finance Bank Limited,NSE,27.78,23.26,50.7,33.5,True,True,True,False,29.2,87.4,-0.071,-0.256,False,False,False,True,False,False,True,28.35,3
ENRIN,129788.12,ENRIN.NS,Siemens Energy India Limited,NSE,3647.9,8.07,60.0,41.3,True,True,False,True,30.4,81.0,0.07,3.74,False,True,False,False,True,True,True,3684.6,3
ELECON,11921.25,ELECON.NS,Elecon Engineering Company Limited,NSE,531.35,25.69,58.7,19.0,True,True,True,False,30.8,88.4,0.126,-2.683,False,True,True,True,False,True,True,547.0,3
ESCORTS,31135.02,ESCORTS.NS,Escorts Kubota Limited,NSE,2781.5,33.46,34.0,19.6,False,False,False,True,20.8,88.2,-0.07,-10.206,False,False,False,False,True,True,False,2985.0,3
HCG,9488.16,HCG.NS,Healthcare Global Enterprises Limited,NSE,635.95,20.97,54.0,21.7,True,True,False,False,18.7,85.4,0.082,-3.892,False,True,True,True,True,True,True,663.1,3
EPACK,2163.22,EPACK.NS,EPACK Durable Limited,NSE,225.3,45.7,41.3,15.4,False,False,True,False,29.3,89.6,0.004,-1.384,True,True,True,True,True,True,True,236.25,3
HARIOMPIPE,1309.61,HARIOMPIPE.NS,Hariom Pipe Industries Limited,NSE,422.45,26.17,70.9,26.4,True,True,False,True,39.2,85.6,0.202,5.598,False,True,False,False,False,True,False,440.85,3
HAPPSTMNDS,5564.12,HAPPSTMNDS.NS,Happiest Minds Technologies Limited,NSE,364.95,45.92,43.8,17.2,False,False,True,True,13.9,88.4,-0.363,-0.274,False,False,False,False,False,True,True,379.5,3
HATHWAY,1964.82,HATHWAY.NS,Hathway Cable & Datacom Limited,NSE,11.08,38.38,59.2,17.5,False,True,True,True,16.7,91.0,-0.007,0.046,False,False,True,False,False,False,True,11.25,3
GIPCL,2643.33,GIPCL.NS,Gujarat Industries Power Company Limited,NSE,169.94,24.1,66.5,34.4,True,True,False,True,22.9,84.6,0.072,1.883,False,True,False,False,False,True,True,175.23,3
HAL,282005.7,HAL.NS,Hindustan Aeronautics Limited,NSE,4216.9,18.07,39.8,20.0,False,False,True,True,17.0,88.0,-0.222,-35.464,False,False,False,True,False,True,True,4267.5,3
HAVELLS,72181.58,HAVELLS.NS,Havells India Limited,NSE,1150.5,29.03,36.8,22.4,False,False,True,True,20.4,90.4,-0.19,-2.76,False,False,False,True,False,True,False,1216.9,3
HARDWYN,1190.31,HARDWYN.NS,Hardwyn India Limited,NSE,24.41,13.68,47.4,31.8,True,True,True,False,27.5,84.4,-0.311,-0.157,False,False,False,False,False,False,False,25.04,3
HBLENGINE,22032.84,HBLENGINE.NS,HBL Engineering Limited,NSE,794.95,29.15,51.7,12.9,True,True,True,True,19.3,88.2,-0.22,-1.17,False,False,True,True,False,True,True,804.5,3
GUJALKALI,4797.27,GUJALKALI.NS,Gujarat Alkalies and Chemicals Limited,NSE,650.85,20.14,39.2,19.6,True,False,True,False,27.0,88.2,-0.219,-7.48,True,False,False,True,True,True,True,669.3,3
GTPL,722.24,GTPL.NS,GTPL Hathway Limited,NSE,64.46,51.68,43.2,11.0,False,False,True,False,11.8,91.4,-0.291,-0.312,False,False,False,True,False,False,False,66.5,3
GUJTHEM,4505.17,GUJTHEM.NS,Gujarat Themis Biosyn Limited,NSE,413.2,13.74,60.5,25.0,True,True,True,True,38.7,85.4,0.272,0.521,False,True,False,True,True,True,True,419.85,3
GULPOLY,1253.96,GULPOLY.NS,Gulshan Polyols Limited,NSE,201.64,4.32,63.9,33.5,True,True,False,True,20.9,85.6,-0.203,0.142,False,False,False,False,False,True,False,209.4,3
GUJGASLTD,27552.81,GUJGASLTD.NS,Gujarat Gas Limited,NSE,400.5,21.27,61.9,27.0,True,True,True,True,26.1,84.2,-0.268,2.489,False,False,False,False,True,True,True,410.0,3
GVT&D,129431.52,GVT&D.NS,GE Vernova T&D India Limited,NSE,5067.0,2.97,63.2,34.7,True,True,False,True,24.4,85.0,0.107,8.089,False,True,False,False,False,True,True,5222.1,3
GVPIL,5941.23,GVPIL.NS,GE Power India Limited,NSE,884.1,4.56,71.3,55.7,True,True,False,True,52.4,84.0,0.403,7.501,False,True,False,False,False,True,True,926.3,3
HIKAL,2339.63,HIKAL.NS,Hikal Limited,NSE,189.62,50.91,42.5,23.9,False,False,True,True,24.0,85.0,-0.182,-3.265,False,False,True,True,True,True,True,193.88,3
HCC,6291.96,HCC.NS,Hindustan Construction Company Limited,NSE,24.02,35.76,65.1,27.2,True,True,True,True,32.4,88.2,-0.096,0.096,False,False,False,False,True,False,True,24.65,3
HCLTECH,313279.07,HCLTECH.NS,HCL Technologies Limited,NSE,1154.7,35.13,40.6,24.3,False,False,True,True,25.2,91.4,-0.173,7.566,False,False,True,False,False,True,False,1198.3,3
HIMATSEIDE,957.65,HIMATSEIDE.NS,Himatsingka Seide Limited,NSE,76.09,53.72,37.9,10.8,False,False,False,True,24.6,90.4,-0.345,0.127,False,False,False,False,False,False,True,83.55,3
HINDOILEXP,2306.98,HINDOILEXP.NS,Hindustan Oil Exploration Company Limited,NSE,174.66,6.55,59.4,20.0,True,True,True,False,20.8,84.0,-0.188,-0.17,True,False,False,True,False,True,True,175.87,3
HINDCOPPER,50899.31,HINDCOPPER.NS,Hindustan Copper Limited,NSE,526.35,30.75,39.8,16.1,True,False,True,False,17.1,87.2,-0.231,-3.939,True,False,False,True,True,True,True,562.0,3
HINDZINC,239575.59,HINDZINC.NS,Hindustan Zinc Limited,NSE,566.8,22.67,30.4,16.1,True,False,True,False,18.9,87.2,-0.285,-8.977,False,False,False,True,True,True,False,602.95,3
HINDUNILVR,498301.31,HINDUNILVR.NS,Hindustan Unilever Limited,NSE,2121.5,22.85,39.6,20.2,False,False,True,True,14.2,90.4,-0.139,-13.149,False,False,False,True,False,True,True,2154.7,3
HGINFRA,3576.59,HGINFRA.NS,H.G. Infra Engineering Limited,NSE,548.65,52.02,32.1,23.5,False,False,True,False,24.2,87.6,-0.213,-7.643,False,False,True,True,True,True,True,584.4,3
HINDWAREAP,1882.04,HINDWAREAP.NS,Hindware Home Innovation Limited,NSE,224.88,42.73,50.3,14.0,False,True,True,False,21.6,87.8,0.092,-1.06,False,True,True,True,True,True,True,233.0,3
HINDPETRO,81953.08,HINDPETRO.NS,Hindustan Petroleum Corporation Limited,NSE,385.05,24.27,50.2,14.2,False,True,True,False,17.4,85.8,0.043,-1.116,False,True,True,True,True,True,True,388.0,3
HEXT,32151.66,HEXT.NS,Hexaware Technologies Limited,NSE,526.0,41.56,60.4,25.6,False,True,True,True,19.8,84.2,0.231,1.853,False,True,False,True,True,True,True,552.5,3
HFCL,28652.88,HFCL.NS,HFCL Limited,NSE,187.23,10.41,72.7,64.3,True,True,False,False,61.6,84.2,0.156,1.7,False,True,False,False,True,True,True,208.98,3
HDBFS,53300.07,HDBFS.NS,HDB Financial Services Limited,NSE,641.95,28.02,38.0,12.4,False,False,True,False,16.3,83.6,-0.153,-4.266,False,False,False,True,True,True,True,658.4,3
HDFCLIFE,124017.45,HDFCLIFE.NS,HDFC Life Insurance Company Limited,NSE,575.3,29.91,34.5,16.8,False,False,True,True,12.4,91.2,-0.188,-4.016,False,False,False,True,False,True,True,622.9,3
HEMIPROP,4014.23,HEMIPROP.NS,Hemisphere Properties India Limited,NSE,141.07,26.02,50.1,17.2,True,True,True,False,26.3,87.4,-0.445,-1.271,True,False,True,True,True,True,True,142.5,3
HDFCBANK,1150743.31,HDFCBANK.NS,HDFC Bank Limited,NSE,747.05,26.8,41.1,18.7,False,False,True,True,10.6,91.2,-0.197,-0.315,False,False,False,False,True,True,True,778.3,3
HERITGFOOD,2973.65,HERITGFOOD.NS,Heritage Foods Limited,NSE,320.15,40.71,40.0,17.0,False,False,False,False,17.2,87.8,-0.01,-0.959,True,False,False,True,True,True,True,323.0,3
HEG,10404.38,HEG.NS,HEG Limited,NSE,539.45,21.82,31.7,16.2,False,False,True,False,22.0,89.4,-0.126,-5.844,False,False,False,True,False,True,True,544.0,3
HEROMOTOCO,96785.95,HEROMOTOCO.NS,Hero MotoCorp Limited,NSE,4835.0,24.32,39.1,17.7,False,False,True,True,13.4,91.8,-0.22,-10.431,False,False,False,False,False,True,False,5102.0,3
GOKULAGRO,6868.14,GOKULAGRO.NS,Gokul Agro Resources Limited,NSE,232.85,6.83,54.9,31.4,True,True,True,False,24.2,88.6,-0.094,-1.076,True,False,True,True,True,True,True,244.2,3
HDFCAMC,106996.14,HDFCAMC.NS,HDFC Asset Management Company Limited,NSE,2495.9,15.89,34.1,19.6,False,False,True,False,14.2,88.0,-0.202,-28.582,False,False,False,False,True,True,True,2609.9,3
HINDALCO,245498.26,HINDALCO.NS,Hindalco Industries Limited,NSE,1092.6,7.09,50.9,27.1,True,True,True,True,17.9,85.0,0.013,-3.219,False,True,False,False,False,True,False,1105.0,3
GMRP&UI,8466.23,GMRP&UI.NS,GMR Power and Urban Infra Limited,NSE,108.31,20.91,47.9,17.2,False,False,False,True,14.7,86.2,-0.109,-0.354,True,False,True,False,True,True,True,109.88,3
GNFC,7337.48,GNFC.NS,Gujarat Narmada Valley Fertilizers and Chemicals Limited,NSE,499.75,12.9,50.5,23.1,True,True,False,False,23.9,86.6,0.157,-4.103,False,True,False,True,True,True,True,503.35,3
GOCLCORP,2035.46,GOCLCORP.NS,GOCL Corporation Limited,NSE,410.85,6.84,72.0,31.3,True,True,True,True,39.2,83.8,0.245,7.487,False,True,False,True,True,True,True,417.5,3
GOCOLORS,2184.31,GOCOLORS.NS,Go Fashion (India) Limited,NSE,414.2,54.97,76.7,28.2,False,True,False,True,41.9,83.6,0.347,11.425,False,True,False,True,True,True,False,422.3,3
GNA,1638.88,GNA.NS,GNA Axles Limited,NSE,382.55,18.61,48.1,21.6,True,False,True,False,23.3,90.6,-0.218,1.635,False,False,True,True,False,True,False,385.1,3
GODFRYPHLP,34623.27,GODFRYPHLP.NS,Godfrey Phillips India Limited,NSE,2220.1,43.75,43.7,18.6,False,False,True,False,19.2,86.8,-0.263,-20.876,False,False,False,True,False,True,True,2267.0,3
GODREJIND,35111.9,GODREJIND.NS,Godrej Industries Limited,NSE,1042.6,24.99,44.5,47.1,True,True,True,False,31.3,88.0,-0.106,-18.487,False,False,True,True,True,True,True,1059.2,3
GODREJPROP,51482.43,GODREJPROP.NS,Godrej Properties Limited,NSE,1708.3,31.85,44.3,10.8,False,False,True,True,15.9,88.8,-0.182,-7.275,False,False,False,True,False,True,True,1751.0,3
GODAVARIB,1415.02,GODAVARIB.NS,Godavari Biorefineries Limited,NSE,276.75,21.6,38.2,26.1,False,False,True,True,25.8,89.4,-0.226,-2.402,True,False,False,True,True,True,True,280.42,3
GODREJCP,102186.32,GODREJCP.NS,Godrej Consumer Products Limited,NSE,998.0,23.76,39.2,25.0,False,False,True,True,15.0,90.0,-0.021,-2.148,False,False,True,False,True,True,True,1046.9,3
GMRAIRPORT,107701.55,GMRAIRPORT.NS,GMR AIRPORTS LIMITED,NSE,102.03,7.55,61.6,13.7,True,True,False,True,12.0,85.0,-0.199,0.485,False,False,False,False,False,True,True,103.03,3
GODIGIT,28277.48,GODIGIT.NS,Go Digit General Insurance Limited,NSE,306.6,19.61,46.7,12.8,False,False,False,True,11.5,83.6,-0.502,0.207,False,False,True,False,True,True,False,312.0,3
GMMPFAUDLR,3537.23,GMMPFAUDLR.NS,GMM Pfaudler Limited,NSE,788.0,44.43,36.4,23.7,False,False,False,True,20.0,87.8,-0.276,-2.949,True,False,False,False,False,True,False,886.5,3
GODREJAGRO,11147.26,GODREJAGRO.NS,Godrej Agrovet Limited,NSE,579.8,33.84,49.4,14.7,False,False,True,False,11.1,91.0,-0.167,0.519,False,False,True,True,False,True,True,589.95,3
GOKEX,5084.82,GOKEX.NS,Gokaldas Exports Limited,NSE,693.85,28.84,49.7,11.5,False,True,True,True,16.7,90.6,-0.258,-0.664,True,False,True,False,False,True,True,727.0,3
GMDCLTD,20914.86,GMDCLTD.NS,Gujarat Mineral Development Corporation Limited,NSE,657.75,14.79,46.6,16.6,True,True,True,False,23.5,91.0,-0.084,-1.521,False,False,True,True,True,True,False,679.85,3
GLAND,37435.13,GLAND.NS,Gland Pharma Limited,NSE,2273.0,5.13,64.8,38.2,True,True,False,True,29.3,85.4,0.188,-13.174,False,True,False,False,True,True,True,2363.5,3
GLENMARK,61110.59,GLENMARK.NS,Glenmark Pharmaceuticals Limited,NSE,2166.2,12.44,37.5,26.8,True,False,False,True,14.5,89.4,-0.188,-25.632,False,False,False,False,False,True,False,2188.4,3
GLOBAL,,GLOBAL.NS,Global Education Limited,NSE,108.72,10.81,57.7,12.1,True,True,True,True,21.6,87.6,-0.251,0.393,False,False,False,False,True,True,False,109.99,3
GOLDIAM,4764.0,GOLDIAM.NS,Goldiam International Limited,NSE,421.6,6.03,60.0,31.9,True,True,True,True,26.7,88.0,-0.135,1.859,False,False,True,False,False,True,True,424.9,3
GRAVITA,12029.3,GRAVITA.NS,Gravita India Limited,NSE,1630.7,16.33,48.0,14.9,False,True,True,False,19.8,88.2,-0.219,-7.482,True,False,False,True,False,True,True,1650.2,3
GREENPANEL,2471.56,GREENPANEL.NS,Greenpanel Industries Limited,NSE,201.91,39.76,52.2,20.9,False,False,True,False,25.9,88.6,-0.12,0.277,False,False,False,True,True,True,True,203.5,3
GREENLAM,6015.11,GREENLAM.NS,Greenlam Industries Limited,NSE,235.22,15.58,53.9,19.2,False,True,False,True,25.0,85.0,-0.358,-0.228,False,False,False,False,False,True,True,241.35,3
GREAVESCOT,4473.83,GREAVESCOT.NS,Greaves Cotton Limited,NSE,192.2,21.33,71.7,27.7,True,True,False,True,24.9,84.0,0.13,0.866,False,True,False,False,True,True,True,195.0,3
GMBREW,2006.65,GMBREW.NS,GM Breweries Limited,NSE,878.0,33.93,33.9,22.5,False,False,True,False,14.2,91.8,-0.274,-3.09,False,False,False,True,False,True,False,969.0,3
GREENPLY,3650.89,GREENPLY.NS,Greenply Industries Limited,NSE,291.79,17.09,72.2,27.0,True,True,True,False,29.5,89.4,0.153,1.885,False,True,False,True,True,True,True,294.66,3
GRSE,30459.38,GRSE.NS,Garden Reach Shipbuilders & Engineers Limited,NSE,2658.7,24.86,47.6,12.4,True,True,True,False,26.9,89.4,-0.217,-9.097,True,False,False,True,True,True,True,2679.0,3
GREENPOWER,1318.49,GREENPOWER.NS,Orient Green Power Company Limited,NSE,11.22,29.03,48.5,16.1,False,True,True,False,30.3,89.6,-0.145,-0.036,True,False,True,True,True,False,True,11.44,3
GRMOVER,3152.7,GRMOVER.NS,GRM Overseas Limited,NSE,152.18,17.94,37.8,11.1,True,False,False,True,16.7,88.8,-0.178,-1.219,False,False,False,False,True,True,True,157.0,3
GPPL,7522.32,GPPL.NS,Gujarat Pipavav Port Limited,NSE,155.74,22.17,49.6,18.4,False,False,False,True,11.6,85.0,-0.193,-0.019,False,False,False,False,True,True,True,157.0,3
GOODLUCK,4450.64,GOODLUCK.NS,Goodluck India Limited,NSE,1339.6,9.18,52.4,16.9,True,True,False,True,28.0,87.6,-0.123,-12.33,True,False,False,True,True,True,True,1450.0,3
GRASIM,209839.79,GRASIM.NS,Grasim Industries Limited,NSE,3087.7,3.43,61.7,22.5,True,True,True,False,16.1,85.4,-0.005,-11.376,False,False,False,True,True,True,True,3192.3,3
GPTINFRA,1454.46,GPTINFRA.NS,GPT Infraprojects Limited,NSE,115.19,20.15,47.5,14.9,False,True,False,False,18.1,85.8,-0.44,-0.452,False,False,False,True,True,True,True,116.0,3
GRAPHITE,13781.79,GRAPHITE.NS,Graphite India Limited,NSE,705.35,12.09,42.6,25.3,True,False,True,False,22.9,87.0,-0.132,-6.864,False,False,True,True,True,True,True,736.4,3
GLOBUSSPR,2512.4,GLOBUSSPR.NS,Globus Spirits Limited,NSE,863.45,33.74,37.7,27.1,False,False,True,False,27.0,88.4,-0.414,-1.259,True,False,False,True,True,True,True,893.5,3
GSFC,6475.26,GSFC.NS,Gujarat State Fertilizers & Chemicals Limited,NSE,162.54,26.32,39.7,17.3,False,False,True,False,12.2,86.2,-0.272,-1.231,False,False,False,True,False,True,True,166.68,3
GRANULES,19566.04,GRANULES.NS,Granules India Limited,NSE,789.85,1.8,69.4,55.1,True,True,True,True,23.4,84.6,0.089,-0.664,False,True,False,True,True,True,False,800.0,3
539607,1371.36,539607.BO,Blue Cloud Softech Solutions Ltd,BSE,18.21,52.08,44.5,10.9,False,False,True,True,20.2,89.4,-0.158,-0.017,False,False,False,True,True,False,True,18.93,3
GPTHEALTH,1230.41,GPTHEALTH.NS,GPT Healthcare Limited,NSE,149.64,19.11,65.7,35.6,True,True,True,True,15.6,83.4,-0.097,0.851,False,False,False,False,False,True,True,152.2,3
539895,1723.29,539895.BO,Spice Lounge Food Works Ltd,BSE,24.72,65.76,59.7,19.3,False,True,False,True,53.4,91.0,0.004,0.778,False,True,False,False,True,False,False,30.54,3
540693,508.03,540693.BO,Shish Industries Ltd,BSE,12.04,37.1,39.4,15.8,True,False,True,False,20.8,90.6,-0.126,0.017,False,False,False,False,False,False,True,12.3,3
GPIL,18829.6,GPIL.NS,Godawari Power And Ispat limited,NSE,280.2,12.44,43.4,15.7,True,False,False,False,14.8,86.4,-0.039,-0.951,True,False,True,True,True,True,True,282.5,3
542669,1354.57,542669.BO,BMW Industries Ltd,BSE,60.18,6.84,69.7,32.8,True,True,False,True,44.1,83.2,-0.015,0.035,False,False,False,False,True,False,True,64.6,3
533285,519.98,533285.BO,RDB Infrastructure And Power Ltd,BSE,24.76,73.05,32.0,33.5,False,False,True,False,41.1,90.2,-0.298,0.197,False,False,False,True,True,False,False,29.01,3
538057,,538057.BO,CPSE ETF,BSE,100.12,8.94,27.6,47.3,True,False,True,False,11.0,88.4,-0.026,-0.503,False,False,False,False,True,True,False,103.53,3
543971,3724.8,543971.BO,Bondada Engineering Ltd,BSE,333.55,33.69,51.0,11.4,False,True,True,False,21.5,88.8,-0.155,-1.416,True,False,True,True,False,True,True,353.75,3
539469,1300.33,539469.BO,Panorama Studios International Ltd,BSE,49.91,17.6,73.3,29.7,True,True,False,True,30.2,83.2,0.202,0.942,False,True,False,False,True,False,True,50.86,3
543828,813.43,543828.BO,Sudarshan Pharma Industries Ltd,BSE,33.8,8.53,56.3,17.3,True,True,True,False,24.9,84.6,0.009,-0.134,False,True,False,True,True,False,True,35.0,3
512025,1012.17,512025.BO,Asgard Alcobev Ltd,BSE,32.49,60.62,36.1,36.6,False,False,True,True,33.0,91.0,-0.247,0.202,False,False,False,True,True,False,False,34.98,3
500285,1860.32,500285.BO,Spicejet Ltd,BSE,12.19,74.01,42.1,9.7,False,False,True,False,26.6,89.0,-0.333,-0.038,False,False,False,True,False,False,True,13.6,3
532323,548.41,532323.BO,Shiva Cement Ltd,BSE,18.59,56.5,58.5,18.1,False,True,True,False,23.6,88.0,-0.029,0.109,False,False,False,True,True,False,True,19.56,3
531889,507.36,531889.BO,Nurture Well Industries Ltd,BSE,21.79,52.63,21.8,55.4,False,False,False,False,49.8,91.0,-0.098,-0.202,True,False,False,True,True,False,True,23.0,3
517035,1354.32,517035.BO,RIR Power Electronics Ltd,BSE,170.2,56.15,42.2,12.2,False,False,True,True,22.2,87.2,-0.406,-1.576,False,False,False,True,True,True,True,174.2,3
532467,763.94,532467.BO,Hazoor Multi Projects Ltd,BSE,26.56,44.64,43.8,13.9,False,False,True,True,25.5,90.4,-0.19,0.006,False,False,True,True,True,False,True,29.2,3
524520,1867.32,524520.BO,KMC Speciality Hospitals (India) Ltd,BSE,114.5,8.29,74.5,37.7,True,True,False,True,33.8,83.6,0.085,2.042,False,True,False,False,True,True,False,123.0,3
507753,1165.14,507753.BO,TGV Sraac Ltd,BSE,108.8,23.51,50.5,12.3,True,True,True,True,15.1,90.4,-0.004,-0.697,False,False,True,True,True,True,False,110.85,3
GOPAL,3548.64,GOPAL.NS,Gopal Snacks Limited,NSE,284.65,28.48,42.3,12.9,False,False,True,False,23.9,87.6,-0.456,-1.965,False,False,False,False,False,True,True,304.9,3
524632,1377.57,524632.BO,Shukra Pharmaceuticals Ltd,BSE,31.46,51.79,54.7,18.7,False,False,True,True,28.6,90.0,0.098,0.291,False,True,True,True,True,False,False,33.3,3
