symbol,bars,close,rsi,rsi_state,rsi_trend,rsi_div,stoch_k,stoch_d,stoch_cross,stoch_state,stoch_div,bb_pos,bb_width_pct,bb_squeeze,bb_state,ichi_price_cloud,ichi_tk,ichi_chikou,ichi_twist_ahead,cci,cci_state,williams_r,wr_state,obv_trend,obv_div,mfi,mfi_state,macd,macd_signal,macd_hist,macd_pos,macd_hist_state,macd_cross,macd_zero,ema20,ema50,ema200,ema_alignment,ema200_slope,px_vs_e20,px_vs_e50,px_vs_e200,adx,adx_regime,di,adx_dir,supertrend,supertrend_flip,atr,atr_pct,atr_state,vwap20,px_vs_vwap,vwap_dist_pct,pivot_P,pivot_R1,pivot_S1,wpivot_R1,wpivot_S1,px_vs_wpivot
OMNI,65,494.45,65.5,neutral,rising,none,65.6,70.7,bear,neutral,none,above_mid,35.78,True,expanding,n/a,n/a,n/a,n/a,88.0,above0,-38.3,neutral,rising,none,79.3,neutral,32.145,30.709,1.436,above_signal,contracting_pos,none,above,461.06,400.85,,n/a (short),n/a,above,above,n/a,36.9,trending,+DI>-DI,rising,green_buy,none,32.05,6.48,contracting,465.91,above,6.13,499.52,506.93,487.03,544.62,469.17,mid_range
BAJAJCON,354,582.2,65.8,neutral,falling,none,67.8,64.8,bull,neutral,none,above_mid,12.82,True,contracting,above,bullish,above,none,56.5,above0,-24.1,neutral,rising,none,64.2,neutral,22.676,25.108,-2.432,below_signal,contracting_neg,none,above,548.31,497.76,366.83,bullish,rising,above,above,above,54.7,trending,+DI>-DI,rising,green_buy,none,25.23,4.33,expanding,552.0,above,5.47,581.38,592.72,570.87,572.42,539.12,above_R1
MODISONLTD,353,327.4,75.4,overbought,falling,none,90.7,95.9,bear,overbought,none,above_mid,118.57,False,expanding,above,bullish,above,none,89.3,above0,-18.4,overbought,rising,bullish,98.7,overbought,48.715,39.75,8.965,above_signal,contracting_pos,none,above,268.73,211.88,167.37,bullish,rising,above,above,above,68.1,trending,+DI>-DI,rising,green_buy,none,15.03,4.59,expanding,262.58,above,24.68,327.4,327.4,327.4,388.93,310.23,mid_range
SANGINITA,353,32.84,89.5,overbought,rising,bearish,100.0,100.0,none,overbought,none,above_mid,39.29,False,expanding,above,bullish,above,none,100.5,strong_up,-0.0,overbought,rising,bearish,,neutral,2.49,2.148,0.343,above_signal,expanding_pos,none,above,28.35,24.4,16.89,bullish,rising,above,above,above,58.2,trending,+DI>-DI,rising,green_buy,none,0.6,1.82,expanding,28.49,above,15.29,32.84,32.84,32.84,32.39,29.94,above_R1
DEEDEV,353,688.7,77.2,overbought,rising,none,96.5,93.2,bull,overbought,bearish,above_mid,54.7,False,expanding,above,bullish,above,none,105.1,strong_up,-6.3,overbought,rising,none,89.2,overbought,66.495,57.0,9.496,above_signal,contracting_pos,none,above,585.07,484.9,339.13,bullish,rising,above,above,above,51.2,trending,+DI>-DI,rising,green_buy,none,32.99,4.79,expanding,555.87,above,23.9,687.4,705.3,670.8,701.7,620.3,mid_range
SIGMAADV,353,437.45,69.6,neutral,falling,bearish,76.5,84.1,bear,neutral,bearish,above_mid,55.98,False,expanding,above,bullish,above,none,64.6,above0,-22.2,neutral,rising,none,75.3,neutral,44.092,43.839,0.253,above_signal,contracting_pos,none,above,385.56,314.44,212.45,bullish,rising,above,above,above,67.8,trending,+DI>-DI,rising,green_buy,none,20.95,4.79,expanding,395.02,above,10.74,433.3,441.6,429.15,467.03,405.33,mid_range
MTARTECH,354,7458.0,55.9,neutral,falling,none,35.8,43.2,bear,neutral,none,below_mid,21.03,True,contracting,above,bullish,above,none,-14.1,below0,-60.6,neutral,rising,none,50.8,neutral,361.214,501.781,-140.567,below_signal,contracting_neg,none,above,7265.81,6291.15,3992.79,bullish,rising,above,above,above,35.1,trending,+DI>-DI,falling,green_buy,none,468.39,6.28,expanding,7447.62,above,0.14,7320.0,7637.0,7141.0,8035.33,6924.33,mid_range
CPPLUS,209,3482.2,82.9,overbought,rising,none,82.2,88.3,bear,overbought,none,above_mid,60.54,False,expanding,above,bullish,above,none,141.1,strong_up,-17.7,overbought,rising,none,94.2,overbought,312.394,241.791,70.603,above_signal,contracting_pos,none,above,2955.12,2530.24,1840.93,bullish,flat,above,above,above,51.4,trending,+DI>-DI,rising,green_buy,none,162.45,4.67,expanding,3009.57,above,15.7,3485.73,3546.47,3421.47,3795.03,3128.13,mid_range
540492,350,11.44,49.7,neutral,rising,none,59.8,33.0,bull,neutral,none,above_mid,23.76,True,contracting,below,bearish,below,bear,-3.1,below0,-1.7,overbought,falling,none,42.6,neutral,-0.463,-0.486,0.023,above_signal,expanding_pos,bull,below,11.27,11.5,8.88,mixed,rising,above,below,above,36.5,trending,-DI>+DI,rising,red_sell,none,0.55,4.82,expanding,11.14,above,2.69,11.14,11.77,10.82,11.45,10.05,mid_range
HFCL,354,178.01,64.0,neutral,falling,none,61.3,72.3,bear,neutral,none,above_mid,47.46,False,expanding,above,bullish,above,none,33.9,above0,-44.2,neutral,rising,none,93.9,overbought,17.091,17.95,-0.859,below_signal,expanding_neg,bear,above,167.51,137.66,97.3,bullish,rising,above,above,above,61.9,trending,+DI>-DI,rising,green_buy,none,10.06,5.65,expanding,167.48,above,6.29,177.94,184.77,171.17,205.31,172.83,mid_range
KSHINTL,114,819.9,62.4,neutral,falling,bearish,70.2,75.8,bear,neutral,none,above_mid,43.63,False,expanding,above,bullish,above,none,58.1,above0,-22.5,neutral,rising,none,69.1,neutral,54.305,55.327,-1.022,below_signal,expanding_neg,bear,above,751.96,654.87,,n/a (short),n/a,above,above,n/a,36.6,trending,+DI>-DI,falling,green_buy,none,56.06,6.84,expanding,758.9,above,8.04,804.3,843.6,780.6,861.88,784.13,mid_range
UFBL,352,549.95,72.8,overbought,flat,none,91.5,87.8,bull,overbought,none,above_mid,56.7,False,contracting,above,bullish,above,none,104.1,strong_up,-14.6,overbought,rising,none,91.8,overbought,47.126,43.748,3.378,above_signal,expanding_pos,bull,above,461.0,386.43,295.07,bullish,rising,above,above,above,38.5,trending,+DI>-DI,falling,green_buy,none,37.0,6.73,expanding,440.7,above,24.79,552.05,572.6,529.4,543.33,441.33,above_R1
GVPIL,354,905.5,70.7,overbought,falling,bearish,85.3,88.0,bear,overbought,bearish,above_mid,44.08,False,expanding,above,bullish,above,none,69.9,above0,-8.4,overbought,rising,none,66.9,neutral,76.43,73.02,3.41,above_signal,contracting_pos,none,above,795.29,672.32,469.89,bullish,rising,above,above,above,55.7,trending,+DI>-DI,rising,green_buy,none,43.64,4.82,expanding,804.27,above,12.59,894.2,916.8,882.9,946.65,801.2,mid_range
CONFIPET,354,75.5,68.5,neutral,rising,none,84.3,87.1,bear,overbought,bearish,above_mid,39.27,False,expanding,above,bullish,above,none,104.9,strong_up,-21.3,neutral,rising,bearish,72.4,neutral,5.539,4.516,1.023,above_signal,contracting_pos,none,above,67.62,58.99,48.74,bullish,rising,above,above,above,45.6,trending,+DI>-DI,rising,green_buy,none,4.72,6.25,expanding,67.03,above,12.63,76.23,77.47,74.27,85.47,64.85,mid_range
STLTECH,354,613.0,75.3,overbought,falling,none,74.9,83.7,bear,neutral,none,above_mid,67.13,False,expanding,above,bullish,above,none,61.2,above0,-24.3,neutral,rising,none,66.8,neutral,75.929,70.31,5.619,above_signal,contracting_pos,none,above,516.52,400.53,226.12,bullish,rising,above,above,above,68.8,trending,+DI>-DI,rising,green_buy,none,28.22,4.6,expanding,520.7,above,17.73,599.23,631.47,580.77,685.67,547.07,mid_range
AEROFLEX,354,425.7,60.3,neutral,falling,none,58.2,69.7,bear,neutral,none,above_mid,22.41,True,contracting,above,bullish,above,none,46.9,above0,-29.1,neutral,rising,none,72.2,neutral,22.881,25.177,-2.296,below_signal,contracting_neg,bear,above,398.01,350.37,255.68,bullish,rising,above,above,above,36.0,trending,+DI>-DI,falling,green_buy,none,26.62,6.25,expanding,396.69,above,7.31,421.23,437.52,409.42,450.15,385.25,mid_range
IDEAFORGE,354,964.9,73.2,overbought,rising,bearish,89.8,92.2,bear,overbought,bearish,above_upper,29.05,True,expanding,above,bullish,above,none,96.2,above0,-10.3,overbought,flat,bearish,85.3,overbought,70.657,66.194,4.463,above_signal,expanding_pos,bull,above,836.49,712.37,552.17,bullish,rising,above,above,above,42.1,trending,+DI>-DI,rising,green_buy,none,52.9,5.48,expanding,831.01,above,16.11,954.42,995.83,923.48,1001.07,832.87,mid_range
NGLFINE,354,2820.7,61.0,neutral,falling,bearish,66.8,61.0,bull,neutral,bearish,above_mid,32.85,False,contracting,above,bullish,above,bull,76.4,above0,-25.7,neutral,flat,none,77.5,neutral,101.953,101.023,0.93,above_signal,expanding_pos,bull,above,2611.2,2442.57,1961.95,bullish,rising,above,above,above,33.2,trending,+DI>-DI,rising,green_buy,none,200.9,7.12,expanding,2692.15,above,4.77,2801.53,2965.97,2656.27,2958.4,2538.4,mid_range
SHADOWFAX,90,216.9,75.7,overbought,rising,none,74.6,68.2,none,neutral,bearish,above_mid,23.76,True,contracting,above,bullish,above,none,79.3,above0,-6.0,overbought,flat,none,51.8,neutral,11.237,11.264,-0.027,below_signal,contracting_neg,none,above,192.74,171.28,,n/a (short),n/a,above,above,n/a,47.8,trending,+DI>-DI,falling,green_buy,none,10.04,4.63,expanding,193.02,above,12.37,213.0,222.9,207.01,209.96,188.2,above_R1
BHAGYANGR,354,307.8,56.4,neutral,flat,bearish,46.2,57.5,bear,neutral,bearish,above_mid,27.22,True,expanding,above,bearish,above,none,7.0,above0,-47.4,neutral,rising,none,63.1,neutral,13.338,15.616,-2.278,below_signal,expanding_neg,bear,above,297.36,263.22,182.28,bullish,rising,above,above,above,38.5,trending,+DI>-DI,falling,green_buy,buy_flip,18.04,5.86,expanding,306.47,above,0.43,303.53,312.07,299.27,338.27,283.97,mid_range
ANTELOPUS,354,853.85,62.8,neutral,rising,none,81.7,88.8,bear,overbought,none,above_mid,32.85,False,expanding,above,bullish,above,none,74.1,above0,-31.1,neutral,rising,none,70.2,neutral,54.8,46.692,8.108,above_signal,contracting_pos,none,above,801.04,719.79,609.91,bullish,rising,above,above,above,46.5,trending,+DI>-DI,rising,green_buy,none,41.43,4.85,expanding,789.67,above,8.13,870.9,887.95,836.8,956.03,811.63,mid_range
ATLANTAELE,171,1890.7,55.2,neutral,falling,none,65.8,80.5,bear,neutral,none,above_mid,34.25,True,expanding,above,bullish,above,none,36.3,above0,-50.2,neutral,rising,none,80.2,overbought,114.289,116.187,-1.899,below_signal,expanding_neg,bear,above,1861.99,1637.64,,n/a (short),n/a,above,above,n/a,38.4,trending,+DI>-DI,falling,green_buy,none,101.2,5.35,expanding,1819.75,above,3.9,1918.6,1965.1,1844.2,2170.7,1899.2,below_S1
JNKINDIA,353,484.05,75.8,overbought,rising,none,77.6,80.3,bear,neutral,none,above_upper,37.79,False,expanding,above,bullish,above,none,246.7,strong_up,-11.8,overbought,rising,none,90.1,overbought,24.229,17.056,7.173,above_signal,expanding_pos,bull,above,389.63,350.42,311.64,bullish,rising,above,above,above,27.6,trending,+DI>-DI,rising,green_buy,none,28.84,5.96,expanding,445.39,above,8.68,472.02,514.03,442.03,465.07,363.82,above_R1
BLISSGVS,354,421.6,68.7,neutral,falling,none,79.9,86.5,bear,neutral,none,above_mid,73.26,False,expanding,above,bullish,above,none,69.3,above0,-23.5,neutral,rising,none,89.3,overbought,43.727,39.513,4.214,above_signal,contracting_pos,none,above,376.38,316.51,226.56,bullish,rising,above,above,above,55.1,trending,+DI>-DI,rising,green_buy,none,21.79,5.17,expanding,356.62,above,18.22,421.98,428.37,415.22,468.43,402.63,mid_range
VENUSREM,352,1610.7,78.5,overbought,rising,none,93.4,97.5,bear,overbought,none,above_mid,81.47,False,expanding,above,bullish,above,none,135.2,strong_up,-17.2,overbought,rising,bullish,75.4,neutral,171.539,122.899,48.641,above_signal,contracting_pos,none,above,1314.55,1118.03,806.69,bullish,rising,above,above,above,44.7,trending,+DI>-DI,rising,green_buy,none,68.93,4.28,expanding,1403.32,above,14.78,1652.77,1694.83,1568.63,1729.97,1440.57,mid_range
SPORTKING,353,177.84,60.3,neutral,falling,none,62.3,67.3,none,neutral,none,above_mid,35.78,False,expanding,above,bullish,above,none,50.1,above0,-45.6,neutral,rising,none,82.3,overbought,9.429,9.781,-0.352,below_signal,expanding_neg,bear,above,170.02,153.25,122.33,bullish,rising,above,above,above,38.2,trending,+DI>-DI,falling,green_buy,none,9.96,5.6,expanding,175.82,above,1.15,178.3,180.61,175.54,194.59,170.09,mid_range
E2E,354,408.8,60.1,neutral,falling,none,81.5,85.6,bear,overbought,none,above_mid,48.17,False,expanding,above,bullish,above,none,58.5,above0,-36.9,neutral,falling,none,46.9,neutral,33.519,31.798,1.721,above_signal,contracting_pos,none,above,385.83,335.31,281.87,bullish,rising,above,above,above,37.1,trending,+DI>-DI,falling,green_buy,none,21.06,5.15,expanding,386.57,above,5.75,414.5,420.2,403.1,473.47,412.67,below_S1
BALAMINES,354,2242.1,75.6,overbought,rising,bearish,83.7,82.0,bull,overbought,bearish,above_mid,42.47,False,contracting,above,bullish,above,none,84.4,above0,-3.6,overbought,rising,none,84.8,overbought,186.483,167.716,18.767,above_signal,expanding_pos,none,above,1869.86,1594.85,1372.48,bullish,rising,above,above,above,42.8,trending,+DI>-DI,rising,green_buy,none,125.18,5.58,expanding,1872.4,above,19.74,2193.57,2311.03,2124.63,2252.0,1767.6,mid_range
SAKAR,354,813.6,62.6,neutral,falling,bearish,34.1,41.4,none,neutral,bearish,above_mid,33.29,False,contracting,above,bullish,above,none,22.7,above0,-43.9,neutral,rising,none,53.2,neutral,44.802,50.389,-5.587,below_signal,contracting_neg,bear,above,761.85,680.14,508.6,bullish,rising,above,above,above,41.3,trending,+DI>-DI,falling,green_buy,none,50.78,6.24,expanding,746.02,above,9.06,803.05,832.55,784.1,841.88,733.93,mid_range
532380,350,13.5,51.8,neutral,rising,bearish,49.4,51.9,bear,neutral,bearish,above_mid,15.73,True,contracting,inside,bullish,below,bear,44.0,above0,-47.0,neutral,flat,bearish,42.1,neutral,0.004,-0.039,0.044,above_signal,expanding_pos,none,above,13.33,13.2,11.21,bullish,rising,above,above,above,11.3,choppy,+DI>-DI,falling,red_sell,none,0.86,6.38,expanding,13.4,above,0.78,13.5,14.0,13.0,14.26,12.44,mid_range
ACUTAAS,354,3198.7,64.4,neutral,rising,none,77.4,86.9,bear,neutral,none,above_mid,22.38,False,expanding,above,bullish,above,none,68.6,above0,-42.3,neutral,rising,none,72.9,neutral,162.72,151.098,11.622,above_signal,contracting_pos,none,above,3020.95,2747.78,2101.02,bullish,rising,above,above,above,52.2,trending,+DI>-DI,rising,green_buy,none,125.91,3.94,expanding,3028.73,above,5.61,3230.47,3279.83,3149.33,3484.13,3037.23,mid_range
AVALON,354,1639.5,72.0,overbought,flat,bearish,81.8,84.0,bear,overbought,bearish,above_mid,29.4,False,contracting,above,bullish,above,none,70.6,above0,-12.8,overbought,rising,bullish,67.6,neutral,108.457,103.909,4.547,above_signal,expanding_pos,bull,above,1473.74,1301.7,1067.42,bullish,rising,above,above,above,29.0,trending,+DI>-DI,falling,green_buy,none,88.05,5.37,expanding,1455.39,above,12.65,1639.9,1669.5,1609.9,1718.9,1466.5,mid_range
SASKEN,353,2314.4,71.7,overbought,falling,none,77.5,74.2,bull,neutral,none,above_mid,44.49,False,contracting,above,bullish,above,none,51.5,above0,-6.7,overbought,rising,none,87.2,overbought,201.493,202.723,-1.229,below_signal,contracting_neg,bear,above,2014.07,1713.55,1478.21,bullish,rising,above,above,above,59.3,trending,+DI>-DI,rising,green_buy,none,127.16,5.49,expanding,1888.36,above,22.56,2263.83,2395.17,2183.07,2319.93,2081.23,mid_range
OMAXAUTO,353,216.79,52.1,neutral,falling,bearish,42.7,52.0,none,neutral,bearish,below_mid,32.31,True,contracting,above,bullish,above,none,-22.6,below0,-70.2,neutral,falling,none,55.0,neutral,15.992,21.541,-5.549,below_signal,expanding_neg,bear,above,221.98,186.48,135.77,bullish,rising,below,above,above,45.4,trending,+DI>-DI,falling,red_sell,sell_flip,11.68,5.39,expanding,228.11,below,-4.96,216.96,221.73,212.03,252.35,222.97,below_S1
RAIN,354,203.97,74.7,overbought,flat,none,84.0,82.4,bull,overbought,none,above_mid,41.77,False,contracting,above,bullish,above,bull,72.5,above0,-6.1,overbought,rising,none,86.8,overbought,15.669,14.183,1.486,above_signal,contracting_pos,none,above,178.3,157.86,142.39,bullish,rising,above,above,above,50.9,trending,+DI>-DI,rising,green_buy,none,9.35,4.58,expanding,179.99,above,13.32,200.64,208.78,195.83,207.53,186.43,mid_range
PARKHOSPS,118,292.5,69.3,neutral,falling,bearish,84.0,82.7,bull,overbought,none,above_mid,26.28,False,expanding,above,bullish,above,none,71.0,above0,-3.2,overbought,rising,none,77.5,neutral,13.647,13.949,-0.302,below_signal,contracting_neg,bear,above,272.46,247.2,,n/a (short),n/a,above,above,n/a,46.2,trending,+DI>-DI,falling,green_buy,none,11.4,3.9,expanding,269.38,above,8.58,289.48,296.82,285.17,292.27,271.67,above_R1
TCIFINANCE,352,20.91,86.9,overbought,rising,none,87.1,68.3,none,overbought,bullish,above_upper,52.39,False,expanding,above,bullish,above,bull,410.3,strong_up,-0.0,overbought,rising,none,96.1,overbought,0.695,0.008,0.687,above_signal,expanding_pos,bull,above,14.6,14.49,15.17,mixed,falling,above,above,above,27.3,trending,+DI>-DI,rising,green_buy,buy_flip,1.17,5.6,expanding,16.55,above,26.38,20.04,21.78,19.17,15.79,13.06,above_R2
SGMART,182,619.4,64.2,neutral,falling,bearish,38.9,25.6,none,neutral,none,above_mid,11.04,True,contracting,above,bullish,above,none,35.8,above0,-24.0,neutral,rising,none,53.8,neutral,6.741,9.888,-3.147,below_signal,contracting_neg,none,above,587.09,557.09,,n/a (short),n/a,above,above,n/a,22.0,transitional,+DI>-DI,falling,green_buy,none,24.05,3.88,expanding,603.9,above,2.57,610.93,636.47,593.87,593.58,558.68,above_R2
KERNEX,354,1889.9,76.3,overbought,rising,bearish,89.2,90.5,bear,overbought,bearish,above_mid,55.24,False,expanding,above,bullish,above,none,135.2,strong_up,-9.1,overbought,rising,none,96.7,overbought,153.31,123.739,29.571,above_signal,contracting_pos,none,above,1645.38,1443.67,1236.21,bullish,rising,above,above,above,50.2,trending,+DI>-DI,rising,green_buy,none,97.92,5.18,expanding,1684.97,above,12.16,1893.77,1935.63,1848.03,1942.33,1705.93,mid_range
BBOX,354,970.1,59.9,neutral,falling,none,56.0,75.6,bear,neutral,bearish,below_mid,27.74,True,contracting,above,bullish,above,none,1.9,above0,-67.5,neutral,rising,none,64.6,neutral,82.687,95.954,-13.266,below_signal,expanding_neg,bear,above,956.95,807.77,617.39,bullish,rising,above,above,above,61.9,trending,+DI>-DI,falling,green_buy,none,50.25,5.18,expanding,956.36,above,1.44,979.6,1012.3,937.4,1113.93,1020.93,below_S1
GAYAPROJ,354,21.33,68.4,neutral,rising,none,87.6,87.3,bull,overbought,none,above_mid,31.29,False,expanding,above,bullish,above,none,131.7,strong_up,-2.9,overbought,rising,bullish,92.0,overbought,0.838,0.585,0.254,above_signal,expanding_pos,none,above,19.34,17.91,13.85,bullish,rising,above,above,above,30.4,trending,+DI>-DI,rising,green_buy,none,1.04,4.9,expanding,19.45,above,9.67,21.11,21.62,20.83,21.77,19.0,mid_range
RUBICON,158,1170.5,62.1,neutral,rising,none,56.9,65.9,none,neutral,none,above_mid,48.34,False,expanding,above,bullish,above,none,103.7,strong_up,-46.4,neutral,rising,none,88.9,overbought,78.255,64.539,13.716,above_signal,contracting_pos,none,above,1092.53,983.69,,n/a (short),n/a,above,above,n/a,49.4,trending,+DI>-DI,rising,green_buy,none,75.11,6.42,expanding,1214.93,below,-3.66,1190.43,1217.27,1143.67,1366.9,1041.2,mid_range
CUPID,354,145.86,78.5,overbought,rising,none,97.3,95.2,none,overbought,bearish,above_upper,23.69,True,expanding,above,bullish,above,none,227.9,strong_up,-0.5,overbought,rising,none,92.3,overbought,6.554,5.456,1.098,above_signal,expanding_pos,bull,above,129.18,117.18,83.44,bullish,rising,above,above,above,23.5,transitional,+DI>-DI,rising,green_buy,buy_flip,4.86,3.33,expanding,127.12,above,14.75,144.35,147.51,142.71,141.77,128.57,above_R1
SEDEMAC,61,2624.9,82.2,overbought,rising,bearish,83.1,83.4,bear,overbought,bearish,above_upper,33.32,False,expanding,n/a,n/a,n/a,n/a,154.2,strong_up,-5.0,overbought,rising,none,71.7,neutral,158.488,127.618,30.87,above_signal,expanding_pos,none,above,2209.4,1979.16,,n/a (short),n/a,above,above,n/a,59.4,trending,+DI>-DI,rising,green_buy,none,119.15,4.54,expanding,2176.36,above,20.61,2561.6,2723.2,2463.3,2530.0,2178.9,above_R1
KSR,130,32.63,40.8,neutral,flat,none,23.0,25.5,bear,neutral,none,below_mid,21.66,False,expanding,below,bearish,below,bear,-78.8,below0,-76.7,neutral,rising,bullish,41.4,neutral,-0.817,-0.518,-0.299,below_signal,contracting_neg,none,below,34.15,34.32,,n/a (short),n/a,below,below,n/a,19.7,choppy,-DI>+DI,rising,red_sell,none,1.8,5.5,contracting,34.45,below,-5.27,32.93,33.46,32.11,34.77,30.95,mid_range
VIDYAWIRES,123,94.0,49.0,neutral,falling,bearish,24.5,32.8,none,neutral,none,below_mid,34.05,False,expanding,above,bullish,above,none,-37.8,below0,-79.9,neutral,falling,none,51.9,neutral,3.775,5.914,-2.139,below_signal,expanding_neg,bear,above,97.27,86.3,,n/a (short),n/a,below,above,n/a,36.5,trending,+DI>-DI,falling,red_sell,sell_flip,6.0,6.39,contracting,99.85,below,-5.86,94.54,96.41,92.14,108.4,86.23,mid_range
PARACABLES,354,66.75,61.1,neutral,falling,bearish,64.2,70.8,bear,neutral,bearish,above_mid,31.98,True,contracting,above,bullish,above,none,28.2,above0,-32.8,neutral,falling,none,82.6,overbought,5.113,5.628,-0.515,below_signal,expanding_neg,bear,above,61.43,52.54,45.99,bullish,rising,above,above,above,35.5,trending,+DI>-DI,falling,green_buy,none,4.76,7.13,expanding,63.15,above,5.71,66.16,68.33,64.58,73.91,59.28,mid_range
TDPOWERSYS,354,1231.0,49.7,neutral,falling,none,34.0,50.4,bear,neutral,bullish,below_mid,16.37,True,contracting,above,bullish,above,none,-47.5,below0,-79.6,neutral,rising,none,47.0,neutral,34.187,51.723,-17.536,below_signal,expanding_neg,none,above,1256.38,1152.05,864.27,bullish,rising,below,above,above,35.5,trending,+DI>-DI,falling,green_buy,none,67.59,5.49,expanding,1272.55,below,-3.27,1224.5,1248.0,1207.5,1381.53,1218.53,mid_range
POWERINDIA,354,34610.0,50.3,neutral,falling,none,39.7,53.3,bear,neutral,none,below_mid,20.78,False,contracting,above,bullish,above,none,-25.3,below0,-87.3,oversold,rising,none,46.4,neutral,1004.92,1373.251,-368.331,below_signal,expanding_neg,none,above,35162.3,32382.0,24875.55,bullish,rising,below,above,above,28.5,trending,-DI>+DI,falling,green_buy,none,1434.93,4.15,expanding,35568.38,below,-2.69,34623.33,35196.67,34036.67,38830.0,34865.0,below_S1
APOLLO,354,413.05,64.3,neutral,falling,bearish,69.5,74.8,none,neutral,bearish,above_mid,48.05,False,contracting,above,bullish,above,none,44.7,above0,-34.1,neutral,flat,bearish,61.7,neutral,31.95,33.644,-1.694,below_signal,expanding_neg,bear,above,384.28,331.93,264.95,bullish,rising,above,above,above,48.0,trending,+DI>-DI,rising,green_buy,none,23.4,5.67,expanding,385.94,above,7.02,412.72,420.03,405.73,445.93,397.73,mid_range
WHEELS,354,1507.6,55.8,neutral,falling,none,14.6,18.4,none,oversold,bearish,below_mid,24.88,True,contracting,above,bullish,above,none,-17.8,below0,-78.4,neutral,falling,none,51.2,neutral,62.068,92.301,-30.232,below_signal,contracting_neg,none,above,1494.1,1333.74,1024.26,bullish,rising,above,above,above,39.9,trending,+DI>-DI,falling,green_buy,none,83.07,5.51,contracting,1561.28,below,-3.44,1500.17,1525.33,1482.43,1583.43,1426.23,mid_range
DJML,353,107.25,65.4,neutral,falling,none,77.5,78.9,bear,neutral,bearish,above_mid,20.77,False,expanding,above,bullish,above,none,95.7,above0,-30.5,neutral,falling,none,55.2,neutral,3.899,3.609,0.29,above_signal,contracting_pos,none,above,102.31,96.19,93.55,bullish,rising,above,above,above,19.0,choppy,+DI>-DI,falling,green_buy,none,4.78,4.45,expanding,102.65,above,4.48,107.82,109.33,105.73,115.94,103.5,mid_range
NARMADA,352,37.77,60.0,neutral,falling,none,53.8,49.4,bull,neutral,none,above_mid,9.32,True,contracting,above,bullish,above,none,71.5,above0,-37.9,neutral,rising,none,61.0,neutral,0.549,0.573,-0.023,below_signal,contracting_neg,none,above,36.56,35.21,29.32,bullish,rising,above,above,above,33.0,trending,+DI>-DI,rising,green_buy,none,1.55,4.11,expanding,36.73,above,2.84,37.53,38.46,36.84,39.0,35.85,mid_range
NEOGEN,354,1938.8,69.6,neutral,rising,none,86.1,84.5,bull,overbought,bearish,above_mid,22.51,True,expanding,above,bullish,above,none,129.1,strong_up,-9.9,overbought,rising,none,73.6,neutral,82.634,74.079,8.555,above_signal,expanding_pos,none,above,1801.04,1660.07,1495.68,bullish,rising,above,above,above,39.5,trending,+DI>-DI,rising,green_buy,none,91.53,4.72,expanding,1782.11,above,8.79,1932.53,1963.47,1907.87,1991.93,1783.63,mid_range
NINSYS,353,718.9,77.7,overbought,falling,none,78.5,79.8,none,neutral,none,above_mid,33.18,True,contracting,above,bullish,above,none,50.5,above0,-23.5,neutral,rising,none,76.1,neutral,54.304,56.218,-1.914,below_signal,expanding_neg,bear,above,664.9,569.5,460.27,bullish,rising,above,above,above,72.8,trending,+DI>-DI,falling,green_buy,none,39.16,5.45,expanding,651.55,above,10.34,718.93,745.87,691.97,760.97,683.57,mid_range
WELCORP,354,1411.6,65.2,neutral,falling,none,74.4,77.7,bear,neutral,none,above_mid,12.57,True,expanding,above,bullish,above,none,56.5,above0,-8.8,overbought,rising,none,55.2,neutral,51.397,57.854,-6.457,below_signal,contracting_neg,none,above,1343.96,1219.58,981.69,bullish,rising,above,above,above,33.4,trending,+DI>-DI,falling,green_buy,none,45.81,3.25,expanding,1344.8,above,4.97,1391.47,1434.93,1368.13,1427.2,1350.2,mid_range
DATAPATTNS,354,4558.5,67.2,neutral,rising,none,84.2,82.5,none,overbought,none,above_upper,19.31,True,expanding,above,bullish,above,none,188.9,strong_up,-7.5,overbought,rising,none,82.1,overbought,110.181,82.553,27.628,above_signal,expanding_pos,bull,above,4081.08,3845.27,3189.17,bullish,rising,above,above,above,16.6,choppy,+DI>-DI,falling,green_buy,buy_flip,212.45,4.66,expanding,4058.89,above,12.31,4444.93,4733.57,4269.87,4421.4,3902.4,above_R1
EMMVEE,139,335.2,70.3,overbought,falling,none,90.0,90.1,bear,overbought,none,above_mid,41.37,False,expanding,above,bullish,above,none,107.5,strong_up,-9.2,overbought,rising,none,80.1,overbought,19.837,16.503,3.335,above_signal,contracting_pos,none,above,303.05,274.77,,n/a (short),n/a,above,above,n/a,37.3,trending,+DI>-DI,rising,green_buy,none,15.51,4.63,expanding,301.5,above,11.18,335.08,343.62,326.67,350.27,309.52,mid_range
PANACEABIO,354,607.75,86.0,overbought,rising,bearish,83.8,87.2,bear,overbought,none,above_upper,55.0,False,expanding,above,bullish,above,none,261.6,strong_up,-15.3,overbought,rising,none,96.2,overbought,44.323,26.712,17.61,above_signal,expanding_pos,bull,above,456.36,408.89,389.74,bullish,rising,above,above,above,41.9,trending,+DI>-DI,rising,green_buy,none,34.38,5.66,expanding,560.62,above,8.41,610.2,644.55,573.4,614.9,428.25,mid_range
PRECWIRE,354,410.85,50.2,neutral,falling,none,34.8,48.3,bear,neutral,none,below_mid,24.82,True,expanding,above,bullish,below,none,-23.3,below0,-74.1,neutral,falling,none,81.8,overbought,8.188,12.635,-4.447,below_signal,expanding_neg,bear,above,415.56,388.43,296.13,bullish,rising,below,above,above,21.9,transitional,-DI>+DI,falling,green_buy,none,22.3,5.43,expanding,427.4,below,-3.87,406.95,417.9,399.9,441.18,401.73,mid_range
SYRMA,354,1256.8,77.3,overbought,rising,none,94.7,94.5,bull,overbought,none,above_mid,31.88,False,expanding,above,bullish,above,none,178.1,strong_up,-1.4,overbought,rising,none,89.3,overbought,64.111,49.347,14.764,above_signal,expanding_pos,none,above,1117.7,1022.14,847.29,bullish,rising,above,above,above,46.6,trending,+DI>-DI,rising,green_buy,none,44.64,3.55,expanding,1090.08,above,15.29,1237.4,1279.8,1214.4,1278.57,1130.47,mid_range
KRISHNADEF,353,1240.8,62.6,neutral,rising,none,52.9,49.7,bull,neutral,none,above_upper,13.06,True,contracting,above,bearish,above,none,164.2,strong_up,-24.7,neutral,flat,bullish,66.2,neutral,26.59,23.064,3.526,above_signal,expanding_pos,bull,above,1144.53,1092.94,955.12,bullish,rising,above,above,above,22.1,transitional,+DI>-DI,rising,green_buy,none,74.37,5.99,contracting,1154.54,above,7.47,1219.0,1279.7,1180.1,1238.53,1082.23,above_R1
GRWRHITECH,354,6225.0,68.3,neutral,falling,none,76.2,69.4,bull,neutral,bearish,above_upper,17.18,True,contracting,above,bullish,above,none,54.2,above0,-5.4,overbought,rising,none,61.1,neutral,346.275,365.685,-19.41,below_signal,contracting_neg,none,above,5622.72,5008.57,4129.94,bullish,rising,above,above,above,38.2,trending,+DI>-DI,falling,green_buy,none,295.44,4.75,expanding,5659.42,above,9.99,6124.33,6380.67,5968.67,6212.33,5526.83,above_R1
SHILPAMED,354,569.15,80.3,overbought,rising,none,85.4,86.5,bear,overbought,none,above_upper,24.09,False,expanding,above,bullish,above,none,101.3,strong_up,-8.7,overbought,rising,bullish,90.0,overbought,29.737,26.171,3.567,above_signal,expanding_pos,none,above,500.48,452.09,390.91,bullish,rising,above,above,above,64.3,trending,+DI>-DI,rising,green_buy,none,24.86,4.37,expanding,505.42,above,12.61,560.32,587.63,541.83,556.23,506.63,above_R1
THANGAMAYL,354,5469.5,79.0,overbought,rising,none,86.3,89.5,none,overbought,none,above_mid,64.95,False,expanding,above,bullish,above,none,182.7,strong_up,-14.6,overbought,rising,none,78.9,neutral,398.55,220.876,177.674,above_signal,contracting_pos,none,above,4518.9,4135.48,3383.77,bullish,rising,above,above,above,33.3,trending,+DI>-DI,rising,green_buy,none,282.99,5.17,expanding,4561.75,above,19.9,5464.37,5588.73,5345.13,5956.6,4439.6,mid_range
SANSERA,354,2961.4,66.8,neutral,falling,bearish,88.7,89.7,bear,overbought,bearish,above_mid,33.5,False,contracting,above,bullish,above,none,59.5,above0,-13.2,overbought,rising,none,85.8,overbought,128.819,126.288,2.531,above_signal,contracting_pos,none,above,2794.4,2579.4,2045.75,bullish,rising,above,above,above,30.5,trending,+DI>-DI,rising,green_buy,none,107.9,3.64,contracting,2824.31,above,4.85,2955.47,3000.93,2915.93,3026.17,2829.87,mid_range
SALSTEEL,352,59.52,53.2,neutral,rising,bearish,65.5,74.8,bear,neutral,none,below_mid,15.11,True,expanding,above,bullish,above,none,44.3,above0,-45.0,neutral,rising,bullish,51.2,neutral,1.678,1.766,-0.088,below_signal,expanding_neg,bear,above,59.25,55.25,42.72,bullish,rising,above,above,above,17.4,choppy,+DI>-DI,falling,green_buy,none,3.72,6.24,expanding,59.68,below,-0.28,60.79,62.23,58.07,65.31,56.43,mid_range
INDSWFTLAB,353,161.87,67.3,neutral,rising,none,67.1,64.6,bull,neutral,none,above_mid,33.53,False,expanding,above,bullish,above,bull,125.9,strong_up,-26.0,neutral,rising,none,83.8,overbought,5.968,3.816,2.152,above_signal,contracting_pos,none,above,148.46,142.04,123.41,bullish,rising,above,above,above,24.4,transitional,+DI>-DI,rising,green_buy,none,8.04,4.97,expanding,153.22,above,5.65,161.49,166.28,157.09,169.9,149.45,mid_range
ADVAIT,95,2346.2,66.7,neutral,rising,bearish,78.2,77.6,none,neutral,none,above_upper,22.02,False,expanding,above,bullish,above,none,191.9,strong_up,-6.3,overbought,rising,none,58.9,neutral,66.025,42.913,23.113,above_signal,expanding_pos,bull,above,2079.73,1968.47,,n/a (short),n/a,above,above,n/a,30.2,trending,+DI>-DI,rising,green_buy,none,122.95,5.24,expanding,2104.5,above,11.49,2289.73,2431.47,2204.47,2340.5,1969.4,above_R1
543787,352,1231.35,64.8,neutral,flat,none,73.6,76.7,bear,neutral,none,above_mid,25.79,False,contracting,above,bullish,above,none,51.3,above0,-38.0,neutral,rising,none,62.3,neutral,72.32,68.475,3.845,above_signal,contracting_pos,bull,above,1131.36,1018.62,859.41,bullish,rising,above,above,above,30.3,trending,+DI>-DI,rising,green_buy,none,63.45,5.15,expanding,1127.21,above,9.24,1226.45,1251.85,1205.95,1326.57,1123.57,mid_range
APOLLOPIPE,354,501.75,54.0,neutral,falling,none,28.1,24.1,bull,neutral,none,below_mid,15.72,True,contracting,above,bearish,above,none,-20.2,below0,-59.8,neutral,falling,none,52.8,neutral,5.326,10.183,-4.857,below_signal,contracting_neg,none,above,492.51,466.2,398.85,bullish,rising,above,above,above,32.9,trending,+DI>-DI,falling,green_buy,none,24.27,4.84,expanding,510.59,below,-1.73,493.92,512.83,482.83,522.18,470.08,mid_range
SWANDEF,352,1996.8,55.0,neutral,falling,none,48.2,46.9,bull,neutral,none,above_mid,12.9,True,expanding,inside,bullish,above,bull,63.1,above0,-53.3,neutral,rising,none,68.1,neutral,34.149,33.533,0.616,above_signal,contracting_pos,none,above,1967.06,1913.31,1466.05,bullish,rising,above,above,above,13.1,choppy,+DI>-DI,falling,green_buy,none,89.97,4.51,expanding,1988.63,above,0.41,2007.27,2029.53,1974.53,2116.53,1873.33,mid_range
MANAKALUCO,354,40.12,65.4,neutral,falling,bearish,52.1,45.8,bull,neutral,none,above_upper,18.37,True,expanding,above,bullish,above,none,197.7,strong_up,-10.6,overbought,flat,bearish,74.7,neutral,0.9,0.824,0.076,above_signal,expanding_pos,bull,above,35.52,33.86,31.5,bullish,rising,above,above,above,14.8,choppy,+DI>-DI,falling,green_buy,buy_flip,2.12,5.28,expanding,36.11,above,11.11,38.46,42.61,35.98,36.72,34.27,above_R2
NITINSPIN,353,539.0,67.3,neutral,rising,none,62.4,68.4,bear,neutral,none,above_upper,11.78,True,expanding,above,bullish,above,none,86.1,above0,-30.6,neutral,rising,none,64.5,neutral,18.424,17.804,0.62,above_signal,expanding_pos,bull,above,506.5,468.02,395.1,bullish,rising,above,above,above,48.9,trending,+DI>-DI,rising,green_buy,none,22.89,4.25,expanding,514.69,above,4.72,536.17,546.33,528.83,568.5,499.3,mid_range
SATIN,353,242.1,72.2,overbought,rising,none,83.8,86.0,bear,overbought,none,above_mid,15.92,True,contracting,above,bullish,above,none,60.0,above0,-11.8,overbought,rising,none,77.9,neutral,12.505,12.319,0.187,above_signal,expanding_pos,bull,above,223.98,201.6,168.75,bullish,rising,above,above,above,52.6,trending,+DI>-DI,rising,green_buy,none,10.58,4.37,expanding,227.85,above,6.26,241.21,244.69,238.61,254.54,220.7,mid_range
542669,350,61.19,71.1,overbought,rising,none,73.8,70.8,bull,neutral,none,above_upper,19.2,True,contracting,above,bullish,above,none,105.4,strong_up,-31.2,neutral,rising,none,80.5,overbought,3.34,3.137,0.203,above_signal,expanding_pos,bull,above,54.49,48.61,43.84,bullish,rising,above,above,above,34.7,trending,+DI>-DI,rising,green_buy,none,3.51,5.74,expanding,56.82,above,7.69,61.94,64.44,58.7,65.5,53.96,mid_range
THERMAX,353,4739.9,58.2,neutral,falling,none,56.0,62.2,none,neutral,none,above_mid,17.19,True,contracting,above,bullish,above,none,29.4,above0,-48.4,neutral,rising,none,70.6,neutral,176.756,196.944,-20.188,below_signal,expanding_neg,bear,above,4634.46,4256.32,3615.55,bullish,rising,above,above,above,56.4,trending,+DI>-DI,falling,green_buy,none,190.21,4.01,expanding,4726.55,above,0.28,4745.17,4791.53,4693.53,4991.43,4697.43,mid_range
MAYURUNIQ,352,798.85,71.5,overbought,falling,none,68.7,64.9,bull,neutral,none,above_mid,34.54,False,contracting,above,bullish,above,none,62.9,above0,-10.2,overbought,falling,none,79.2,neutral,41.932,42.517,-0.585,below_signal,contracting_neg,bear,above,710.01,645.21,567.74,bullish,rising,above,above,above,48.4,trending,+DI>-DI,falling,green_buy,none,38.19,4.78,expanding,703.08,above,13.62,777.42,834.83,741.43,768.57,710.17,above_R1
QPOWER,318,1133.7,53.3,neutral,rising,none,66.9,51.3,none,neutral,none,above_mid,16.78,True,contracting,inside,bearish,below,none,28.9,above0,-25.6,neutral,falling,none,46.2,neutral,-18.885,-22.507,3.622,above_signal,expanding_pos,bull,below,1103.37,1086.44,898.94,bullish,rising,above,above,above,29.2,trending,-DI>+DI,falling,red_sell,none,66.18,5.84,contracting,1105.93,above,2.51,1139.13,1172.57,1100.27,1109.6,1019.7,above_R1
FCL,354,39.86,63.8,neutral,falling,bearish,64.8,72.5,none,neutral,none,above_mid,60.75,False,contracting,above,bullish,above,bull,34.0,above0,-33.2,neutral,rising,none,76.6,neutral,3.79,3.951,-0.161,below_signal,expanding_neg,bear,above,36.59,31.1,26.48,bullish,rising,above,above,above,45.5,trending,+DI>-DI,falling,green_buy,none,2.55,6.39,expanding,35.66,above,11.78,39.52,40.54,38.84,43.56,38.77,mid_range
SBCL,353,731.3,65.0,neutral,falling,none,56.4,61.7,none,neutral,none,above_mid,33.59,False,contracting,above,bullish,above,none,41.7,above0,-49.3,neutral,falling,bullish,71.3,neutral,39.952,44.42,-4.468,below_signal,expanding_neg,bear,above,694.87,620.25,525.56,bullish,rising,above,above,above,48.1,trending,+DI>-DI,falling,green_buy,none,36.43,4.98,expanding,705.06,above,3.72,729.47,748.83,711.93,748.35,690.05,mid_range
KIRLOSENG,353,1851.3,58.0,neutral,falling,bearish,66.7,74.9,bear,neutral,bearish,above_mid,25.29,False,expanding,above,bullish,above,none,58.0,above0,-40.6,neutral,flat,bullish,72.7,neutral,69.626,67.589,2.037,above_signal,contracting_pos,none,above,1804.09,1680.33,1342.87,bullish,rising,above,above,above,29.5,trending,+DI>-DI,rising,green_buy,none,75.9,4.1,expanding,1774.33,above,4.34,1853.47,1875.53,1829.23,1988.5,1840.4,mid_range
JAYBARMARU,353,138.82,77.5,overbought,rising,none,91.4,91.2,bull,overbought,none,above_mid,62.08,False,expanding,above,bullish,above,bull,110.0,strong_up,-16.1,overbought,rising,none,94.0,overbought,10.679,8.161,2.519,above_signal,expanding_pos,none,above,117.01,105.26,94.12,bullish,rising,above,above,above,37.9,trending,+DI>-DI,rising,green_buy,none,7.51,5.41,expanding,119.58,above,16.09,139.11,144.21,133.72,136.63,115.18,above_R1
YASHO,351,2543.6,79.6,overbought,rising,none,87.6,88.4,bear,overbought,none,above_mid,52.75,False,contracting,above,bullish,above,none,89.3,above0,-7.7,overbought,rising,none,79.0,neutral,223.193,188.897,34.296,above_signal,expanding_pos,none,above,2137.81,1851.48,1663.97,bullish,rising,above,above,above,41.8,trending,+DI>-DI,rising,green_buy,none,132.2,5.2,expanding,2072.25,above,22.75,2531.53,2587.07,2488.07,2689.0,2156.7,mid_range
KRN,354,1232.0,58.3,neutral,rising,none,75.2,79.3,bear,neutral,none,above_mid,19.92,True,contracting,above,bearish,above,none,51.4,above0,-17.0,overbought,flat,none,59.6,neutral,11.619,-0.262,11.88,above_signal,expanding_pos,bull,above,1155.74,1111.52,939.23,bullish,rising,above,above,above,18.5,choppy,-DI>+DI,falling,red_sell,none,69.0,5.6,expanding,1144.1,above,7.68,1200.0,1264.0,1168.0,1328.5,1055.1,mid_range
RPTECH,354,552.65,63.6,neutral,flat,bearish,53.2,52.7,bull,neutral,bearish,above_mid,10.73,True,contracting,above,bullish,above,none,35.4,above0,-38.7,neutral,flat,none,68.9,neutral,17.595,20.719,-3.124,below_signal,contracting_neg,none,above,533.26,490.53,399.03,bullish,rising,above,above,above,42.6,trending,+DI>-DI,falling,green_buy,none,23.0,4.16,contracting,538.28,above,2.67,551.07,558.08,545.63,569.97,527.57,mid_range
IOLCP,354,132.84,64.4,neutral,falling,bearish,69.1,74.8,bear,neutral,bearish,above_mid,32.58,False,contracting,above,bullish,above,none,36.5,above0,-28.0,neutral,falling,bearish,72.0,neutral,8.852,9.481,-0.629,below_signal,expanding_neg,bear,above,123.02,107.91,91.71,bullish,rising,above,above,above,54.9,trending,+DI>-DI,falling,green_buy,none,7.26,5.47,expanding,123.07,above,7.94,131.45,134.89,129.39,140.6,122.16,mid_range
IFCI,354,77.07,64.8,neutral,flat,none,71.0,79.7,bear,neutral,none,above_mid,39.87,False,expanding,above,bullish,above,none,108.7,strong_up,-27.9,neutral,rising,none,83.0,overbought,4.542,3.511,1.03,above_signal,contracting_pos,none,above,69.92,64.44,58.35,bullish,rising,above,above,above,40.3,trending,+DI>-DI,rising,green_buy,none,3.69,4.79,expanding,73.56,above,4.78,76.05,78.41,74.71,86.49,69.66,mid_range
GVT&D,354,4931.0,56.3,neutral,falling,none,59.4,70.0,bear,neutral,none,above_mid,22.51,False,contracting,above,bullish,above,none,36.1,above0,-45.4,neutral,rising,none,64.6,neutral,150.685,168.2,-17.516,below_signal,expanding_neg,bear,above,4801.51,4482.71,3572.11,bullish,rising,above,above,above,30.2,trending,-DI>+DI,falling,green_buy,none,229.23,4.65,expanding,4822.27,above,2.25,4892.83,5004.17,4819.67,5283.33,4715.83,mid_range
ATHERENERG,274,1032.8,63.4,neutral,rising,none,79.8,78.6,bull,neutral,bearish,above_mid,18.19,False,expanding,above,bullish,above,none,130.0,strong_up,-18.6,overbought,rising,none,78.7,neutral,32.289,25.762,6.527,above_signal,expanding_pos,bull,above,963.53,904.57,719.59,bullish,rising,above,above,above,38.6,trending,+DI>-DI,rising,green_buy,none,46.88,4.54,expanding,965.89,above,6.93,1023.53,1045.92,1010.42,1077.87,958.47,mid_range
LOKESHMACH,353,265.15,61.6,neutral,rising,none,52.2,42.9,bull,neutral,none,above_upper,9.49,True,contracting,above,bullish,above,none,68.3,above0,-17.4,overbought,falling,none,62.6,neutral,1.926,2.027,-0.101,below_signal,contracting_neg,none,above,253.45,243.59,214.26,bullish,rising,above,above,above,11.5,choppy,+DI>-DI,falling,green_buy,none,12.15,4.58,expanding,254.03,above,4.38,258.82,271.48,252.48,256.12,243.17,above_R2
INDOTECH,353,2595.5,54.3,neutral,flat,none,56.3,68.2,bear,neutral,none,above_mid,20.58,True,contracting,above,bullish,below,none,19.8,above0,-48.4,neutral,rising,none,74.3,neutral,95.423,113.135,-17.712,below_signal,expanding_neg,bear,above,2570.17,2304.73,1942.2,bullish,rising,above,above,above,27.5,trending,+DI>-DI,falling,red_sell,none,150.64,5.8,contracting,2586.76,above,0.34,2598.5,2647.0,2547.0,2901.03,2407.13,mid_range
MENONBE,353,169.81,77.5,overbought,falling,none,43.0,20.9,bull,neutral,bearish,above_upper,17.25,True,expanding,above,bullish,above,none,91.6,above0,-3.1,overbought,rising,none,85.7,overbought,4.637,4.472,0.165,above_signal,expanding_pos,bull,above,144.56,135.98,124.07,bullish,rising,above,above,above,42.7,trending,+DI>-DI,falling,green_buy,none,7.97,4.69,expanding,152.68,above,11.22,160.95,179.76,151.01,143.6,135.72,above_R2
PAISALO,354,60.18,83.9,overbought,rising,bearish,93.9,93.1,none,overbought,bearish,above_upper,33.32,False,expanding,above,bullish,above,none,195.6,strong_up,-6.6,overbought,rising,none,87.6,overbought,3.304,2.471,0.832,above_signal,expanding_pos,none,above,52.47,47.49,40.12,bullish,rising,above,above,above,48.4,trending,+DI>-DI,rising,green_buy,none,2.38,3.96,expanding,52.18,above,15.33,59.95,61.23,58.89,60.37,53.26,mid_range
HONASA,353,407.95,65.1,neutral,falling,none,83.9,85.5,bear,overbought,none,above_mid,27.76,False,expanding,above,bullish,above,none,59.4,above0,-23.5,neutral,falling,none,92.7,overbought,18.192,17.951,0.241,above_signal,contracting_pos,none,above,392.16,362.33,312.41,bullish,rising,above,above,above,38.7,trending,+DI>-DI,falling,green_buy,none,14.13,3.46,expanding,390.48,above,4.47,410.8,417.15,401.6,426.97,400.67,mid_range
ASTRAMICRO,354,1457.7,75.0,overbought,falling,none,88.7,85.2,none,overbought,none,above_mid,40.22,False,expanding,above,bullish,above,none,103.1,strong_up,-6.4,overbought,rising,none,90.9,overbought,83.718,72.681,11.037,above_signal,expanding_pos,none,above,1301.09,1183.74,1036.8,bullish,rising,above,above,above,33.9,trending,+DI>-DI,rising,green_buy,none,61.91,4.25,expanding,1337.9,above,8.95,1441.47,1479.93,1419.23,1490.17,1322.57,mid_range
RUBYMILLS,352,344.7,77.9,overbought,rising,none,93.3,93.4,bear,overbought,bearish,above_upper,61.33,False,expanding,above,bullish,above,none,193.0,strong_up,-0.3,overbought,rising,none,94.9,overbought,26.244,16.297,9.947,above_signal,expanding_pos,none,above,277.85,249.79,227.34,bullish,rising,above,above,above,66.7,trending,+DI>-DI,rising,green_buy,none,18.42,5.34,expanding,288.05,above,19.67,336.8,352.6,328.9,372.62,275.47,mid_range
SKYGOLD,354,513.05,55.4,neutral,falling,bearish,43.4,60.6,bear,neutral,bearish,above_mid,33.04,False,expanding,above,bullish,above,none,46.5,above0,-58.0,neutral,rising,none,69.3,neutral,23.446,24.528,-1.082,below_signal,expanding_neg,bear,above,501.31,457.9,381.63,bullish,rising,above,above,above,39.5,trending,+DI>-DI,falling,green_buy,none,30.12,5.87,expanding,499.15,above,2.78,510.72,524.23,499.53,576.85,493.2,mid_range
CEIGALL,352,366.4,62.3,neutral,rising,none,70.1,69.6,bull,neutral,none,above_mid,13.38,True,contracting,above,bullish,above,none,104.1,strong_up,-18.0,overbought,falling,bearish,77.6,neutral,7.77,7.367,0.403,above_signal,expanding_pos,bull,above,348.29,330.95,293.67,bullish,rising,above,above,above,40.4,trending,+DI>-DI,rising,green_buy,buy_flip,15.89,4.34,expanding,350.0,above,4.69,360.87,375.53,351.73,373.23,340.23,mid_range
ONELIFECAP,353,26.49,64.1,neutral,falling,none,55.2,59.6,none,neutral,none,above_mid,45.5,False,contracting,above,bullish,above,none,26.4,above0,-51.9,neutral,rising,none,60.8,neutral,2.055,2.32,-0.265,below_signal,expanding_neg,bear,above,24.96,21.52,16.87,bullish,rising,above,above,above,48.7,trending,+DI>-DI,falling,green_buy,none,1.64,6.2,expanding,24.37,above,8.7,26.5,27.49,25.51,28.68,24.7,mid_range
APEX,354,409.8,41.2,neutral,falling,none,13.4,12.2,bull,oversold,bullish,below_mid,18.38,True,expanding,below,bearish,below,bear,-104.4,strong_down,-72.1,neutral,falling,bullish,51.7,neutral,-10.725,-4.775,-5.95,below_signal,contracting_neg,none,below,433.94,430.49,352.24,bullish,rising,below,below,above,19.1,choppy,-DI>+DI,rising,red_sell,sell_flip,22.34,5.45,expanding,440.77,below,-7.03,405.17,424.33,390.63,435.27,395.27,mid_range
SEAMECLTD,352,1612.8,54.8,neutral,falling,none,41.7,49.5,bear,neutral,none,above_mid,12.17,False,contracting,above,bullish,above,none,20.2,above0,-60.0,neutral,falling,none,55.9,neutral,23.935,27.996,-4.061,below_signal,expanding_neg,bear,above,1594.15,1531.14,1266.17,bullish,rising,above,above,above,15.0,choppy,-DI>+DI,falling,green_buy,none,65.59,4.07,contracting,1602.48,above,0.64,1609.63,1633.17,1589.27,1643.93,1554.33,mid_range
SCPL,352,445.55,56.1,neutral,rising,bearish,79.2,82.5,bear,neutral,none,above_mid,17.25,True,contracting,above,bullish,above,none,27.6,above0,-36.5,neutral,rising,bearish,50.6,neutral,17.437,18.672,-1.235,below_signal,expanding_neg,none,above,436.27,400.36,332.68,bullish,rising,above,above,above,27.8,trending,+DI>-DI,rising,green_buy,none,23.21,5.21,expanding,440.77,above,1.08,451.83,464.72,432.67,481.2,443.2,mid_range
PARAS,354,1039.15,78.0,overbought,rising,none,90.6,87.0,none,overbought,none,above_upper,35.63,False,expanding,above,bullish,above,none,233.7,strong_up,-3.1,overbought,rising,none,93.2,overbought,48.1,29.597,18.503,above_signal,expanding_pos,none,above,866.47,804.13,718.54,bullish,rising,above,above,above,25.4,trending,+DI>-DI,rising,green_buy,none,49.0,4.71,expanding,891.17,above,16.61,1016.03,1071.07,984.12,1034.2,845.9,above_R1
MIRCELECTR,354,38.09,46.4,neutral,falling,none,27.1,38.3,bear,neutral,none,below_mid,20.2,True,contracting,above,bullish,above,none,-70.9,below0,-77.1,neutral,falling,none,43.5,neutral,0.776,1.544,-0.769,below_signal,expanding_neg,none,above,39.75,36.85,29.96,bullish,rising,below,above,above,32.9,trending,+DI>-DI,falling,green_buy,none,2.43,6.37,contracting,42.99,below,-11.4,38.08,38.75,37.42,41.43,38.21,below_S1
ADANIENSOL,354,1579.2,70.3,overbought,falling,none,89.5,87.1,none,overbought,none,above_mid,27.66,False,expanding,above,bullish,above,none,107.9,strong_up,-12.6,overbought,falling,none,80.6,overbought,71.32,64.717,6.603,above_signal,contracting_pos,none,above,1469.31,1343.72,1093.82,bullish,rising,above,above,above,30.2,trending,+DI>-DI,rising,green_buy,none,61.5,3.89,contracting,1443.79,above,9.38,1578.73,1599.47,1558.47,1631.93,1485.53,mid_range
ADANIPOWER,354,226.14,51.0,neutral,falling,none,30.0,35.7,none,neutral,none,below_mid,17.94,True,contracting,above,bullish,below,none,-31.5,below0,-78.6,neutral,falling,none,53.2,neutral,5.361,7.937,-2.576,below_signal,expanding_neg,none,above,228.67,211.39,167.11,bullish,rising,below,above,above,25.0,transitional,+DI>-DI,falling,green_buy,none,8.34,3.69,contracting,231.55,below,-2.34,226.67,229.35,223.47,243.06,224.78,mid_range
SGFIN,209,606.15,65.9,neutral,rising,bearish,59.0,56.2,bull,neutral,bearish,above_upper,7.74,True,contracting,above,bearish,above,none,158.7,strong_up,-9.9,overbought,rising,none,61.2,neutral,10.966,12.257,-1.29,below_signal,contracting_neg,none,above,571.59,536.71,451.74,bullish,flat,above,above,above,40.7,trending,+DI>-DI,falling,green_buy,none,22.99,3.79,expanding,576.53,above,5.14,596.2,621.95,580.4,589.2,552.25,above_R1
KIRLPNU,353,1645.0,63.3,neutral,falling,bearish,50.5,45.5,bull,neutral,bearish,above_mid,12.63,True,contracting,above,bullish,above,none,65.5,above0,-29.3,neutral,rising,none,51.7,neutral,43.434,54.435,-11.002,below_signal,contracting_neg,none,above,1575.14,1460.83,1276.97,bullish,rising,above,above,above,32.0,trending,+DI>-DI,falling,green_buy,none,66.98,4.07,expanding,1582.52,above,3.95,1641.67,1683.33,1603.33,1632.47,1504.57,above_R1
GULPOLY,353,214.95,70.5,overbought,rising,none,83.2,65.5,none,overbought,none,above_upper,22.67,False,expanding,above,bearish,above,none,193.2,strong_up,-14.2,overbought,rising,none,73.1,neutral,5.692,3.085,2.606,above_signal,expanding_pos,bull,above,191.19,181.52,165.46,bullish,rising,above,above,above,36.2,trending,+DI>-DI,rising,green_buy,buy_flip,10.06,4.68,expanding,199.71,above,7.63,216.07,220.63,210.38,213.09,182.1,above_R1
SUVEN,354,264.45,58.0,neutral,falling,none,19.4,30.5,none,oversold,none,above_mid,35.97,False,contracting,above,bullish,above,none,-4.5,below0,-49.7,neutral,falling,none,51.6,neutral,11.108,15.845,-4.736,below_signal,contracting_neg,bear,above,252.76,225.74,191.55,bullish,rising,above,above,above,41.3,trending,+DI>-DI,falling,red_sell,sell_flip,17.87,6.76,expanding,258.23,above,2.41,256.0,276.1,244.35,278.5,215.65,mid_range
ZIMLAB,353,113.05,73.0,overbought,rising,none,84.9,82.8,bull,overbought,none,above_upper,14.81,True,contracting,above,bullish,above,none,100.6,strong_up,-0.0,overbought,rising,none,90.5,overbought,4.913,4.842,0.072,above_signal,expanding_pos,bull,above,102.68,93.25,83.1,bullish,rising,above,above,above,37.0,trending,+DI>-DI,falling,green_buy,none,6.12,5.42,expanding,103.1,above,9.65,110.2,115.9,107.35,110.39,99.45,above_R1
KOTYARK,352,407.2,44.2,neutral,falling,none,8.1,6.3,bull,oversold,none,below_mid,16.12,True,contracting,above,bearish,below,none,-76.6,below0,-85.5,oversold,falling,none,58.8,neutral,0.639,6.226,-5.587,below_signal,contracting_neg,none,above,419.38,397.71,352.17,bullish,rising,below,above,above,18.1,choppy,-DI>+DI,falling,green_buy,none,16.57,4.07,contracting,441.34,below,-7.74,408.18,413.37,402.02,428.02,404.07,mid_range
NRBBEARING,353,438.95,82.8,overbought,flat,none,83.8,73.8,bull,overbought,none,above_upper,26.75,False,contracting,above,bullish,above,none,109.7,strong_up,-11.9,overbought,rising,none,94.3,overbought,25.679,22.292,3.387,above_signal,expanding_pos,bull,above,370.25,331.72,289.8,bullish,rising,above,above,above,49.7,trending,+DI>-DI,falling,green_buy,none,19.77,4.5,expanding,401.12,above,9.43,433.82,452.43,420.33,401.75,359.5,above_R2
ARVIND,354,500.1,65.4,neutral,falling,bearish,60.4,64.8,bear,neutral,bearish,above_mid,14.46,True,contracting,above,bullish,above,none,31.5,above0,-30.2,neutral,rising,bullish,66.1,neutral,20.249,22.04,-1.791,below_signal,contracting_neg,none,above,476.21,438.05,375.07,bullish,rising,above,above,above,46.8,trending,+DI>-DI,falling,green_buy,none,18.72,3.74,expanding,478.65,above,4.48,499.23,503.47,495.87,513.67,474.92,mid_range
ROSSTECH,353,1050.3,57.4,neutral,falling,bearish,62.6,68.7,bear,neutral,bearish,above_mid,29.77,False,contracting,above,bullish,above,none,47.2,above0,-33.8,neutral,falling,bearish,79.8,neutral,37.113,37.01,0.103,above_signal,contracting_pos,none,above,1004.1,932.25,751.59,bullish,rising,above,above,above,26.6,trending,+DI>-DI,rising,green_buy,none,64.76,6.17,contracting,994.46,above,5.62,1037.1,1068.2,1019.2,1119.4,987.6,mid_range
526775,351,1259.25,65.4,neutral,falling,bearish,67.9,63.2,bull,neutral,bearish,above_mid,19.87,True,contracting,above,bullish,above,bull,33.4,above0,-17.9,overbought,rising,none,73.4,neutral,58.805,58.455,0.35,above_signal,expanding_pos,bull,above,1168.89,1084.7,879.73,bullish,rising,above,above,above,36.1,trending,+DI>-DI,falling,green_buy,none,68.21,5.42,expanding,1168.27,above,7.79,1232.28,1306.77,1184.77,1308.33,1166.13,mid_range
J&KBANK,354,156.98,73.5,overbought,rising,none,88.1,87.6,bull,overbought,none,above_upper,20.0,False,expanding,above,bullish,above,none,163.6,strong_up,-4.1,overbought,rising,none,84.1,overbought,5.21,4.209,1.001,above_signal,expanding_pos,none,above,142.52,134.17,117.04,bullish,rising,above,above,above,25.0,transitional,+DI>-DI,rising,green_buy,none,5.17,3.29,expanding,142.66,above,10.04,154.39,160.48,150.89,152.71,140.62,above_R1
NEPHROPLUS,117,709.25,72.7,overbought,rising,none,86.1,87.0,bear,overbought,none,above_upper,21.71,False,contracting,above,bullish,above,bull,103.0,strong_up,-10.5,overbought,rising,none,68.0,neutral,29.18,22.709,6.471,above_signal,expanding_pos,none,above,632.08,594.85,,n/a (short),n/a,above,above,n/a,34.7,trending,+DI>-DI,rising,green_buy,none,31.01,4.37,expanding,634.09,above,11.85,698.5,734.75,673.0,706.4,622.0,above_R1
UTLSOLAR,137,314.25,56.4,neutral,falling,none,55.2,71.6,bear,neutral,none,above_mid,36.75,False,expanding,above,bullish,above,none,24.6,above0,-48.9,neutral,falling,none,35.8,neutral,15.674,14.807,0.867,above_signal,contracting_pos,none,above,304.48,277.36,,n/a (short),n/a,above,above,n/a,23.3,transitional,-DI>+DI,falling,green_buy,none,19.66,6.26,expanding,303.11,above,3.68,306.0,330.45,289.8,363.0,295.6,mid_range
SCHNEIDER,354,1097.8,38.4,neutral,falling,bearish,20.3,18.7,bull,neutral,bearish,below_mid,28.96,False,expanding,inside,bearish,below,none,-115.0,strong_down,-91.0,oversold,falling,none,44.2,neutral,-16.84,15.774,-32.613,below_signal,expanding_neg,none,below,1218.08,1160.04,942.68,bullish,rising,below,below,above,27.7,trending,-DI>+DI,rising,red_sell,none,65.33,5.95,expanding,1192.26,below,-7.92,1115.3,1142.9,1070.2,1255.0,1077.8,mid_range
TMB,353,780.55,70.8,overbought,rising,none,82.5,84.9,bear,overbought,none,above_upper,18.41,True,expanding,above,bullish,above,none,148.1,strong_up,-4.0,overbought,rising,none,96.2,overbought,18.729,11.588,7.14,above_signal,expanding_pos,none,above,717.98,690.51,593.79,bullish,rising,above,above,above,28.9,trending,+DI>-DI,rising,green_buy,none,29.71,3.81,expanding,717.68,above,8.76,770.37,794.98,755.93,771.82,703.17,above_R1
521113,350,90.55,43.1,neutral,falling,bullish,41.3,41.8,bear,neutral,bullish,below_mid,11.38,True,contracting,inside,bearish,below,none,-36.9,below0,-69.7,neutral,falling,none,22.6,neutral,-0.659,-0.199,-0.46,below_signal,expanding_neg,none,below,93.16,91.02,76.14,bullish,rising,below,below,above,12.5,choppy,-DI>+DI,falling,green_buy,none,5.33,5.89,contracting,94.65,below,-4.33,91.61,92.72,89.44,95.81,88.18,mid_range
SPARC,354,209.19,59.6,neutral,falling,none,45.9,51.9,bear,neutral,none,above_mid,44.21,False,contracting,above,bullish,above,none,21.7,above0,-56.9,neutral,rising,none,83.3,overbought,13.429,15.441,-2.012,below_signal,expanding_neg,bear,above,198.34,174.91,151.11,bullish,rising,above,above,above,34.2,trending,+DI>-DI,falling,green_buy,none,12.82,6.13,contracting,209.38,below,-0.09,207.71,211.41,205.48,225.57,197.08,mid_range
RRKABEL,353,2177.0,70.0,neutral,rising,none,83.6,89.1,bear,overbought,none,above_mid,19.42,True,expanding,above,bullish,above,none,59.9,above0,-19.2,overbought,rising,none,82.1,overbought,119.727,115.474,4.253,above_signal,contracting_pos,bull,above,2023.42,1823.82,1528.67,bullish,rising,above,above,above,49.6,trending,+DI>-DI,rising,green_buy,none,86.76,3.99,expanding,2042.63,above,6.58,2171.63,2213.37,2135.27,2320.7,2045.2,mid_range
SOTL,354,568.05,79.3,overbought,rising,none,77.9,80.2,bear,neutral,none,above_upper,50.51,False,expanding,above,bullish,above,none,197.8,strong_up,-16.5,overbought,rising,none,88.1,overbought,41.633,28.096,13.537,above_signal,expanding_pos,bull,above,469.19,421.24,393.85,bullish,rising,above,above,above,51.6,trending,+DI>-DI,rising,green_buy,none,30.22,5.32,expanding,538.24,above,5.54,568.48,593.97,542.57,635.78,448.43,mid_range
ACMESOLAR,354,348.7,71.9,overbought,rising,bearish,87.6,91.5,bear,overbought,bearish,above_mid,34.76,False,expanding,above,bullish,above,none,131.7,strong_up,-18.7,overbought,rising,bearish,95.4,overbought,16.512,11.125,5.386,above_signal,contracting_pos,none,above,317.99,296.32,264.6,bullish,rising,above,above,above,40.8,trending,+DI>-DI,rising,green_buy,none,14.64,4.2,expanding,319.81,above,9.03,350.82,355.58,343.93,379.13,315.03,mid_range
WALCHANNAG,354,254.7,59.8,neutral,falling,bearish,41.7,36.6,bull,neutral,bearish,above_mid,17.1,True,contracting,above,bullish,above,none,64.1,above0,-40.9,neutral,flat,none,69.9,neutral,6.032,8.132,-2.1,below_signal,contracting_neg,none,above,242.25,224.03,198.13,bullish,rising,above,above,above,23.7,transitional,+DI>-DI,falling,green_buy,none,16.21,6.36,expanding,247.9,above,2.74,250.6,262.1,243.2,258.27,227.67,mid_range
UNIVPHOTO,353,365.2,25.4,oversold,falling,none,0.0,0.0,none,oversold,none,below_lower,23.86,True,expanding,inside,bearish,below,bear,-122.4,strong_down,-100.0,oversold,falling,none,36.6,neutral,-16.759,-9.542,-7.216,below_signal,expanding_neg,none,below,410.86,414.49,337.85,mixed,rising,below,below,above,29.5,trending,-DI>+DI,rising,red_sell,none,10.41,2.85,contracting,418.54,below,-12.74,365.47,365.73,364.93,401.52,369.62,below_S1
BIRLACABLE,353,203.7,58.8,neutral,flat,none,69.8,82.3,bear,neutral,none,above_mid,55.77,False,expanding,above,bullish,above,none,76.0,above0,-41.0,neutral,rising,bullish,68.1,neutral,16.35,13.986,2.363,above_signal,contracting_pos,none,above,192.69,171.14,156.05,bullish,rising,above,above,above,33.7,trending,+DI>-DI,rising,green_buy,none,10.97,5.38,expanding,200.59,above,1.55,208.26,214.44,197.52,245.27,198.27,mid_range
MIDHANI,354,450.35,64.8,neutral,rising,none,77.7,76.7,none,neutral,none,above_upper,13.82,True,expanding,above,bullish,above,none,129.1,strong_up,-6.6,overbought,rising,none,84.3,overbought,13.105,11.94,1.165,above_signal,expanding_pos,bull,above,416.65,393.17,366.08,bullish,rising,above,above,above,36.9,trending,+DI>-DI,rising,green_buy,none,20.27,4.5,expanding,423.36,above,6.38,441.47,462.88,428.93,455.73,409.53,mid_range
524520,350,112.55,69.8,neutral,rising,none,69.7,75.1,bear,neutral,none,above_mid,38.56,False,expanding,above,bullish,above,none,94.4,above0,-37.7,neutral,rising,none,71.2,neutral,6.831,5.289,1.542,above_signal,contracting_pos,none,above,103.88,95.47,82.97,bullish,rising,above,above,above,37.4,trending,+DI>-DI,rising,green_buy,none,5.04,4.48,expanding,107.74,above,4.47,113.02,114.43,111.13,124.85,104.15,mid_range
HIRECT,354,1098.2,60.6,neutral,falling,none,60.2,68.9,bear,neutral,none,above_mid,34.14,False,expanding,above,bullish,above,none,42.5,above0,-43.4,neutral,falling,none,57.3,neutral,57.279,58.181,-0.902,below_signal,expanding_neg,bear,above,1049.4,951.53,805.12,bullish,rising,above,above,above,34.9,trending,+DI>-DI,rising,green_buy,none,68.42,6.23,expanding,1012.04,above,8.51,1090.2,1120.2,1068.2,1197.53,1066.13,mid_range
APARINDS,354,13609.0,60.2,neutral,falling,none,70.3,75.9,bear,neutral,bearish,above_mid,15.17,True,expanding,above,bullish,above,none,94.4,above0,-32.1,neutral,rising,none,60.2,neutral,415.617,405.313,10.304,above_signal,contracting_pos,bull,above,13055.65,12200.96,10198.61,bullish,rising,above,above,above,29.3,trending,+DI>-DI,falling,green_buy,none,552.86,4.06,expanding,13065.5,above,4.16,13564.67,13843.33,13330.33,14531.0,12868.0,mid_range
VINDHYATEL,354,2134.7,63.4,neutral,falling,none,56.7,63.2,none,neutral,none,above_mid,51.79,False,expanding,above,bullish,above,none,49.6,above0,-27.2,neutral,falling,none,86.1,overbought,162.729,172.572,-9.844,below_signal,contracting_neg,bear,above,1921.88,1659.75,1454.23,bullish,rising,above,above,above,46.0,trending,+DI>-DI,falling,green_buy,none,152.95,7.16,expanding,2002.6,above,6.6,2071.57,2213.13,1993.13,2234.03,1863.53,mid_range
AXISCADES,354,1935.5,53.1,neutral,flat,none,48.0,37.2,none,neutral,none,above_mid,25.91,False,expanding,above,bearish,below,none,-14.6,below0,-39.6,neutral,rising,bullish,41.4,neutral,-29.893,-14.815,-15.077,below_signal,contracting_neg,none,below,1892.62,1841.65,1540.99,bullish,rising,above,above,above,27.0,trending,-DI>+DI,falling,red_sell,none,95.57,4.94,expanding,1838.46,above,5.28,1905.77,1966.23,1875.03,1913.67,1691.67,above_R1
ADANIGREEN,354,1534.5,68.7,neutral,falling,none,89.4,76.8,bull,overbought,bearish,above_mid,15.6,True,contracting,above,bullish,above,none,79.0,above0,-5.3,overbought,rising,none,78.8,neutral,65.417,67.88,-2.462,below_signal,contracting_neg,none,above,1425.91,1292.82,1091.39,bullish,rising,above,above,above,43.6,trending,+DI>-DI,falling,green_buy,none,54.24,3.53,expanding,1433.31,above,7.06,1523.2,1556.1,1501.6,1571.8,1437.8,mid_range
JINDALSAW,354,239.81,52.5,neutral,falling,none,52.6,67.0,bear,neutral,none,above_mid,20.1,True,expanding,above,bullish,above,none,24.7,above0,-51.8,neutral,rising,none,75.4,neutral,5.408,5.407,0.001,above_signal,contracting_pos,none,above,238.64,226.79,207.98,bullish,rising,above,above,above,16.5,choppy,+DI>-DI,rising,green_buy,none,10.48,4.37,expanding,242.02,below,-0.91,239.3,242.51,236.61,267.04,234.55,mid_range
OCCLLTD,351,139.92,79.0,overbought,rising,none,85.8,77.6,bull,overbought,none,above_upper,48.68,False,expanding,above,bullish,above,none,172.5,strong_up,-8.1,overbought,rising,none,96.8,overbought,7.747,5.373,2.374,above_signal,expanding_pos,none,above,113.84,104.89,102.69,bullish,rising,above,above,above,38.9,trending,+DI>-DI,rising,green_buy,none,7.57,5.41,expanding,125.9,above,11.14,138.49,145.43,132.98,121.38,109.98,above_R2
INOXINDIA,353,1686.7,73.0,overbought,rising,none,87.1,81.6,none,overbought,none,above_upper,20.17,False,expanding,above,bullish,above,none,251.1,strong_up,-20.2,neutral,rising,none,84.9,overbought,46.508,27.473,19.035,above_signal,expanding_pos,bull,above,1514.38,1437.11,1267.44,bullish,rising,above,above,above,25.1,trending,+DI>-DI,rising,green_buy,none,71.85,4.26,expanding,1537.86,above,9.68,1698.5,1741.2,1644.0,1640.13,1471.33,above_R1
CENTUM,352,3355.2,57.4,neutral,falling,none,56.7,67.1,none,neutral,none,above_mid,27.11,False,expanding,above,bullish,above,none,27.8,above0,-51.0,neutral,rising,none,73.7,neutral,135.963,137.609,-1.646,below_signal,expanding_neg,bear,above,3276.43,3062.44,2654.59,bullish,rising,above,above,above,27.7,trending,+DI>-DI,rising,green_buy,none,175.08,5.22,expanding,3232.88,above,3.78,3332.07,3402.13,3285.13,3643.23,3347.33,mid_range
SOLARINDS,353,18267.0,62.5,neutral,falling,none,42.3,54.2,none,neutral,none,above_mid,15.23,True,contracting,above,bullish,above,none,11.7,above0,-58.4,neutral,flat,none,45.3,neutral,643.974,775.227,-131.253,below_signal,expanding_neg,none,above,17850.49,16553.8,14503.14,bullish,rising,above,above,above,40.2,trending,+DI>-DI,falling,green_buy,none,474.41,2.6,contracting,17898.43,above,2.06,18266.67,18386.33,18147.33,18862.33,17927.33,mid_range
BSE,354,3996.3,52.3,neutral,falling,bearish,20.3,19.8,bull,neutral,none,below_mid,14.09,True,contracting,above,bearish,above,none,-28.9,below0,-68.1,neutral,falling,none,33.5,neutral,64.663,124.083,-59.42,below_signal,contracting_neg,none,above,4004.19,3741.66,3038.76,bullish,rising,below,above,above,37.2,trending,+DI>-DI,falling,red_sell,none,142.68,3.57,expanding,4083.33,below,-2.13,3993.33,4035.87,3953.77,4111.03,3735.93,mid_range
STEELXIND,354,11.96,60.8,neutral,falling,none,63.1,65.3,none,neutral,none,above_mid,35.19,False,expanding,above,bullish,above,none,60.9,above0,-41.1,neutral,rising,none,80.0,overbought,0.635,0.629,0.005,above_signal,contracting_pos,none,above,11.47,10.44,9.39,bullish,rising,above,above,above,24.9,transitional,+DI>-DI,falling,green_buy,none,0.6,5.0,contracting,11.89,above,0.61,12.02,12.14,11.84,13.19,11.61,mid_range
HARDWYN,353,24.73,50.4,neutral,falling,none,20.1,26.7,none,neutral,none,below_mid,14.2,True,contracting,inside,bullish,below,none,-29.6,below0,-76.2,neutral,falling,none,45.9,neutral,0.243,0.432,-0.189,below_signal,contracting_neg,none,above,24.9,23.65,19.28,bullish,rising,below,above,above,29.1,trending,+DI>-DI,falling,red_sell,none,1.25,5.04,contracting,25.14,below,-1.62,24.7,24.93,24.51,27.03,23.05,mid_range
CEMPRO,354,1203.8,75.4,overbought,flat,none,90.0,89.3,bull,overbought,none,above_upper,42.61,False,expanding,above,bullish,above,none,145.7,strong_up,-0.0,overbought,rising,none,86.6,overbought,89.878,77.36,12.518,above_signal,expanding_pos,none,above,1002.8,869.59,747.09,bullish,rising,above,above,above,48.0,trending,+DI>-DI,rising,green_buy,none,58.9,4.89,expanding,1010.77,above,19.1,1170.7,1236.9,1137.6,1173.5,1027.6,above_R1
HSCL,354,679.5,70.3,overbought,rising,none,85.0,86.9,bear,overbought,none,above_upper,22.11,False,expanding,above,bullish,above,none,189.0,strong_up,-15.3,overbought,rising,none,63.0,neutral,25.486,19.632,5.854,above_signal,expanding_pos,bull,above,618.98,575.57,509.11,bullish,rising,above,above,above,27.0,trending,+DI>-DI,rising,green_buy,none,33.47,4.93,expanding,618.86,above,9.8,670.03,692.67,656.87,728.4,611.3,mid_range
BELRISE,258,234.73,69.1,neutral,rising,none,71.2,67.1,bull,neutral,none,above_upper,10.88,True,expanding,above,bullish,above,none,244.4,strong_up,-5.5,overbought,rising,bearish,71.5,neutral,3.168,2.255,0.912,above_signal,expanding_pos,bull,above,216.9,210.0,178.43,bullish,rising,above,above,above,11.7,choppy,+DI>-DI,falling,green_buy,none,7.85,3.34,expanding,219.97,above,6.71,230.84,240.39,225.17,221.7,211.3,above_R2
NDLVENTURE,351,130.03,56.1,neutral,falling,none,58.6,61.7,none,neutral,bullish,above_mid,15.14,False,contracting,above,bullish,above,none,54.1,above0,-38.9,neutral,rising,bullish,54.4,neutral,2.359,2.59,-0.231,below_signal,expanding_neg,bear,above,128.2,123.24,105.26,bullish,rising,above,above,above,24.6,transitional,+DI>-DI,falling,green_buy,none,5.7,4.38,contracting,128.81,above,0.95,131.84,134.39,127.47,134.88,126.71,mid_range
APCOTEXIND,353,539.0,67.9,neutral,rising,none,72.8,73.3,bear,neutral,none,above_upper,15.69,True,contracting,above,bullish,above,none,75.4,above0,-17.9,overbought,rising,none,76.9,neutral,23.489,22.584,0.904,above_signal,expanding_pos,bull,above,496.92,455.48,400.94,bullish,rising,above,above,above,43.5,trending,+DI>-DI,rising,green_buy,none,23.54,4.37,expanding,512.43,above,5.18,535.52,552.43,522.08,568.27,496.37,mid_range
PREMEXPLN,354,721.95,69.9,neutral,falling,none,68.3,65.1,none,neutral,none,above_mid,47.1,False,contracting,above,bullish,above,none,85.5,above0,-25.7,neutral,rising,none,86.0,overbought,42.931,41.022,1.909,above_signal,expanding_pos,none,above,644.61,582.64,531.49,bullish,rising,above,above,above,29.5,trending,+DI>-DI,rising,green_buy,none,40.83,5.66,expanding,682.71,above,5.75,714.65,739.3,697.3,721.57,639.87,above_R1
DIACABS,354,202.47,60.9,neutral,falling,bearish,66.3,56.5,bull,neutral,bearish,above_mid,14.15,True,contracting,above,bullish,above,none,36.4,above0,-31.4,neutral,rising,none,61.0,neutral,8.076,9.023,-0.947,below_signal,contracting_neg,none,above,191.03,174.41,149.83,bullish,rising,above,above,above,58.3,trending,+DI>-DI,falling,green_buy,none,10.73,5.3,expanding,195.81,above,3.4,202.03,205.29,199.21,214.15,186.91,mid_range
SPECTRUM,352,1683.3,69.9,neutral,rising,bearish,76.1,80.5,bear,neutral,bearish,above_mid,31.65,False,expanding,above,bullish,above,bull,84.5,above0,-31.2,neutral,rising,none,83.2,overbought,98.751,72.743,26.008,above_signal,contracting_pos,none,above,1507.01,1404.87,1399.02,bullish,rising,above,above,above,37.2,trending,+DI>-DI,rising,green_buy,none,91.67,5.45,expanding,1556.92,above,8.12,1689.43,1718.87,1653.87,1915.33,1514.53,mid_range
AFIL,353,10.01,57.3,neutral,falling,none,75.4,84.2,bear,neutral,none,above_mid,22.69,True,expanding,above,bullish,above,none,75.8,above0,-38.6,neutral,rising,none,88.4,overbought,0.344,0.302,0.042,above_signal,contracting_pos,none,above,9.75,9.13,7.92,bullish,rising,above,above,above,29.0,trending,+DI>-DI,rising,green_buy,none,0.48,4.8,expanding,9.63,above,3.95,10.09,10.36,9.74,10.98,9.95,mid_range
CLEANMAX,66,1232.4,62.9,neutral,rising,none,90.1,73.3,none,overbought,bullish,above_mid,26.34,True,expanding,n/a,n/a,n/a,n/a,28.5,above0,-5.7,overbought,rising,none,48.4,neutral,25.785,23.022,2.763,above_signal,expanding_pos,bull,above,1160.88,1092.21,,n/a (short),n/a,above,above,n/a,27.8,trending,+DI>-DI,falling,red_sell,none,58.93,4.78,contracting,1211.92,above,1.69,1213.67,1258.73,1187.33,1270.5,1116.8,mid_range
MCLEODRUSS,352,68.11,51.6,neutral,falling,none,7.4,27.0,none,oversold,none,below_mid,32.34,True,contracting,above,bullish,above,none,-23.2,below0,-100.0,oversold,falling,none,64.9,neutral,3.795,5.29,-1.495,below_signal,expanding_neg,bear,above,69.63,61.15,49.49,bullish,rising,below,above,above,39.2,trending,+DI>-DI,falling,red_sell,sell_flip,1.98,2.9,contracting,70.8,below,-3.8,68.11,68.11,68.11,74.87,68.93,below_S1
EBGNG,212,411.1,44.3,neutral,falling,none,14.9,30.4,bear,oversold,none,below_mid,12.27,True,expanding,above,bearish,below,none,-166.4,strong_down,-78.6,neutral,falling,none,59.9,neutral,1.01,5.967,-4.957,below_signal,expanding_neg,none,above,427.93,413.28,365.01,bullish,flat,below,below,above,26.0,trending,-DI>+DI,falling,green_buy,none,22.11,5.38,expanding,435.47,below,-5.6,407.65,415.45,403.3,446.18,402.73,mid_range
SAIL,354,185.99,42.8,neutral,falling,bearish,9.9,25.0,none,oversold,none,below_mid,12.86,True,contracting,above,bullish,below,none,-81.5,below0,-86.6,oversold,falling,none,50.3,neutral,2.177,5.231,-3.054,below_signal,expanding_neg,none,above,194.67,185.15,157.43,bullish,rising,below,above,above,29.6,trending,-DI>+DI,falling,red_sell,sell_flip,6.35,3.42,expanding,196.98,below,-5.58,185.92,187.52,184.38,202.22,183.57,mid_range
BUILDPRO,101,1086.7,45.2,neutral,falling,none,45.4,56.4,bear,neutral,none,below_mid,13.66,True,expanding,inside,bullish,below,none,-65.6,below0,-58.0,neutral,rising,none,54.8,neutral,4.686,11.052,-6.367,below_signal,expanding_neg,bear,above,1119.75,1087.05,,n/a (short),n/a,below,below,n/a,13.1,choppy,-DI>+DI,falling,green_buy,none,57.4,5.28,contracting,1120.63,below,-3.03,1090.07,1108.33,1068.43,1182.1,1104.2,below_S1
BHEL,354,396.55,53.8,neutral,falling,bearish,22.5,20.1,bull,neutral,none,below_mid,10.76,True,contracting,above,bullish,above,none,-38.9,below0,-60.4,neutral,falling,none,37.8,neutral,8.695,15.267,-6.572,below_signal,contracting_neg,none,above,396.74,365.24,297.42,bullish,rising,below,above,above,34.3,trending,-DI>+DI,falling,red_sell,sell_flip,13.44,3.39,expanding,404.34,below,-1.93,393.0,400.95,388.6,408.97,373.77,mid_range
KOPRAN,354,183.65,55.2,neutral,falling,none,40.2,44.1,none,neutral,none,above_mid,33.85,False,contracting,above,bullish,above,none,7.5,above0,-62.0,neutral,rising,none,93.8,overbought,7.863,9.275,-1.412,below_signal,expanding_neg,bear,above,180.85,166.23,156.67,bullish,rising,above,above,above,43.0,trending,+DI>-DI,falling,green_buy,none,11.04,6.01,expanding,184.69,below,-0.57,181.59,188.04,177.21,201.05,178.05,mid_range
MAHABANK,354,83.97,65.4,neutral,rising,none,63.5,56.6,bull,neutral,bullish,above_upper,6.8,True,contracting,above,bearish,above,none,219.5,strong_up,-3.8,overbought,rising,bullish,58.2,neutral,0.934,0.922,0.012,above_signal,expanding_pos,bull,above,79.68,76.85,66.93,bullish,rising,above,above,above,12.9,choppy,+DI>-DI,falling,green_buy,none,2.37,2.82,expanding,79.78,above,5.25,82.61,85.61,80.96,81.01,77.14,above_R2
RSWM,353,213.4,80.6,overbought,rising,bearish,82.0,75.3,bull,overbought,bearish,above_upper,35.16,False,expanding,above,bullish,above,none,218.3,strong_up,-6.1,overbought,rising,none,97.1,overbought,10.152,6.711,3.441,above_signal,expanding_pos,bull,above,179.46,166.86,156.76,bullish,rising,above,above,above,37.9,trending,+DI>-DI,rising,green_buy,none,10.98,5.15,expanding,192.29,above,10.98,210.92,217.48,206.85,217.22,172.42,mid_range
LAURUSLABS,354,1424.4,70.3,overbought,falling,none,76.5,85.2,bear,neutral,none,above_mid,11.63,True,contracting,above,bullish,above,none,35.5,above0,-26.1,neutral,rising,none,67.8,neutral,59.275,62.135,-2.86,below_signal,expanding_neg,bear,above,1357.06,1252.36,1047.52,bullish,rising,above,above,above,48.2,trending,+DI>-DI,falling,green_buy,none,32.96,2.31,expanding,1360.37,above,4.71,1421.4,1443.0,1402.8,1478.6,1386.5,mid_range
HINDCOPPER,354,519.6,40.3,neutral,falling,none,12.1,13.2,bear,oversold,none,below_mid,16.8,True,expanding,below,bearish,below,bull,-122.6,strong_down,-74.1,neutral,falling,none,42.2,neutral,-7.711,-2.445,-5.265,below_signal,contracting_neg,none,below,542.63,543.38,464.67,mixed,rising,below,below,above,19.3,choppy,-DI>+DI,rising,red_sell,none,18.41,3.54,contracting,567.34,below,-8.41,517.02,524.78,511.83,544.42,515.52,mid_range
STYLAMIND,354,3103.5,84.2,overbought,rising,bearish,74.4,80.7,none,neutral,none,above_mid,22.86,False,contracting,above,bullish,above,none,66.4,above0,-30.4,neutral,rising,bearish,78.9,neutral,168.929,155.794,13.135,above_signal,contracting_pos,none,above,2850.04,2606.55,2244.25,bullish,rising,above,above,above,61.9,trending,+DI>-DI,rising,green_buy,none,106.25,3.42,expanding,2858.02,above,8.59,3120.87,3165.83,3058.53,3169.13,2888.03,mid_range
AGIIL,354,373.3,50.4,neutral,rising,none,50.3,51.4,bear,neutral,none,below_mid,14.68,True,contracting,above,bearish,below,none,-48.7,below0,-48.3,neutral,flat,bullish,26.7,neutral,2.039,3.297,-1.258,below_signal,contracting_neg,none,above,374.25,360.17,297.1,bullish,rising,below,above,above,22.0,transitional,-DI>+DI,falling,green_buy,none,19.56,5.24,contracting,381.2,below,-2.07,371.07,378.23,366.13,398.87,350.67,mid_range
PASUPTAC,353,73.37,76.1,overbought,rising,none,83.5,81.3,bull,overbought,none,above_mid,48.89,False,expanding,above,bullish,above,bull,133.2,strong_up,-22.0,neutral,rising,none,95.9,overbought,5.604,4.32,1.283,above_signal,contracting_pos,none,above,63.46,56.88,51.08,bullish,rising,above,above,above,46.7,trending,+DI>-DI,rising,green_buy,none,4.51,6.15,expanding,66.95,above,9.58,74.74,77.32,70.78,80.86,63.38,mid_range
ABSLAMC,354,1062.4,56.9,neutral,rising,none,61.4,56.5,bull,neutral,none,above_mid,7.59,True,contracting,above,bearish,above,none,99.2,above0,-29.3,neutral,rising,none,78.1,neutral,6.255,4.317,1.938,above_signal,expanding_pos,bull,above,1035.91,1011.81,900.14,bullish,rising,above,above,above,26.4,trending,+DI>-DI,rising,green_buy,none,36.63,3.45,contracting,1035.35,above,2.61,1056.7,1072.4,1046.7,1073.33,1014.93,mid_range
MWL,352,377.5,68.2,neutral,falling,none,56.5,60.2,none,neutral,none,above_mid,10.65,True,contracting,above,bullish,above,none,15.1,above0,-41.5,neutral,falling,none,43.5,neutral,13.691,16.731,-3.04,below_signal,expanding_neg,none,above,368.08,338.33,273.69,bullish,rising,above,above,above,41.6,trending,+DI>-DI,falling,green_buy,none,11.32,3.0,contracting,370.11,above,2.0,376.18,380.57,373.12,391.62,369.87,mid_range
NIBE,329,1541.3,68.0,neutral,falling,none,80.1,83.4,bear,overbought,none,above_mid,59.11,False,contracting,above,bullish,above,none,55.6,above0,-20.9,neutral,rising,none,80.5,overbought,122.777,114.578,8.2,above_signal,contracting_pos,none,above,1380.57,1224.74,1189.09,bullish,rising,above,above,above,49.6,trending,+DI>-DI,rising,green_buy,none,91.26,5.92,expanding,1401.21,above,10.0,1517.83,1578.47,1480.67,1659.93,1494.93,mid_range
WOCKPHARMA,354,1887.6,58.2,neutral,falling,none,39.0,47.0,none,neutral,none,above_mid,45.23,False,expanding,above,bullish,above,none,48.9,above0,-62.7,neutral,rising,none,77.4,neutral,125.83,124.789,1.041,above_signal,contracting_pos,none,above,1811.86,1630.17,1469.51,bullish,rising,above,above,above,46.7,trending,+DI>-DI,falling,green_buy,none,120.66,6.39,expanding,1962.77,below,-3.83,1913.23,1952.37,1848.47,2259.77,1744.57,mid_range
FINCABLES,354,1032.1,49.3,neutral,falling,bearish,33.5,30.9,bull,neutral,bullish,below_mid,19.65,True,expanding,above,bearish,above,none,-43.3,below0,-68.5,neutral,falling,bullish,57.2,neutral,5.902,17.76,-11.857,below_signal,contracting_neg,none,above,1045.27,1000.49,902.27,bullish,rising,below,above,above,27.1,trending,+DI>-DI,falling,red_sell,none,50.89,4.93,contracting,1067.53,below,-3.32,1032.57,1046.23,1018.43,1171.07,952.87,mid_range
SENORES,354,1094.5,58.9,neutral,falling,bearish,23.3,19.1,bull,neutral,none,above_mid,20.25,True,contracting,above,bullish,above,none,-2.6,below0,-45.9,neutral,falling,none,49.5,neutral,28.584,42.195,-13.61,below_signal,contracting_neg,none,above,1046.9,973.62,822.55,bullish,rising,above,above,above,36.4,trending,+DI>-DI,falling,green_buy,none,52.6,4.81,expanding,1071.15,above,2.18,1068.9,1125.5,1037.9,1117.43,983.53,mid_range
543828,350,34.4,59.1,neutral,falling,none,60.7,65.3,none,neutral,none,above_mid,27.88,False,contracting,above,bullish,above,none,23.6,above0,-50.2,neutral,falling,none,54.2,neutral,1.216,1.378,-0.162,below_signal,expanding_neg,bear,above,33.43,31.11,29.03,bullish,rising,above,above,above,17.8,choppy,-DI>+DI,falling,green_buy,none,1.42,4.12,expanding,32.83,above,4.78,33.86,35.03,33.23,35.4,32.68,mid_range
VTL,354,620.85,56.9,neutral,rising,none,72.9,80.8,bear,neutral,none,above_mid,8.51,True,expanding,above,bullish,below,none,89.4,above0,-32.7,neutral,rising,none,69.1,neutral,8.569,7.736,0.833,above_signal,contracting_pos,bull,above,609.4,587.71,515.73,bullish,rising,above,above,above,14.6,choppy,+DI>-DI,falling,green_buy,none,22.0,3.54,expanding,611.77,above,1.48,625.93,632.92,613.87,650.38,602.83,mid_range
AZAD,354,2230.0,62.2,neutral,rising,none,86.4,86.3,none,overbought,none,above_mid,17.01,True,contracting,above,bearish,above,none,112.0,strong_up,-13.1,overbought,rising,none,72.1,neutral,46.219,34.783,11.436,above_signal,expanding_pos,bull,above,2101.29,1992.29,1759.55,bullish,rising,above,above,above,26.1,trending,+DI>-DI,falling,red_sell,none,97.57,4.38,expanding,2077.55,above,7.34,2220.93,2281.07,2169.87,2316.73,2024.83,mid_range
GANESHBE,353,110.61,65.2,neutral,rising,none,70.3,65.7,none,neutral,none,above_upper,21.75,False,expanding,above,bullish,above,none,203.8,strong_up,-28.0,neutral,rising,none,68.1,neutral,3.012,1.779,1.233,above_signal,expanding_pos,bull,above,100.28,95.38,91.49,bullish,rising,above,above,above,23.2,transitional,+DI>-DI,rising,green_buy,buy_flip,5.59,5.06,expanding,104.38,above,5.97,110.67,112.69,108.58,122.77,96.37,mid_range
SHREEJISPG,195,461.9,61.6,neutral,falling,none,66.3,66.1,bull,neutral,bearish,above_mid,14.46,True,contracting,above,bullish,above,none,30.8,above0,-40.5,neutral,falling,none,71.1,neutral,15.641,17.557,-1.916,below_signal,expanding_neg,bear,above,450.11,421.57,,n/a (short),n/a,above,above,n/a,45.0,trending,+DI>-DI,falling,green_buy,none,15.96,3.46,expanding,450.87,above,2.45,463.1,468.2,456.8,486.37,451.92,mid_range
SUNFLAG,354,357.1,48.9,neutral,falling,none,19.4,41.2,bear,oversold,none,below_mid,16.11,True,contracting,above,bullish,above,none,-66.6,below0,-81.8,oversold,rising,none,50.4,neutral,11.011,17.732,-6.721,below_signal,expanding_neg,none,above,368.17,334.68,285.22,bullish,rising,below,above,above,26.7,trending,-DI>+DI,falling,green_buy,none,23.13,6.48,expanding,380.89,below,-6.25,354.48,367.47,344.12,413.62,344.17,mid_range
BANDHANBNK,354,206.94,61.9,neutral,falling,none,69.9,71.6,none,neutral,none,above_mid,12.72,True,expanding,above,bullish,above,none,83.3,above0,-25.1,neutral,rising,none,72.0,neutral,4.755,5.207,-0.452,below_signal,contracting_neg,bear,above,201.43,191.08,171.63,bullish,rising,above,above,above,27.6,trending,+DI>-DI,falling,green_buy,none,5.82,2.81,contracting,200.82,above,3.05,206.53,209.35,204.12,211.19,200.78,mid_range
544141,350,283.9,49.5,neutral,flat,none,43.3,42.2,none,neutral,none,below_mid,11.26,True,expanding,inside,bearish,below,none,-64.6,below0,-60.1,neutral,falling,none,23.0,neutral,0.603,2.161,-1.558,below_signal,contracting_neg,none,above,285.99,275.58,233.19,bullish,rising,below,above,above,14.3,choppy,-DI>+DI,falling,green_buy,none,10.95,3.86,contracting,287.88,below,-1.38,281.77,286.53,279.13,292.5,271.5,mid_range
NATIONALUM,354,383.9,38.6,neutral,falling,none,10.3,24.7,none,oversold,none,below_mid,16.1,True,expanding,below,bearish,below,none,-138.5,strong_down,-81.6,oversold,falling,bearish,23.9,neutral,-2.643,1.813,-4.456,below_signal,expanding_neg,bear,below,410.06,405.17,336.05,bullish,rising,below,below,above,16.1,choppy,-DI>+DI,rising,red_sell,sell_flip,15.01,3.91,expanding,417.33,below,-8.01,379.8,389.4,374.3,429.63,376.63,mid_range
539730,350,2297.8,49.0,neutral,falling,none,29.0,32.0,none,neutral,none,below_mid,11.15,True,contracting,above,bearish,above,none,-70.1,below0,-72.1,neutral,falling,none,24.6,neutral,37.925,72.003,-34.078,below_signal,expanding_neg,none,above,2342.63,2185.58,1716.96,bullish,rising,below,above,above,20.2,transitional,-DI>+DI,falling,green_buy,none,157.8,6.87,contracting,2380.93,below,-3.49,2275.92,2351.88,2221.83,2487.57,2187.57,mid_range
NETWEB,354,4428.2,55.3,neutral,falling,none,59.4,72.7,bear,neutral,none,above_mid,37.82,False,expanding,above,bullish,above,none,46.8,above0,-44.5,neutral,rising,none,83.9,overbought,191.514,174.428,17.086,above_signal,contracting_pos,none,above,4302.83,4005.37,3394.33,bullish,rising,above,above,above,28.1,trending,+DI>-DI,rising,green_buy,none,248.95,5.62,expanding,4418.36,above,0.22,4388.37,4499.83,4316.73,4908.67,4479.67,below_S1
MCX,354,2824.8,38.0,neutral,falling,none,12.1,10.8,none,oversold,none,below_mid,29.45,False,expanding,above,bearish,below,none,-73.2,below0,-84.8,oversold,falling,none,20.3,neutral,-51.337,9.549,-60.886,below_signal,contracting_neg,none,below,2999.59,2922.35,2375.03,bullish,rising,below,below,above,31.6,trending,-DI>+DI,rising,red_sell,none,116.4,4.12,expanding,3084.37,below,-8.42,2845.03,2894.77,2775.07,2938.0,2701.5,mid_range
DBOL,353,109.72,48.3,neutral,rising,none,54.9,56.1,bear,neutral,none,above_mid,9.71,True,contracting,below,bearish,below,bear,10.5,above0,-43.6,neutral,rising,none,47.2,neutral,-0.976,-1.379,0.403,above_signal,expanding_pos,none,below,109.92,109.66,97.7,bullish,rising,below,above,above,14.2,choppy,-DI>+DI,falling,red_sell,none,4.46,4.06,contracting,109.31,above,0.37,109.6,111.08,108.24,114.2,105.31,mid_range
LLOYDSENGG,354,71.78,57.5,neutral,falling,bearish,34.8,35.7,bear,neutral,none,below_mid,16.91,True,contracting,above,bullish,above,none,-9.8,below0,-64.1,neutral,flat,none,69.7,neutral,2.879,3.839,-0.96,below_signal,contracting_neg,none,above,70.24,63.67,58.45,bullish,rising,above,above,above,37.2,trending,+DI>-DI,falling,green_buy,none,3.29,4.59,expanding,72.16,below,-0.52,71.11,73.12,69.77,75.69,69.3,mid_range
544191,350,65.19,44.3,neutral,falling,none,19.6,25.5,bear,oversold,none,below_mid,10.56,True,contracting,above,bearish,below,none,-108.9,strong_down,-72.9,neutral,falling,none,28.6,neutral,-0.221,0.429,-0.65,below_signal,contracting_neg,none,below,67.02,65.24,56.29,bullish,rising,below,below,above,21.3,transitional,-DI>+DI,falling,green_buy,none,3.37,5.17,expanding,67.73,below,-3.76,64.88,66.71,63.36,68.34,63.04,mid_range
538668,351,783.9,64.6,neutral,falling,bearish,64.7,65.7,bear,neutral,bearish,above_mid,14.3,True,expanding,above,bullish,above,none,83.3,above0,-42.1,neutral,falling,none,77.3,neutral,22.718,25.88,-3.162,below_signal,expanding_neg,none,above,762.44,711.09,604.76,bullish,rising,above,above,above,37.3,trending,+DI>-DI,rising,green_buy,none,22.81,2.91,expanding,767.17,above,2.18,789.32,799.63,773.58,819.7,761.0,mid_range
STEELCAS,353,288.6,54.4,neutral,rising,none,65.8,62.2,none,neutral,bullish,above_mid,9.27,True,expanding,above,bearish,above,none,41.6,above0,-30.3,neutral,rising,none,38.4,neutral,1.287,1.602,-0.315,below_signal,contracting_neg,none,above,283.69,274.76,240.21,bullish,rising,above,above,above,19.0,choppy,+DI>-DI,falling,green_buy,none,13.9,4.82,contracting,281.75,above,2.43,287.53,291.02,285.12,302.13,264.88,mid_range
SAILIFE,354,1229.7,70.1,overbought,rising,none,94.8,90.0,bull,overbought,none,above_upper,11.95,True,expanding,above,bullish,above,none,137.4,strong_up,-3.5,overbought,rising,none,67.3,neutral,33.246,29.046,4.2,above_signal,expanding_pos,bull,above,1144.16,1087.1,957.08,bullish,rising,above,above,above,20.3,transitional,+DI>-DI,rising,green_buy,none,42.96,3.49,contracting,1107.08,above,11.08,1216.4,1247.7,1198.4,1214.53,1133.73,above_R1
CGPOWER,354,911.2,59.2,neutral,falling,bearish,70.8,79.3,bear,neutral,bearish,above_mid,17.78,False,expanding,above,bullish,above,none,53.5,above0,-43.0,neutral,falling,bearish,64.3,neutral,28.701,30.1,-1.399,below_signal,expanding_neg,bear,above,888.53,833.26,739.58,bullish,rising,above,above,above,26.1,trending,+DI>-DI,falling,green_buy,none,28.3,3.11,expanding,894.12,above,1.91,912.5,919.7,904.0,965.55,896.6,mid_range
GLAND,353,2288.5,64.7,neutral,falling,none,41.5,47.5,none,neutral,none,above_mid,27.22,False,contracting,above,bullish,above,none,21.9,above0,-53.8,neutral,falling,none,69.9,neutral,98.053,113.673,-15.62,below_signal,contracting_neg,bear,above,2189.47,2023.52,1855.43,bullish,rising,above,above,above,36.5,trending,+DI>-DI,falling,green_buy,none,81.98,3.58,contracting,2208.49,above,3.62,2286.77,2316.63,2258.63,2354.33,2193.83,mid_range
UNIVCABLES,354,1223.4,62.3,neutral,falling,bearish,70.0,73.5,bear,neutral,none,above_mid,34.42,False,expanding,above,bullish,above,none,72.9,above0,-25.2,neutral,flat,bearish,80.8,overbought,74.929,75.25,-0.321,below_signal,expanding_neg,bear,above,1123.64,995.17,829.52,bullish,rising,above,above,above,41.8,trending,+DI>-DI,falling,green_buy,none,85.82,7.01,expanding,1155.86,above,5.84,1213.3,1258.1,1178.6,1325.23,1107.03,mid_range
GAEL,354,160.27,54.8,neutral,rising,none,42.1,31.7,none,neutral,none,above_mid,9.87,True,expanding,above,bearish,above,none,-7.6,below0,-45.9,neutral,rising,none,47.8,neutral,0.156,0.831,-0.675,below_signal,contracting_neg,none,above,158.19,154.29,135.99,bullish,rising,above,above,above,18.5,choppy,+DI>-DI,falling,green_buy,none,5.33,3.32,contracting,160.54,below,-0.17,159.5,161.97,157.81,158.85,151.93,above_R1
NLCINDIA,354,327.75,46.2,neutral,falling,none,14.1,16.1,none,oversold,none,below_mid,11.77,True,contracting,above,bearish,above,none,-81.4,below0,-82.3,oversold,falling,none,42.2,neutral,4.686,8.747,-4.06,below_signal,expanding_neg,none,above,337.83,319.94,277.98,bullish,rising,below,above,above,37.7,trending,+DI>-DI,falling,green_buy,none,14.67,4.48,contracting,353.86,below,-7.38,326.98,333.97,320.77,348.75,328.55,below_S1
NAHARSPING,353,269.9,56.5,neutral,rising,none,67.5,80.7,none,neutral,none,above_mid,11.4,True,contracting,above,bullish,above,none,46.3,above0,-56.2,neutral,rising,none,51.7,neutral,6.836,7.176,-0.34,below_signal,expanding_neg,bear,above,267.42,251.55,226.12,bullish,rising,above,above,above,21.7,transitional,+DI>-DI,rising,green_buy,none,6.65,2.47,contracting,267.74,above,0.81,269.97,270.93,268.93,287.02,269.07,mid_range
MBAPL,352,553.9,57.3,neutral,rising,none,54.9,59.7,bear,neutral,none,above_mid,6.74,True,contracting,above,bearish,above,none,133.9,strong_up,-35.5,neutral,falling,bearish,69.9,neutral,4.95,4.36,0.59,above_signal,expanding_pos,bull,above,540.89,525.02,456.91,bullish,rising,above,above,above,18.6,choppy,+DI>-DI,rising,green_buy,none,19.51,3.52,expanding,540.97,above,2.39,553.32,565.53,541.68,572.62,520.72,mid_range
VETO,354,148.45,81.1,overbought,rising,none,87.5,87.6,bear,overbought,bearish,above_upper,39.21,False,expanding,above,bullish,above,none,243.3,strong_up,-12.7,overbought,rising,none,95.4,overbought,8.317,5.41,2.908,above_signal,expanding_pos,none,above,124.06,114.81,111.22,bullish,rising,above,above,above,38.2,trending,+DI>-DI,rising,green_buy,none,6.38,4.29,expanding,135.35,above,9.68,147.63,154.77,141.32,153.26,127.46,mid_range
ASIANENE,354,383.8,69.5,neutral,rising,none,87.8,84.4,none,overbought,none,above_mid,29.98,False,contracting,above,bullish,above,none,84.2,above0,-14.7,overbought,rising,none,83.2,overbought,17.365,15.28,2.085,above_signal,expanding_pos,none,above,351.65,326.98,309.41,bullish,rising,above,above,above,40.0,trending,+DI>-DI,rising,green_buy,none,20.05,5.22,expanding,352.95,above,8.74,384.32,391.48,376.63,399.38,350.43,mid_range
BHARATFORG,353,1925.4,52.9,neutral,falling,none,50.3,59.1,bear,neutral,none,above_mid,5.14,True,contracting,above,bearish,above,none,22.4,above0,-53.5,neutral,rising,none,73.1,neutral,11.861,16.657,-4.797,below_signal,contracting_neg,none,above,1916.45,1869.46,1615.58,bullish,rising,above,above,above,10.5,choppy,+DI>-DI,falling,green_buy,none,51.8,2.69,contracting,1925.1,above,0.02,1927.8,1952.2,1901.0,1988.7,1870.7,mid_range
ADFFOODS,354,286.45,62.5,neutral,rising,bearish,60.4,65.4,bear,neutral,none,above_mid,12.16,True,expanding,above,bullish,above,none,81.4,above0,-29.9,neutral,rising,none,70.7,neutral,9.302,9.923,-0.621,below_signal,contracting_neg,none,above,273.3,252.71,229.4,bullish,rising,above,above,above,44.9,trending,+DI>-DI,falling,green_buy,none,13.37,4.67,contracting,278.18,above,2.97,284.78,289.62,281.62,299.87,263.87,mid_range
SOUTHWEST,354,260.15,56.0,neutral,falling,none,49.9,58.5,bear,neutral,none,above_mid,16.57,True,contracting,above,bullish,above,none,6.6,above0,-42.6,neutral,flat,bearish,70.6,neutral,6.948,7.749,-0.801,below_signal,expanding_neg,bear,above,253.62,239.67,199.56,bullish,rising,above,above,above,22.2,transitional,-DI>+DI,falling,green_buy,none,15.94,6.13,expanding,253.34,above,2.69,256.07,268.08,248.13,274.47,251.57,mid_range
TIRUPATIFL,352,43.99,51.4,neutral,falling,none,54.6,61.3,none,neutral,none,above_mid,18.91,True,expanding,inside,bullish,above,bull,14.7,above0,-40.4,neutral,falling,none,55.8,neutral,0.358,0.338,0.02,above_signal,contracting_pos,none,above,43.78,42.97,40.76,bullish,rising,above,above,above,11.8,choppy,-DI>+DI,falling,green_buy,none,2.36,5.35,contracting,43.05,above,2.18,43.59,44.89,42.7,46.58,42.42,mid_range
GROWW,143,195.25,53.9,neutral,rising,none,70.0,68.9,bull,neutral,none,above_upper,6.09,True,contracting,inside,bearish,below,none,26.9,above0,-19.9,overbought,rising,none,69.3,neutral,-0.767,-1.544,0.777,above_signal,expanding_pos,bull,below,191.51,189.34,,n/a (short),n/a,above,above,n/a,13.1,choppy,+DI>-DI,falling,red_sell,none,6.93,3.55,expanding,189.13,above,3.24,193.25,197.9,190.61,201.42,187.38,mid_range
KINGFA,352,5196.0,50.2,neutral,falling,none,29.1,36.5,bear,neutral,none,below_mid,9.48,True,contracting,above,bullish,above,none,-22.8,below0,-84.6,oversold,falling,bullish,40.6,neutral,103.282,147.164,-43.882,below_signal,expanding_neg,none,above,5256.98,4986.58,4407.0,bullish,rising,below,above,above,30.8,trending,+DI>-DI,falling,green_buy,none,205.0,3.95,expanding,5357.12,below,-3.01,5249.0,5332.0,5113.0,5569.5,5194.0,mid_range
AYMSYNTEX,353,218.49,48.2,neutral,falling,none,50.3,53.0,bear,neutral,none,below_mid,12.36,True,contracting,inside,bullish,below,none,-30.5,below0,-49.8,neutral,falling,none,42.0,neutral,0.644,1.449,-0.804,below_signal,expanding_neg,none,above,221.25,214.61,199.41,bullish,rising,below,above,above,26.7,trending,+DI>-DI,falling,green_buy,none,13.69,6.26,contracting,219.98,below,-0.68,219.65,223.84,214.29,232.35,214.01,mid_range
543542,350,1233.25,48.9,neutral,falling,none,69.1,69.5,bear,neutral,none,below_mid,3.83,True,expanding,above,bearish,below,none,-47.2,below0,-31.9,neutral,rising,bullish,63.2,neutral,1.515,4.546,-3.031,below_signal,contracting_neg,none,above,1238.32,1222.09,1057.74,bullish,rising,below,above,above,44.3,trending,-DI>+DI,rising,green_buy,none,32.71,2.65,expanding,1237.95,below,-0.38,1234.12,1255.23,1212.13,1272.27,1186.77,mid_range
JINDALPOLY,354,669.9,44.6,neutral,falling,none,22.8,20.3,bull,neutral,none,below_mid,12.81,True,expanding,below,bearish,below,bear,-86.3,below0,-57.1,neutral,falling,none,39.2,neutral,-18.009,-15.906,-2.103,below_signal,contracting_neg,none,below,680.48,694.85,645.67,mixed,rising,below,below,above,25.1,trending,-DI>+DI,rising,red_sell,none,28.72,4.29,expanding,678.25,below,-1.23,659.12,680.68,648.33,681.83,628.08,mid_range
GRANULES,353,765.05,56.0,neutral,falling,bearish,45.7,64.7,bear,neutral,none,above_mid,10.27,True,contracting,above,bullish,above,none,3.4,above0,-72.3,neutral,falling,bearish,73.3,neutral,19.371,23.255,-3.884,below_signal,expanding_neg,none,above,762.37,718.14,621.58,bullish,rising,above,above,above,52.4,trending,+DI>-DI,falling,green_buy,none,22.53,2.94,expanding,772.11,below,-0.91,767.05,777.0,755.1,802.25,773.1,below_S1
DSSL,353,1309.3,43.8,neutral,falling,none,5.0,6.0,none,oversold,none,below_mid,50.82,False,contracting,above,bearish,above,none,-64.8,below0,-88.1,oversold,falling,none,51.0,neutral,19.441,86.661,-67.22,below_signal,contracting_neg,none,above,1448.73,1314.03,1107.5,bullish,rising,below,below,above,39.4,trending,-DI>+DI,falling,red_sell,sell_flip,109.12,8.33,contracting,1585.72,below,-17.43,1292.87,1325.73,1276.43,1542.7,1161.7,mid_range
LLOYDSME,354,1717.2,46.7,neutral,falling,none,38.0,47.7,none,neutral,none,below_mid,13.58,True,expanding,above,bullish,below,none,-63.2,below0,-72.1,neutral,flat,none,60.3,neutral,24.835,42.578,-17.743,below_signal,expanding_neg,none,above,1758.37,1657.96,1438.38,bullish,rising,below,above,above,28.1,trending,-DI>+DI,falling,red_sell,sell_flip,50.57,2.95,contracting,1773.62,below,-3.18,1717.4,1729.8,1704.8,1828.83,1746.33,below_S1
SCI,354,297.15,45.8,neutral,rising,none,24.2,26.3,bear,neutral,none,below_mid,20.89,True,expanding,above,bearish,below,none,-66.3,below0,-73.4,neutral,falling,none,47.8,neutral,-1.719,1.544,-3.262,below_signal,contracting_neg,none,below,305.05,294.76,254.58,bullish,rising,below,above,above,19.7,choppy,+DI>-DI,falling,red_sell,none,14.27,4.8,contracting,318.92,below,-6.83,295.95,300.35,292.75,323.23,282.83,mid_range
ARFIN,217,85.71,37.4,neutral,falling,none,22.3,28.1,bear,neutral,none,below_mid,12.63,True,expanding,inside,bearish,below,none,-130.9,strong_down,-81.6,oversold,falling,none,42.2,neutral,-1.057,-0.097,-0.96,below_signal,expanding_neg,none,below,90.81,89.12,72.12,bullish,flat,below,below,above,20.0,transitional,-DI>+DI,falling,red_sell,sell_flip,4.22,4.92,contracting,91.77,below,-6.6,85.73,88.48,82.97,92.81,86.49,below_S1
540252,350,11.05,41.1,neutral,flat,none,39.9,46.2,bear,neutral,none,below_mid,13.32,True,contracting,inside,bearish,below,bear,-113.2,strong_down,-57.0,neutral,falling,bullish,36.0,neutral,-0.148,-0.07,-0.078,below_signal,expanding_neg,none,below,11.54,11.36,9.92,bullish,rising,below,below,above,39.3,trending,-DI>+DI,rising,red_sell,none,0.7,6.33,expanding,11.58,below,-4.56,10.87,11.41,10.52,11.79,10.28,mid_range
CHENNPETRO,354,1226.4,75.0,overbought,rising,none,88.0,86.0,bull,overbought,bearish,above_mid,29.02,False,expanding,above,bullish,above,none,151.7,strong_up,-5.0,overbought,rising,bullish,90.3,overbought,44.363,26.045,18.319,above_signal,expanding_pos,none,above,1108.42,1055.92,919.64,bullish,rising,above,above,above,23.8,transitional,+DI>-DI,rising,green_buy,none,46.53,3.79,expanding,1106.49,above,10.84,1216.5,1247.9,1195.0,1250.87,1086.07,mid_range
SBC,354,37.04,55.4,neutral,falling,none,38.4,46.8,bear,neutral,none,above_mid,22.47,False,contracting,above,bullish,above,none,-2.0,below0,-71.2,neutral,falling,none,53.8,neutral,0.821,1.082,-0.262,below_signal,expanding_neg,bear,above,36.72,34.97,29.01,bullish,rising,above,above,above,19.6,choppy,-DI>+DI,falling,red_sell,sell_flip,1.19,3.22,expanding,36.77,above,0.75,36.76,37.52,36.29,39.47,35.27,mid_range
INDOBORAX,353,359.1,73.4,overbought,rising,none,88.1,90.7,bear,overbought,none,above_mid,40.22,False,expanding,above,bullish,above,none,74.1,above0,-22.2,neutral,rising,none,94.7,overbought,24.342,21.695,2.647,above_signal,contracting_pos,none,above,329.82,297.57,258.57,bullish,rising,above,above,above,59.0,trending,+DI>-DI,rising,green_buy,none,16.65,4.64,expanding,323.8,above,10.9,362.98,373.12,348.97,379.9,345.75,mid_range
KTKBANK,354,270.6,58.6,neutral,falling,bearish,44.9,49.8,none,neutral,none,above_mid,14.27,True,contracting,above,bullish,below,none,44.3,above0,-33.3,neutral,falling,none,44.2,neutral,3.381,4.172,-0.791,below_signal,contracting_neg,none,above,262.5,252.2,219.57,bullish,rising,above,above,above,27.6,trending,+DI>-DI,falling,green_buy,none,9.94,3.67,expanding,263.31,above,2.77,266.65,275.75,261.5,273.88,253.63,mid_range
LINCOLN,352,637.8,46.9,neutral,falling,none,23.0,19.0,none,neutral,none,below_mid,33.11,False,expanding,inside,bearish,below,none,-50.1,below0,-71.5,neutral,falling,none,47.0,neutral,-9.021,1.99,-11.011,below_signal,contracting_neg,none,below,653.31,640.77,591.2,bullish,rising,below,below,above,29.5,trending,-DI>+DI,falling,red_sell,none,35.7,5.6,contracting,665.13,below,-4.11,634.93,651.87,620.87,660.0,588.1,mid_range
KESORAMIND,354,10.85,39.5,neutral,falling,none,8.4,16.6,none,oversold,none,below_lower,23.35,True,contracting,above,bearish,above,none,-90.4,below0,-93.7,oversold,falling,none,45.5,neutral,0.047,0.343,-0.296,below_signal,expanding_neg,none,above,11.91,11.27,18.28,mixed,falling,below,below,below,21.5,transitional,-DI>+DI,falling,red_sell,sell_flip,0.69,6.38,expanding,12.81,below,-15.32,10.98,11.3,10.53,12.7,10.86,below_S1
POLYCAB,354,9615.5,66.0,neutral,falling,bearish,69.7,77.7,bear,neutral,bearish,above_mid,9.82,True,contracting,above,bullish,above,none,24.5,above0,-33.1,neutral,rising,none,65.5,neutral,296.083,334.867,-38.784,below_signal,expanding_neg,none,above,9350.05,8787.29,7809.07,bullish,rising,above,above,above,34.0,trending,+DI>-DI,falling,green_buy,none,218.28,2.27,expanding,9366.7,above,2.66,9579.0,9734.5,9460.0,9914.5,9402.0,mid_range
IBULLSLTD,354,24.47,72.1,overbought,rising,bearish,83.6,83.6,bull,overbought,none,above_mid,42.54,False,expanding,above,bullish,above,none,143.0,strong_up,-7.1,overbought,rising,bearish,84.8,overbought,1.67,1.433,0.237,above_signal,expanding_pos,none,above,21.37,18.58,16.02,bullish,rising,above,above,above,39.5,trending,+DI>-DI,rising,green_buy,none,1.29,5.26,expanding,21.25,above,15.13,24.14,24.81,23.8,24.82,21.85,mid_range
DIVGIITTS,352,788.75,59.6,neutral,falling,none,63.9,66.5,none,neutral,none,above_mid,30.11,False,expanding,above,bullish,above,bull,54.0,above0,-33.2,neutral,flat,none,82.1,overbought,21.571,19.078,2.494,above_signal,contracting_pos,none,above,760.63,731.89,669.99,bullish,rising,above,above,above,21.0,transitional,+DI>-DI,falling,green_buy,none,37.16,4.71,contracting,781.39,above,0.94,787.85,801.1,775.5,833.4,744.6,mid_range
BLUSPRING,247,90.01,71.4,overbought,rising,none,78.7,82.2,bear,neutral,bearish,above_mid,46.84,False,expanding,above,bullish,above,none,159.2,strong_up,-25.8,neutral,rising,none,82.1,overbought,6.289,4.471,1.818,above_signal,contracting_pos,none,above,77.81,70.26,69.02,bullish,rising,above,above,above,50.0,trending,+DI>-DI,rising,green_buy,none,5.29,5.88,expanding,84.38,above,6.67,89.74,93.27,86.47,102.43,80.14,mid_range
EXICOM,354,147.37,56.9,neutral,falling,bearish,51.5,52.6,none,neutral,none,above_mid,51.43,False,contracting,above,bullish,above,none,37.4,above0,-45.2,neutral,rising,none,89.3,overbought,8.677,9.754,-1.077,below_signal,expanding_neg,bear,above,140.64,126.16,126.42,mixed,rising,above,above,above,38.8,trending,+DI>-DI,falling,green_buy,none,11.58,7.86,expanding,148.04,below,-0.45,147.54,150.96,143.94,158.56,120.56,mid_range
ABB,354,6931.0,50.3,neutral,falling,none,65.3,75.8,bear,neutral,none,above_mid,19.4,False,contracting,inside,bullish,below,bull,25.2,above0,-52.8,neutral,rising,none,68.1,neutral,80.941,72.84,8.101,above_signal,contracting_pos,none,above,6960.67,6770.62,6079.99,bullish,rising,below,above,above,20.8,transitional,+DI>-DI,falling,green_buy,none,203.24,2.93,contracting,6841.16,above,1.31,6967.5,7027.0,6871.5,7344.0,6974.0,below_S1
MARKSANS,354,252.75,69.2,neutral,falling,none,56.4,53.1,bull,neutral,bearish,above_mid,29.9,False,contracting,above,bullish,above,none,56.5,above0,-21.4,neutral,flat,none,83.8,overbought,12.743,13.206,-0.463,below_signal,contracting_neg,bear,above,229.9,209.81,197.23,bullish,rising,above,above,above,46.6,trending,+DI>-DI,rising,green_buy,none,11.9,4.71,expanding,238.81,above,5.84,247.92,258.83,241.85,249.29,223.79,above_R1
PREMIERPOL,353,55.51,50.6,neutral,rising,none,43.8,51.9,bear,neutral,none,above_mid,11.81,True,contracting,below,bullish,above,bear,38.6,above0,-62.8,neutral,flat,none,63.2,neutral,0.103,0.01,0.092,above_signal,contracting_pos,none,above,55.38,55.2,53.38,bullish,rising,above,above,above,7.8,choppy,-DI>+DI,falling,green_buy,none,2.23,4.02,contracting,54.75,above,1.39,55.67,56.33,54.85,57.33,54.15,mid_range
NELCAST,353,143.63,57.1,neutral,rising,none,59.8,52.9,bull,neutral,none,above_mid,9.45,True,contracting,above,bearish,below,none,75.9,above0,-33.7,neutral,rising,none,74.5,neutral,0.981,0.912,0.068,above_signal,expanding_pos,bull,above,140.1,135.77,125.38,bullish,rising,above,above,above,31.6,trending,+DI>-DI,rising,green_buy,none,6.55,4.56,contracting,140.81,above,2.01,144.64,147.78,140.5,147.2,134.87,mid_range
RISHABH,352,525.2,54.8,neutral,falling,none,41.2,46.1,bear,neutral,none,above_mid,17.99,True,contracting,above,bullish,above,none,14.7,above0,-51.3,neutral,falling,none,60.5,neutral,9.558,13.161,-3.604,below_signal,contracting_neg,none,above,513.48,486.78,419.3,bullish,rising,above,above,above,17.6,choppy,-DI>+DI,falling,green_buy,none,28.53,5.43,contracting,515.1,above,1.96,521.08,531.62,514.67,540.37,485.47,mid_range
DHANBANK,354,33.08,54.4,neutral,falling,none,29.0,43.9,bear,neutral,none,below_mid,10.36,True,contracting,above,bullish,above,none,-17.9,below0,-53.5,neutral,rising,none,62.6,neutral,0.792,1.16,-0.368,below_signal,contracting_neg,none,above,32.71,30.47,27.45,bullish,rising,above,above,above,28.4,trending,-DI>+DI,falling,green_buy,none,1.69,5.11,expanding,33.11,below,-0.1,32.8,34.03,31.85,34.52,31.9,mid_range
GOCLCORP,353,398.85,65.5,neutral,falling,none,73.6,79.9,none,neutral,none,above_mid,52.02,False,expanding,above,bullish,above,none,69.1,above0,-29.8,neutral,rising,none,86.3,overbought,26.137,22.587,3.55,above_signal,contracting_pos,none,above,369.92,334.63,314.29,bullish,rising,above,above,above,31.3,trending,+DI>-DI,rising,green_buy,none,18.39,4.61,expanding,374.34,above,6.55,398.48,404.37,392.97,441.23,380.23,mid_range
GHCLTEXTIL,353,96.88,56.8,neutral,falling,none,62.1,64.7,bear,neutral,none,above_mid,18.95,False,expanding,above,bullish,above,none,47.0,above0,-48.6,neutral,rising,bullish,81.8,overbought,2.685,2.858,-0.173,below_signal,expanding_neg,bear,above,94.64,89.5,82.9,bullish,rising,above,above,above,23.5,transitional,+DI>-DI,falling,green_buy,none,4.1,4.23,contracting,96.1,above,0.81,96.79,97.88,95.8,102.05,95.25,mid_range
AETHER,354,1135.0,52.5,neutral,rising,none,66.8,73.8,bear,neutral,none,above_mid,9.06,True,contracting,inside,bearish,below,bear,31.4,above0,-34.3,neutral,rising,bullish,69.2,neutral,-2.097,-7.939,5.842,above_signal,contracting_pos,bull,below,1124.18,1116.63,990.82,bullish,rising,above,above,above,21.0,transitional,+DI>-DI,falling,red_sell,none,47.58,4.19,expanding,1108.06,above,2.43,1130.7,1146.4,1119.3,1189.3,1081.3,mid_range
SUPRIYA,353,962.9,66.1,neutral,falling,none,62.5,62.9,bear,neutral,none,above_mid,55.52,False,expanding,above,bullish,above,none,94.7,above0,-33.5,neutral,rising,none,80.9,overbought,71.926,62.512,9.414,above_signal,contracting_pos,none,above,851.15,763.18,710.18,bullish,rising,above,above,above,47.9,trending,+DI>-DI,rising,green_buy,none,51.78,5.38,expanding,927.47,above,3.82,951.28,978.62,935.57,1061.97,856.97,mid_range
535916,350,73.11,59.2,neutral,falling,none,59.4,56.8,bull,neutral,bearish,above_mid,12.64,True,contracting,above,bullish,above,none,37.6,above0,-20.9,neutral,falling,bearish,32.5,neutral,1.58,1.924,-0.344,below_signal,contracting_neg,none,above,69.69,65.89,64.46,bullish,rising,above,above,above,14.2,choppy,+DI>-DI,falling,green_buy,none,5.11,6.99,contracting,70.11,above,4.27,71.87,76.24,68.75,72.63,66.03,above_R1
511523,350,24.25,73.7,overbought,falling,none,71.8,72.3,none,neutral,none,above_mid,12.53,False,contracting,above,bullish,above,none,36.4,above0,-28.9,neutral,rising,none,65.7,neutral,0.769,0.817,-0.048,below_signal,expanding_neg,bear,above,23.48,22.17,20.04,bullish,rising,above,above,above,30.0,trending,+DI>-DI,rising,green_buy,none,0.75,3.09,contracting,23.44,above,3.45,24.17,24.34,24.08,24.93,23.59,mid_range
AEROENTER,353,105.05,66.4,neutral,rising,none,68.4,60.8,none,neutral,bearish,above_upper,10.16,True,contracting,above,bearish,above,none,100.2,strong_up,-12.9,overbought,rising,none,47.6,neutral,1.942,1.888,0.055,above_signal,expanding_pos,bull,above,98.81,93.77,88.27,bullish,rising,above,above,above,35.3,trending,+DI>-DI,falling,green_buy,none,5.01,4.77,expanding,100.36,above,4.68,104.18,107.65,101.59,106.69,94.19,mid_range
531911,351,64.2,67.4,neutral,rising,bearish,77.7,79.5,bear,neutral,bearish,above_mid,17.81,True,contracting,above,bullish,above,none,94.4,above0,-31.9,neutral,rising,none,91.4,overbought,2.889,2.676,0.214,above_signal,expanding_pos,bull,above,59.48,54.84,50.03,bullish,rising,above,above,above,27.8,trending,+DI>-DI,falling,green_buy,none,3.81,5.94,expanding,59.88,above,7.21,65.1,65.99,63.3,69.57,58.85,mid_range
GAUDIUMIVF,68,105.75,43.7,neutral,falling,none,13.6,25.1,none,oversold,none,below_mid,18.37,True,expanding,n/a,n/a,n/a,n/a,-90.9,below0,-89.3,oversold,flat,none,77.4,neutral,-0.63,1.171,-1.801,below_signal,contracting_neg,none,below,110.96,106.39,,n/a (short),n/a,below,below,n/a,14.6,choppy,-DI>+DI,rising,red_sell,sell_flip,4.48,4.24,contracting,112.17,below,-5.72,105.25,106.26,104.75,111.72,102.84,mid_range
VIJAYA,353,1296.2,55.1,neutral,falling,none,52.5,62.9,bear,neutral,none,above_mid,12.08,True,contracting,above,bullish,above,none,13.3,above0,-61.0,neutral,rising,none,67.4,neutral,42.863,47.312,-4.45,below_signal,expanding_neg,bear,above,1275.07,1186.19,1068.61,bullish,rising,above,above,above,49.0,trending,+DI>-DI,falling,green_buy,none,59.34,4.58,expanding,1307.6,below,-0.87,1300.1,1313.2,1283.1,1458.63,1255.33,mid_range
PIRAMALFIN,146,1993.7,59.1,neutral,flat,none,58.2,60.5,bear,neutral,none,above_mid,6.03,True,contracting,above,bullish,above,none,140.2,strong_up,-32.2,neutral,rising,none,59.8,neutral,21.907,22.036,-0.129,below_signal,contracting_neg,none,above,1943.91,1894.32,,n/a (short),n/a,above,above,n/a,12.3,choppy,+DI>-DI,falling,green_buy,none,60.4,3.03,expanding,1941.04,above,2.71,1985.3,2010.6,1968.4,2052.8,1894.0,mid_range
TRUALT,168,531.95,72.2,overbought,rising,none,91.5,89.5,bull,overbought,none,above_mid,18.61,False,expanding,above,bullish,above,none,140.7,strong_up,-4.2,overbought,rising,bearish,68.1,neutral,14.852,12.169,2.683,above_signal,expanding_pos,none,above,493.86,469.03,,n/a (short),n/a,above,above,n/a,13.3,choppy,+DI>-DI,falling,green_buy,none,21.93,4.12,expanding,491.54,above,8.22,527.38,541.47,517.87,518.6,487.9,above_R1
UNIPARTS,353,640.3,75.6,overbought,rising,none,85.0,82.4,none,overbought,bearish,above_mid,26.2,False,expanding,above,bullish,above,none,118.6,strong_up,-11.7,overbought,rising,none,82.7,overbought,27.974,24.167,3.807,above_signal,contracting_pos,none,above,593.3,552.47,484.31,bullish,rising,above,above,above,36.0,trending,+DI>-DI,rising,green_buy,none,24.29,3.79,contracting,611.34,above,4.74,641.43,647.87,633.87,657.77,598.07,mid_range
KDDL,352,3014.1,68.0,neutral,rising,none,91.4,90.8,none,overbought,none,above_mid,39.66,False,expanding,above,bullish,above,none,78.6,above0,-4.5,overbought,rising,none,81.4,overbought,142.941,115.826,27.115,above_signal,expanding_pos,none,above,2727.07,2556.25,2484.64,bullish,rising,above,above,above,34.9,trending,+DI>-DI,rising,green_buy,none,143.52,4.76,expanding,2789.41,above,8.06,2975.37,3068.73,2920.73,3035.67,2736.87,mid_range
ADANIENT,354,2979.9,67.8,neutral,falling,none,83.9,85.1,bear,overbought,none,above_mid,20.47,True,contracting,above,bullish,above,none,38.0,above0,-21.3,neutral,rising,none,69.4,neutral,148.418,156.753,-8.336,below_signal,expanding_neg,bear,above,2837.15,2585.53,2366.29,bullish,rising,above,above,above,52.5,trending,+DI>-DI,falling,green_buy,none,85.59,2.87,contracting,2821.52,above,5.61,2971.5,3007.1,2944.3,3116.93,2922.33,mid_range
AMANTA,183,135.46,57.2,neutral,rising,none,69.0,63.7,none,neutral,none,above_mid,15.25,True,expanding,above,bearish,below,none,80.2,above0,-23.1,neutral,rising,none,62.8,neutral,0.78,0.495,0.286,above_signal,expanding_pos,bull,above,129.3,125.22,,n/a (short),n/a,above,above,n/a,23.5,transitional,+DI>-DI,falling,red_sell,none,7.67,5.66,expanding,128.28,above,5.6,134.52,138.44,131.55,145.58,117.73,mid_range
ANGELONE,354,337.55,57.9,neutral,falling,none,46.0,55.3,none,neutral,none,above_mid,17.4,True,contracting,above,bullish,above,none,24.4,above0,-42.7,neutral,falling,bullish,66.9,neutral,7.756,9.769,-2.013,below_signal,contracting_neg,none,above,329.68,310.05,274.73,bullish,rising,above,above,above,23.5,transitional,+DI>-DI,falling,green_buy,none,12.15,3.6,expanding,330.09,above,2.26,334.5,342.25,329.8,345.6,319.55,mid_range
GESHIP,354,1442.2,42.6,neutral,falling,none,10.1,13.9,bear,oversold,none,below_mid,25.83,False,expanding,inside,bearish,below,bear,-81.5,below0,-90.4,oversold,rising,bullish,41.6,neutral,-19.983,0.752,-20.735,below_signal,contracting_neg,none,below,1514.14,1489.78,1280.73,bullish,rising,below,below,above,20.9,transitional,-DI>+DI,falling,red_sell,none,68.86,4.77,contracting,1619.39,below,-10.94,1443.5,1461.9,1423.8,1528.33,1407.33,mid_range
BODALCHEM,353,68.45,45.7,neutral,falling,none,18.5,24.1,none,oversold,none,below_mid,17.01,True,contracting,above,bearish,above,none,-103.9,strong_down,-84.0,oversold,falling,none,68.9,neutral,0.828,1.695,-0.868,below_signal,expanding_neg,none,above,71.02,67.1,61.25,bullish,rising,below,above,above,34.7,trending,-DI>+DI,falling,green_buy,none,3.78,5.52,contracting,74.48,below,-8.1,68.61,71.34,65.72,73.92,69.32,below_S1
HCC,354,23.42,58.4,neutral,falling,none,74.1,80.2,bear,neutral,none,above_mid,19.4,True,expanding,above,bullish,above,none,78.2,above0,-26.0,neutral,rising,none,73.5,neutral,0.73,0.728,0.002,above_signal,contracting_pos,none,above,22.61,21.22,22.11,mixed,rising,above,above,above,25.1,trending,+DI>-DI,falling,green_buy,buy_flip,1.09,4.65,expanding,22.56,above,3.81,23.32,23.68,23.06,25.07,22.39,mid_range
ZENTEC,354,1782.5,63.7,neutral,rising,none,68.7,75.0,bear,neutral,none,above_mid,20.07,False,expanding,above,bullish,above,none,120.0,strong_up,-33.7,neutral,rising,none,83.5,overbought,50.865,36.194,14.671,above_signal,contracting_pos,none,above,1680.73,1603.96,1534.33,bullish,rising,above,above,above,15.0,choppy,+DI>-DI,rising,green_buy,buy_flip,74.81,4.2,expanding,1718.5,above,3.72,1781.67,1816.83,1747.33,1939.43,1636.73,mid_range
NRL,353,76.19,80.9,overbought,rising,none,89.9,90.2,bear,overbought,bearish,above_mid,54.1,False,expanding,above,bullish,above,none,146.5,strong_up,-5.7,overbought,rising,bearish,92.3,overbought,5.25,3.613,1.638,above_signal,expanding_pos,none,above,64.28,58.88,60.79,mixed,rising,above,above,above,35.1,trending,+DI>-DI,rising,green_buy,none,3.88,5.09,expanding,64.69,above,17.78,75.1,78.09,73.19,74.61,65.42,above_R1
SONAMLTD,352,56.49,54.9,neutral,falling,bearish,41.5,48.6,none,neutral,bearish,above_mid,20.13,False,contracting,above,bullish,above,bull,10.9,above0,-53.1,neutral,rising,none,70.1,neutral,1.087,1.229,-0.141,below_signal,expanding_neg,bear,above,55.58,53.63,49.4,bullish,rising,above,above,above,31.0,trending,+DI>-DI,rising,green_buy,none,3.03,5.37,expanding,56.19,above,0.53,55.9,57.29,55.1,60.64,53.16,mid_range
CRAFTSMAN,352,9126.5,64.4,neutral,falling,bearish,73.1,74.9,bear,neutral,none,above_mid,10.39,True,contracting,above,bullish,above,none,57.9,above0,-19.8,overbought,falling,bearish,55.0,neutral,274.248,279.003,-4.754,below_signal,contracting_neg,bear,above,8750.65,8282.42,7349.49,bullish,rising,above,above,above,46.6,trending,+DI>-DI,rising,green_buy,none,331.21,3.63,expanding,8813.9,above,3.55,9075.67,9251.33,8950.83,9380.33,8669.33,mid_range
AKUMS,351,548.25,58.1,neutral,rising,none,62.9,68.2,bear,neutral,none,above_mid,9.14,True,contracting,above,bullish,below,none,100.2,strong_up,-38.5,neutral,rising,none,89.6,overbought,5.688,3.7,1.988,above_signal,contracting_pos,bull,above,536.41,523.74,497.54,bullish,rising,above,above,above,18.4,choppy,+DI>-DI,rising,green_buy,none,19.08,3.48,contracting,531.06,above,3.24,550.92,558.08,541.08,578.67,522.97,mid_range
KEI,354,5281.0,56.1,neutral,falling,none,48.5,54.5,bear,neutral,none,above_mid,9.42,True,contracting,above,bullish,above,none,10.5,above0,-47.8,neutral,falling,none,74.6,neutral,90.11,114.323,-24.213,below_signal,contracting_neg,none,above,5202.57,4989.98,4484.31,bullish,rising,above,above,above,14.0,choppy,-DI>+DI,falling,green_buy,none,166.5,3.15,expanding,5185.71,above,1.84,5240.0,5349.0,5172.0,5466.5,5136.0,mid_range
HMVL,352,84.86,85.2,overbought,rising,bullish,95.5,95.4,none,overbought,none,above_upper,43.27,False,expanding,above,bullish,above,none,205.8,strong_up,-10.0,overbought,rising,none,89.0,overbought,4.385,2.193,2.192,above_signal,expanding_pos,none,above,72.12,68.69,71.99,mixed,falling,above,above,above,34.8,trending,+DI>-DI,rising,green_buy,none,4.19,4.94,expanding,72.43,above,17.17,84.52,87.74,81.64,85.39,71.49,mid_range
OLAELEC,354,47.34,73.8,overbought,rising,none,88.5,88.5,bear,overbought,none,above_upper,36.69,False,expanding,above,bullish,above,none,187.5,strong_up,-12.0,overbought,rising,none,87.9,overbought,2.637,1.888,0.749,above_signal,expanding_pos,none,above,40.46,37.05,39.3,mixed,rising,above,above,above,41.9,trending,+DI>-DI,rising,green_buy,none,2.42,5.11,expanding,41.61,above,13.78,47.0,49.39,44.96,47.56,40.14,mid_range
543920,350,729.25,48.4,neutral,rising,none,45.5,40.5,none,neutral,none,below_mid,10.91,True,contracting,inside,bearish,below,none,-25.3,below0,-61.4,neutral,falling,none,49.8,neutral,-3.002,0.76,-3.762,below_signal,contracting_neg,none,below,736.83,711.94,639.19,bullish,rising,below,above,above,14.8,choppy,-DI>+DI,falling,red_sell,none,30.13,4.13,contracting,736.44,below,-0.98,726.43,737.82,717.87,765.13,699.78,mid_range
SURYODAY,353,174.97,68.1,neutral,rising,none,78.9,75.8,none,neutral,none,above_mid,11.61,True,contracting,above,bearish,above,none,104.6,strong_up,-8.1,overbought,rising,none,62.9,neutral,4.531,4.423,0.108,above_signal,expanding_pos,bull,above,166.1,156.73,142.37,bullish,rising,above,above,above,40.1,trending,+DI>-DI,rising,green_buy,none,6.95,3.97,contracting,171.06,above,2.29,173.75,177.22,171.49,178.81,162.53,mid_range
KRISHANA,353,677.65,54.5,neutral,falling,none,26.4,32.5,bear,neutral,none,above_mid,5.84,True,contracting,above,bullish,above,none,-37.9,below0,-59.4,neutral,rising,none,62.5,neutral,9.788,14.367,-4.58,below_signal,contracting_neg,none,above,670.87,636.16,539.81,bullish,rising,above,above,above,28.7,trending,+DI>-DI,falling,green_buy,none,25.88,3.82,contracting,680.33,below,-0.39,669.05,688.1,658.6,688.93,654.23,mid_range
SIS,353,421.2,65.5,neutral,rising,none,55.2,65.0,bear,neutral,none,above_mid,12.79,True,expanding,above,bullish,above,none,74.8,above0,-33.5,neutral,rising,none,68.2,neutral,15.026,15.731,-0.705,below_signal,contracting_neg,bear,above,400.37,372.07,344.25,bullish,rising,above,above,above,45.7,trending,+DI>-DI,rising,green_buy,none,18.43,4.38,expanding,409.38,above,2.89,419.05,429.6,410.65,439.12,395.52,mid_range
QUADFUTURE,348,343.05,69.5,neutral,rising,none,87.4,81.1,none,overbought,none,above_mid,26.73,False,expanding,above,bullish,above,none,130.6,strong_up,-11.9,overbought,rising,none,95.1,overbought,8.956,3.29,5.666,above_signal,expanding_pos,none,above,314.58,308.05,335.4,mixed,falling,above,above,above,34.4,trending,+DI>-DI,rising,green_buy,none,16.24,4.73,expanding,314.91,above,8.94,342.87,349.13,336.78,359.05,303.6,mid_range
SHAILY,354,3132.6,71.6,overbought,rising,none,85.7,84.7,bull,overbought,none,above_mid,25.42,True,expanding,above,bullish,above,none,87.3,above0,-11.9,overbought,rising,none,64.6,neutral,166.972,154.011,12.961,above_signal,contracting_pos,none,above,2875.78,2612.54,2262.58,bullish,rising,above,above,above,33.3,trending,+DI>-DI,rising,green_buy,none,149.31,4.77,contracting,2864.09,above,9.38,3113.23,3178.37,3067.47,3198.73,2926.33,mid_range
SANDHAR,354,708.9,69.8,neutral,falling,bearish,81.6,84.0,bear,overbought,bearish,above_mid,53.4,False,contracting,above,bullish,above,none,63.4,above0,-17.0,overbought,rising,none,93.8,overbought,50.653,48.829,1.823,above_signal,contracting_pos,none,above,648.45,582.85,526.07,bullish,rising,above,above,above,37.8,trending,+DI>-DI,rising,green_buy,none,37.18,5.24,expanding,645.92,above,9.75,711.75,729.5,691.15,747.75,655.75,mid_range
HINDALCO,354,1076.7,47.9,neutral,falling,none,26.0,41.8,none,neutral,none,below_mid,11.62,True,contracting,above,bullish,above,none,-54.1,below0,-79.3,neutral,falling,none,42.5,neutral,15.385,24.503,-9.118,below_signal,expanding_neg,bear,above,1095.91,1052.94,912.74,bullish,rising,below,above,above,25.8,trending,-DI>+DI,falling,red_sell,sell_flip,30.31,2.82,expanding,1102.51,below,-2.34,1071.0,1088.2,1059.5,1139.03,1068.13,mid_range
ASTERDM,354,790.35,69.6,neutral,rising,bearish,74.2,59.9,none,neutral,none,above_upper,8.48,True,expanding,above,bearish,above,none,134.2,strong_up,-17.4,overbought,rising,bullish,74.5,neutral,11.336,9.841,1.495,above_signal,expanding_pos,bull,above,744.63,718.74,654.11,bullish,rising,above,above,above,23.1,transitional,+DI>-DI,falling,green_buy,none,23.97,3.03,expanding,757.99,above,4.27,789.1,808.25,771.2,769.57,724.87,above_R2
500449,350,38.71,52.9,neutral,falling,none,50.3,58.7,none,neutral,bearish,above_mid,42.14,False,expanding,above,bullish,above,none,20.4,above0,-65.3,neutral,falling,none,69.7,neutral,2.303,2.522,-0.219,below_signal,expanding_neg,bear,above,38.85,35.28,33.14,bullish,rising,below,above,above,34.8,trending,+DI>-DI,falling,green_buy,none,2.44,6.3,expanding,40.07,below,-3.39,39.45,40.26,37.9,43.69,38.37,mid_range
SANGHVIMOV,354,391.7,70.2,overbought,flat,none,77.4,72.2,none,neutral,bearish,above_mid,30.99,False,expanding,above,bullish,above,none,99.2,above0,-12.6,overbought,rising,none,90.9,overbought,16.775,15.615,1.16,above_signal,expanding_pos,bull,above,356.07,330.33,312.69,bullish,rising,above,above,above,34.4,trending,+DI>-DI,falling,green_buy,none,17.31,4.42,expanding,358.6,above,9.23,387.08,398.12,380.67,389.3,350.8,above_R1
GANDHAR,354,159.34,55.6,neutral,falling,none,31.7,38.5,none,neutral,none,above_mid,16.96,True,contracting,above,bullish,above,none,1.4,above0,-67.8,neutral,rising,none,72.1,neutral,3.512,4.394,-0.882,below_signal,expanding_neg,none,above,156.88,150.33,148.37,bullish,rising,above,above,above,26.8,trending,+DI>-DI,falling,green_buy,none,7.32,4.59,contracting,162.34,below,-1.85,158.41,160.92,156.84,169.49,151.99,mid_range
ATGL,354,752.15,60.8,neutral,falling,none,56.6,56.0,bull,neutral,none,above_mid,39.51,False,expanding,above,bullish,above,none,64.5,above0,-43.9,neutral,falling,none,58.0,neutral,35.689,34.887,0.801,above_signal,contracting_pos,none,above,708.77,654.07,608.67,bullish,rising,above,above,above,43.3,trending,+DI>-DI,falling,green_buy,none,38.56,5.13,contracting,740.81,above,1.53,749.47,760.93,740.68,810.43,707.03,mid_range
TALBROAUTO,354,360.05,65.0,neutral,rising,none,70.3,68.8,none,neutral,bearish,above_mid,15.72,True,expanding,above,bullish,above,none,98.2,above0,-31.3,neutral,falling,none,90.3,overbought,12.941,13.352,-0.411,below_signal,contracting_neg,none,above,342.54,317.87,288.68,bullish,rising,above,above,above,57.3,trending,+DI>-DI,rising,green_buy,none,19.53,5.42,expanding,345.47,above,4.22,365.05,374.7,350.4,367.75,332.0,mid_range
539479,351,73.92,61.9,neutral,rising,none,45.9,25.4,bull,neutral,bullish,above_mid,24.15,False,expanding,above,bearish,above,none,26.4,above0,-13.5,overbought,rising,bullish,57.0,neutral,0.629,0.775,-0.146,below_signal,contracting_neg,none,above,69.38,66.94,63.01,bullish,rising,above,above,above,19.2,choppy,+DI>-DI,falling,red_sell,sell_flip,4.02,5.44,contracting,72.38,above,2.12,72.74,75.68,70.99,74.89,66.41,mid_range
530145,350,35.37,51.5,neutral,falling,none,37.9,28.3,bull,neutral,none,below_mid,16.52,True,expanding,above,bearish,above,none,-37.6,below0,-59.3,neutral,falling,none,56.7,neutral,0.263,0.664,-0.401,below_signal,contracting_neg,none,above,35.41,33.55,32.7,bullish,rising,below,above,above,22.8,transitional,+DI>-DI,falling,green_buy,none,2.09,5.9,contracting,37.69,below,-6.15,35.57,36.58,34.35,37.04,33.71,mid_range
543619,351,2938.05,62.4,neutral,rising,bearish,88.4,91.5,bear,overbought,bearish,above_mid,27.47,False,expanding,above,bullish,above,none,137.1,strong_up,-19.1,overbought,rising,bearish,81.2,overbought,108.646,72.281,36.364,above_signal,contracting_pos,bull,above,2714.3,2570.95,2168.59,bullish,rising,above,above,above,25.5,trending,+DI>-DI,rising,green_buy,none,153.09,5.21,expanding,2711.44,above,8.36,2966.02,3017.03,2887.03,3166.6,2696.75,mid_range
HAPPYFORGE,354,1363.0,47.2,neutral,falling,none,24.4,31.8,none,neutral,none,below_mid,6.6,True,contracting,above,bearish,above,none,-104.6,strong_down,-78.9,neutral,falling,none,34.1,neutral,6.998,15.753,-8.754,below_signal,expanding_neg,none,above,1384.41,1347.79,1183.58,bullish,rising,below,above,above,21.9,transitional,-DI>+DI,falling,green_buy,none,54.84,4.02,contracting,1402.37,below,-2.81,1361.47,1377.93,1346.53,1449.0,1348.0,mid_range
CALSOFT,353,20.36,51.1,neutral,flat,none,40.9,56.0,bear,neutral,none,below_mid,29.0,True,contracting,above,bearish,above,none,-33.8,below0,-59.3,neutral,rising,none,36.9,neutral,0.733,1.115,-0.382,below_signal,expanding_neg,none,above,20.61,18.51,15.78,bullish,rising,below,above,above,31.4,trending,+DI>-DI,falling,green_buy,buy_flip,1.22,6.01,contracting,21.83,below,-6.74,20.24,20.87,19.72,22.58,19.85,mid_range
INNOVACAP,353,914.7,72.3,overbought,rising,bearish,64.6,53.1,none,neutral,bearish,above_upper,7.38,True,contracting,above,bullish,above,none,73.1,above0,-4.2,overbought,rising,bullish,59.5,neutral,21.593,22.562,-0.969,below_signal,contracting_neg,none,above,857.43,811.56,789.97,bullish,rising,above,above,above,29.2,trending,+DI>-DI,rising,green_buy,none,35.51,3.88,expanding,871.84,above,4.92,902.5,930.4,886.8,892.07,839.87,above_R1
PFC,354,435.6,51.2,neutral,rising,none,66.7,55.4,none,neutral,none,above_mid,8.39,True,contracting,inside,bearish,below,none,10.7,above0,-22.9,neutral,flat,none,48.5,neutral,-4.209,-4.566,0.357,above_signal,expanding_pos,bull,below,432.28,432.45,412.82,mixed,rising,above,above,above,13.6,choppy,+DI>-DI,falling,red_sell,none,11.33,2.6,contracting,432.54,above,0.71,434.43,439.17,430.87,444.02,413.97,mid_range
AMBIKCO,353,1611.8,52.8,neutral,falling,none,46.1,56.0,bear,neutral,none,below_mid,14.55,True,expanding,above,bullish,above,none,-0.7,below0,-58.3,neutral,flat,none,82.5,overbought,38.48,47.39,-8.91,below_signal,expanding_neg,bear,above,1616.3,1532.49,1426.05,bullish,rising,below,above,above,40.3,trending,+DI>-DI,rising,green_buy,none,63.47,3.94,contracting,1638.17,below,-1.61,1617.3,1639.7,1589.4,1705.93,1590.93,mid_range
WABAG,354,1586.3,64.7,neutral,falling,none,86.1,88.2,bear,overbought,none,above_mid,21.4,False,expanding,above,bullish,above,none,86.4,above0,-10.8,overbought,rising,none,81.5,overbought,42.871,36.171,6.7,above_signal,contracting_pos,none,above,1513.1,1443.47,1382.22,bullish,rising,above,above,above,20.9,transitional,+DI>-DI,rising,green_buy,none,49.54,3.12,expanding,1493.48,above,6.22,1584.2,1605.4,1565.1,1632.53,1545.63,mid_range
EQUITASBNK,354,74.98,67.0,neutral,rising,none,88.2,88.8,bear,overbought,none,above_mid,14.21,True,expanding,above,bullish,above,none,232.7,strong_up,-17.8,overbought,rising,none,89.6,overbought,1.865,1.492,0.373,above_signal,expanding_pos,bull,above,70.81,67.93,64.23,bullish,rising,above,above,above,23.3,transitional,+DI>-DI,rising,green_buy,none,2.46,3.29,expanding,71.51,above,4.85,75.53,76.38,74.12,76.06,70.04,mid_range
AVANTIFEED,353,1027.0,23.4,oversold,falling,none,1.7,4.5,bear,oversold,bullish,below_lower,31.25,False,expanding,below,bearish,below,bear,-130.3,strong_down,-98.2,oversold,falling,none,19.6,oversold,-69.957,-45.558,-24.399,below_signal,expanding_neg,none,below,1211.53,1254.94,1059.19,mixed,rising,below,below,below,27.3,trending,-DI>+DI,rising,red_sell,none,61.08,5.95,contracting,1221.1,below,-15.9,1043.73,1066.97,1003.77,1182.0,1072.6,below_S1
TRITURBINE,354,673.2,55.8,neutral,falling,none,32.3,44.4,none,neutral,none,above_mid,28.42,False,contracting,above,bullish,above,none,4.0,above0,-85.9,oversold,rising,none,87.2,overbought,28.561,36.37,-7.809,below_signal,expanding_neg,bear,above,663.74,607.31,556.38,bullish,rising,above,above,above,44.6,trending,+DI>-DI,falling,green_buy,none,31.93,4.74,contracting,669.25,above,0.59,671.72,680.48,664.43,735.82,649.62,mid_range
540545,350,36.05,35.3,neutral,falling,none,22.5,27.2,bear,neutral,none,below_mid,29.27,False,expanding,below,bearish,below,bear,-84.3,below0,-87.0,oversold,rising,bullish,20.7,neutral,-1.171,-0.655,-0.516,below_signal,expanding_neg,none,below,39.26,39.74,33.55,mixed,rising,below,below,above,34.4,trending,-DI>+DI,rising,red_sell,none,2.24,6.22,contracting,42.05,below,-14.26,36.68,37.36,35.37,40.04,35.0,mid_range
PANAMAPET,353,351.85,62.2,neutral,falling,none,66.4,67.7,bear,neutral,none,above_mid,23.76,False,contracting,above,bullish,above,none,83.8,above0,-24.6,neutral,falling,none,49.6,neutral,13.732,13.242,0.49,above_signal,expanding_pos,bull,above,325.74,306.01,301.13,bullish,rising,above,above,above,42.0,trending,+DI>-DI,rising,green_buy,none,20.02,5.69,expanding,334.49,above,5.19,356.77,365.23,343.38,373.23,306.03,mid_range
THYROCARE,354,547.95,76.6,overbought,rising,none,83.7,87.4,bear,overbought,none,above_mid,22.24,False,expanding,above,bullish,above,none,108.3,strong_up,-25.6,neutral,rising,none,76.3,neutral,26.613,24.872,1.74,above_signal,expanding_pos,none,above,501.33,462.3,421.72,bullish,rising,above,above,above,50.1,trending,+DI>-DI,rising,green_buy,none,21.6,3.94,expanding,508.18,above,7.83,554.73,571.47,531.22,531.33,503.33,above_R2
AEQUS,123,184.11,46.6,neutral,falling,none,20.1,17.3,bull,neutral,none,below_mid,23.45,True,expanding,inside,bearish,below,none,-69.0,below0,-84.0,oversold,rising,bullish,55.2,neutral,-0.117,2.974,-3.091,below_signal,contracting_neg,none,below,190.12,180.27,,n/a (short),n/a,below,above,n/a,21.3,transitional,+DI>-DI,falling,green_buy,none,12.0,6.52,contracting,197.64,below,-6.85,185.09,188.02,181.18,195.83,178.04,mid_range
RML,354,927.5,60.5,neutral,falling,none,33.5,32.8,bull,neutral,none,above_mid,6.68,True,contracting,above,bullish,above,none,7.2,above0,-36.7,neutral,rising,none,65.9,neutral,18.74,24.83,-6.09,below_signal,contracting_neg,none,above,899.53,857.63,815.75,bullish,rising,above,above,above,32.9,trending,+DI>-DI,falling,green_buy,none,29.62,3.19,contracting,911.42,above,1.76,914.2,945.3,896.4,927.2,886.85,above_R1
MMFL,354,451.9,47.2,neutral,flat,bullish,40.3,39.0,none,neutral,bullish,above_mid,7.24,True,contracting,inside,bearish,below,none,-6.1,below0,-59.1,neutral,falling,bullish,64.9,neutral,-3.896,-3.733,-0.163,below_signal,contracting_neg,none,below,454.87,454.6,414.21,bullish,rising,below,below,above,12.9,choppy,-DI>+DI,falling,red_sell,none,18.94,4.19,contracting,455.46,below,-0.78,451.68,455.27,448.32,467.0,433.05,mid_range
SERVOTECH,354,103.51,58.4,neutral,rising,none,48.2,62.0,bear,neutral,none,above_mid,25.53,False,expanding,above,bullish,above,none,84.1,above0,-52.3,neutral,rising,bullish,82.5,overbought,4.085,3.707,0.377,above_signal,contracting_pos,none,above,98.61,91.78,95.82,mixed,rising,above,above,above,31.2,trending,+DI>-DI,rising,green_buy,none,5.89,5.7,expanding,101.68,above,1.8,102.54,104.97,101.07,115.09,94.13,mid_range
DCMSIL,75,68.83,62.7,neutral,rising,none,98.4,85.9,none,overbought,bullish,above_upper,17.62,True,contracting,n/a,n/a,n/a,n/a,97.9,above0,-4.9,overbought,rising,none,67.4,neutral,-0.089,-1.196,1.107,above_signal,expanding_pos,bull,below,63.58,64.24,,n/a (short),n/a,above,above,n/a,15.8,choppy,+DI>-DI,rising,green_buy,buy_flip,2.99,4.34,contracting,62.03,above,10.97,68.16,70.06,66.93,67.79,60.45,above_R1
