symbol,close,demand_zone_D,demand_fresh,demand_quality,near_demand,supply_zone_D,near_supply,demand_zone_W,supply_zone_W,last_BoS,last_ChoCh,bos_dir,bull_OB,bear_OB,bull_OB_unmitigated,unfilled_bull_FVG,unfilled_bear_FVG,nearest_bull_FVG_below,nearest_bear_FVG_above,buyside_liq_above,sellside_liq_below,liquidity_swept,equal_highs,equal_lows,pd_zone,range_pos_pct,range_high,range_low,in_discount,structure_D,structure_W,structure_aligned
KSHINTL,814.75,none,,none,False,none,False,n/a (short),n/a (short),bull @ 679.0 on 2026-05-21,none,bull,"735.0-799.0 (2026-05-26, mitigated)","392.0-420.0 (2026-03-11, mitigated)",False,6,0,674.0-694.15 (2026-05-22),none,none,350.85,none,2,1,Premium,91.9,857.35,330.4,False,ranging,ranging,True
DEEDEV,654.2,"452.55-508.0 (Moderate, tested, 28.78% away)",False,Moderate,False,none,False,"183.0-241.89 (Moderate, tested, 170.45% away)",none,bull @ 511.0 on 2026-05-22,bull @ 322.75 on 2026-04-10,bull,"452.55-466.5 (2026-05-19, mitigated)","488.05-508.0 (2026-05-15, mitigated)",False,15,0,593.4-626.0 (2026-06-02),none,none,201.57,none,2,1,Premium,100.0,654.2,183.0,False,bullish (HH/HL),bearish (LH/LL),False
540492,10.72,"10.45-11.22 (Moderate, tested, -4.46% away)",False,Moderate,False,"11.78-12.49 (Moderate, tested, 9.89% above)",False,"9.93-12.73 (Moderate, tested, -15.79% away)",none,bear @ 12.33 on 2026-05-14,bear @ 12.33 on 2026-05-14,bear,"10.45-10.78 (2026-03-30, mitigated)","10.86-11.36 (2026-05-20, mitigated)",False,14,9,9.9-10.29 (2026-02-20),11.89-11.95 (2026-05-19),none,2.95,none,1,1,Premium,67.3,14.49,2.95,False,bearish (LH/LL),bullish (HH/HL),False
STLTECH,591.05,"375.95-414.4 (Moderate, tested, 42.63% away)",False,Moderate,False,none,False,"269.5-441.15 (Moderate, FRESH, 33.98% away)",none,bull @ 434.7 on 2026-05-22,bull @ 97.36 on 2026-01-28,bull,"377.55-414.4 (2026-05-12, mitigated)","90.2-94.46 (2026-01-21, mitigated)",False,24,0,536.15-541.3 (2026-06-02),none,none,170.41,none,0,2,Premium,100.0,591.05,84.6,False,bullish (HH/HL),bearish (LH/LL),False
KSHITIJPOL,5.19,"3.74-4.34 (Moderate, tested, 19.59% away)",False,Moderate,False,none,False,"2.24-3.28 (Moderate, FRESH, 58.23% away)",none,bull @ 4.57 on 2026-05-29,bull @ 2.47 on 2026-04-08,bull,"3.93-4.15 (2026-05-15, mitigated)","2.58-2.7 (2026-03-02, mitigated)",False,13,0,4.74-5.19 (2026-06-02),none,none,2.76,none,2,4,Premium,99.7,5.2,1.88,False,bullish (HH/HL),bullish (HH/HL),True
ANTELOPUS,854.2,"527.0-649.95 (Moderate, tested, 31.43% away)",False,Moderate,False,none,False,"361.1-444.9 (Moderate, tested, 92.0% away)",none,bull @ 789.9 on 2026-06-01,bull @ 555.0 on 2026-03-30,bull,"617.0-652.0 (2026-04-24, mitigated)","428.5-519.25 (2026-01-16, mitigated)",False,5,0,797.0-818.0 (2026-06-02),none,none,584.2,none,0,2,Premium,100.0,854.2,357.0,False,bullish (HH/HL),bearish (LH/LL),False
SCPL,456.2,"289.25-320.0 (Moderate, tested, 42.56% away)",False,Moderate,False,none,False,"300.0-387.0 (Moderate, FRESH, 17.88% away)",none,bull @ 328.7 on 2026-04-27,bull @ 328.7 on 2026-04-27,bull,"300.0-306.9 (2026-04-22, UNMITIGATED)","436.2-480.0 (2026-05-11, mitigated)",True,9,0,425.1-435.0 (2026-06-02),none,none,299.0,none,3,2,Premium,91.8,480.0,190.03,False,ranging,ranging,True
ATLANTAELE,1952.5,"1360.8-1617.2 (Moderate, tested, 20.73% away)",False,Moderate,False,none,False,"1508.1-1901.8 (Moderate, FRESH, 2.67% away)",none,bull @ 1901.8 on 2026-05-29,bull @ 893.8 on 2026-02-10,bull,"1372.0-1428.2 (2026-04-21, UNMITIGATED)","1726.2-1835.0 (2026-04-29, mitigated)",True,11,0,1878.3-1918.3 (2026-06-01),none,none,926.1,none,1,2,Premium,92.2,2058.0,707.6,False,bullish (HH/HL),ranging,False
BHAGYANGR,323.2,"208.38-255.99 (Moderate, tested, 26.25% away)",False,Moderate,False,none,False,"92.0-102.21 (Moderate, FRESH, 216.21% away)",none,bull @ 285.49 on 2026-05-06,bull @ 152.04 on 2026-04-02,bull,"214.0-222.0 (2026-04-24, UNMITIGATED)","155.62-170.6 (2026-03-10, mitigated)",True,8,0,293.2-296.5 (2026-06-02),none,none,144.79,none,0,1,Premium,87.6,351.9,120.01,False,bullish (HH/HL),bullish (HH/HL),True
AEROFLEX,419.45,"293.3-413.6 (Moderate, tested, 1.41% away)",False,Moderate,True,none,False,"245.0-321.4 (Moderate, FRESH, 30.51% away)",none,bull @ 321.4 on 2026-05-06,bull @ 193.79 on 2026-02-09,bull,"293.3-310.75 (2026-05-04, UNMITIGATED)","398.0-458.7 (2026-05-08, mitigated)",True,6,0,321.4-351.45 (2026-05-07),none,none,none,none,2,0,Premium,86.9,458.7,158.0,False,bullish (HH/HL),ranging,False
UFBL,487.2,"295.0-400.8 (Moderate, FRESH, 21.56% away)",True,Moderate,False,none,False,"299.0-393.95 (Moderate, FRESH, 23.67% away)",none,bull @ 393.95 on 2026-05-20,bull @ 393.95 on 2026-05-20,bull,"295.0-367.45 (2026-05-19, UNMITIGATED)","356.65-393.95 (2026-05-08, mitigated)",True,5,0,400.8-454.5 (2026-05-22),none,none,173.92,none,0,1,Premium,91.6,516.0,172.34,False,ranging,ranging,True
534755,1.81,"0.96-1.1 (Moderate, tested, 64.55% away)",False,Moderate,False,none,False,"0.99-1.25 (Moderate, FRESH, 44.8% away)",none,bull @ 1.25 on 2026-05-27,bull @ 1.25 on 2026-05-27,bull,"1.0-1.01 (2026-05-13, mitigated)","1.0-1.18 (2026-05-21, mitigated)",False,7,0,1.26-1.81 (2026-06-01),none,none,1.0,none,5,5,Premium,100.0,1.81,0.62,False,ranging,bullish (HH/HL),False
OMNI,504.15,"408.3-467.0 (Moderate, FRESH, 7.96% away)",True,Moderate,True,none,False,n/a (short),n/a (short),bull @ 467.0 on 2026-05-29,none,bull,"431.5-448.0 (2026-05-27, UNMITIGATED)",none,True,5,0,434.95-472.55 (2026-06-01),none,none,none,none,0,0,Premium,90.5,538.75,176.25,False,bullish (HH/HL),ranging,False
532380,13.98,"13.12-15.37 (Moderate, tested, -9.04% away)",False,Moderate,False,"12.53-14.64 (Moderate, tested, -10.37% above)",False,"6.01-7.42 (Moderate, tested, 88.41% away)",none,bear @ 13.07 on 2026-05-12,bear @ 13.07 on 2026-05-12,bear,"13.91-15.37 (2026-04-16, mitigated)","12.54-13.86 (2026-05-21, mitigated)",False,9,5,10.87-11.98 (2026-02-17),15.0-15.61 (2026-03-18),none,none,none,0,0,Premium,73.2,16.9,6.01,False,bearish (LH/LL),bullish (HH/HL),False
CPPLUS,3213.7,"1428.0-1709.9 (Moderate, tested, 87.95% away)",False,Moderate,False,none,False,"2223.9-2575.0 (Moderate, FRESH, 24.8% away)",none,bull @ 2563.9 on 2026-05-26,bull @ 1680.0 on 2026-02-27,bull,"1874.6-1912.1 (2026-04-10, UNMITIGATED)","1485.0-1534.9 (2026-01-01, mitigated)",True,11,0,2903.5-3131.0 (2026-06-02),none,none,1450.65,none,1,2,Premium,96.5,3282.3,1348.3,False,ranging,ranging,True
BLISSGVS,434.45,"278.55-329.2 (Moderate, FRESH, 31.97% away)",True,Moderate,False,none,False,"264.1-304.0 (Moderate, FRESH, 42.91% away)",none,bull @ 279.5 on 2026-05-13,bull @ 219.8 on 2026-03-25,bull,"305.1-329.2 (2026-05-25, UNMITIGATED)","208.66-215.92 (2026-03-20, mitigated)",True,9,0,381.05-393.55 (2026-05-29),none,none,158.26,none,0,1,Premium,97.3,442.65,140.8,False,bullish (HH/HL),bullish (HH/HL),True
SAKAR,834.6,"520.0-635.5 (Moderate, FRESH, 31.33% away)",True,Moderate,False,none,False,"537.1-661.95 (Moderate, FRESH, 26.08% away)",none,bull @ 661.95 on 2026-05-15,bull @ 661.95 on 2026-05-15,bull,"595.0-618.45 (2026-05-14, UNMITIGATED)","627.0-656.8 (2026-05-04, mitigated)",True,3,0,709.7-750.5 (2026-05-19),none,none,504.18,none,2,2,Premium,92.9,871.3,352.5,False,bullish (HH/HL),bullish (HH/HL),True
539669,1.54,"0.74-0.79 (Moderate, tested, 94.94% away)",False,Moderate,False,none,False,"1.08-1.28 (Moderate, FRESH, 20.31% away)",none,bull @ 1.28 on 2026-05-26,bull @ 1.28 on 2026-05-26,bull,"1.09-1.17 (2026-05-18, UNMITIGATED)","1.17-1.28 (2026-05-08, mitigated)",True,29,0,1.4-1.5 (2026-06-01),none,none,1.16,none,0,2,Premium,100.0,1.54,0.61,False,bearish (LH/LL),bullish (HH/HL),False
SANGINITA,29.77,"19.84-20.64 (Moderate, FRESH, 44.23% away)",True,Moderate,False,none,False,"19.84-23.27 (Moderate, FRESH, 27.93% away)",none,bull @ 25.85 on 2026-05-21,bull @ 15.87 on 2026-03-17,bull,"10.08-12.0 (2026-02-06, mitigated)","11.1-12.0 (2026-02-04, mitigated)",False,30,0,28.62-29.77 (2026-06-02),none,none,10.09,none,2,3,Premium,100.0,29.77,9.26,False,bullish (HH/HL),bullish (HH/HL),True
OMAXAUTO,244.3,"125.73-156.1 (Moderate, FRESH, 56.5% away)",True,Moderate,False,none,False,"100.3-138.4 (Moderate, FRESH, 76.52% away)",none,bull @ 240.0 on 2026-05-27,bull @ 101.97 on 2026-04-06,bull,"126.6-131.44 (2026-04-30, UNMITIGATED)","99.51-102.38 (2026-03-12, mitigated)",True,12,0,239.17-241.5 (2026-05-29),none,none,97.87,none,2,3,Premium,89.3,263.4,85.22,False,bullish (HH/HL),bearish (LH/LL),False
SIGMAADV,416.1,none,,none,False,none,False,"248.49-354.9 (Moderate, FRESH, 17.24% away)",none,bull @ 354.9 on 2026-05-25,bull @ 178.0 on 2026-04-10,bull,"273.3-302.0 (2026-05-04, mitigated)","165.51-172.91 (2026-03-20, mitigated)",False,20,0,404.6-408.8 (2026-06-01),none,none,none,none,1,0,Premium,90.2,446.0,140.1,False,bullish (HH/HL),bearish (LH/LL),False
SPORTKING,190.64,"136.5-167.89 (Moderate, FRESH, 13.55% away)",True,Moderate,False,none,False,"133.32-160.3 (Moderate, FRESH, 18.93% away)",none,bull @ 160.3 on 2026-05-22,bull @ 160.3 on 2026-05-22,bull,"161.43-167.89 (2026-05-25, UNMITIGATED)","112.0-115.47 (2026-03-12, mitigated)",True,9,0,179.69-180.88 (2026-06-02),none,none,none,none,0,0,Premium,93.5,198.5,78.17,False,bullish (HH/HL),ranging,False
RUBICON,1302.6,"944.0-1020.0 (Moderate, FRESH, 27.71% away)",True,Moderate,False,none,False,"625.0-697.05 (Moderate, FRESH, 86.87% away)",none,bull @ 1015.7 on 2026-06-01,bull @ 799.0 on 2026-03-12,bull,"957.1-988.0 (2026-05-27, UNMITIGATED)","962.6-1010.05 (2026-05-06, mitigated)",True,6,0,1020.0-1175.1 (2026-06-02),none,none,763.85,none,3,2,Premium,91.1,1370.0,609.25,False,bullish (HH/HL),bullish (HH/HL),True
HFCL,189.94,"106.8-133.4 (Moderate, FRESH, 42.38% away)",True,Moderate,False,none,False,"69.83-119.5 (Moderate, FRESH, 58.95% away)",none,bull @ 155.3 on 2026-05-25,bull @ 71.1 on 2026-03-11,bull,"160.0-168.24 (2026-05-26, UNMITIGATED)","71.51-75.06 (2026-03-18, mitigated)",True,15,0,173.92-178.01 (2026-06-01),none,none,73.22,none,1,1,Premium,98.9,191.39,59.82,False,bullish (HH/HL),bearish (LH/LL),False
E2E,4324.4,"2434.4-2637.0 (Moderate, tested, 63.99% away)",False,Moderate,False,none,False,"1899.9-2210.0 (Moderate, tested, 95.67% away)",none,bull @ 3606.2 on 2026-05-25,bull @ 2348.0 on 2026-04-08,bull,"3107.1-3243.0 (2026-05-15, mitigated)","2874.8-3237.6 (2026-02-19, mitigated)",False,14,0,4070.0-4164.8 (2026-06-02),none,none,1986.5,none,2,1,Premium,100.0,4324.4,1833.6,False,bullish (HH/HL),ranging,False
VIDYAWIRES,109.16,"52.08-65.0 (Moderate, tested, 67.94% away)",False,Moderate,False,none,False,n/a (short),n/a (short),bull @ 103.61 on 2026-05-27,bull @ 47.0 on 2026-02-04,bull,"88.12-90.58 (2026-05-22, UNMITIGATED)","91.4-97.0 (2026-05-05, mitigated)",True,10,0,102.87-111.77 (2026-05-28),none,none,84.88,none,1,5,Premium,88.8,117.35,44.06,False,bullish (HH/HL),ranging,False
NGLFINE,2654.5,"1280.0-1354.0 (Moderate, FRESH, 96.05% away)",True,Moderate,False,"2159.0-2767.9 (Moderate, tested, -18.67% above)",False,"1357.0-1800.0 (Moderate, FRESH, 47.47% away)",none,bull @ 2767.9 on 2026-05-25,bull @ 2425.0 on 2026-05-05,bull,"2160.0-2281.1 (2026-04-30, mitigated)","2472.1-2767.9 (2026-05-06, mitigated)",False,2,0,2525.0-2801.1 (2026-05-25),none,none,2196.27,none,4,3,Premium,79.8,3005.0,1271.0,False,ranging,ranging,True
BAJAJCON,571.65,"357.55-403.9 (Moderate, FRESH, 41.53% away)",True,Moderate,False,none,False,"357.55-496.85 (Moderate, FRESH, 15.05% away)",none,bull @ 560.3 on 2026-05-22,bull @ 371.7 on 2026-04-06,bull,"475.6-497.0 (2026-05-06, UNMITIGATED)","279.1-287.4 (2026-01-13, mitigated)",True,7,0,541.55-542.55 (2026-05-21),none,none,none,none,1,0,Premium,97.2,581.0,242.55,False,bullish (HH/HL),bullish (HH/HL),True
MTARTECH,7216.0,"5100.1-5749.0 (Moderate, FRESH, 25.52% away)",True,Moderate,False,none,False,"3356.0-5445.0 (Moderate, FRESH, 32.53% away)",none,bull @ 7730.0 on 2026-05-21,bull @ 3705.0 on 2026-04-07,bull,"6735.0-7217.5 (2026-05-19, mitigated)","7761.0-7968.0 (2026-05-27, UNMITIGATED)",False,9,1,6622.5-7027.5 (2026-05-14),7300.0-7620.0 (2026-06-02),none,3315.15,none,0,1,Premium,80.1,8449.5,2238.2,False,bullish (HH/HL),bullish (HH/HL),True
GVPIL,858.95,"325.6-522.0 (Moderate, tested, 64.55% away)",False,Moderate,False,"773.0-867.45 (Moderate, tested, -10.01% above)",False,"531.05-748.4 (Moderate, FRESH, 14.77% away)",none,bull @ 748.4 on 2026-05-25,bull @ 476.0 on 2026-04-15,bull,"568.0-603.0 (2026-04-29, mitigated)","837.95-867.45 (2026-05-29, mitigated)",False,16,0,768.4-804.25 (2026-05-27),none,none,none,none,0,0,Premium,93.9,897.4,270.9,False,bullish (HH/HL),bullish (HH/HL),True
MODISONLTD,313.7,"142.1-153.39 (Moderate, tested, 104.51% away)",False,Moderate,False,none,False,"143.64-182.1 (Moderate, FRESH, 72.27% away)",none,bull @ 182.1 on 2026-05-25,bull @ 182.1 on 2026-05-25,bull,"142.4-147.48 (2026-04-24, UNMITIGATED)","161.61-174.0 (2026-05-11, mitigated)",True,11,0,274.71-284.0 (2026-06-01),none,none,140.21,none,2,1,Premium,100.0,313.7,114.0,False,ranging,ranging,True
CONFIPET,69.81,"33.6-44.48 (Moderate, FRESH, 56.95% away)",True,Moderate,False,none,False,"28.06-39.99 (Moderate, FRESH, 74.57% away)",none,bull @ 67.08 on 2026-05-29,bull @ 32.19 on 2026-03-12,bull,"56.05-58.99 (2026-05-12, mitigated)","61.69-66.0 (2026-05-19, mitigated)",False,4,0,55.41-56.05 (2026-05-12),none,none,none,none,0,0,Premium,99.2,70.15,28.06,False,bullish (HH/HL),bearish (LH/LL),False
RAIN,197.9,"147.9-158.88 (Moderate, FRESH, 24.56% away)",True,Moderate,False,none,False,"125.43-169.0 (Moderate, FRESH, 17.1% away)",none,bull @ 183.0 on 2026-05-29,bull @ 134.65 on 2026-05-08,bull,"171.75-182.55 (2026-05-26, UNMITIGATED)","130.5-133.9 (2026-04-28, mitigated)",True,9,0,176.49-186.2 (2026-06-01),none,none,none,none,1,0,Premium,96.5,201.5,99.9,False,bullish (HH/HL),bullish (HH/HL),True
SASKEN,2338.5,"1320.0-1634.6 (Moderate, FRESH, 43.06% away)",True,Moderate,False,none,False,"1275.1-1959.0 (Moderate, FRESH, 19.37% away)",none,bull @ 1878.0 on 2026-05-25,bull @ 1221.9 on 2026-04-08,bull,"1690.0-1776.8 (2026-05-15, mitigated)","1063.6-1125.0 (2026-03-12, mitigated)",False,11,0,2032.0-2061.0 (2026-05-29),none,none,1223.65,none,1,2,Premium,98.5,2358.7,991.0,False,bullish (HH/HL),ranging,False
IDEAFORGE,828.9,"456.15-494.8 (Moderate, FRESH, 67.52% away)",True,Moderate,False,none,False,"366.0-568.75 (Moderate, FRESH, 45.74% away)",none,bull @ 568.75 on 2026-04-29,bull @ 460.3 on 2026-04-16,bull,"720.0-796.95 (2026-05-12, mitigated)","758.45-832.0 (2026-05-08, mitigated)",False,13,0,775.95-830.0 (2026-05-26),none,none,457.23,none,0,2,Premium,88.7,888.0,366.0,False,ranging,bearish (LH/LL),False
ONELIFECAP,27.53,"21.7-26.35 (Moderate, tested, 4.48% away)",False,Moderate,True,none,False,"14.94-21.49 (Moderate, FRESH, 28.11% away)",none,bull @ 20.43 on 2026-05-14,bull @ 15.8 on 2026-04-23,bull,"17.42-18.05 (2026-04-30, mitigated)","28.98-29.04 (2026-05-27, UNMITIGATED)",False,7,2,23.91-25.5 (2026-05-25),27.53-27.59 (2026-06-02),none,14.88,none,3,1,Premium,84.2,30.25,12.99,False,bullish (HH/HL),ranging,False
PARKHOSPS,282.65,none,,none,False,none,False,n/a (short),n/a (short),bull @ 266.8 on 2026-05-25,bull @ 160.0 on 2026-02-10,bull,"253.13-264.0 (2026-05-21, UNMITIGATED)","286.04-293.8 (2026-05-29, UNMITIGATED)",True,11,1,260.8-274.1 (2026-05-26),283.4-286.04 (2026-06-02),none,none,none,2,0,Premium,92.8,293.8,138.1,False,bullish (HH/HL),ranging,False
BBOX,1031.8,"525.0-581.0 (Moderate, FRESH, 77.59% away)",True,Moderate,False,none,False,"504.0-762.0 (Moderate, FRESH, 35.41% away)",none,bull @ 966.0 on 2026-05-25,bull @ 494.0 on 2026-04-08,bull,"807.9-844.0 (2026-05-13, UNMITIGATED)","494.6-506.65 (2026-01-22, mitigated)",True,11,0,994.1-1020.0 (2026-06-01),none,none,496.85,none,3,2,Premium,94.2,1068.0,444.3,False,ranging,ranging,True
POWERINDIA,35105.0,"31195.0-33730.0 (Moderate, FRESH, 4.08% away)",True,Moderate,True,none,False,"16111.0-19898.0 (Moderate, FRESH, 76.42% away)",none,bull @ 36750.0 on 2026-05-27,bull @ 25850.0 on 2026-04-08,bull,"31645.0-32660.0 (2026-05-13, UNMITIGATED)","36810.0-38645.0 (2026-05-29, UNMITIGATED)",True,11,1,33730.0-35850.0 (2026-05-21),36315.0-36810.0 (2026-06-02),none,23985.0,none,0,1,Premium,83.8,38785.0,16111.0,False,bullish (HH/HL),ranging,False
KESORAMIND,11.98,"4.55-5.04 (Moderate, tested, 137.7% away)",False,Moderate,False,none,False,"5.03-10.42 (Moderate, tested, 14.97% away)",none,bull @ 11.39 on 2026-05-08,bull @ 9.44 on 2026-04-07,bull,"12.64-13.06 (2026-05-12, mitigated)","12.88-13.61 (2026-05-13, mitigated)",False,5,0,11.0-11.44 (2026-05-08),none,none,none,none,0,0,Premium,72.2,14.26,6.07,False,ranging,ranging,True
DJML,104.14,"71.1-80.59 (Moderate, tested, 29.22% away)",False,Moderate,False,none,False,"62.2-77.97 (Moderate, tested, 33.56% away)",none,bull @ 98.5 on 2026-05-25,bull @ 85.88 on 2026-04-16,bull,"71.35-78.0 (2026-02-02, mitigated)","97.0-98.5 (2026-05-07, mitigated)",False,2,0,98.99-103.0 (2026-05-27),none,none,87.85,none,2,4,Premium,91.8,108.8,52.0,False,bullish (HH/HL),ranging,False
SWANDEF,2038.3,"1615.5-1785.5 (Moderate, tested, 14.16% away)",False,Moderate,False,none,False,"1615.5-2034.0 (Moderate, tested, 0.21% away)",none,bull @ 1949.0 on 2026-05-27,bull @ 1865.0 on 2026-04-15,bull,"1921.4-2100.0 (2026-03-09, mitigated)","1761.5-1854.2 (2026-02-16, mitigated)",False,4,3,1990.0-2094.5 (2026-06-01),1954.3-2165.3 (2026-03-23),none,1789.0,none,2,3,Premium,66.5,2489.0,1142.2,False,ranging,ranging,True
PARACABLES,65.9,"39.68-55.65 (Moderate, tested, 18.42% away)",False,Moderate,False,none,False,"31.8-41.39 (Moderate, FRESH, 59.22% away)",none,bull @ 60.9 on 2026-05-25,bull @ 36.0 on 2026-04-08,bull,"53.31-56.7 (2026-05-20, UNMITIGATED)","64.61-70.95 (2026-05-27, mitigated)",True,8,0,48.35-54.4 (2026-05-11),none,none,34.51,none,2,2,Premium,88.2,70.95,28.3,False,bullish (HH/HL),bearish (LH/LL),False
PRECWIRE,428.45,"256.01-280.5 (Moderate, tested, 52.75% away)",False,Moderate,False,"409.3-445.5 (Moderate, tested, -4.47% above)",False,"193.05-237.5 (Moderate, tested, 80.4% away)",none,bear @ 391.55 on 2026-05-12,bear @ 391.55 on 2026-05-12,bear,"361.35-382.45 (2026-04-20, mitigated)","440.9-460.0 (2026-05-26, mitigated)",False,6,0,406.05-435.0 (2026-05-25),none,none,210.25,none,1,1,Premium,84.8,467.5,210.01,False,bullish (HH/HL),bullish (HH/HL),True
GAYAPROJ,20.61,"13.3-14.68 (Moderate, tested, 40.4% away)",False,Moderate,False,none,False,"12.68-16.38 (Moderate, tested, 25.82% away)",none,bull @ 19.65 on 2026-06-02,bull @ 19.65 on 2026-06-02,bull,"13.3-14.68 (2026-03-30, mitigated)",none,False,7,0,17.64-18.5 (2026-05-27),none,none,none,none,0,0,Premium,99.0,20.7,11.53,False,bearish (LH/LL),bullish (HH/HL),False
VENUSREM,1411.3,"664.1-800.0 (Moderate, FRESH, 76.41% away)",True,Moderate,False,none,False,"622.1-804.5 (Moderate, FRESH, 75.43% away)",none,bull @ 1027.95 on 2026-05-20,bull @ 804.5 on 2026-03-11,bull,"1004.35-1055.0 (2026-05-21, UNMITIGATED)",none,True,13,0,1280.05-1355.1 (2026-06-02),none,none,902.3,none,1,2,Premium,100.0,1411.3,622.1,False,bearish (LH/LL),ranging,False
NEOGEN,1876.9,"1448.7-1581.5 (Moderate, tested, 18.68% away)",False,Moderate,False,none,False,"1056.8-1199.0 (Moderate, tested, 56.54% away)",none,bear @ 1619.7 on 2026-05-19,bear @ 1619.7 on 2026-05-19,bear,"1475.1-1532.8 (2026-04-20, UNMITIGATED)","1760.0-1883.0 (2026-05-08, mitigated)",True,7,0,1703.8-1735.1 (2026-05-26),none,none,1092.5,none,2,1,Premium,91.6,1960.3,966.7,False,bullish (HH/HL),ranging,False
ACUTAAS,3037.6,"1570.0-1738.5 (Moderate, FRESH, 74.73% away)",True,Moderate,False,none,False,"2005.7-2297.3 (Moderate, tested, 32.22% away)",none,bull @ 2849.9 on 2026-05-19,bull @ 1807.8 on 2026-01-28,bull,"2989.0-3075.3 (2026-05-27, mitigated)","2743.1-2849.9 (2026-05-13, mitigated)",False,5,0,2818.7-2849.0 (2026-05-20),none,none,2058.5,none,0,3,Premium,90.7,3188.1,1570.0,False,bullish (HH/HL),ranging,False
526775,1264.6,"915.2-1091.0 (Moderate, tested, 15.91% away)",False,Moderate,False,none,False,"705.35-920.0 (Moderate, tested, 37.46% away)",none,bull @ 1158.4 on 2026-05-22,bull @ 959.5 on 2026-05-08,bull,"1053.1-1091.0 (2026-05-12, mitigated)",none,False,7,0,1227.9-1240.0 (2026-06-01),none,none,885.8,none,2,2,Premium,94.2,1304.2,620.55,False,ranging,bullish (HH/HL),False
SHADOWFAX,191.03,"117.01-136.4 (Moderate, tested, 40.05% away)",False,Moderate,False,none,False,n/a (short),n/a (short),bull @ 177.01 on 2026-05-15,bull @ 124.9 on 2026-04-10,bull,"139.0-145.32 (2026-04-17, UNMITIGATED)",none,True,5,0,170.4-183.15 (2026-05-18),none,none,none,none,0,0,Premium,81.7,211.77,98.55,False,bullish (HH/HL),ranging,False
SANSERA,2953.3,"2259.0-2478.0 (Moderate, tested, 19.18% away)",False,Moderate,False,none,False,"2259.0-2672.5 (Moderate, FRESH, 10.51% away)",none,bull @ 2627.4 on 2026-05-21,bull @ 2627.4 on 2026-05-21,bull,"2338.4-2403.0 (2026-05-15, UNMITIGATED)","2370.0-2415.0 (2026-04-16, mitigated)",True,5,0,2499.0-2832.5 (2026-05-22),none,none,2137.55,none,0,2,Premium,97.2,2992.2,1597.6,False,ranging,bullish (HH/HL),False
SALSTEEL,61.67,"37.6-45.49 (Moderate, tested, 35.57% away)",False,Moderate,False,none,False,"33.65-45.8 (Moderate, FRESH, 34.65% away)",none,bull @ 60.0 on 2026-05-15,bull @ 47.92 on 2026-04-13,bull,"40.5-42.98 (2026-04-09, UNMITIGATED)",none,True,3,0,49.7-52.13 (2026-04-16),none,none,35.59,none,1,1,Premium,94.0,63.49,33.1,False,bullish (HH/HL),ranging,False
NINSYS,721.35,"282.45-370.45 (Moderate, tested, 94.72% away)",False,Moderate,False,none,False,none,none,bull @ 529.85 on 2026-05-07,bull @ 314.0 on 2026-03-24,bull,"566.0-601.0 (2026-05-18, mitigated)","281.05-314.0 (2026-03-16, mitigated)",False,5,0,715.0-716.0 (2026-06-02),none,none,386.32,none,2,3,Premium,92.5,757.2,281.05,False,bullish (HH/HL),bearish (LH/LL),False
WHEELS,1517.9,"1263.0-1363.9 (Moderate, FRESH, 11.29% away)",True,Moderate,False,none,False,"928.0-1091.85 (Moderate, FRESH, 39.02% away)",none,bull @ 1363.9 on 2026-05-15,bull @ 915.0 on 2026-03-09,bull,"1535.0-1630.9 (2026-05-19, mitigated)","1030.55-1099.0 (2026-03-25, mitigated)",False,2,0,1348.7-1477.2 (2026-05-18),none,none,842.72,none,1,1,Premium,78.2,1744.0,705.85,False,bullish (HH/HL),ranging,False
BALAMINES,2016.1,"1318.3-1538.0 (Moderate, FRESH, 31.09% away)",True,Moderate,False,none,False,"1022.7-1538.0 (Moderate, FRESH, 31.09% away)",none,bull @ 1956.0 on 2026-06-02,bull @ 1095.0 on 2026-04-15,bull,"1695.0-1780.0 (2026-05-19, mitigated)","1488.4-1535.0 (2026-05-07, mitigated)",False,5,0,1434.9-1496.0 (2026-05-14),none,none,1091.35,none,0,4,Premium,95.7,2063.0,968.1,False,bullish (HH/HL),bearish (LH/LL),False
MIRCELECTR,41.04,"32.2-34.89 (Moderate, FRESH, 17.63% away)",True,Moderate,False,none,False,"27.36-36.6 (Moderate, tested, 12.13% away)",none,bull @ 35.2 on 2026-05-07,bull @ 26.48 on 2026-03-27,bull,"32.5-34.3 (2026-05-05, UNMITIGATED)","44.36-48.7 (2026-05-14, UNMITIGATED)",True,3,1,39.2-39.5 (2026-05-25),41.84-44.36 (2026-05-18),none,28.7,none,1,2,Premium,70.5,49.23,21.5,False,bullish (HH/HL),bullish (HH/HL),True
TDPOWERSYS,1235.0,"1140.5-1219.0 (Moderate, tested, 1.31% away)",False,Moderate,True,none,False,"568.05-668.7 (Moderate, tested, 84.69% away)",none,bull @ 1361.0 on 2026-05-26,bull @ 896.9 on 2026-04-10,bull,"1172.1-1198.0 (2026-05-14, mitigated)","1275.5-1359.0 (2026-05-29, UNMITIGATED)",False,5,2,1044.9-1053.75 (2026-04-23),1249.9-1275.5 (2026-06-02),none,none,none,0,0,Premium,81.4,1379.6,602.4,False,bullish (HH/HL),bullish (HH/HL),True
INDSWFTLAB,162.1,"129.5-138.28 (Moderate, FRESH, 17.23% away)",True,Moderate,False,none,False,"87.25-117.8 (Moderate, FRESH, 37.61% away)",none,bull @ 139.14 on 2026-05-29,bull @ 139.14 on 2026-05-29,bull,"133.3-138.28 (2026-05-27, UNMITIGATED)",none,True,2,0,134.83-153.13 (2026-06-01),none,none,130.8,sell-side swept (bullish stop-hunt),4,3,Premium,87.0,173.25,87.15,False,ranging,bullish (HH/HL),False
KERNEX,1804.7,"1364.9-1607.1 (Moderate, FRESH, 12.3% away)",True,Moderate,False,none,False,"1287.05-1626.0 (Moderate, FRESH, 10.99% away)",none,bull @ 1626.0 on 2026-05-29,bull @ 1626.0 on 2026-05-29,bull,"1462.6-1607.1 (2026-05-27, UNMITIGATED)","1534.1-1626.0 (2026-05-08, mitigated)",True,8,0,1747.0-1768.6 (2026-06-02),none,none,none,none,1,0,Premium,89.4,1918.4,850.0,False,bullish (HH/HL),ranging,False
CUPID,128.35,"90.22-96.38 (Moderate, FRESH, 33.17% away)",True,Moderate,False,"119.0-133.92 (Moderate, tested, -7.28% above)",False,"60.8-79.78 (Moderate, tested, 60.88% away)",none,bear @ 116.5 on 2026-05-19,bear @ 116.5 on 2026-05-19,bear,"111.0-112.9 (2026-04-28, mitigated)","120.48-124.75 (2026-05-13, mitigated)",False,9,0,122.6-124.97 (2026-05-26),none,none,74.58,none,1,1,Premium,91.6,133.92,67.42,False,ranging,bullish (HH/HL),False
THERMAX,4969.7,"4383.1-4658.4 (Moderate, FRESH, 6.68% away)",True,Moderate,True,none,False,"3192.7-4305.0 (Moderate, FRESH, 15.44% away)",none,bull @ 4880.0 on 2026-05-29,bull @ 2985.7 on 2026-02-17,bull,"4383.1-4510.7 (2026-05-26, UNMITIGATED)","2827.1-2904.0 (2026-01-28, mitigated)",True,9,0,4658.4-4800.0 (2026-06-01),none,none,2843.5,none,1,2,Premium,95.5,5075.0,2742.7,False,bullish (HH/HL),ranging,False
INDOTECH,2722.8,"1277.2-1458.8 (Moderate, FRESH, 86.65% away)",True,Moderate,False,none,False,"1100.0-1885.0 (Moderate, FRESH, 44.45% away)",none,bear @ 2486.2 on 2026-05-18,bear @ 2486.2 on 2026-05-18,bear,"2346.5-2439.0 (2026-05-19, mitigated)","1273.9-1309.7 (2026-03-19, mitigated)",False,7,0,2070.0-2280.0 (2026-04-23),none,none,1658.5,none,1,2,Premium,86.4,2977.6,1100.0,False,ranging,bearish (LH/LL),False
ROLLT,2.14,"1.23-1.3 (Moderate, tested, 64.62% away)",False,Moderate,False,none,False,"1.09-1.34 (Moderate, FRESH, 59.7% away)","1.37-2.46 (Moderate, tested, -35.98% away)",bear @ 1.96 on 2026-05-27,bear @ 2.0 on 2026-05-21,bear,"1.96-1.99 (2026-05-26, mitigated)","1.97-2.01 (2026-05-04, mitigated)",False,6,1,1.96-1.97 (2026-06-02),2.12-2.2 (2026-05-18),none,1.16,none,3,3,Premium,78.9,2.42,1.09,False,bullish (HH/HL),bearish (LH/LL),False
RPTECH,554.2,"339.85-364.95 (Moderate, tested, 51.86% away)",False,Moderate,False,none,False,"362.05-500.0 (Moderate, tested, 10.84% away)",none,bull @ 549.0 on 2026-05-21,bull @ 356.0 on 2026-03-25,bull,"372.4-387.1 (2026-04-08, UNMITIGATED)","522.05-547.05 (2026-05-11, mitigated)",True,7,0,525.95-545.0 (2026-06-01),none,none,337.02,none,3,3,Premium,92.0,575.0,316.3,False,bullish (HH/HL),bullish (HH/HL),True
SGMART,578.2,"521.2-589.9 (Moderate, tested, -1.98% away)",False,Moderate,True,none,False,none,none,bear @ 574.75 on 2026-06-01,bear @ 574.75 on 2026-06-01,bear,"521.2-547.95 (2026-05-05, UNMITIGATED)","469.3-506.0 (2026-03-27, mitigated)",True,3,2,548.0-556.0 (2026-05-08),584.15-585.6 (2026-06-02),none,522.2,none,3,3,Premium,81.6,638.1,313.1,False,bullish (HH/HL),ranging,False
FCL,42.36,"30.55-35.8 (Moderate, FRESH, 18.32% away)",True,Moderate,False,none,False,"22.6-35.8 (Moderate, FRESH, 18.32% away)",none,bull @ 41.25 on 2026-06-02,bull @ 22.46 on 2026-04-08,bull,"30.64-34.12 (2026-05-21, UNMITIGATED)","32.35-35.8 (2026-05-20, mitigated)",True,6,0,38.56-39.65 (2026-06-01),none,none,24.16,none,2,5,Premium,95.6,43.42,19.1,False,bullish (HH/HL),bearish (LH/LL),False
AVALON,1511.9,"1050.4-1306.1 (Moderate, tested, 15.76% away)",False,Moderate,False,none,False,"921.4-1152.0 (Moderate, FRESH, 31.24% away)",none,bull @ 1427.8 on 2026-05-20,bull @ 999.0 on 2026-04-09,bull,"1234.5-1304.7 (2026-05-14, UNMITIGATED)","935.3-971.7 (2026-03-20, mitigated)",True,4,0,1180.3-1271.6 (2026-05-08),none,none,956.65,none,1,3,Premium,92.7,1570.1,777.3,False,bullish (HH/HL),ranging,False
GVT&D,4781.0,none,,none,False,"4776.0-5222.1 (Moderate, tested, -0.1% above)",False,"2523.2-3224.2 (Moderate, tested, 48.28% away)",none,bull @ 4962.4 on 2026-05-27,bull @ 4962.4 on 2026-05-27,bull,"4265.5-4423.9 (2026-05-15, UNMITIGATED)","4940.0-5222.1 (2026-05-29, UNMITIGATED)",True,4,1,4530.0-4700.0 (2026-05-21),4856.0-4940.0 (2026-06-02),none,2799.15,none,0,1,Premium,83.7,5222.1,2523.2,False,ranging,ranging,True
DSSL,1502.9,"1215.0-1407.7 (Moderate, tested, 6.76% away)",False,Moderate,True,none,False,"1014.0-1445.0 (Moderate, tested, 4.01% away)",none,bull @ 1445.0 on 2026-05-19,bull @ 927.1 on 2026-04-08,bull,"1325.0-1429.8 (2026-05-15, mitigated)","1766.0-1924.8 (2026-05-25, mitigated)",False,6,2,1394.6-1473.0 (2026-05-20),1620.0-1671.4 (2026-06-02),none,921.45,none,0,1,Premium,63.1,1924.8,781.0,False,bullish (HH/HL),bearish (LH/LL),False
SKYGOLD,559.7,"445.3-504.7 (Moderate, tested, 10.9% away)",False,Moderate,False,none,False,"337.0-467.25 (Moderate, tested, 19.79% away)",none,bull @ 549.9 on 2026-06-02,bull @ 356.85 on 2026-04-06,bull,"445.3-465.0 (2026-05-04, mitigated)","339.7-352.0 (2026-03-20, mitigated)",False,5,0,486.65-517.75 (2026-06-01),none,none,326.28,none,1,3,Premium,97.3,567.0,297.95,False,bullish (HH/HL),bullish (HH/HL),True
WELCORP,1386.8,"1062.6-1151.0 (Moderate, FRESH, 20.49% away)",True,Moderate,False,"1276.1-1369.8 (Moderate, tested, -7.98% above)",False,"759.0-1097.0 (Moderate, FRESH, 26.42% away)",none,bull @ 1357.7 on 2026-05-27,bull @ 869.8 on 2026-04-07,bull,"1252.2-1306.8 (2026-05-22, UNMITIGATED)","1338.0-1369.8 (2026-05-14, mitigated)",True,12,0,1337.8-1372.9 (2026-05-28),none,none,785.1,none,1,4,Premium,98.3,1398.8,710.0,False,bullish (HH/HL),bullish (HH/HL),True
UNIVPHOTO,403.95,"339.35-402.2 (Moderate, tested, 0.44% away)",False,Moderate,True,none,False,"339.35-437.9 (Moderate, tested, -7.75% away)",none,bear @ 415.15 on 2026-06-01,bear @ 415.15 on 2026-06-01,bear,"358.05-393.8 (2026-04-15, mitigated)","217.86-230.0 (2026-01-07, mitigated)",False,7,13,357.2-358.05 (2026-04-15),404.0-420.55 (2026-06-02),438.97,231.8,buy-side swept (bearish stop-hunt),2,1,Premium,66.6,515.8,180.6,False,ranging,ranging,True
SBCL,734.55,"513.6-543.3 (Moderate, FRESH, 35.2% away)",True,Moderate,False,none,False,"368.6-444.0 (Moderate, FRESH, 65.44% away)",none,bull @ 655.0 on 2026-05-20,bull @ 655.0 on 2026-05-20,bull,"672.05-700.0 (2026-05-22, UNMITIGATED)","397.4-410.15 (2026-03-20, mitigated)",True,10,0,721.2-750.35 (2026-05-27),none,none,425.25,none,3,2,Premium,87.0,789.0,368.6,False,bullish (HH/HL),ranging,False
ADANIPOWER,235.93,"134.86-142.59 (Moderate, FRESH, 65.46% away)",True,Moderate,False,"217.8-233.47 (Moderate, tested, -7.68% above)",False,"144.65-178.1 (Moderate, FRESH, 32.47% away)",none,bull @ 229.0 on 2026-05-25,bull @ 229.0 on 2026-05-25,bull,"219.0-222.47 (2026-05-22, UNMITIGATED)","245.5-252.65 (2026-05-27, UNMITIGATED)",True,10,2,222.47-233.77 (2026-05-26),236.67-242.19 (2026-06-02),none,144.72,none,3,3,Premium,85.5,254.2,128.1,False,ranging,ranging,True
LOKESHMACH,248.95,"211.52-236.0 (Moderate, tested, 5.49% away)",False,Moderate,True,none,False,"157.0-186.0 (Moderate, tested, 33.84% away)",none,bear @ 240.07 on 2026-05-04,bear @ 240.07 on 2026-05-04,bear,"216.8-224.7 (2026-04-09, UNMITIGATED)","185.53-194.7 (2026-01-16, mitigated)",True,0,0,none,none,269.95,170.0,none,4,2,Premium,74.4,286.8,138.96,False,ranging,bullish (HH/HL),False
APOLLO,437.0,"317.8-377.7 (Moderate, FRESH, 15.7% away)",True,Moderate,False,none,False,"270.6-337.8 (Moderate, FRESH, 29.37% away)",none,bull @ 433.8 on 2026-06-02,bull @ 204.45 on 2026-04-08,bull,"347.6-361.85 (2026-05-22, UNMITIGATED)","313.15-337.8 (2026-05-08, mitigated)",True,9,0,361.85-403.3 (2026-05-26),none,none,256.92,none,0,3,Premium,98.1,442.0,179.5,False,ranging,ranging,True
APEX,441.2,"345.1-388.9 (Moderate, tested, 13.45% away)",False,Moderate,False,none,False,"221.45-261.0 (Moderate, tested, 69.04% away)",none,bear @ 451.4 on 2026-05-18,bear @ 451.4 on 2026-05-18,bear,"451.4-471.15 (2026-05-05, mitigated)","454.0-471.85 (2026-05-14, mitigated)",False,3,2,413.65-416.9 (2026-04-13),438.95-446.45 (2026-06-01),513.25,251.55,none,2,1,Premium,72.1,514.5,251.4,False,bearish (LH/LL),bullish (HH/HL),False
SEAMECLTD,1643.3,none,,none,False,none,False,none,none,bear @ 1482.2 on 2026-05-12,bear @ 1482.2 on 2026-05-12,bear,"1300.3-1330.6 (2026-02-27, mitigated)",none,False,0,0,none,none,none,1251.0,none,0,2,Premium,91.3,1709.2,953.2,False,ranging,bullish (HH/HL),False
KIRLOSENG,1856.9,"1543.1-1738.8 (Moderate, tested, 6.79% away)",False,Moderate,True,none,False,"1536.1-1775.0 (Moderate, FRESH, 4.61% away)",none,bull @ 1775.0 on 2026-05-27,bull @ 1775.0 on 2026-05-27,bull,"1647.0-1703.9 (2026-05-22, UNMITIGATED)","1710.3-1765.0 (2026-05-07, mitigated)",True,8,0,1830.0-1882.0 (2026-06-01),none,none,none,none,1,0,Premium,85.6,1990.8,1058.5,False,ranging,bullish (HH/HL),False
KOTYARK,420.45,"271.0-338.0 (Moderate, tested, 24.39% away)",False,Moderate,False,none,False,"210.05-302.8 (Moderate, FRESH, 38.85% away)",none,bull @ 449.0 on 2026-05-18,bull @ 421.0 on 2026-04-24,bull,"359.0-375.0 (2026-04-22, UNMITIGATED)","417.75-449.0 (2026-04-27, mitigated)",True,6,1,399.9-417.75 (2026-04-27),443.45-450.0 (2026-05-26),none,231.6,none,0,3,Premium,84.0,464.25,191.2,False,bullish (HH/HL),bearish (LH/LL),False
JNKINDIA,361.4,"212.84-249.0 (Moderate, tested, 45.14% away)",False,Moderate,False,none,False,none,none,bull @ 387.4 on 2026-05-21,bull @ 387.4 on 2026-05-21,bull,"292.0-304.0 (2026-04-16, UNMITIGATED)","341.0-377.05 (2026-05-20, mitigated)",True,5,1,337.4-341.0 (2026-05-20),374.45-381.9 (2026-06-01),386.7,201.14,buy-side swept (bearish stop-hunt),1,1,Premium,76.0,412.15,200.92,False,ranging,bullish (HH/HL),False
APOLLOPIPE,478.85,"463.05-496.65 (Moderate, tested, -3.58% away)",False,Moderate,False,none,False,"300.4-365.0 (Moderate, FRESH, 31.19% away)",none,bull @ 528.0 on 2026-05-21,bull @ 279.0 on 2026-02-06,bull,"505.95-523.9 (2026-05-19, mitigated)","282.5-288.0 (2026-01-19, mitigated)",False,4,1,459.0-485.1 (2026-05-08),485.75-503.65 (2026-06-02),none,277.7,none,1,1,Premium,75.1,554.0,252.1,False,bullish (HH/HL),bearish (LH/LL),False
NARMADA,36.54,"22.45-24.69 (Moderate, tested, 48.0% away)",False,Moderate,False,none,False,"19.9-23.0 (Moderate, FRESH, 58.87% away)",none,bull @ 35.51 on 2026-05-05,bull @ 35.51 on 2026-05-05,bull,"30.53-32.39 (2026-03-13, mitigated)",none,False,1,0,33.51-33.62 (2026-04-30),none,none,30.51,none,1,2,Premium,84.4,39.61,19.9,False,ranging,bullish (HH/HL),False
MCLEODRUSS,75.32,"52.51-60.98 (Moderate, tested, 23.52% away)",False,Moderate,False,none,False,"28.5-41.5 (Moderate, FRESH, 81.49% away)",none,bull @ 61.3 on 2026-05-15,bull @ 41.5 on 2026-04-10,bull,"55.27-56.7 (2026-04-23, mitigated)","35.36-36.68 (2026-03-18, mitigated)",False,17,2,73.91-76.88 (2026-05-27),76.85-76.88 (2026-06-01),none,43.21,none,1,1,Premium,93.8,78.41,28.5,False,bullish (HH/HL),bearish (LH/LL),False
CENTUM,3600.0,"2075.0-2273.8 (Moderate, tested, 58.33% away)",False,Moderate,False,none,False,none,none,bull @ 3324.0 on 2026-05-29,bull @ 3066.6 on 2026-04-17,bull,"3135.4-3275.2 (2026-05-26, UNMITIGATED)","2930.5-3198.8 (2026-05-08, mitigated)",True,4,0,3301.9-3480.0 (2026-06-01),none,none,2111.5,none,3,1,Premium,93.2,3714.0,2044.2,False,ranging,bearish (LH/LL),False
SUVEN,275.2,"202.31-224.3 (Moderate, FRESH, 22.69% away)",True,Moderate,False,none,False,"196.08-229.69 (Moderate, FRESH, 19.81% away)",none,bull @ 228.0 on 2026-05-18,bull @ 146.35 on 2026-04-01,bull,"204.6-214.84 (2026-05-14, UNMITIGATED)","139.2-145.09 (2026-03-02, mitigated)",True,6,0,253.38-263.3 (2026-05-20),none,none,200.12,none,2,2,Premium,86.9,297.95,124.11,False,ranging,ranging,True
SATIN,231.12,"169.14-183.0 (Moderate, FRESH, 26.3% away)",True,Moderate,False,none,False,"143.26-183.0 (Moderate, FRESH, 26.3% away)",none,bear @ 213.31 on 2026-05-22,bear @ 213.31 on 2026-05-22,bear,"184.16-190.89 (2026-05-05, UNMITIGATED)",none,True,7,0,196.45-200.73 (2026-05-08),none,none,150.3,none,1,5,Premium,86.9,245.54,135.81,False,bullish (HH/HL),bullish (HH/HL),True
GRWRHITECH,5894.5,"3809.7-4492.3 (Moderate, FRESH, 31.21% away)",True,Moderate,False,none,False,"3571.0-4250.0 (Moderate, FRESH, 38.69% away)",none,bull @ 5560.0 on 2026-05-20,bull @ 3949.0 on 2026-04-15,bull,"5610.0-5850.0 (2026-05-27, mitigated)","4959.9-5560.0 (2026-05-07, mitigated)",False,8,0,5543.2-5560.0 (2026-05-26),none,none,2871.9,none,2,1,Premium,92.2,6166.0,2690.7,False,bullish (HH/HL),bullish (HH/HL),True
ADANIENSOL,1530.6,"1172.15-1291.5 (Moderate, tested, 18.51% away)",False,Moderate,False,none,False,"903.15-1043.8 (Moderate, FRESH, 46.64% away)",none,bull @ 1365.0 on 2026-05-22,bull @ 1365.0 on 2026-05-22,bull,"1243.55-1273.1 (2026-04-21, mitigated)","1000.0-1043.8 (2026-03-18, mitigated)",False,9,1,1412.0-1475.1 (2026-05-27),1524.0-1540.1 (2026-06-01),none,969.24,none,3,2,Premium,93.8,1578.5,803.1,False,bullish (HH/HL),ranging,False
NATIONALUM,434.4,"334.35-363.95 (Moderate, tested, 19.36% away)",False,Moderate,False,"428.2-445.15 (Moderate, tested, -1.43% above)",False,"334.35-391.95 (Moderate, tested, 10.83% away)",none,bull @ 420.7 on 2026-05-27,bull @ 420.7 on 2026-05-27,bull,"353.2-362.15 (2026-02-27, mitigated)","420.25-437.75 (2026-05-27, mitigated)",False,4,0,413.3-420.25 (2026-05-27),none,none,391.58,none,2,3,Premium,94.2,445.15,259.3,False,bearish (LH/LL),bullish (HH/HL),False
NITINSPIN,507.3,"443.05-475.0 (Moderate, tested, 6.8% away)",False,Moderate,True,none,False,"302.2-374.0 (Moderate, tested, 35.64% away)",none,bull @ 431.25 on 2026-04-27,bull @ 379.8 on 2026-04-07,bull,"451.25-469.7 (2026-04-30, UNMITIGATED)",none,True,3,0,461.9-488.0 (2026-05-05),none,none,324.07,none,2,3,Premium,84.5,544.95,302.2,False,ranging,bullish (HH/HL),False
SCHNEIDER,1181.3,"782.0-854.8 (Moderate, tested, 38.2% away)",False,Moderate,False,none,False,"571.85-832.0 (Moderate, tested, 41.98% away)",none,bull @ 1370.0 on 2026-05-26,bull @ 1370.0 on 2026-05-26,bull,"832.95-872.4 (2026-03-30, UNMITIGATED)","1290.0-1355.0 (2026-05-05, mitigated)",True,3,3,1002.0-1037.0 (2026-04-20),1181.3-1308.8 (2026-06-02),none,843.85,none,0,2,Premium,72.0,1417.8,571.85,False,bullish (HH/HL),ranging,False
UTLSOLAR,319.8,"194.55-204.0 (Moderate, FRESH, 56.76% away)",True,Moderate,False,"287.0-328.4 (Moderate, tested, -10.26% above)",False,n/a (short),n/a (short),bull @ 286.75 on 2026-05-26,bull @ 192.08 on 2026-03-18,bull,"259.0-266.55 (2026-04-22, mitigated)","301.0-312.8 (2026-05-27, mitigated)",False,6,0,283.8-301.0 (2026-05-27),none,none,260.55,none,2,2,Premium,90.7,335.0,172.0,False,ranging,ranging,True
543787,1150.0,"881.05-1061.3 (Moderate, tested, 8.36% away)",False,Moderate,False,none,False,"627.27-729.95 (Moderate, tested, 57.54% away)",none,bull @ 1061.3 on 2026-05-14,bull @ 850.0 on 2026-04-23,bull,"931.65-995.0 (2026-05-07, UNMITIGATED)","1010.0-1061.3 (2026-04-29, mitigated)",True,3,0,959.95-1058.25 (2026-05-14),none,none,810.5,none,3,3,Premium,89.9,1200.0,707.27,False,ranging,bullish (HH/HL),False
KRISHNADEF,1148.8,"771.95-812.45 (Moderate, tested, 41.4% away)",False,Moderate,False,"1053.1-1313.0 (Moderate, tested, -8.33% above)",False,"665.0-843.75 (Moderate, tested, 36.15% away)",none,bull @ 1129.0 on 2026-05-07,bull @ 947.9 on 2026-04-10,bull,"1053.1-1089.9 (2026-05-06, mitigated)","1175.2-1313.0 (2026-05-11, mitigated)",False,5,0,1019.75-1020.0 (2026-04-20),none,none,1023.53,none,1,2,Premium,74.7,1313.0,665.0,False,ranging,bullish (HH/HL),False
SAIL,205.85,"175.16-190.25 (Moderate, tested, 8.2% away)",False,Moderate,False,none,False,"124.0-136.8 (Moderate, FRESH, 50.48% away)",none,bull @ 190.5 on 2026-05-13,bull @ 158.54 on 2026-04-06,bull,"175.16-180.9 (2026-05-12, UNMITIGATED)","176.31-202.35 (2026-05-13, mitigated)",True,2,0,180.9-198.55 (2026-05-14),none,none,143.47,none,1,1,Premium,95.5,209.7,124.0,False,ranging,bullish (HH/HL),False
544191,66.18,none,,none,False,none,False,none,none,bull @ 69.8 on 2026-05-05,bull @ 62.8 on 2026-04-17,bull,"65.55-68.17 (2026-05-04, mitigated)","68.3-70.5 (2026-05-27, UNMITIGATED)",False,3,1,61.45-64.8 (2026-04-20),67.87-68.3 (2026-06-01),69.75,51.46,buy-side swept (bearish stop-hunt),1,2,Premium,73.4,75.1,41.51,False,ranging,bullish (HH/HL),False
VIJIFIN,3.83,none,,none,False,none,False,"2.92-4.1 (Moderate, tested, -6.59% away)",none,bull @ 4.1 on 2026-05-06,bull @ 2.32 on 2026-03-10,bull,"4.12-4.33 (2026-05-12, mitigated)","2.42-2.63 (2026-03-12, mitigated)",False,7,1,3.5-3.54 (2026-04-23),4.03-4.31 (2026-05-13),none,2.31,none,2,2,Premium,68.9,4.65,2.01,False,bullish (HH/HL),ranging,False
SHILPAMED,517.35,"259.5-284.5 (Moderate, tested, 81.85% away)",False,Moderate,False,none,False,none,none,bull @ 493.2 on 2026-05-25,bull @ 365.0 on 2026-04-01,bull,"435.05-452.5 (2026-05-13, UNMITIGATED)","333.45-345.45 (2026-03-10, mitigated)",True,5,0,491.8-493.4 (2026-06-01),none,none,316.38,none,0,2,Premium,95.4,529.8,259.5,False,bullish (HH/HL),ranging,False
SYRMA,1166.8,"842.0-908.0 (Moderate, FRESH, 28.5% away)",True,Moderate,False,"1030.55-1145.2 (Moderate, tested, -11.68% above)",False,"789.3-1032.0 (Moderate, tested, 13.06% away)",none,bull @ 1080.0 on 2026-05-29,bull @ 775.55 on 2026-03-18,bull,"945.85-975.0 (2026-04-30, mitigated)","1092.0-1145.2 (2026-05-11, mitigated)",False,8,0,1053.8-1085.9 (2026-06-01),none,none,709.1,none,1,1,Premium,96.2,1188.0,634.5,False,bullish (HH/HL),ranging,False
ACMESOLAR,334.75,"274.2-284.7 (Moderate, tested, 17.58% away)",False,Moderate,False,none,False,"236.0-259.1 (Moderate, tested, 29.2% away)",none,bull @ 307.4 on 2026-05-29,bull @ 307.4 on 2026-05-29,bull,"284.6-291.35 (2026-04-15, mitigated)","204.22-209.0 (2026-01-22, mitigated)",False,7,0,295.8-299.5 (2026-05-26),none,none,267.18,none,2,2,Premium,97.8,337.9,195.9,False,ranging,bullish (HH/HL),False
521113,91.01,"80.8-89.9 (Moderate, tested, 1.23% away)",False,Moderate,True,none,False,"52.0-66.05 (Moderate, tested, 37.79% away)",none,bull @ 89.9 on 2026-04-16,bull @ 82.8 on 2026-04-08,bull,"85.5-89.77 (2026-04-15, mitigated)","95.05-98.9 (2026-05-15, mitigated)",False,1,0,79.61-81.0 (2026-04-09),none,107.9,none,none,2,0,Premium,67.6,108.0,55.55,False,bearish (LH/LL),bullish (HH/HL),False
NETWEB,4782.8,"3792.9-4097.7 (Moderate, FRESH, 16.72% away)",True,Moderate,False,none,False,"3671.1-4492.0 (Moderate, FRESH, 6.47% away)",none,bull @ 4044.0 on 2026-05-27,bull @ 4044.0 on 2026-05-27,bull,"3792.9-3908.6 (2026-05-25, UNMITIGATED)","4330.0-4492.0 (2026-05-08, mitigated)",True,5,0,4072.0-4536.0 (2026-06-01),none,none,3760.0,none,3,3,Premium,92.8,4925.7,2942.4,False,ranging,bullish (HH/HL),False
NIBE,1541.0,"1002.6-1409.5 (Moderate, tested, 9.33% away)",False,Moderate,False,none,False,"976.1-1161.0 (Moderate, FRESH, 32.73% away)",none,bull @ 1161.0 on 2026-05-20,bull @ 1161.0 on 2026-05-20,bull,"1004.0-1051.2 (2026-05-15, UNMITIGATED)","985.0-1140.5 (2026-03-11, mitigated)",True,6,0,1480.0-1502.5 (2026-06-02),none,none,999.57,none,3,1,Premium,94.3,1584.8,809.6,False,ranging,bearish (LH/LL),False
524520,115.0,"85.0-89.95 (Moderate, FRESH, 27.85% away)",True,Moderate,False,none,False,"65.01-72.2 (Moderate, tested, 59.28% away)",none,bull @ 96.99 on 2026-05-29,bull @ 91.0 on 2026-05-08,bull,"85.5-89.34 (2026-05-06, UNMITIGATED)","82.65-84.8 (2026-01-16, mitigated)",True,5,0,96.9-97.38 (2026-05-29),none,none,78.83,none,3,4,Premium,94.9,117.4,70.51,False,bullish (HH/HL),ranging,False
APARINDS,13270.0,"12412.0-13149.0 (Moderate, tested, 0.92% away)",False,Moderate,True,none,False,"6801.0-8350.0 (Moderate, FRESH, 58.92% away)",none,bull @ 13024.0 on 2026-05-27,bull @ 10798.0 on 2026-04-10,bull,"12412.0-13079.0 (2026-05-25, mitigated)","10174.0-10505.0 (2026-03-05, mitigated)",False,5,1,12393.0-12591.0 (2026-05-21),13299.0-13426.0 (2026-06-01),none,9312.0,none,3,3,Premium,95.4,13580.0,6801.0,False,bullish (HH/HL),bullish (HH/HL),True
ROSSTECH,1080.5,"715.0-808.7 (Moderate, FRESH, 33.61% away)",True,Moderate,False,"945.6-1061.9 (Moderate, tested, -12.48% above)",False,"650.05-739.0 (Moderate, FRESH, 46.21% away)",none,bull @ 968.95 on 2026-05-25,bull @ 968.95 on 2026-05-25,bull,"913.5-940.0 (2026-05-22, UNMITIGATED)","963.4-1061.9 (2026-05-07, mitigated)",True,4,0,940.0-1003.0 (2026-05-26),none,none,675.1,none,2,4,Premium,94.4,1112.0,551.9,False,bearish (LH/LL),ranging,False
ARFIN,90.85,"74.01-78.5 (Moderate, FRESH, 15.73% away)",True,Moderate,False,none,False,none,none,bear @ 92.0 on 2026-05-15,bear @ 92.0 on 2026-05-15,bear,"84.95-88.94 (2026-04-09, mitigated)","78.12-82.46 (2026-03-12, mitigated)",False,3,1,78.5-80.0 (2026-04-08),93.62-94.01 (2026-06-01),none,73.36,none,0,3,Premium,68.6,106.2,57.31,False,bearish (LH/LL),ranging,False
KIRLPNU,1578.5,"1320.0-1374.3 (Moderate, FRESH, 14.86% away)",True,Moderate,False,none,False,"1034.7-1374.3 (Moderate, FRESH, 14.86% away)",none,bull @ 1613.8 on 2026-05-20,bull @ 1119.9 on 2026-04-06,bull,"1325.0-1360.0 (2026-04-23, UNMITIGATED)","1130.1-1167.2 (2026-03-06, mitigated)",True,5,1,1352.0-1473.3 (2026-04-28),1599.9-1643.8 (2026-06-01),none,1099.25,none,2,4,Premium,82.3,1705.0,990.1,False,bullish (HH/HL),ranging,False
ARVIND,500.65,"386.55-418.95 (Moderate, FRESH, 19.5% away)",True,Moderate,False,none,False,"274.8-310.9 (Moderate, tested, 61.03% away)",none,bull @ 459.65 on 2026-05-18,bull @ 373.0 on 2026-04-06,bull,"386.55-403.0 (2026-05-06, UNMITIGATED)","316.5-320.25 (2026-01-02, mitigated)",True,6,0,454.7-470.0 (2026-05-19),none,none,none,none,3,0,Premium,99.0,502.8,286.0,False,bullish (HH/HL),bullish (HH/HL),True
LLOYDSME,1821.7,"1122.0-1223.6 (Moderate, tested, 48.88% away)",False,Moderate,False,none,False,"1084.0-1351.9 (Moderate, tested, 34.75% away)",none,bull @ 1790.0 on 2026-05-25,bull @ 1790.0 on 2026-05-25,bull,"1119.9-1157.0 (2026-03-16, UNMITIGATED)","1809.6-1868.0 (2026-05-26, mitigated)",True,11,1,1742.8-1809.6 (2026-05-26),1840.0-1850.0 (2026-06-01),none,1120.95,none,3,1,Premium,92.1,1888.6,1042.9,False,ranging,bullish (HH/HL),False
HINDCOPPER,546.2,"525.3-643.0 (Moderate, tested, -15.05% away)",False,Moderate,False,none,False,"475.6-576.0 (Moderate, tested, -5.17% away)",none,bull @ 568.45 on 2026-05-07,bull @ 568.45 on 2026-05-07,bull,"532.5-555.95 (2026-01-23, mitigated)","599.15-618.1 (2026-05-14, UNMITIGATED)",False,2,4,512.0-519.1 (2026-04-09),550.0-555.35 (2026-06-01),574.45,511.9,none,2,1,Equilibrium,47.9,760.05,349.5,False,bullish (HH/HL),bullish (HH/HL),True
IOLCP,131.42,"103.76-113.7 (Moderate, FRESH, 15.58% away)",True,Moderate,False,none,False,"67.19-83.0 (Moderate, FRESH, 58.34% away)",none,bull @ 116.46 on 2026-05-20,bull @ 74.8 on 2026-03-24,bull,"118.21-124.4 (2026-05-22, mitigated)","78.9-83.4 (2026-02-10, mitigated)",False,7,0,111.95-114.47 (2026-05-21),none,none,79.17,none,2,2,Premium,89.6,138.9,67.19,False,bullish (HH/HL),bearish (LH/LL),False
CEIGALL,347.8,"225.06-238.0 (Moderate, FRESH, 46.13% away)",True,Moderate,False,none,False,none,none,bull @ 281.9 on 2026-04-08,bull @ 281.9 on 2026-04-08,bull,"344.0-353.8 (2026-05-06, mitigated)",none,False,5,0,336.0-338.35 (2026-05-25),none,none,280.2,none,2,3,Premium,76.4,386.4,222.61,False,ranging,bullish (HH/HL),False
BIRLACABLE,213.78,"125.0-152.8 (Moderate, tested, 39.91% away)",False,Moderate,False,none,False,"104.0-136.78 (Moderate, FRESH, 56.29% away)",none,bull @ 190.43 on 2026-05-29,bull @ 152.59 on 2026-04-17,bull,"140.0-149.5 (2026-04-16, mitigated)","173.8-180.25 (2026-05-13, mitigated)",False,10,0,193.91-194.0 (2026-06-02),none,none,none,none,1,0,Premium,100.0,213.78,104.0,False,ranging,bearish (LH/LL),False
JAYBARMARU,126.14,"84.44-88.4 (Moderate, FRESH, 42.69% away)",True,Moderate,False,none,False,"85.05-98.37 (Moderate, FRESH, 28.23% away)",none,bull @ 124.1 on 2026-06-02,bull @ 97.3 on 2026-05-20,bull,"85.57-87.99 (2026-05-19, UNMITIGATED)","81.45-84.94 (2026-03-25, mitigated)",True,3,0,103.27-117.35 (2026-05-22),none,none,90.01,none,1,2,Premium,100.0,126.14,74.15,False,ranging,bearish (LH/LL),False
HARDWYN,25.44,"16.55-17.96 (Moderate, tested, 41.65% away)",False,Moderate,False,"26.5-27.79 (Moderate, tested, 4.17% above)",True,none,"19.95-27.79 (Moderate, tested, -21.58% away)",bull @ 17.8 on 2026-03-13,bull @ 17.8 on 2026-03-13,bull,"23.35-24.15 (2026-05-18, UNMITIGATED)","26.5-27.37 (2026-04-29, mitigated)",True,4,0,24.15-24.81 (2026-05-20),none,none,23.02,none,2,4,Premium,78.6,28.28,15.03,False,ranging,bullish (HH/HL),False
BUILDPRO,1146.3,"824.1-941.8 (Moderate, tested, 21.71% away)",False,Moderate,False,none,False,n/a (short),n/a (short),bull @ 1155.8 on 2026-05-18,none,bull,"1040.0-1080.0 (2026-05-25, UNMITIGATED)",none,True,2,0,1080.0-1125.0 (2026-05-27),none,none,889.5,none,1,1,Premium,83.9,1244.0,636.0,False,ranging,ranging,True
EXICOM,159.72,"109.11-119.39 (Moderate, FRESH, 33.78% away)",True,Moderate,False,none,False,"107.98-127.8 (Moderate, FRESH, 24.98% away)",none,bull @ 127.8 on 2026-05-21,bull @ 93.25 on 2026-04-08,bull,"113.55-119.39 (2026-05-20, UNMITIGATED)","121.22-127.8 (2026-05-11, mitigated)",True,8,0,147.21-154.6 (2026-06-01),none,none,108.21,none,1,3,Premium,86.4,173.0,75.6,False,ranging,bearish (LH/LL),False
WALCHANNAG,238.75,"187.4-198.9 (Moderate, FRESH, 20.04% away)",True,Moderate,False,none,False,"172.73-189.9 (Moderate, tested, 25.72% away)",none,bull @ 155.0 on 2026-04-07,bull @ 155.0 on 2026-04-07,bull,"228.86-244.7 (2026-05-22, mitigated)","245.53-276.6 (2026-05-26, UNMITIGATED)",False,4,2,195.25-208.31 (2026-04-23),244.4-250.35 (2026-06-02),none,none,none,0,0,Premium,74.0,276.6,131.15,False,bullish (HH/HL),bearish (LH/LL),False
JINDALSAW,241.12,"214.01-232.01 (Moderate, FRESH, 3.93% away)",True,Moderate,True,none,False,"177.72-206.44 (Moderate, FRESH, 16.8% away)",none,bull @ 211.0 on 2026-04-15,bull @ 191.0 on 2026-03-11,bull,"218.13-224.99 (2026-05-21, UNMITIGATED)","190.5-197.87 (2026-03-20, mitigated)",True,7,0,232.01-240.18 (2026-05-29),none,249.62,160.28,buy-side swept (bearish stop-hunt),1,1,Premium,89.3,251.7,153.0,False,bearish (LH/LL),bullish (HH/HL),False
HONASA,407.05,"352.85-402.8 (Moderate, tested, 1.06% away)",False,Moderate,True,none,False,"261.6-309.4 (Moderate, FRESH, 31.56% away)",none,bull @ 364.7 on 2026-05-22,bull @ 295.95 on 2026-03-27,bull,"379.05-402.8 (2026-05-22, mitigated)","286.8-298.2 (2026-03-11, mitigated)",False,5,1,363.8-381.85 (2026-05-25),415.45-419.95 (2026-06-01),none,261.2,none,2,1,Premium,89.9,424.9,248.4,False,bullish (HH/HL),bullish (HH/HL),True
MAYURUNIQ,745.25,"594.45-631.5 (Moderate, FRESH, 18.01% away)",True,Moderate,False,none,False,"514.5-592.85 (Moderate, FRESH, 25.71% away)",none,bull @ 648.0 on 2026-05-20,bull @ 523.5 on 2026-03-25,bull,"600.75-631.5 (2026-05-18, UNMITIGATED)","575.75-583.2 (2026-02-18, mitigated)",True,5,0,709.0-741.0 (2026-05-26),none,none,490.17,none,1,2,Premium,81.9,805.75,471.2,False,bullish (HH/HL),bullish (HH/HL),True
SUNFLAG,375.85,"285.51-385.35 (Moderate, tested, -2.47% away)",False,Moderate,True,none,False,"209.25-306.6 (Moderate, FRESH, 22.59% away)",none,bull @ 306.6 on 2026-05-04,bull @ 255.0 on 2026-04-15,bull,"290.82-296.2 (2026-04-29, UNMITIGATED)","385.15-407.0 (2026-05-26, mitigated)",True,9,1,356.85-362.55 (2026-05-22),391.0-391.85 (2026-06-01),none,242.95,none,1,2,Premium,77.9,428.0,192.15,False,ranging,ranging,True
DBOL,112.72,"95.0-111.45 (Moderate, tested, 1.14% away)",False,Moderate,True,none,False,"74.4-82.49 (Moderate, FRESH, 36.65% away)",none,bear @ 116.3 on 2026-05-11,bear @ 116.3 on 2026-05-11,bear,"118.0-125.0 (2026-04-28, mitigated)","76.29-81.5 (2026-01-13, mitigated)",False,2,2,101.1-106.05 (2026-03-30),116.0-119.01 (2026-05-11),none,74.33,none,2,1,Premium,69.1,130.73,72.52,False,ranging,bullish (HH/HL),False
WOCKPHARMA,1966.2,"1382.0-1603.9 (Moderate, tested, 22.59% away)",False,Moderate,False,none,False,"1382.0-1778.0 (Moderate, FRESH, 10.58% away)",none,bull @ 1655.9 on 2026-05-26,bull @ 1406.4 on 2026-04-21,bull,"1569.0-1614.7 (2026-05-22, UNMITIGATED)","1192.0-1225.9 (2026-03-18, mitigated)",True,10,0,1789.0-1872.1 (2026-05-29),none,none,1359.37,none,4,2,Premium,65.9,2422.3,1086.7,False,bullish (HH/HL),bearish (LH/LL),False
MANAKALUCO,35.42,"30.5-33.33 (Moderate, tested, 6.27% away)",False,Moderate,True,"28.5-40.26 (Moderate, tested, -19.54% above)",False,"22.63-40.26 (Moderate, tested, -12.02% away)",none,bear @ 34.41 on 2026-05-12,bear @ 34.41 on 2026-05-12,bear,"31.55-33.33 (2026-04-24, mitigated)","35.2-36.44 (2026-05-05, mitigated)",False,6,0,28.9-29.11 (2026-04-17),none,none,22.59,none,1,1,Discount,29.5,68.12,21.73,True,bearish (LH/LL),bearish (LH/LL),True
BHEL,410.75,"342.04-358.1 (Moderate, FRESH, 14.7% away)",True,Moderate,False,none,False,"239.17-358.1 (Moderate, FRESH, 14.7% away)",none,bull @ 417.9 on 2026-05-25,bull @ 266.8 on 2026-04-09,bull,"371.3-388.4 (2026-05-05, mitigated)","416.5-424.7 (2026-05-27, UNMITIGATED)",False,10,2,352.41-371.3 (2026-05-05),413.0-413.05 (2026-06-02),none,276.02,none,2,2,Premium,92.4,424.9,239.17,False,bullish (HH/HL),bearish (LH/LL),False
ZIMLAB,103.91,"65.52-71.0 (Moderate, tested, 46.35% away)",False,Moderate,False,none,False,"65.26-89.89 (Moderate, FRESH, 15.6% away)","107.0-127.0 (Moderate, tested, 2.97% away)",bull @ 89.89 on 2026-05-04,bull @ 74.0 on 2026-04-15,bull,"84.63-87.5 (2026-04-29, UNMITIGATED)","64.1-74.0 (2026-03-17, mitigated)",True,3,0,89.1-90.11 (2026-05-05),none,none,68.87,none,2,2,Premium,80.1,115.0,59.31,False,bullish (HH/HL),bearish (LH/LL),False
EMMVEE,310.75,"253.05-267.0 (Moderate, FRESH, 16.39% away)",True,Moderate,False,"292.15-329.95 (Moderate, tested, -5.99% above)",False,n/a (short),n/a (short),bull @ 284.9 on 2026-05-25,bull @ 284.9 on 2026-05-25,bull,"253.05-265.5 (2026-05-21, UNMITIGATED)","313.5-329.95 (2026-05-29, mitigated)",True,6,0,290.7-296.0 (2026-05-27),none,none,none,none,1,0,Premium,86.5,332.55,171.51,False,bearish (LH/LL),ranging,False
ASTRAMICRO,1323.8,"1070.1-1254.0 (Moderate, FRESH, 5.57% away)",True,Moderate,True,"1216.6-1433.0 (Moderate, tested, -8.1% above)",False,"1070.1-1199.0 (Moderate, FRESH, 10.41% away)",none,bull @ 1179.0 on 2026-05-21,bull @ 1040.0 on 2026-04-16,bull,"1165.0-1199.0 (2026-05-22, UNMITIGATED)","1380.0-1433.0 (2026-05-29, UNMITIGATED)",True,7,1,1254.0-1360.7 (2026-05-27),1367.5-1380.0 (2026-06-02),none,1081.2,none,0,3,Premium,81.2,1433.0,851.0,False,ranging,ranging,True
BANDHANBNK,206.33,"168.8-183.09 (Moderate, FRESH, 12.69% away)",True,Moderate,False,none,False,"140.7-178.33 (Moderate, FRESH, 15.7% away)",none,bull @ 178.33 on 2026-04-27,bull @ 178.33 on 2026-04-27,bull,"177.7-183.09 (2026-04-28, UNMITIGATED)","159.8-164.71 (2026-03-18, mitigated)",True,9,0,199.58-200.51 (2026-05-27),none,none,145.41,none,1,2,Premium,91.9,212.66,134.25,False,bullish (HH/HL),bullish (HH/HL),True
MWL,380.5,"279.5-331.9 (Moderate, tested, 14.64% away)",False,Moderate,False,none,False,"248.3-286.0 (Moderate, FRESH, 33.04% away)",none,bull @ 365.0 on 2026-05-18,bull @ 268.0 on 2026-04-13,bull,"316.0-331.9 (2026-04-29, mitigated)","278.15-295.95 (2026-01-19, mitigated)",False,2,0,310.2-316.0 (2026-04-29),none,none,261.16,none,1,1,Premium,90.2,395.5,242.85,False,bullish (HH/HL),ranging,False
RRKABEL,2023.8,"1504.6-1648.0 (Moderate, FRESH, 22.8% away)",True,Moderate,False,none,False,"1300.1-1648.0 (Moderate, FRESH, 22.8% away)",none,bull @ 2049.0 on 2026-05-29,bull @ 1446.9 on 2026-04-16,bull,"1929.9-2036.0 (2026-05-27, mitigated)","1388.5-1446.9 (2026-03-18, mitigated)",False,7,0,1951.0-2015.0 (2026-06-01),none,none,1430.45,none,3,4,Premium,87.5,2130.0,1281.3,False,bullish (HH/HL),ranging,False
HIRECT,1109.5,"949.45-1033.45 (Moderate, FRESH, 7.36% away)",True,Moderate,True,none,False,"643.7-815.0 (Moderate, tested, 36.13% away)",none,bull @ 968.8 on 2026-05-19,bull @ 968.8 on 2026-05-19,bull,"949.45-999.9 (2026-05-22, UNMITIGATED)","766.25-815.0 (2026-03-25, mitigated)",True,5,0,1033.45-1152.35 (2026-05-28),none,none,695.18,none,2,1,Premium,84.1,1212.1,565.2,False,bearish (LH/LL),ranging,False
DATAPATTNS,4025.2,"3430.0-3699.0 (Moderate, tested, 8.82% away)",False,Moderate,False,none,False,"2167.0-2774.0 (Moderate, tested, 45.1% away)",none,bear @ 3892.3 on 2026-05-15,bear @ 3892.3 on 2026-05-15,bear,"3444.0-3607.0 (2026-04-20, mitigated)","4110.0-4212.0 (2026-05-27, UNMITIGATED)",False,5,1,3360.0-3430.0 (2026-04-16),4088.0-4139.2 (2026-06-01),4299.0,2550.6,none,2,1,Premium,87.2,4303.0,2131.0,False,ranging,bullish (HH/HL),False
538668,774.1,"603.85-631.85 (Moderate, FRESH, 22.51% away)",True,Moderate,False,none,False,none,none,bull @ 780.0 on 2026-05-26,bull @ 576.9 on 2026-03-20,bull,"603.85-631.85 (2026-04-20, UNMITIGATED)",none,True,8,0,769.0-774.0 (2026-05-26),none,none,546.55,none,4,3,Premium,89.9,804.9,500.0,False,bullish (HH/HL),ranging,False
NLCINDIA,349.1,"261.1-279.3 (Moderate, FRESH, 24.99% away)",True,Moderate,False,none,False,"250.4-285.85 (Moderate, FRESH, 22.13% away)",none,bear @ 339.55 on 2026-06-01,bear @ 339.55 on 2026-06-01,bear,"306.4-334.5 (2026-05-12, mitigated)","323.3-336.5 (2026-05-11, mitigated)",False,4,0,327.0-350.6 (2026-05-15),none,none,250.7,none,3,3,Premium,75.5,387.8,230.0,False,bullish (HH/HL),bearish (LH/LL),False
IFCI,71.64,"48.8-53.28 (Moderate, tested, 34.46% away)",False,Moderate,False,none,False,"46.23-55.1 (Moderate, tested, 30.02% away)",none,bull @ 66.25 on 2026-05-27,bull @ 66.25 on 2026-05-27,bull,"60.6-61.38 (2026-05-22, UNMITIGATED)","59.1-63.48 (2026-01-19, mitigated)",True,7,0,64.84-68.38 (2026-05-28),none,none,60.7,none,2,3,Premium,97.8,72.2,46.23,False,bullish (HH/HL),bullish (HH/HL),True
QPOWER,1040.5,"713.0-764.0 (Moderate, tested, 36.19% away)",False,Moderate,False,"1315.5-1401.0 (Moderate, FRESH, 26.43% above)",False,"762.85-1003.05 (Moderate, tested, 3.73% away)","899.1-1049.9 (Moderate, tested, -13.59% away)",bear @ 1158.0 on 2026-05-14,bear @ 1158.0 on 2026-05-14,bear,"1251.0-1296.95 (2026-04-21, mitigated)","1347.0-1427.0 (2026-04-29, UNMITIGATED)",False,2,3,916.0-955.0 (2026-04-10),1166.9-1175.0 (2026-05-15),none,780.62,none,2,1,Equilibrium,53.4,1441.0,581.0,False,bearish (LH/LL),bullish (HH/HL),False
542669,54.63,"41.21-45.69 (Moderate, FRESH, 19.57% away)",True,Moderate,False,none,False,"30.63-44.48 (Moderate, FRESH, 22.82% away)",none,bull @ 44.48 on 2026-05-04,bull @ 33.97 on 2026-04-08,bull,"43.1-45.48 (2026-05-05, UNMITIGATED)","53.75-56.0 (2026-05-11, mitigated)",True,7,0,45.48-52.19 (2026-05-07),none,none,38.08,none,1,4,Premium,92.6,56.9,26.06,False,ranging,bearish (LH/LL),False
JAYNECOIND,99.52,"76.56-87.72 (Moderate, tested, 13.45% away)",False,Moderate,False,none,False,"68.4-83.8 (Moderate, FRESH, 18.76% away)",none,bear @ 102.8 on 2026-05-19,bear @ 102.8 on 2026-05-19,bear,"101.0-108.75 (2026-04-27, mitigated)","112.5-116.1 (2026-05-07, UNMITIGATED)",False,4,4,93.5-95.4 (2026-04-17),100.07-101.5 (2026-06-02),none,69.91,none,0,2,Premium,66.8,117.0,64.4,False,ranging,ranging,True
KOPRAN,195.92,"162.0-182.73 (Moderate, FRESH, 7.22% away)",True,Moderate,True,none,False,"147.65-182.73 (Moderate, FRESH, 7.22% away)",none,bull @ 182.73 on 2026-05-25,bull @ 170.98 on 2026-05-19,bull,"162.0-168.81 (2026-05-22, UNMITIGATED)","162.18-168.7 (2026-05-06, mitigated)",True,6,0,168.81-189.2 (2026-05-26),none,none,147.32,none,2,2,Premium,79.4,219.0,107.0,False,ranging,bearish (LH/LL),False
AYMSYNTEX,223.99,"186.5-236.3 (Moderate, tested, -5.21% away)",False,Moderate,False,none,False,none,none,bear @ 225.1 on 2026-05-20,bear @ 225.1 on 2026-05-20,bear,"185.8-193.54 (2026-04-16, UNMITIGATED)","226.39-240.3 (2026-05-19, mitigated)",True,2,0,193.5-205.38 (2026-04-21),none,none,168.96,none,3,3,Premium,76.2,249.69,141.53,False,bearish (LH/LL),bullish (HH/HL),False
VINDHYATEL,2117.9,"1369.0-1520.0 (Moderate, tested, 39.34% away)",False,Moderate,False,none,False,"1267.0-1885.2 (Moderate, FRESH, 12.34% away)",none,bull @ 1885.2 on 2026-05-26,bull @ 1246.0 on 2026-04-15,bull,"1573.1-1659.8 (2026-05-22, UNMITIGATED)","1660.4-1885.2 (2026-05-11, mitigated)",True,8,0,1795.0-2025.0 (2026-05-27),none,none,1490.3,none,3,2,Premium,87.3,2285.9,963.9,False,bullish (HH/HL),bearish (LH/LL),False
SGFIN,567.9,"444.55-476.05 (Moderate, FRESH, 19.29% away)",True,Moderate,False,none,False,"361.25-415.7 (Moderate, tested, 36.61% away)",none,bear @ 552.0 on 2026-05-18,bear @ 552.0 on 2026-05-18,bear,"495.65-515.85 (2026-04-20, UNMITIGATED)","418.55-459.0 (2026-03-27, mitigated)",True,4,1,515.85-531.1 (2026-04-22),597.9-601.35 (2026-05-11),598.1,382.5,none,3,3,Premium,74.9,650.0,323.0,False,ranging,bullish (HH/HL),False
NEPHROPLUS,660.45,"536.0-611.6 (Moderate, tested, 7.99% away)",False,Moderate,True,none,False,n/a (short),n/a (short),bull @ 595.0 on 2026-05-15,bull @ 541.95 on 2026-04-08,bull,"596.0-615.55 (2026-05-29, UNMITIGATED)","504.25-517.85 (2026-01-19, mitigated)",True,2,0,615.55-624.25 (2026-06-02),none,none,none,none,1,0,Premium,98.4,664.0,446.0,False,bullish (HH/HL),ranging,False
ADANIGREEN,1449.4,"802.0-863.95 (Moderate, FRESH, 67.76% away)",True,Moderate,False,none,False,"801.4-904.0 (Moderate, FRESH, 60.33% away)",none,bull @ 1471.0 on 2026-05-27,bull @ 904.0 on 2026-04-06,bull,"1203.55-1237.55 (2026-04-30, UNMITIGATED)","1324.4-1398.0 (2026-05-11, mitigated)",True,9,2,1381.8-1403.2 (2026-05-26),1457.8-1465.1 (2026-06-02),none,1001.3,none,0,1,Premium,89.2,1532.5,765.0,False,bullish (HH/HL),ranging,False
KSR,33.91,none,,none,False,none,False,n/a (short),n/a (short),bear @ 35.25 on 2026-05-26,bear @ 35.25 on 2026-05-26,bear,"35.15-36.18 (2026-05-07, mitigated)","37.0-38.0 (2026-04-15, mitigated)",False,1,2,33.4-33.55 (2026-06-02),33.4-34.56 (2026-05-29),39.1,none,none,1,0,Premium,79.3,39.1,14.04,False,bullish (HH/HL),bullish (HH/HL),True
ATHERENERG,960.6,none,,none,False,none,False,"534.5-679.0 (Moderate, tested, 41.47% away)",none,bull @ 805.0 on 2026-04-09,bull @ 749.5 on 2026-03-18,bull,"890.05-954.45 (2026-05-06, mitigated)","906.8-982.35 (2026-05-05, mitigated)",False,4,0,925.0-950.0 (2026-05-27),none,none,741.25,none,0,1,Premium,89.6,1003.9,589.0,False,ranging,ranging,True
KRN,1104.6,"880.0-986.2 (Moderate, FRESH, 12.01% away)",True,Moderate,False,none,False,"823.3-986.2 (Moderate, FRESH, 12.01% away)",none,bear @ 1192.3 on 2026-05-13,bear @ 1192.3 on 2026-05-13,bear,"1192.3-1246.8 (2026-05-05, mitigated)","1271.0-1314.0 (2026-04-30, mitigated)",False,7,1,986.2-1076.0 (2026-04-15),1249.0-1252.2 (2026-05-13),none,780.0,none,2,1,Premium,63.2,1405.0,589.8,False,bearish (LH/LL),ranging,False
BSE,3931.9,"3840.3-4084.0 (Moderate, tested, -3.72% away)",False,Moderate,False,none,False,"2643.3-3009.0 (Moderate, FRESH, 30.67% away)",none,bull @ 4298.9 on 2026-05-26,bull @ 3009.0 on 2026-04-08,bull,"3971.1-4084.0 (2026-05-15, mitigated)","4295.1-4425.0 (2026-05-26, UNMITIGATED)",False,12,3,3790.0-3864.9 (2026-05-07),4045.0-4127.9 (2026-06-02),none,2682.3,none,4,3,Premium,73.1,4446.8,2530.0,False,bullish (HH/HL),ranging,False
PAISALO,52.69,"37.36-40.0 (Moderate, FRESH, 31.72% away)",True,Moderate,False,none,False,"29.86-31.67 (Moderate, tested, 66.37% away)",none,bull @ 50.53 on 2026-05-29,bull @ 50.53 on 2026-05-29,bull,"44.21-45.93 (2026-05-13, UNMITIGATED)","48.35-49.98 (2026-05-07, mitigated)",True,5,0,49.36-51.79 (2026-06-01),none,none,35.13,none,1,2,Premium,87.6,55.89,30.0,False,ranging,bearish (LH/LL),False
539519,0.76,"0.69-0.72 (Moderate, FRESH, 5.56% away)",True,Moderate,True,"0.71-0.84 (Moderate, tested, -6.58% above)",False,"0.55-0.77 (Moderate, tested, -1.3% away)",none,bull @ 0.72 on 2026-05-07,bull @ 0.72 on 2026-05-07,bull,"0.69-0.71 (2026-05-06, UNMITIGATED)","0.73-0.84 (2026-02-26, mitigated)",True,1,0,0.71-0.75 (2026-05-08),none,0.77,0.73,buy-side swept (bearish stop-hunt),3,2,Premium,71.1,0.87,0.49,False,ranging,ranging,True
VTL,613.85,none,,none,False,none,False,none,none,bear @ 587.05 on 2026-05-29,bear @ 587.05 on 2026-05-29,bear,"562.3-600.0 (2026-05-08, mitigated)","619.9-638.0 (2026-05-05, mitigated)",False,1,0,488.8-501.65 (2026-02-16),none,none,509.77,none,1,2,Premium,87.1,647.0,391.0,False,ranging,bullish (HH/HL),False
SOLARINDS,18386.0,"15533.0-16325.0 (Moderate, tested, 12.62% away)",False,Moderate,False,none,False,"12851.0-14130.0 (Moderate, tested, 30.12% away)",none,bull @ 15995.0 on 2026-05-08,bull @ 15186.0 on 2026-04-22,bull,"15533.0-16280.0 (2026-05-12, UNMITIGATED)","15905.0-16325.0 (2026-05-11, mitigated)",True,7,1,17469.0-17918.0 (2026-05-19),18459.0-18653.0 (2026-06-01),none,13089.5,none,1,2,Premium,93.2,18874.0,11646.0,False,ranging,ranging,True
AFIL,10.04,"4.91-6.2 (Moderate, FRESH, 61.94% away)",True,Moderate,False,none,False,"6.87-8.25 (Moderate, tested, 21.7% away)",none,bull @ 9.45 on 2026-05-25,bull @ 9.45 on 2026-05-25,bull,"9.3-9.71 (2026-05-26, UNMITIGATED)","6.87-7.59 (2026-03-06, mitigated)",True,7,0,9.85-10.0 (2026-06-01),none,none,8.7,none,1,3,Premium,95.9,10.3,3.92,False,ranging,ranging,True
THANGAMAYL,4590.7,"3175.5-3577.9 (Moderate, tested, 28.31% away)",False,Moderate,False,none,False,"1939.5-2249.0 (Moderate, FRESH, 104.12% away)",none,bull @ 4299.5 on 2026-06-02,bull @ 4299.5 on 2026-06-02,bull,"3790.0-3888.2 (2026-05-26, UNMITIGATED)","4086.9-4299.5 (2026-05-08, mitigated)",True,3,0,4220.0-4267.2 (2026-06-02),none,none,3440.4,none,1,3,Premium,97.6,4626.9,3090.4,False,bearish (LH/LL),ranging,False
ADVAIT,1972.4,none,,none,False,none,False,n/a (short),n/a (short),bear @ 1890.0 on 2026-05-18,bear @ 1941.6 on 2026-05-12,bear,"1812.0-1909.5 (2026-05-18, UNMITIGATED)","2002.0-2121.0 (2026-05-08, mitigated)",True,0,1,none,1993.7-2006.0 (2026-06-02),none,none,none,0,0,Premium,73.2,2200.0,1351.0,False,bullish (HH/HL),ranging,False
STEELXIND,12.14,"9.79-10.13 (Moderate, tested, 19.84% away)",False,Moderate,False,none,False,"8.01-11.04 (Moderate, FRESH, 9.96% away)",none,bull @ 10.79 on 2026-05-26,bull @ 8.87 on 2026-04-08,bull,"9.91-10.75 (2026-05-25, UNMITIGATED)","10.21-10.9 (2026-04-23, mitigated)",True,4,0,11.96-12.72 (2026-06-01),none,none,8.49,none,1,4,Premium,80.4,13.39,7.0,False,bullish (HH/HL),bearish (LH/LL),False
AVANTIFEED,1158.6,"1001.1-1209.0 (Moderate, tested, -4.17% away)",False,Moderate,False,none,False,"737.9-1139.9 (Moderate, tested, 1.64% away)",none,bear @ 1224.1 on 2026-05-29,bear @ 1270.7 on 2026-05-18,bear,"1270.7-1351.4 (2026-05-05, mitigated)","1321.8-1373.0 (2026-05-25, UNMITIGATED)",False,1,4,1063.55-1083.0 (2026-02-10),1176.3-1180.0 (2026-06-02),1270.7,778.78,buy-side swept (bearish stop-hunt),4,1,Equilibrium,49.2,1593.8,737.9,False,bearish (LH/LL),bullish (HH/HL),False
542046,7.07,"4.7-5.14 (Moderate, FRESH, 37.55% away)",True,Moderate,False,"7.65-8.89 (Moderate, tested, 8.2% above)",False,"6.0-8.9 (Moderate, tested, -20.56% away)",none,bear @ 7.25 on 2026-04-16,bear @ 7.25 on 2026-04-16,bear,"6.25-6.69 (2026-01-27, mitigated)","7.65-8.29 (2026-03-12, mitigated)",False,0,0,none,none,7.39,6.1,buy-side swept (bearish stop-hunt),3,2,Premium,56.4,8.9,4.7,False,bearish (LH/LL),ranging,False
ABSLAMC,1027.2,"845.0-926.5 (Moderate, tested, 10.87% away)",False,Moderate,False,none,False,"710.3-801.15 (Moderate, tested, 28.22% away)",none,bear @ 996.7 on 2026-05-18,bear @ 996.7 on 2026-05-18,bear,"979.1-1017.6 (2026-05-18, mitigated)","1025.1-1089.5 (2026-05-29, mitigated)",False,3,0,947.55-962.15 (2026-04-09),none,none,996.9,none,1,3,Premium,76.7,1123.5,710.3,False,bullish (HH/HL),bullish (HH/HL),True
AGIIL,381.6,"256.45-278.5 (Moderate, tested, 37.02% away)",False,Moderate,False,"363.35-422.0 (Moderate, tested, -4.78% above)",False,"270.9-322.4 (Moderate, FRESH, 18.36% away)",none,bear @ 363.35 on 2026-05-29,bear @ 363.35 on 2026-05-29,bear,"363.75-382.0 (2026-05-12, mitigated)","385.3-422.0 (2026-05-15, mitigated)",False,4,0,320.85-321.35 (2026-04-09),none,387.18,362.82,sell-side swept (bullish stop-hunt),3,4,Premium,74.1,434.4,230.65,False,ranging,bullish (HH/HL),False
LLOYDSENGG,72.13,none,,none,False,none,False,"41.13-57.45 (Moderate, tested, 25.55% away)",none,bull @ 74.0 on 2026-05-25,bull @ 43.0 on 2026-04-06,bull,"67.51-69.72 (2026-05-21, UNMITIGATED)","76.6-79.4 (2026-05-27, UNMITIGATED)",True,9,2,69.72-70.0 (2026-05-25),72.85-73.15 (2026-06-02),none,none,none,0,0,Premium,82.7,79.4,37.4,False,ranging,bearish (LH/LL),False
MCX,2878.7,"1596.0-1666.0 (Moderate, FRESH, 72.79% away)",True,Moderate,False,"3150.8-3347.0 (Moderate, FRESH, 9.45% above)",False,"1990.0-2338.0 (Moderate, tested, 23.13% away)",none,bull @ 2903.0 on 2026-04-29,bull @ 2702.7 on 2026-04-13,bull,"3131.0-3265.0 (2026-05-13, mitigated)","3240.0-3345.0 (2026-05-25, UNMITIGATED)",False,4,4,2813.3-2833.1 (2026-04-28),2905.7-2906.2 (2026-06-02),none,2172.67,none,3,1,Premium,60.7,3480.0,1950.0,False,bullish (HH/HL),bullish (HH/HL),True
EBGNG,441.4,"348.2-389.0 (Moderate, tested, 13.47% away)",False,Moderate,False,"412.95-463.65 (Moderate, tested, -6.45% above)",False,"239.0-317.9 (Moderate, FRESH, 38.85% away)",none,bull @ 440.0 on 2026-05-04,bull @ 409.7 on 2026-04-13,bull,"408.0-421.45 (2026-04-29, mitigated)","424.8-463.65 (2026-05-04, mitigated)",False,3,0,397.55-408.0 (2026-04-29),none,none,411.62,none,0,2,Premium,82.3,484.8,239.0,False,ranging,ranging,True
NDLVENTURE,133.54,"96.04-107.75 (Moderate, tested, 23.94% away)",False,Moderate,False,none,False,"62.21-75.98 (Moderate, FRESH, 75.76% away)",none,bull @ 128.35 on 2026-05-20,bull @ 94.93 on 2026-01-06,bull,"119.0-122.66 (2026-05-19, mitigated)","122.0-126.0 (2026-05-08, mitigated)",False,3,0,103.0-106.16 (2026-02-18),none,none,117.27,none,4,3,Premium,88.4,140.0,84.2,False,ranging,bullish (HH/HL),False
ABB,7146.0,"6566.0-6826.0 (Moderate, FRESH, 4.69% away)",True,Moderate,True,none,False,"5853.0-6554.0 (Moderate, tested, 9.03% away)",none,bear @ 7102.0 on 2026-05-08,bear @ 7102.0 on 2026-05-08,bear,"6566.0-6718.0 (2026-05-21, UNMITIGATED)","6808.0-7244.0 (2026-05-27, mitigated)",True,2,1,6822.0-7219.0 (2026-05-28),7475.0-7533.5 (2026-04-27),none,5087.75,none,3,1,Premium,78.8,7822.5,4637.5,False,bearish (LH/LL),ranging,False
SHREEJISPG,465.65,"316.7-336.25 (Moderate, tested, 38.48% away)",False,Moderate,False,none,False,"303.5-394.0 (Moderate, tested, 18.19% away)",none,bull @ 450.0 on 2026-05-22,bull @ 363.0 on 2026-04-15,bull,"354.2-369.35 (2026-04-16, mitigated)","458.8-469.3 (2026-05-27, mitigated)",False,4,0,445.9-451.65 (2026-05-25),none,none,315.98,none,1,1,Premium,90.4,482.9,303.5,False,bullish (HH/HL),ranging,False
INDOBORAX,345.9,"268.7-284.45 (Moderate, FRESH, 21.6% away)",True,Moderate,False,none,False,"240.31-294.0 (Moderate, FRESH, 17.65% away)",none,bull @ 345.5 on 2026-06-02,bull @ 265.0 on 2026-04-29,bull,"271.6-277.95 (2026-05-20, UNMITIGATED)","254.01-255.15 (2026-04-22, mitigated)",True,3,0,331.05-337.55 (2026-06-01),none,none,240.8,none,3,1,Premium,91.0,356.9,234.0,False,bullish (HH/HL),bullish (HH/HL),True
GAUDIUMIVF,112.39,none,,none,False,none,False,n/a (short),n/a (short),bear @ 109.91 on 2026-05-14,bear @ 109.91 on 2026-05-14,bear,"115.69-117.0 (2026-04-29, mitigated)",none,False,3,2,107.56-114.5 (2026-05-21),114.68-116.79 (2026-06-01),none,none,none,0,0,Premium,67.7,133.0,69.18,False,bearish (LH/LL),ranging,False
GESHIP,1517.2,"1462.1-1642.7 (Moderate, tested, -7.64% away)",False,Moderate,False,"1409.3-1502.2 (Moderate, tested, -7.11% above)",False,"845.0-940.0 (Moderate, tested, 61.4% away)","1405.0-1798.0 (Moderate, tested, -7.4% away)",bear @ 1462.1 on 2026-05-29,bear @ 1462.1 on 2026-05-29,bear,"1503.7-1642.7 (2026-05-15, mitigated)","1638.8-1695.0 (2026-05-26, UNMITIGATED)",False,2,1,1371.9-1375.1 (2026-04-16),1511.3-1638.8 (2026-05-28),none,1344.85,none,4,3,Premium,62.1,1798.0,1057.1,False,bullish (HH/HL),bullish (HH/HL),True
HINDALCO,1146.3,"1037.1-1105.0 (Moderate, tested, 3.74% away)",False,Moderate,True,"1081.2-1154.0 (Moderate, tested, -5.68% above)",False,"731.95-790.6 (Moderate, tested, 44.99% away)",none,bull @ 1105.0 on 2026-05-22,bull @ 1073.7 on 2026-05-14,bull,"1037.1-1053.4 (2026-05-19, UNMITIGATED)","1118.3-1154.0 (2026-05-27, mitigated)",True,8,0,1118.0-1149.7 (2026-05-28),none,none,923.85,none,2,4,Premium,92.0,1176.0,803.1,False,bullish (HH/HL),ranging,False
KRISHANA,686.45,"465.0-503.7 (Moderate, FRESH, 36.28% away)",True,Moderate,False,"628.3-704.0 (Moderate, tested, -8.47% above)",False,"460.05-509.0 (Moderate, FRESH, 34.86% away)",none,bull @ 657.8 on 2026-04-27,bull @ 509.0 on 2026-04-02,bull,"630.0-655.0 (2026-04-24, mitigated)","676.05-704.0 (2026-05-21, mitigated)",False,5,0,637.0-664.5 (2026-05-07),none,none,497.57,none,2,5,Premium,87.8,718.5,456.05,False,bullish (HH/HL),bearish (LH/LL),False
BODALCHEM,72.37,"67.4-73.0 (Moderate, tested, -0.86% away)",False,Moderate,True,none,False,"42.81-59.9 (Moderate, FRESH, 20.82% away)",none,bull @ 76.4 on 2026-05-21,bull @ 45.57 on 2026-03-18,bull,"68.51-70.18 (2026-05-19, mitigated)","68.5-73.5 (2026-05-07, mitigated)",False,7,0,70.0-73.25 (2026-05-22),none,none,50.55,none,0,2,Premium,75.6,81.9,42.81,False,bullish (HH/HL),bearish (LH/LL),False
TMB,739.75,"637.5-676.05 (Moderate, tested, 9.42% away)",False,Moderate,False,"725.05-767.95 (Moderate, tested, -1.99% above)",False,"420.0-462.25 (Moderate, FRESH, 60.03% away)",none,bull @ 710.0 on 2026-06-01,bull @ 638.7 on 2026-04-08,bull,"676.1-693.85 (2026-05-27, UNMITIGATED)","736.1-760.0 (2026-05-06, mitigated)",True,4,0,700.0-710.05 (2026-06-02),none,none,492.38,none,3,1,Premium,89.1,770.0,491.5,False,ranging,bullish (HH/HL),False
543542,1240.2,"1057.5-1159.85 (Moderate, tested, 6.93% away)",False,Moderate,True,"1235.15-1256.4 (Moderate, tested, -0.41% above)",False,"897.0-1150.0 (Moderate, tested, 7.84% away)",none,bear @ 1202.3 on 2026-05-29,bear @ 1202.3 on 2026-05-29,bear,"1051.0-1139.0 (2026-03-19, mitigated)","1240.0-1255.9 (2026-05-27, mitigated)",False,0,0,none,none,1261.25,1151.5,none,2,1,Premium,87.9,1287.4,897.0,False,ranging,ranging,True
GRANULES,777.55,"602.2-639.0 (Moderate, tested, 21.68% away)",False,Moderate,False,none,False,none,none,bull @ 773.2 on 2026-05-27,bull @ 595.0 on 2026-03-24,bull,"731.2-748.8 (2026-05-15, UNMITIGATED)","742.3-760.25 (2026-05-11, mitigated)",True,4,0,736.8-754.5 (2026-05-20),none,none,555.6,none,2,2,Premium,90.2,804.3,531.8,False,bullish (HH/HL),bullish (HH/HL),True
535916,69.91,"54.0-61.0 (Moderate, FRESH, 14.61% away)",True,Moderate,False,none,False,"53.15-66.98 (Moderate, tested, 4.37% away)",none,bull @ 64.99 on 2026-05-05,bull @ 62.85 on 2026-04-09,bull,"58.99-60.0 (2026-04-29, UNMITIGATED)","58.5-61.35 (2026-03-20, mitigated)",True,1,0,58.96-62.6 (2026-05-05),none,none,52.0,none,2,1,Premium,73.8,79.3,43.5,False,bullish (HH/HL),bullish (HH/HL),True
DREDGECORP,1223.3,"834.2-912.0 (Moderate, FRESH, 34.13% away)",True,Moderate,False,none,False,"862.9-1078.5 (Moderate, tested, 13.43% away)",none,bull @ 1172.0 on 2026-05-27,bull @ 982.95 on 2026-05-19,bull,"834.2-872.1 (2026-05-18, UNMITIGATED)","953.5-982.95 (2026-05-07, mitigated)",True,3,0,1102.45-1108.8 (2026-05-27),none,none,932.8,none,1,3,Premium,95.5,1245.0,758.6,False,bearish (LH/LL),bullish (HH/HL),False
STYLAMIND,2957.9,"2231.7-2345.6 (Moderate, FRESH, 26.1% away)",True,Moderate,False,none,False,"2156.0-2268.0 (Moderate, FRESH, 30.42% away)",none,bull @ 2929.0 on 2026-06-01,bull @ 2245.0 on 2026-04-15,bull,"2455.0-2585.6 (2026-05-12, UNMITIGATED)","2470.2-2595.7 (2026-05-11, mitigated)",True,4,0,2561.3-2601.6 (2026-05-18),none,none,2227.13,none,2,4,Premium,96.1,2994.5,2064.0,False,bullish (HH/HL),bullish (HH/HL),True
NAHARSPING,275.0,none,,none,False,none,False,"149.2-190.8 (Moderate, tested, 44.13% away)","236.55-295.0 (Moderate, tested, -13.98% away)",bull @ 268.0 on 2026-06-01,bull @ 197.59 on 2026-02-13,bull,"195.42-207.0 (2026-03-30, UNMITIGATED)","244.02-259.62 (2026-04-20, mitigated)",True,8,2,265.0-268.2 (2026-06-02),266.1-275.41 (2026-05-12),none,195.76,none,4,3,Premium,88.2,291.79,149.2,False,bullish (HH/HL),ranging,False
TIRUPATIFL,45.05,"41.25-46.0 (Moderate, tested, -2.07% away)",False,Moderate,True,none,False,none,none,bull @ 45.32 on 2026-05-27,bull @ 45.32 on 2026-05-27,bull,"41.25-43.72 (2026-03-16, mitigated)","38.0-41.4 (2026-05-14, mitigated)",False,3,0,41.9-43.99 (2026-05-27),none,none,39.02,none,1,2,Premium,68.3,52.0,30.11,False,ranging,ranging,True
AMBIKCO,1697.6,"1117.2-1259.1 (Moderate, tested, 34.83% away)",False,Moderate,False,none,False,"1337.5-1599.0 (Moderate, tested, 6.17% away)",none,bull @ 1489.9 on 2026-04-28,bull @ 1447.6 on 2026-04-22,bull,"1488.0-1525.9 (2026-04-29, mitigated)","1358.4-1383.8 (2026-03-12, mitigated)",False,6,0,1627.5-1655.0 (2026-05-27),none,none,1511.5,none,0,3,Premium,91.9,1750.0,1101.0,False,bullish (HH/HL),ranging,False
YASHO,2168.0,"1595.1-1935.0 (Moderate, tested, 12.04% away)",False,Moderate,False,none,False,"1431.4-1759.0 (Moderate, FRESH, 23.25% away)",none,bull @ 1759.0 on 2026-05-19,bull @ 1571.0 on 2026-05-11,bull,"1802.5-1935.0 (2026-05-19, mitigated)","1520.0-1750.0 (2026-05-11, mitigated)",False,4,0,1720.5-1768.0 (2026-05-20),none,none,1552.55,none,1,2,Premium,89.1,2295.0,1130.0,False,bullish (HH/HL),ranging,False
MAHABANK,78.91,"56.89-58.1 (Moderate, FRESH, 35.82% away)",True,Moderate,False,none,False,"55.51-59.68 (Moderate, FRESH, 32.22% away)",none,bull @ 81.05 on 2026-05-05,bull @ 66.89 on 2026-04-08,bull,"67.5-69.85 (2026-02-19, mitigated)","66.07-67.41 (2026-01-16, mitigated)",False,5,4,72.99-76.98 (2026-04-21),79.33-80.08 (2026-06-01),82.17,61.57,none,3,1,Premium,77.0,85.9,55.51,False,ranging,bullish (HH/HL),False
J&KBANK,141.92,"102.5-115.5 (Moderate, tested, 22.87% away)",False,Moderate,False,none,False,"98.61-106.53 (Moderate, FRESH, 33.22% away)",none,bull @ 135.68 on 2026-05-06,bull @ 128.48 on 2026-04-16,bull,"126.12-130.0 (2026-05-18, mitigated)","101.65-103.3 (2026-01-19, mitigated)",False,5,0,135.47-139.23 (2026-05-22),none,none,98.52,none,2,1,Premium,93.5,145.0,97.35,False,bullish (HH/HL),ranging,False
540252,11.88,none,,none,False,"11.99-12.99 (Moderate, tested, 0.93% above)",True,none,none,bull @ 12.5 on 2026-05-08,bull @ 8.63 on 2026-01-12,bull,"11.03-11.36 (2026-05-27, UNMITIGATED)","12.36-12.99 (2026-05-08, mitigated)",True,2,0,11.36-11.55 (2026-06-01),none,12.51,8.04,none,4,2,Premium,82.0,12.99,6.82,False,ranging,ranging,True
UNIVCABLES,1239.2,"816.0-882.55 (Moderate, FRESH, 40.41% away)",True,Moderate,False,none,False,"656.6-885.45 (Moderate, FRESH, 39.95% away)",none,bull @ 1239.0 on 2026-06-02,bull @ 710.0 on 2026-04-08,bull,"1047.9-1108.8 (2026-05-06, mitigated)","641.05-700.0 (2026-03-20, mitigated)",False,6,0,1051.0-1071.0 (2026-05-25),none,none,660.1,none,4,1,Premium,94.1,1280.8,576.0,False,bullish (HH/HL),bearish (LH/LL),False
GOCLCORP,400.8,"291.1-348.0 (Moderate, FRESH, 15.17% away)",True,Moderate,False,none,False,"223.35-294.45 (Moderate, tested, 36.12% away)",none,bull @ 336.0 on 2026-05-25,bull @ 336.0 on 2026-05-25,bull,"285.9-298.75 (2026-05-18, UNMITIGATED)","328.3-336.0 (2026-05-07, mitigated)",True,5,0,348.0-377.1 (2026-05-27),none,none,285.57,none,3,2,Premium,97.3,405.8,223.35,False,bearish (LH/LL),ranging,False
500449,41.26,"35.16-40.52 (Moderate, FRESH, 1.83% away)",True,Moderate,True,none,False,"31.58-37.97 (Moderate, FRESH, 8.66% away)",none,bull @ 37.97 on 2026-05-26,bull @ 28.5 on 2026-04-16,bull,"35.16-36.59 (2026-05-22, UNMITIGATED)","26.01-27.89 (2026-03-23, mitigated)",True,6,0,40.52-43.25 (2026-05-29),none,none,28.86,none,2,2,Premium,79.1,46.6,21.05,False,bullish (HH/HL),bearish (LH/LL),False
BHARATFORG,1902.9,"1818.3-1916.1 (Moderate, tested, -0.69% away)",False,Moderate,True,none,False,"1366.7-1599.0 (Moderate, FRESH, 19.01% away)","1578.0-1935.5 (Moderate, tested, -17.07% away)",bull @ 1949.9 on 2026-05-07,bull @ 1812.0 on 2026-04-15,bull,"1831.2-1905.0 (2026-05-06, mitigated)","1952.4-2007.4 (2026-05-11, mitigated)",False,4,1,1805.0-1811.5 (2026-04-15),1918.8-1920.0 (2026-06-02),none,1831.8,none,1,2,Premium,79.7,2044.0,1347.5,False,bullish (HH/HL),bullish (HH/HL),True
SBC,36.81,"33.0-35.58 (Moderate, FRESH, 3.46% away)",True,Moderate,True,"38.52-40.45 (Moderate, FRESH, 4.65% above)",True,"32.96-35.1 (Moderate, FRESH, 4.87% away)",none,bull @ 35.1 on 2026-05-20,bull @ 13.97 on 2025-03-10,bull,"38.52-39.24 (2026-05-26, mitigated)","38.62-40.15 (2026-05-27, UNMITIGATED)",False,5,1,35.58-38.0 (2026-05-22),37.44-38.52 (2026-06-02),none,33.02,none,1,3,Premium,77.5,40.45,24.27,False,bullish (HH/HL),bullish (HH/HL),True
526570,4616.9,"2194.95-2396.55 (Moderate, tested, 92.65% away)",False,Moderate,False,none,False,"2031.0-3600.0 (Moderate, tested, 28.25% away)",none,bull @ 4600.0 on 2026-05-26,bull @ 4400.0 on 2026-05-15,bull,"4050.0-4339.95 (2026-05-20, UNMITIGATED)","4357.5-4660.0 (2026-01-06, mitigated)",True,0,0,none,none,4983.0,3953.6,none,1,2,Equilibrium,53.5,5900.0,3140.0,False,bullish (HH/HL),ranging,False
FINCABLES,1002.1,"800.0-942.0 (Moderate, tested, 6.38% away)",False,Moderate,True,"1066.35-1184.8 (Moderate, FRESH, 6.41% above)",False,"785.85-1022.0 (Moderate, tested, -1.95% away)",none,bear @ 1000.45 on 2026-06-01,bear @ 1000.45 on 2026-06-01,bear,"1029.35-1053.85 (2026-05-22, mitigated)","1090.5-1184.8 (2026-05-27, UNMITIGATED)",False,5,1,888.05-914.0 (2026-04-17),1007.2-1126.45 (2026-06-02),none,743.52,none,0,1,Premium,62.3,1184.8,700.8,False,bullish (HH/HL),bullish (HH/HL),True
CGPOWER,907.7,"857.05-890.0 (Moderate, tested, 1.99% away)",False,Moderate,True,none,False,"525.5-661.0 (Moderate, tested, 37.32% away)",none,bull @ 886.8 on 2026-05-27,bull @ 749.0 on 2026-04-16,bull,"864.8-884.4 (2026-05-25, mitigated)","882.0-938.0 (2026-05-27, mitigated)",False,7,2,857.75-858.0 (2026-05-22),910.55-910.95 (2026-06-02),none,none,none,1,0,Premium,91.3,944.1,525.5,False,bullish (HH/HL),ranging,False
DIACABS,194.65,"168.06-184.75 (Moderate, tested, 5.36% away)",False,Moderate,True,none,False,"97.7-143.4 (Moderate, tested, 35.74% away)",none,bear @ 191.88 on 2026-06-01,bear @ 191.88 on 2026-06-01,bear,"168.3-176.0 (2026-05-12, UNMITIGATED)","191.88-210.0 (2026-05-26, mitigated)",True,6,1,177.6-192.0 (2026-05-15),196.75-198.2 (2026-06-01),none,137.94,none,1,2,Premium,82.7,211.2,115.57,False,bullish (HH/HL),ranging,False
SPARC,204.24,"158.21-189.45 (Moderate, FRESH, 7.81% away)",True,Moderate,True,none,False,"136.72-182.59 (Moderate, FRESH, 11.86% away)",none,bull @ 182.59 on 2026-05-20,bull @ 123.68 on 2026-03-25,bull,"179.2-189.29 (2026-05-21, UNMITIGATED)","212.0-239.4 (2026-05-25, UNMITIGATED)",True,3,3,189.29-212.0 (2026-05-25),207.38-210.55 (2026-06-02),none,128.42,none,1,1,Premium,68.4,248.75,108.0,False,bullish (HH/HL),bearish (LH/LL),False
KINGFA,5340.0,"4698.2-5079.8 (Moderate, tested, 5.12% away)",False,Moderate,True,none,False,"3184.9-3850.0 (Moderate, tested, 38.7% away)",none,bull @ 5447.9 on 2026-05-26,bull @ 4281.0 on 2026-04-09,bull,"5104.5-5214.9 (2026-05-22, UNMITIGATED)","5251.1-5553.0 (2026-05-26, mitigated)",True,4,0,5214.9-5251.1 (2026-05-26),none,none,3953.65,none,2,1,Premium,82.5,5699.4,3649.9,False,ranging,bullish (HH/HL),False
HAPPYFORGE,1409.0,"1190.0-1282.6 (Moderate, tested, 9.85% away)",False,Moderate,False,none,False,"1003.3-1161.0 (Moderate, tested, 21.36% away)",none,bull @ 1398.0 on 2026-05-07,bull @ 1398.0 on 2026-05-07,bull,"1190.0-1250.0 (2026-03-09, mitigated)","1028.2-1056.7 (2026-01-22, mitigated)",False,2,0,1219.0-1245.0 (2026-04-09),none,none,1001.7,none,3,1,Premium,83.5,1490.0,1000.1,False,bullish (HH/HL),bullish (HH/HL),True
LAURUSLABS,1382.6,"1080.0-1133.0 (Moderate, FRESH, 22.03% away)",True,Moderate,False,none,False,"1014.3-1144.85 (Moderate, FRESH, 20.77% away)",none,bull @ 1137.2 on 2026-05-04,bull @ 1068.0 on 2026-04-08,bull,"1085.0-1133.0 (2026-04-28, UNMITIGATED)","1106.3-1132.4 (2026-04-27, mitigated)",True,9,0,1355.7-1357.0 (2026-05-26),none,none,994.75,none,2,3,Premium,96.6,1398.8,917.95,False,bullish (HH/HL),ranging,False
MBAPL,543.25,"435.8-477.25 (Moderate, FRESH, 13.83% away)",True,Moderate,False,"504.1-558.95 (Moderate, tested, -7.21% above)",False,"431.25-481.9 (Moderate, FRESH, 12.73% away)",none,bull @ 559.0 on 2026-05-05,bull @ 470.7 on 2026-04-01,bull,"517.1-534.65 (2026-04-30, mitigated)","569.95-585.0 (2026-05-08, UNMITIGATED)",False,3,1,476.95-490.25 (2026-04-02),553.95-569.95 (2026-05-12),560.0,502.07,buy-side swept (bearish stop-hunt),2,4,Premium,79.4,585.0,382.8,False,ranging,bullish (HH/HL),False
MCL,61.59,"59.95-64.75 (Moderate, tested, -4.88% away)",False,Moderate,False,"60.01-64.72 (Moderate, tested, -2.57% above)",False,"44.07-59.05 (Moderate, tested, 4.3% away)","45.34-64.49 (Moderate, tested, -26.38% away)",bull @ 64.31 on 2026-05-15,bull @ 64.31 on 2026-05-15,bull,"61.6-64.75 (2026-05-18, mitigated)",none,False,1,6,57.49-58.5 (2026-04-06),71.69-74.64 (2026-02-11),none,59.75,sell-side swept (bullish stop-hunt),0,2,Discount,35.6,93.2,44.1,True,ranging,ranging,True
CALSOFT,22.12,"13.54-15.54 (Moderate, tested, 42.34% away)",False,Moderate,False,"22.16-26.51 (Moderate, tested, 0.18% above)",True,"10.9-14.35 (Moderate, FRESH, 54.15% away)",none,bull @ 12.92 on 2026-04-30,bull @ 12.92 on 2026-04-30,bull,"25.19-27.83 (2026-05-13, mitigated)","22.16-22.91 (2026-05-07, mitigated)",False,7,3,20.07-20.5 (2026-06-02),21.62-23.94 (2026-05-18),none,16.03,none,0,5,Premium,66.3,27.83,10.9,False,bullish (HH/HL),bearish (LH/LL),False
BELRISE,217.89,"155.25-168.02 (Moderate, tested, 29.68% away)",False,Moderate,False,"214.54-228.8 (Moderate, tested, -1.54% above)",False,none,none,bear @ 207.19 on 2026-05-12,bear @ 207.19 on 2026-05-12,bear,"181.01-186.0 (2026-02-26, mitigated)","222.32-228.6 (2026-05-07, mitigated)",False,2,0,197.0-203.17 (2026-04-10),none,none,204.3,none,3,2,Premium,85.4,228.8,154.21,False,ranging,bullish (HH/HL),False
ADFFOODS,273.15,"184.5-199.01 (Moderate, FRESH, 37.25% away)",True,Moderate,False,none,False,"170.6-212.0 (Moderate, tested, 28.84% away)",none,bull @ 236.0 on 2026-04-23,bull @ 182.54 on 2026-04-08,bull,"259.4-273.45 (2026-05-21, mitigated)","180.5-188.0 (2026-03-18, mitigated)",False,6,0,235.95-244.04 (2026-04-24),none,280.49,258.05,buy-side swept (bearish stop-hunt),2,2,Premium,80.8,301.65,153.1,False,ranging,bearish (LH/LL),False
ADANIENT,2968.1,"2400.1-2546.1 (Moderate, FRESH, 16.57% away)",True,Moderate,False,none,False,"1753.0-2030.0 (Moderate, tested, 46.21% away)",none,bull @ 2803.1 on 2026-05-25,bull @ 2027.0 on 2026-04-08,bull,"2684.0-2770.0 (2026-05-21, UNMITIGATED)","2460.0-2514.0 (2026-05-11, mitigated)",True,9,0,2858.8-2944.0 (2026-05-27),none,none,2175.3,none,1,2,Premium,95.3,3027.5,1753.0,False,bullish (HH/HL),bearish (LH/LL),False
SOUTHWEST,265.0,"140.06-172.38 (Moderate, tested, 53.73% away)",False,Moderate,False,none,False,none,none,bear @ 218.7 on 2026-05-08,bear @ 218.7 on 2026-05-08,bear,"225.62-238.0 (2026-04-10, mitigated)","233.01-247.0 (2026-04-23, mitigated)",False,1,0,227.48-229.99 (2026-05-14),none,none,184.62,none,1,2,Premium,90.8,275.0,166.25,False,ranging,bullish (HH/HL),False
MENONBE,142.28,"112.2-124.61 (Moderate, tested, 14.18% away)",False,Moderate,False,none,False,"101.5-125.0 (Moderate, tested, 13.82% away)",none,bull @ 129.8 on 2026-05-07,bull @ 129.8 on 2026-05-07,bull,"125.21-127.79 (2026-05-05, UNMITIGATED)",none,True,4,1,129.0-135.41 (2026-05-08),145.49-148.41 (2026-06-01),none,103.38,none,1,2,Premium,69.8,159.9,101.5,False,bullish (HH/HL),bearish (LH/LL),False
SENORES,1033.5,"906.6-1063.8 (Moderate, tested, -2.85% away)",False,Moderate,True,none,False,none,none,bull @ 947.7 on 2026-05-08,bull @ 767.65 on 2026-03-25,bull,"906.6-990.55 (2026-05-14, UNMITIGATED)","740.45-758.0 (2026-03-20, mitigated)",True,6,1,990.55-1048.0 (2026-05-18),1079.9-1099.8 (2026-06-02),none,764.5,none,4,3,Premium,67.1,1194.4,706.0,False,ranging,ranging,True
GRAPHITE,721.35,"563.85-619.1 (Moderate, tested, 16.52% away)",False,Moderate,False,none,False,"516.2-587.7 (Moderate, tested, 22.74% away)",none,bear @ 727.45 on 2026-06-01,bear @ 727.45 on 2026-06-01,bear,"712.05-747.35 (2026-05-12, mitigated)","609.15-623.75 (2026-03-17, mitigated)",False,5,1,691.75-711.2 (2026-04-21),737.65-746.8 (2026-06-01),758.5,none,buy-side swept (bearish stop-hunt),3,0,Premium,71.7,802.4,516.2,False,ranging,ranging,True
GHCLTEXTIL,97.17,"84.51-91.47 (Moderate, tested, 6.23% away)",False,Moderate,True,none,False,none,none,bull @ 94.53 on 2026-05-26,bull @ 76.49 on 2026-04-07,bull,"84.51-87.02 (2026-05-18, UNMITIGATED)","96.0-103.37 (2026-05-27, mitigated)",True,2,0,94.45-96.0 (2026-05-27),none,none,76.44,none,3,2,Premium,83.7,103.37,65.26,False,ranging,ranging,True
519477,1492.55,"1379.95-1597.35 (Moderate, tested, -6.56% away)",False,Moderate,False,"1730.2-2079.85 (Moderate, tested, 15.92% above)",False,"643.6-1629.75 (Moderate, tested, -8.42% away)","881.8-2079.85 (Moderate, tested, -40.92% away)",bull @ 1210.0 on 2026-04-22,bull @ 1210.0 on 2026-04-22,bull,"713.1-749.95 (2026-04-01, mitigated)","1832.7-1886.55 (2026-05-06, mitigated)",False,16,5,1448.9-1551.75 (2026-05-25),1492.55-1593.35 (2026-06-01),none,1236.42,none,1,1,Premium,55.2,2182.9,643.6,False,bullish (HH/HL),bearish (LH/LL),False
IDEA,14.16,"10.5-11.44 (Moderate, FRESH, 23.78% away)",True,Moderate,False,none,False,"8.94-11.44 (Moderate, FRESH, 23.78% away)",none,bull @ 9.73 on 2026-04-28,bull @ 9.73 on 2026-04-28,bull,"11.63-12.11 (2026-05-12, UNMITIGATED)","9.05-9.45 (2026-03-20, mitigated)",True,10,0,13.05-13.32 (2026-05-20),none,none,none,none,0,0,Premium,95.6,14.44,8.13,False,ranging,bearish (LH/LL),False
SIGNPOST,275.0,"230.3-255.55 (Moderate, tested, 7.61% away)",False,Moderate,True,"288.4-309.9 (Moderate, FRESH, 4.87% above)",True,"191.41-213.0 (Moderate, FRESH, 29.11% away)",none,bull @ 284.37 on 2026-05-06,bull @ 284.37 on 2026-05-06,bull,"254.41-264.53 (2026-04-30, mitigated)","288.4-309.9 (2026-05-25, UNMITIGATED)",False,2,1,213.0-241.1 (2026-02-11),284.7-292.35 (2026-06-02),309.9,211.25,none,3,2,Premium,70.5,309.9,191.41,False,ranging,bullish (HH/HL),False
DHANBANK,33.72,"29.66-31.5 (Moderate, tested, 7.05% away)",False,Moderate,True,none,False,"19.45-27.9 (Moderate, FRESH, 20.86% away)",none,bull @ 33.99 on 2026-05-21,bull @ 23.43 on 2026-04-06,bull,"30.9-32.29 (2026-05-15, mitigated)","22.75-23.43 (2026-03-19, mitigated)",False,6,1,28.49-30.07 (2026-04-29),33.91-34.12 (2026-06-01),none,24.03,none,2,1,Premium,91.8,34.99,19.45,False,bullish (HH/HL),bearish (LH/LL),False
543916,386.6,"288.0-329.95 (Moderate, FRESH, 17.17% away)",True,Moderate,False,none,False,"280.0-329.95 (Moderate, FRESH, 17.17% away)",none,bull @ 315.0 on 2026-05-11,bull @ 277.0 on 2026-04-06,bull,"298.0-329.95 (2026-05-08, UNMITIGATED)","390.0-422.85 (2026-05-15, mitigated)",True,4,0,361.8-375.05 (2026-05-13),none,none,280.25,none,3,4,Premium,74.3,446.0,215.0,False,bullish (HH/HL),ranging,False
531911,61.87,"39.02-45.27 (Moderate, tested, 36.67% away)",False,Moderate,False,none,False,"39.48-42.26 (Moderate, tested, 46.4% away)","49.02-62.63 (Moderate, tested, -20.77% away)",bull @ 55.38 on 2026-05-08,bull @ 47.76 on 2026-04-06,bull,"52.35-54.51 (2026-05-07, mitigated)","42.72-45.8 (2026-02-17, mitigated)",False,2,0,45.06-47.0 (2026-04-06),none,62.74,47.03,none,3,4,Premium,96.3,62.84,36.56,False,bullish (HH/HL),bullish (HH/HL),True
SCI,302.7,"301.5-328.8 (Moderate, tested, -7.94% away)",False,Moderate,False,none,False,"217.55-247.72 (Moderate, FRESH, 22.19% away)",none,bear @ 300.35 on 2026-05-29,bear @ 318.15 on 2026-05-22,bear,"306.5-323.3 (2026-05-06, mitigated)","226.17-229.93 (2026-01-07, mitigated)",False,4,2,255.54-292.0 (2026-04-17),313.0-314.2 (2026-05-26),none,218.08,none,1,1,Premium,61.9,368.75,195.55,False,ranging,bullish (HH/HL),False
DIVGIITTS,789.45,"607.15-669.9 (Moderate, tested, 17.85% away)",False,Moderate,False,none,False,"608.95-729.9 (Moderate, tested, 8.16% away)",none,bull @ 750.0 on 2026-05-26,bull @ 750.0 on 2026-05-26,bull,"664.7-691.0 (2026-04-10, mitigated)","691.5-729.9 (2026-03-25, mitigated)",False,2,0,718.0-761.05 (2026-05-26),none,none,644.5,none,0,3,Premium,78.1,850.0,573.7,False,bearish (LH/LL),bullish (HH/HL),False
MIDHANI,410.75,"387.45-438.7 (Moderate, tested, -6.37% away)",False,Moderate,False,none,False,"270.15-325.9 (Moderate, tested, 26.04% away)",none,bull @ 404.3 on 2026-05-07,bull @ 362.5 on 2026-04-16,bull,"387.45-410.85 (2026-05-12, mitigated)","310.35-326.0 (2026-03-20, mitigated)",False,7,0,400.95-402.1 (2026-05-22),none,none,334.35,none,3,1,Premium,79.5,447.85,266.65,False,ranging,bearish (LH/LL),False
NAM-INDIA,1089.9,"796.85-840.0 (Moderate, tested, 29.75% away)",False,Moderate,False,none,False,none,none,bull @ 1065.0 on 2026-05-06,bull @ 878.9 on 2026-04-08,bull,"998.15-1024.95 (2026-04-20, mitigated)","1040.05-1064.45 (2026-04-22, mitigated)",False,3,0,943.0-954.65 (2026-04-16),none,none,901.98,none,3,4,Premium,89.3,1125.0,795.8,False,bullish (HH/HL),bullish (HH/HL),True
GLAND,2277.0,none,,none,False,none,False,"1629.6-1790.4 (Moderate, tested, 27.18% away)",none,bull @ 1953.7 on 2026-05-18,bull @ 1705.5 on 2026-03-25,bull,"1853.6-1950.0 (2026-05-15, UNMITIGATED)","1782.0-1832.0 (2026-04-23, mitigated)",True,4,0,1950.0-2138.5 (2026-05-19),none,none,1812.85,none,4,3,Premium,85.5,2396.0,1573.6,False,bullish (HH/HL),bearish (LH/LL),False
CLEANMAX,1123.8,none,,none,False,none,False,n/a (short),n/a (short),bull @ 939.6 on 2026-04-16,bull @ 939.6 on 2026-04-16,bull,"1204.2-1250.0 (2026-05-12, mitigated)","1202.7-1240.0 (2026-05-19, UNMITIGATED)",False,5,3,949.0-965.65 (2026-04-17),1145.2-1160.5 (2026-05-25),none,none,none,0,0,Premium,59.1,1398.6,727.1,False,ranging,ranging,True
GAEL,155.62,"127.26-138.97 (Moderate, tested, 11.98% away)",False,Moderate,False,none,False,none,none,bear @ 157.05 on 2026-05-29,bear @ 157.05 on 2026-05-29,bear,"155.02-159.35 (2026-05-06, mitigated)","160.46-163.75 (2026-05-26, UNMITIGATED)",False,1,1,141.63-142.56 (2026-04-07),157.6-160.47 (2026-06-01),none,127.21,none,2,2,Premium,66.2,177.92,111.91,False,ranging,ranging,True
HSCL,607.1,none,,none,False,none,False,"423.2-498.0 (Moderate, FRESH, 21.91% away)",none,bull @ 478.05 on 2026-04-15,bull @ 456.1 on 2026-03-25,bull,"544.5-583.7 (2026-04-27, mitigated)","580.8-631.05 (2026-05-13, mitigated)",False,7,0,538.2-544.5 (2026-04-27),none,none,458.18,none,3,3,Premium,79.7,654.45,421.0,False,ranging,ranging,True
GULPOLY,183.03,"127.56-133.54 (Moderate, FRESH, 37.06% away)",True,Moderate,False,"185.4-209.4 (Moderate, tested, 1.29% above)",True,"121.5-145.16 (Moderate, tested, 26.09% away)",none,bear @ 184.5 on 2026-05-25,bear @ 184.5 on 2026-05-25,bear,"167.0-173.5 (2026-04-16, mitigated)","198.39-209.4 (2026-05-21, UNMITIGATED)",False,3,1,163.49-170.35 (2026-04-09),190.0-198.39 (2026-05-25),none,175.89,sell-side swept (bullish stop-hunt),2,2,Premium,68.9,210.74,121.5,False,bullish (HH/HL),bullish (HH/HL),True
539132,11.8,"8.88-9.8 (Moderate, tested, 20.41% away)",False,Moderate,False,none,False,"8.25-10.35 (Moderate, FRESH, 14.01% away)",none,bull @ 10.35 on 2026-04-29,bull @ 9.4 on 2026-04-02,bull,"8.84-9.85 (2026-04-24, UNMITIGATED)","8.62-9.41 (2026-03-11, mitigated)",True,3,0,11.0-11.67 (2026-05-04),none,12.75,9.62,none,3,2,Premium,75.9,13.2,7.4,False,bullish (HH/HL),ranging,False
POLYCAB,9531.5,"8062.5-8525.0 (Moderate, FRESH, 11.81% away)",True,Moderate,False,none,False,"6663.0-7948.0 (Moderate, tested, 19.92% away)",none,bull @ 8305.0 on 2026-05-04,bull @ 8305.0 on 2026-05-04,bull,"9176.0-9309.5 (2026-05-21, UNMITIGATED)","9561.0-9696.0 (2026-05-27, mitigated)",True,9,0,9316.5-9358.0 (2026-05-26),none,none,7449.67,none,2,3,Premium,93.0,9747.0,6663.0,False,bearish (LH/LL),bullish (HH/HL),False
ANGELONE,342.65,"290.8-311.55 (Moderate, FRESH, 9.98% away)",True,Moderate,False,none,False,"210.62-287.9 (Moderate, FRESH, 19.02% away)",none,bull @ 334.95 on 2026-05-21,bull @ 334.95 on 2026-05-21,bull,"297.05-303.4 (2026-05-13, UNMITIGATED)","319.0-334.95 (2026-05-08, mitigated)",True,7,0,328.55-335.65 (2026-05-22),none,none,244.88,none,0,2,Premium,94.1,351.0,208.63,False,ranging,bearish (LH/LL),False
SANSTAR,115.77,"96.25-101.9 (Moderate, FRESH, 13.61% away)",True,Moderate,False,"108.01-120.71 (Moderate, tested, -6.7% above)",False,"85.32-102.8 (Moderate, tested, 12.62% away)",none,bull @ 102.8 on 2026-05-18,bull @ 83.51 on 2026-04-10,bull,"102.6-118.48 (2026-05-25, mitigated)","112.5-120.0 (2026-05-21, mitigated)",False,7,0,108.35-115.24 (2026-05-28),none,none,89.23,none,2,2,Premium,87.0,121.99,74.3,False,bullish (HH/HL),bearish (LH/LL),False
543828,34.35,"22.75-25.78 (Moderate, tested, 33.24% away)",False,Moderate,False,none,False,none,none,bull @ 32.4 on 2026-05-20,bull @ 28.4 on 2026-04-07,bull,"26.1-26.41 (2026-02-25, mitigated)","35.98-36.95 (2026-05-27, UNMITIGATED)",False,8,1,31.02-33.25 (2026-05-21),35.88-35.98 (2026-06-01),none,none,none,2,0,Premium,85.9,36.95,18.5,False,bearish (LH/LL),bullish (HH/HL),False
VIVIMEDLAB,6.45,none,,none,False,"7.0-8.43 (Moderate, tested, 8.53% above)",False,"4.95-4.95 (Moderate, FRESH, 30.3% away)","4.95-29.4 (Moderate, tested, -23.26% away)",bear @ 6.46 on 2026-05-12,bear @ 6.46 on 2026-05-12,bear,"5.28-5.5 (2026-03-30, UNMITIGATED)","6.14-6.66 (2026-05-14, mitigated)",True,3,2,6.07-6.68 (2026-04-08),7.13-7.25 (2026-04-23),7.19,none,none,1,2,Discount,6.1,29.4,4.95,True,bearish (LH/LL),bearish (LH/LL),True
GKSL,134.25,"120.01-134.0 (Moderate, tested, 0.19% away)",False,Moderate,True,none,False,n/a (short),n/a (short),bear @ 134.95 on 2026-06-02,bear @ 134.95 on 2026-06-02,bear,"120.01-129.9 (2026-05-05, UNMITIGATED)","111.26-114.7 (2026-04-20, mitigated)",True,3,0,127.4-130.0 (2026-05-08),none,148.07,100.31,none,3,2,Premium,71.8,148.34,98.36,False,bullish (HH/HL),ranging,False
RUBYMILLS,279.05,"222.36-233.0 (Moderate, FRESH, 19.76% away)",True,Moderate,False,none,False,"178.21-220.0 (Moderate, tested, 26.84% away)",none,bull @ 256.02 on 2026-05-25,bull @ 256.02 on 2026-05-25,bull,"227.05-232.14 (2026-05-22, UNMITIGATED)",none,True,4,0,232.14-247.65 (2026-05-26),none,none,217.28,none,4,2,Premium,92.6,287.9,169.02,False,ranging,bearish (LH/LL),False
RAMRAT,395.9,"369.0-394.95 (Moderate, tested, 0.24% away)",False,Moderate,True,"430.2-520.0 (Moderate, FRESH, 8.66% above)",False,"282.85-334.9 (Moderate, FRESH, 18.21% away)",none,bear @ 428.1 on 2026-05-12,bear @ 428.1 on 2026-05-12,bear,"430.2-440.1 (2026-05-22, mitigated)","456.6-477.5 (2026-05-26, UNMITIGATED)",False,5,2,349.8-369.0 (2026-04-20),407.0-421.9 (2026-06-02),none,303.4,none,1,2,Equilibrium,50.8,520.0,268.0,False,bullish (HH/HL),bullish (HH/HL),True
SPECTRUM,1473.7,"1139.0-1263.2 (Moderate, FRESH, 16.66% away)",True,Moderate,False,"1345.6-1470.0 (Moderate, tested, -8.69% above)",False,none,"1300.0-1600.0 (Moderate, tested, -11.79% away)",bear @ 1170.0 on 2026-04-20,bear @ 1322.2 on 2026-04-08,bear,"1299.0-1402.0 (2026-05-14, mitigated)","1382.7-1470.0 (2026-02-27, mitigated)",False,3,0,1263.2-1411.9 (2026-05-12),none,1546.9,none,none,3,0,Premium,70.0,1655.0,1050.0,False,ranging,bullish (HH/HL),False
SONAMLTD,57.08,"49.16-53.0 (Moderate, FRESH, 7.7% away)",True,Moderate,True,none,False,"48.17-55.5 (Moderate, tested, 2.85% away)",none,bull @ 53.0 on 2026-05-20,bull @ 53.0 on 2026-05-20,bull,"50.51-51.81 (2026-05-15, UNMITIGATED)","52.59-54.5 (2026-04-22, mitigated)",True,2,0,52.0-55.16 (2026-05-21),none,none,49.08,none,1,2,Premium,76.9,63.0,37.4,False,ranging,ranging,True
SAILIFE,1128.3,"920.15-1014.95 (Moderate, tested, 11.17% away)",False,Moderate,False,none,False,none,none,bull @ 1139.4 on 2026-05-20,bull @ 1009.0 on 2026-04-23,bull,"1102.0-1138.1 (2026-05-22, mitigated)","1102.0-1139.4 (2026-05-11, mitigated)",False,2,0,877.0-906.5 (2026-02-10),none,none,884.38,none,3,2,Premium,85.9,1184.8,783.85,False,bullish (HH/HL),bullish (HH/HL),True
NELCAST,139.87,"85.98-109.16 (Moderate, tested, 28.13% away)",False,Moderate,False,none,False,"85.98-108.01 (Moderate, tested, 29.5% away)",none,bear @ 141.0 on 2026-05-18,bear @ 141.0 on 2026-05-18,bear,"144.01-147.0 (2026-05-07, mitigated)","142.21-173.2 (2026-05-08, mitigated)",False,3,1,132.59-134.48 (2026-04-29),151.38-154.3 (2026-05-13),142.73,103.23,buy-side swept (bearish stop-hunt),3,1,Premium,61.8,173.2,85.98,False,bullish (HH/HL),ranging,False
STLNETWORK,28.58,"20.2-26.23 (Moderate, tested, 8.96% away)",False,Moderate,False,none,False,"15.75-21.98 (Moderate, FRESH, 30.03% away)",none,bull @ 28.58 on 2026-05-27,bull @ 28.58 on 2026-05-27,bull,"24.7-25.87 (2026-04-17, mitigated)","30.0-31.95 (2026-04-22, mitigated)",False,11,0,27.56-28.93 (2026-05-28),none,none,22.06,none,3,1,Premium,73.6,33.19,15.75,False,bearish (LH/LL),ranging,False
AETHER,1098.7,"1005.1-1180.0 (Moderate, tested, -6.89% away)",False,Moderate,False,none,False,"891.6-1058.0 (Moderate, tested, 3.85% away)",none,bull @ 1223.4 on 2026-05-04,bull @ 981.0 on 2026-03-06,bull,"1156.5-1181.8 (2026-04-29, mitigated)",none,False,1,2,922.75-955.5 (2026-03-06),1181.6-1183.5 (2026-05-13),none,943.76,none,0,2,Premium,62.8,1275.1,800.45,False,ranging,bullish (HH/HL),False
GMDCLTD,668.4,"590.25-643.0 (Moderate, tested, 3.95% away)",False,Moderate,True,none,False,"523.15-614.4 (Moderate, FRESH, 8.79% away)",none,bear @ 654.0 on 2026-05-12,bear @ 654.0 on 2026-05-12,bear,"652.1-664.95 (2026-05-25, mitigated)","695.55-708.2 (2026-05-27, UNMITIGATED)",False,3,1,645.4-648.7 (2026-05-22),690.25-699.1 (2026-06-01),none,535.6,none,0,2,Premium,65.3,771.9,473.7,False,bearish (LH/LL),bullish (HH/HL),False
AARTIIND,469.75,"345.3-357.75 (Moderate, FRESH, 31.31% away)",True,Moderate,False,"477.9-501.4 (Moderate, tested, 1.73% above)",True,"338.05-379.7 (Moderate, FRESH, 23.72% away)",none,bear @ 475.55 on 2026-05-12,bear @ 475.55 on 2026-05-12,bear,"420.9-433.8 (2026-04-15, UNMITIGATED)","490.0-501.4 (2026-05-27, UNMITIGATED)",True,1,2,409.0-415.05 (2026-04-09),478.8-500.75 (2026-06-01),none,none,none,1,0,Premium,71.2,523.1,338.05,False,ranging,bullish (HH/HL),False
540693,12.45,"12.13-13.54 (Moderate, tested, -8.05% away)",False,Moderate,False,"12.2-13.19 (Moderate, tested, -2.01% above)",False,"7.1-11.19 (Moderate, FRESH, 11.26% away)",none,bear @ 12.49 on 2026-05-13,bear @ 12.49 on 2026-05-13,bear,"12.51-12.89 (2026-04-24, mitigated)","13.34-13.99 (2026-04-10, mitigated)",False,0,3,none,14.68-15.27 (2026-03-11),none,11.59,none,0,1,Discount,39.9,19.14,8.01,True,bearish (LH/LL),ranging,False
APCOTEXIND,494.1,"347.15-357.9 (Moderate, tested, 38.06% away)",False,Moderate,False,"397.55-559.9 (Moderate, tested, -19.54% above)",False,"347.0-410.0 (Moderate, FRESH, 20.51% away)",none,bull @ 410.0 on 2026-05-05,bull @ 357.85 on 2026-04-06,bull,"393.95-405.45 (2026-05-04, UNMITIGATED)","485.15-511.35 (2026-05-07, mitigated)",True,6,0,430.0-516.2 (2026-05-08),none,none,365.95,none,3,3,Premium,73.6,559.9,310.45,False,ranging,ranging,True
513502,9.23,"7.02-9.09 (Moderate, tested, 1.54% away)",False,Moderate,True,none,False,"6.72-7.7 (Moderate, tested, 19.87% away)",none,bull @ 9.54 on 2026-04-29,bull @ 9.54 on 2026-04-29,bull,"8.81-9.42 (2025-12-31, mitigated)",none,False,0,0,none,none,none,7.71,none,1,3,Discount,32.5,13.93,6.97,True,bullish (HH/HL),bearish (LH/LL),False
GUJALKALI,664.85,"412.7-583.8 (Moderate, tested, 13.88% away)",False,Moderate,False,none,False,"409.15-669.3 (Moderate, tested, -0.66% away)",none,bear @ 672.0 on 2026-06-02,bear @ 700.1 on 2026-05-12,bear,"700.1-732.9 (2026-04-28, mitigated)","789.85-815.0 (2026-05-05, UNMITIGATED)",False,4,2,631.2-639.6 (2026-04-15),724.0-728.65 (2026-05-12),none,496.0,none,1,2,Premium,63.0,815.0,409.15,False,bearish (LH/LL),ranging,False
LENSKART,524.2,"402.0-417.2 (Moderate, FRESH, 25.65% away)",True,Moderate,False,none,False,none,none,bear @ 473.4 on 2026-05-15,bear @ 508.9 on 2026-05-05,bear,"502.9-519.0 (2026-04-08, mitigated)","526.0-541.45 (2026-04-28, mitigated)",False,2,0,494.0-500.0 (2026-05-22),none,542.85,482.8,none,1,4,Premium,78.5,557.65,402.0,False,ranging,bullish (HH/HL),False
VIJAYA,1317.0,"988.0-1015.0 (Moderate, tested, 29.75% away)",False,Moderate,False,none,False,"877.7-1135.0 (Moderate, FRESH, 16.04% away)",none,bear @ 1258.3 on 2026-05-22,bear @ 1258.3 on 2026-05-22,bear,"848.0-869.9 (2026-03-30, UNMITIGATED)","1261.9-1322.1 (2026-05-29, mitigated)",True,9,0,1200.0-1223.3 (2026-05-08),none,1377.15,975.65,none,4,2,Premium,88.3,1379.3,848.0,False,bullish (HH/HL),bearish (LH/LL),False
JINDALPOLY,655.15,"474.8-557.0 (Moderate, FRESH, 17.62% away)",True,Moderate,False,none,False,"422.55-780.0 (Moderate, tested, -16.01% away)",none,bear @ 675.8 on 2026-06-01,bear @ 704.0 on 2026-04-24,bear,"590.8-654.4 (2026-02-26, mitigated)","714.85-744.4 (2026-04-30, mitigated)",False,6,6,635.0-663.0 (2026-03-05),724.75-725.0 (2026-05-08),721.67,474.8,buy-side swept (bearish stop-hunt),2,2,Discount,43.9,1026.45,365.0,True,ranging,bullish (HH/HL),False
MARKSANS,241.19,"210.02-223.76 (Moderate, FRESH, 7.79% away)",True,Moderate,True,none,False,"181.0-225.49 (Moderate, FRESH, 6.96% away)","209.11-266.5 (Moderate, tested, -13.3% away)",bull @ 225.49 on 2026-05-26,bull @ 171.48 on 2026-04-08,bull,"210.02-218.02 (2026-05-22, UNMITIGATED)","190.24-195.0 (2026-04-27, mitigated)",True,7,0,221.35-247.01 (2026-05-27),none,none,180.13,none,3,3,Premium,78.8,264.4,155.0,False,bullish (HH/HL),bearish (LH/LL),False
JSWENERGY,588.55,"465.5-499.5 (Moderate, tested, 17.83% away)",False,Moderate,False,none,False,"466.3-523.25 (Moderate, tested, 12.48% away)","472.45-585.65 (Moderate, tested, -19.73% away)",bull @ 578.9 on 2026-05-27,bull @ 578.9 on 2026-05-27,bull,"551.65-559.5 (2026-05-25, UNMITIGATED)","567.85-578.9 (2026-05-07, mitigated)",True,5,1,559.5-579.1 (2026-05-27),592.0-592.1 (2026-06-02),none,479.68,none,2,3,Premium,84.8,617.35,427.75,False,ranging,ranging,True
NSLNISP,52.55,"41.75-44.97 (Moderate, tested, 16.86% away)",False,Moderate,False,none,False,"33.01-38.84 (Moderate, FRESH, 35.3% away)",none,bull @ 46.0 on 2026-05-27,bull @ 44.97 on 2026-05-14,bull,"44.0-46.57 (2026-05-29, UNMITIGATED)","45.48-46.62 (2026-05-27, mitigated)",True,6,0,46.57-50.32 (2026-06-02),none,none,40.6,none,3,2,Premium,94.2,53.75,33.01,False,bullish (HH/HL),bearish (LH/LL),False
ROLEXRINGS,140.58,"132.73-142.0 (Moderate, tested, -1.0% away)",False,Moderate,True,none,False,"99.79-115.5 (Moderate, tested, 21.71% away)",none,bear @ 138.0 on 2026-06-01,bear @ 145.0 on 2026-05-18,bear,"133.54-138.0 (2026-04-16, mitigated)","118.53-124.5 (2026-01-19, mitigated)",False,3,1,133.0-133.54 (2026-04-16),143.9-147.77 (2026-05-19),none,125.08,none,1,3,Equilibrium,46.4,176.0,109.94,False,bearish (LH/LL),ranging,False
TARIL,312.35,"239.12-257.48 (Moderate, tested, 21.31% away)",False,Moderate,False,"304.0-343.7 (Moderate, tested, -2.67% above)",False,none,none,bear @ 296.55 on 2026-05-18,bear @ 317.75 on 2026-05-06,bear,"275.8-288.1 (2026-04-09, mitigated)","309.6-326.45 (2026-01-07, mitigated)",False,3,1,301.0-304.05 (2026-05-21),314.0-318.6 (2026-06-02),329.14,281.75,buy-side swept (bearish stop-hunt),2,2,Premium,65.9,358.0,224.05,False,ranging,bullish (HH/HL),False
544141,276.4,"250.0-310.0 (Moderate, tested, -10.84% away)",False,Moderate,False,none,False,"210.0-237.65 (Moderate, FRESH, 16.31% away)",none,bear @ 280.0 on 2026-06-01,bear @ 296.0 on 2026-05-07,bear,"274.1-281.5 (2026-04-22, mitigated)","289.95-297.3 (2026-05-20, UNMITIGATED)",False,3,1,254.5-280.0 (2026-04-20),302.2-315.05 (2026-04-29),none,200.07,none,3,1,Premium,61.4,333.95,185.0,False,ranging,bullish (HH/HL),False
OFSS,10344.5,"8646.5-9235.0 (Moderate, FRESH, 12.01% away)",True,Moderate,False,none,False,none,none,bull @ 9999.0 on 2026-05-27,bull @ 7062.0 on 2026-04-07,bull,"9454.5-9770.0 (2026-05-22, UNMITIGATED)","9911.0-10380.5 (2026-05-27, mitigated)",True,10,0,9837.5-9911.0 (2026-05-27),none,none,8048.0,none,2,4,Premium,94.5,10584.5,6234.5,False,bullish (HH/HL),bearish (LH/LL),False
544023,605.2,"457.05-482.0 (Moderate, tested, 25.56% away)",False,Moderate,False,none,False,"377.4-470.0 (Moderate, tested, 28.77% away)",none,bear @ 620.0 on 2026-05-29,bear @ 646.0 on 2026-05-15,bear,"658.45-687.0 (2026-04-17, mitigated)","624.0-640.0 (2026-05-26, mitigated)",False,2,2,553.45-566.0 (2026-04-08),630.0-636.55 (2026-06-01),none,505.65,none,4,4,Premium,56.2,735.0,438.65,False,ranging,bullish (HH/HL),False
531626,5.87,"4.31-5.1 (Moderate, FRESH, 15.1% away)",True,Moderate,False,"5.69-6.48 (Moderate, tested, -3.07% above)",False,"3.72-5.18 (Moderate, tested, 13.32% away)",none,bear @ 5.52 on 2026-04-29,bear @ 5.52 on 2026-04-29,bear,"5.41-5.7 (2026-05-07, mitigated)","6.23-6.48 (2026-05-22, mitigated)",False,3,0,5.1-5.8 (2026-04-09),none,6.51,4.26,buy-side swept (bearish stop-hunt),3,1,Premium,65.5,7.0,3.72,False,bullish (HH/HL),ranging,False
ICICIAMC,3322.1,"2587.0-2749.0 (Moderate, tested, 20.85% away)",False,Moderate,False,none,False,n/a (short),n/a (short),bull @ 3289.3 on 2026-05-25,bull @ 3289.3 on 2026-05-25,bull,"3272.1-3389.1 (2026-04-20, mitigated)","3385.8-3611.0 (2026-05-29, mitigated)",False,5,0,3255.0-3341.1 (2026-05-26),none,none,none,none,0,0,Premium,73.3,3611.0,2530.0,False,bearish (LH/LL),ranging,False
CUMMINSIND,5708.0,"5335.5-5454.0 (Moderate, FRESH, 4.66% away)",True,Moderate,True,"5359.0-6100.0 (Moderate, tested, -6.11% above)",False,none,none,bull @ 5454.0 on 2026-05-27,bull @ 4108.0 on 2026-01-30,bull,"5337.5-5419.5 (2026-05-25, UNMITIGATED)","5402.5-6099.0 (2026-05-27, mitigated)",True,6,2,5442.0-6027.5 (2026-05-28),5764.5-5855.5 (2026-06-02),none,4467.0,none,3,3,Premium,82.3,6100.0,3883.1,False,bullish (HH/HL),bullish (HH/HL),True
AVADHSUGAR,456.45,"320.55-334.7 (Moderate, FRESH, 36.38% away)",True,Moderate,False,none,False,none,none,bear @ 452.7 on 2026-05-27,bear @ 452.7 on 2026-05-27,bear,"321.0-327.9 (2026-02-25, UNMITIGATED)","345.45-359.6 (2026-02-04, mitigated)",True,3,1,423.7-432.05 (2026-03-20),509.1-516.45 (2026-05-11),none,321.2,none,1,1,Premium,66.6,531.9,306.05,False,ranging,ranging,True
PIRAMALFIN,1908.3,"1620.1-1755.0 (Moderate, FRESH, 8.74% away)",True,Moderate,False,none,False,none,none,bull @ 1778.9 on 2026-04-22,bull @ 1778.9 on 2026-04-22,bull,"1904.0-1950.0 (2026-05-07, mitigated)","1944.0-1995.0 (2026-05-27, mitigated)",False,1,0,1719.3-1814.6 (2026-04-23),none,1951.75,1866.05,buy-side swept (bearish stop-hunt),3,3,Premium,74.9,2073.2,1416.5,False,bearish (LH/LL),ranging,False
ADVENZYMES,392.1,"295.0-304.95 (Moderate, FRESH, 28.58% away)",True,Moderate,False,none,False,"251.95-312.9 (Moderate, FRESH, 25.31% away)",none,bull @ 312.9 on 2026-04-27,bull @ 280.05 on 2026-04-07,bull,"356.0-368.9 (2026-05-15, mitigated)","374.85-419.0 (2026-05-11, mitigated)",False,6,0,347.7-350.1 (2026-05-05),none,none,none,none,3,0,Premium,83.9,419.0,251.95,False,ranging,ranging,True
CRAFTSMAN,8979.0,"7611.0-7880.0 (Moderate, FRESH, 13.95% away)",True,Moderate,False,none,False,"6665.0-7933.0 (Moderate, FRESH, 13.19% away)",none,bull @ 8919.0 on 2026-05-29,bull @ 7173.5 on 2026-04-08,bull,"7691.0-7843.5 (2026-05-06, UNMITIGATED)","7238.5-7491.0 (2026-03-12, mitigated)",True,2,0,7843.5-8657.5 (2026-05-08),none,none,7180.25,none,3,3,Premium,76.9,9738.0,6451.5,False,bullish (HH/HL),ranging,False
539730,2396.35,"1711.3-1865.0 (Moderate, FRESH, 28.49% away)",True,Moderate,False,none,False,"1590.0-1865.0 (Moderate, FRESH, 28.49% away)",none,bull @ 2550.0 on 2026-05-21,bull @ 1833.0 on 2026-04-09,bull,"2038.0-2195.0 (2026-04-29, mitigated)","2467.85-2560.0 (2026-05-21, mitigated)",False,2,0,1859.75-2000.0 (2026-04-21),none,none,2021.0,none,1,2,Premium,82.2,2620.0,1362.15,False,bullish (HH/HL),ranging,False
RHETAN,30.34,"24.92-28.0 (Moderate, tested, 8.36% away)",False,Moderate,False,"28.79-30.0 (Moderate, tested, -5.11% above)",False,"24.1-26.05 (Moderate, tested, 16.47% away)","24.3-30.0 (Moderate, tested, -19.91% away)",bear @ 24.92 on 2026-05-04,bear @ 24.92 on 2026-05-04,bear,"25.35-25.94 (2026-04-20, mitigated)","29.34-29.86 (2026-04-29, mitigated)",False,3,0,28.6-29.08 (2026-05-25),none,none,26.03,none,4,4,Premium,86.0,31.46,23.48,False,ranging,ranging,True
STEELCAS,273.5,"213.35-232.79 (Moderate, tested, 17.49% away)",False,Moderate,False,none,False,"213.35-242.82 (Moderate, FRESH, 12.63% away)",none,bear @ 272.35 on 2026-06-01,bear @ 283.01 on 2026-05-04,bear,"270.55-290.0 (2026-05-12, mitigated)","202.77-206.25 (2026-01-16, mitigated)",False,2,1,249.0-262.0 (2026-04-09),278.0-279.0 (2026-06-02),301.23,218.61,buy-side swept (bearish stop-hunt),4,2,Premium,67.7,320.0,176.02,False,ranging,ranging,True
AYE,163.98,none,,none,False,none,False,n/a (short),n/a (short),bull @ 161.38 on 2026-06-02,bull @ 161.38 on 2026-06-02,bull,"128.01-136.5 (2026-05-04, mitigated)","103.0-113.0 (2026-03-25, mitigated)",False,4,0,129.9-133.92 (2026-05-20),none,none,none,none,0,0,Premium,96.9,166.4,88.22,False,ranging,ranging,True
NRBBEARING,356.45,"282.1-293.95 (Moderate, tested, 21.26% away)",False,Moderate,False,none,False,"212.55-261.8 (Moderate, FRESH, 36.15% away)",none,bull @ 308.0 on 2026-05-08,bull @ 278.8 on 2026-04-16,bull,"230.0-243.75 (2026-01-21, mitigated)","248.0-258.6 (2026-03-17, mitigated)",False,8,2,305.0-318.0 (2026-05-11),361.4-367.95 (2026-06-02),none,279.55,none,1,1,Premium,81.1,390.0,212.55,False,bullish (HH/HL),bearish (LH/LL),False
BHARATWIRE,217.23,"166.41-187.1 (Moderate, FRESH, 16.1% away)",True,Moderate,False,none,False,"148.01-175.73 (Moderate, FRESH, 23.62% away)",none,bull @ 249.9 on 2026-05-08,bull @ 166.81 on 2026-03-18,bull,"228.35-238.8 (2026-05-07, mitigated)","166.03-176.89 (2026-01-28, mitigated)",False,5,1,187.1-227.02 (2026-04-20),226.0-231.48 (2026-06-01),none,174.75,none,1,2,Premium,60.7,262.0,148.01,False,bearish (LH/LL),bearish (LH/LL),True
CEMPRO,1041.7,"660.0-815.25 (Moderate, FRESH, 27.78% away)",True,Moderate,False,none,False,"643.0-982.8 (Moderate, FRESH, 5.99% away)",none,bull @ 938.0 on 2026-05-26,bull @ 566.15 on 2026-04-08,bull,"852.0-889.9 (2026-05-22, UNMITIGATED)","534.15-566.15 (2026-03-25, mitigated)",True,12,0,992.95-1025.1 (2026-06-01),none,none,805.0,none,0,2,Premium,91.8,1089.9,503.3,False,bullish (HH/HL),bearish (LH/LL),False
AZAD,2066.1,"1855.9-1985.0 (Moderate, tested, 4.09% away)",False,Moderate,True,"2070.0-2202.8 (Moderate, tested, 0.19% above)",True,none,none,bull @ 2267.5 on 2026-05-08,bull @ 1601.9 on 2026-04-08,bull,"1890.1-1958.0 (2026-05-19, mitigated)","2090.6-2194.0 (2026-05-14, mitigated)",False,6,1,1847.0-1858.0 (2026-04-17),2202.8-2234.9 (2026-05-12),none,1613.45,none,0,3,Premium,71.3,2350.0,1360.0,False,ranging,ranging,True
WSTCSTPAPR,520.75,"473.6-512.75 (Moderate, tested, 1.56% away)",False,Moderate,True,none,False,"385.0-423.75 (Moderate, tested, 22.89% away)",none,bear @ 473.6 on 2026-05-14,bear @ 473.6 on 2026-05-14,bear,"476.5-495.9 (2026-04-29, mitigated)","490.5-526.0 (2026-05-27, mitigated)",False,4,0,482.1-492.0 (2026-05-26),none,none,none,none,1,0,Premium,89.1,538.65,375.0,False,ranging,ranging,True
SKIPPER,572.4,"401.85-436.55 (Moderate, tested, 31.12% away)",False,Moderate,False,none,False,"434.5-523.9 (Moderate, FRESH, 9.26% away)",none,bull @ 487.4 on 2026-05-26,bull @ 361.55 on 2026-04-08,bull,"457.05-473.95 (2026-05-21, UNMITIGATED)","344.45-356.0 (2026-03-19, mitigated)",True,10,0,529.7-542.85 (2026-06-01),none,none,435.43,none,3,3,Premium,98.4,576.5,327.05,False,ranging,bearish (LH/LL),False
AKUMS,531.25,none,,none,False,none,False,none,none,bull @ 547.45 on 2026-05-04,bull @ 492.95 on 2026-03-10,bull,"458.4-472.0 (2026-03-30, UNMITIGATED)","546.8-561.0 (2026-05-08, mitigated)",True,2,0,472.0-479.55 (2026-04-02),none,none,457.35,none,2,2,Premium,77.3,567.0,409.3,False,bearish (LH/LL),bearish (LH/LL),True
KEI,5261.5,"4711.1-5110.0 (Moderate, tested, 2.96% away)",False,Moderate,True,"4670.5-5174.5 (Moderate, tested, -11.23% above)",False,"3728.7-4587.3 (Moderate, tested, 14.7% away)","4450.0-5303.0 (Moderate, tested, -15.42% away)",bull @ 5247.8 on 2026-05-22,bull @ 4424.0 on 2026-04-08,bull,"4687.6-4849.9 (2026-02-23, mitigated)","5306.4-5455.0 (2026-05-27, mitigated)",False,4,0,4694.0-4725.4 (2026-04-20),none,none,4069.5,none,3,3,Premium,87.7,5476.3,3728.7,False,ranging,bullish (HH/HL),False
TRITURBINE,689.25,"557.2-612.9 (Moderate, FRESH, 12.46% away)",True,Moderate,False,none,False,"512.85-612.9 (Moderate, FRESH, 12.46% away)",none,bull @ 738.0 on 2026-05-29,bull @ 481.8 on 2026-04-17,bull,"590.0-612.4 (2026-05-18, UNMITIGATED)","724.5-787.6 (2026-05-29, UNMITIGATED)",True,6,1,664.0-693.0 (2026-05-22),695.4-724.5 (2026-06-02),none,529.72,none,3,6,Premium,72.6,787.6,428.35,False,bullish (HH/HL),bearish (LH/LL),False
GROWW,190.81,"142.4-147.25 (Moderate, tested, 29.58% away)",False,Moderate,False,none,False,"146.0-166.56 (Moderate, FRESH, 14.56% away)",none,bear @ 204.0 on 2026-05-11,bear @ 204.0 on 2026-05-11,bear,"193.52-205.55 (2026-04-20, mitigated)","219.0-223.7 (2026-05-05, UNMITIGATED)",False,3,3,169.84-180.19 (2026-04-09),201.97-203.31 (2026-05-11),193.74,164.28,none,4,3,Premium,57.2,227.2,142.11,False,ranging,ranging,True
540545,36.5,"27.65-30.0 (Moderate, FRESH, 21.67% away)",True,Moderate,False,none,False,"27.2-38.97 (Moderate, tested, -6.34% away)",none,bear @ 40.28 on 2026-05-22,bear @ 40.28 on 2026-05-22,bear,"39.5-41.5 (2026-05-04, mitigated)","46.18-47.93 (2026-01-13, mitigated)",False,0,2,none,41.0-41.7 (2026-05-25),39.83,none,buy-side swept (bearish stop-hunt),2,1,Discount,41.7,49.49,27.2,True,bullish (HH/HL),bullish (HH/HL),True
RISHABH,516.8,"453.0-515.85 (Moderate, tested, 0.18% away)",False,Moderate,True,none,False,"278.0-443.75 (Moderate, tested, 16.46% away)",none,bull @ 545.0 on 2026-05-25,bull @ 545.0 on 2026-05-25,bull,"453.0-515.85 (2026-05-18, mitigated)","530.0-560.0 (2026-05-27, mitigated)",False,2,1,417.0-418.5 (2026-04-08),541.3-553.1 (2026-06-01),none,453.68,none,3,5,Premium,80.4,566.0,315.0,False,ranging,bullish (HH/HL),False
VISHNU,626.7,"505.0-545.0 (Moderate, FRESH, 14.99% away)",True,Moderate,False,none,False,"483.0-530.0 (Moderate, FRESH, 18.25% away)",none,bull @ 619.95 on 2026-06-02,bull @ 619.95 on 2026-06-02,bull,"563.15-593.95 (2026-04-20, mitigated)","595.9-607.3 (2026-05-25, mitigated)",False,2,0,545.0-577.65 (2026-04-17),none,none,504.23,none,5,4,Premium,86.0,652.0,471.2,False,ranging,ranging,True
TATASTEEL,210.6,"185.79-195.2 (Moderate, tested, 7.89% away)",False,Moderate,True,"204.5-216.45 (Moderate, tested, -2.9% above)",False,"160.06-173.17 (Moderate, FRESH, 21.61% away)",none,bear @ 211.5 on 2026-05-18,bear @ 211.5 on 2026-05-18,bear,"211.52-215.0 (2026-05-11, mitigated)","210.7-218.96 (2026-05-27, mitigated)",False,2,2,198.42-204.06 (2026-04-09),211.4-214.7 (2026-06-01),211.25,209.03,sell-side swept (bullish stop-hunt),4,5,Premium,78.6,224.4,160.06,False,bearish (LH/LL),bullish (HH/HL),False
INOXINDIA,1452.2,"1202.7-1325.0 (Moderate, FRESH, 9.6% away)",True,Moderate,False,none,False,"1117.0-1325.0 (Moderate, FRESH, 9.6% away)",none,bull @ 1508.6 on 2026-05-27,bull @ 1508.6 on 2026-05-27,bull,"1463.0-1504.9 (2026-04-20, mitigated)","1495.5-1564.7 (2026-05-07, mitigated)",False,2,1,1325.0-1444.3 (2026-04-15),1460.2-1480.0 (2026-06-02),none,1151.57,none,5,4,Premium,70.1,1615.9,1068.2,False,bearish (LH/LL),bullish (HH/HL),False
ELECTHERM,1028.3,"750.0-830.6 (Moderate, FRESH, 23.8% away)",True,Moderate,False,"952.55-1049.95 (Moderate, tested, -7.37% above)",False,"980.0-1189.0 (Moderate, tested, -13.52% away)","1060.0-1280.4 (Moderate, tested, 3.08% away)",bull @ 885.6 on 2026-06-01,bull @ 885.6 on 2026-06-01,bull,"756.1-815.0 (2026-05-27, UNMITIGATED)","749.7-778.7 (2026-04-21, mitigated)",True,6,0,779.4-844.05 (2026-06-01),none,none,775.23,sell-side swept (bullish stop-hunt),2,1,Premium,87.1,1099.0,551.0,False,bearish (LH/LL),bearish (LH/LL),True
PANACEABIO,430.6,"346.6-369.0 (Moderate, tested, 16.69% away)",False,Moderate,False,"429.6-446.5 (Moderate, tested, -0.23% above)",False,none,"393.05-450.05 (Moderate, tested, -8.72% away)",bull @ 414.5 on 2026-05-19,bull @ 339.95 on 2026-04-15,bull,"382.0-391.4 (2026-05-14, mitigated)","324.2-339.8 (2026-03-25, mitigated)",False,3,0,390.55-408.2 (2026-05-19),none,449.02,363.32,none,5,3,Premium,88.8,448.0,292.4,False,bullish (HH/HL),bearish (LH/LL),False
GANDHAR,155.79,"136.25-141.8 (Moderate, tested, 9.87% away)",False,Moderate,False,none,False,"120.56-147.38 (Moderate, tested, 5.71% away)",none,bull @ 165.2 on 2026-05-25,bull @ 133.29 on 2026-04-08,bull,"139.51-142.71 (2026-05-13, UNMITIGATED)","165.5-172.2 (2026-05-25, mitigated)",True,4,0,144.9-147.5 (2026-05-18),none,165.3,147.86,buy-side swept (bearish stop-hunt),2,3,Premium,63.8,178.95,115.0,False,bullish (HH/HL),ranging,False
530145,34.77,"23.85-29.38 (Moderate, tested, 18.35% away)",False,Moderate,False,none,False,none,none,bull @ 38.65 on 2026-05-12,bull @ 26.0 on 2026-04-07,bull,"27.25-29.0 (2026-04-16, UNMITIGATED)","38.0-41.48 (2026-05-13, mitigated)",True,4,0,31.0-33.0 (2026-04-21),none,38.62,27.01,none,2,3,Premium,63.4,42.4,21.57,False,ranging,bearish (LH/LL),False
SIS,412.5,"335.7-369.9 (Moderate, tested, 11.52% away)",False,Moderate,False,none,False,none,none,bull @ 409.5 on 2026-06-02,bull @ 296.7 on 2026-04-09,bull,"352.0-369.0 (2026-04-30, mitigated)","343.75-352.0 (2026-02-10, mitigated)",False,6,0,343.25-347.05 (2026-04-29),none,none,329.5,none,3,2,Premium,93.2,423.9,257.05,False,ranging,ranging,True
MMFL,442.55,"350.65-401.1 (Moderate, tested, 10.33% away)",False,Moderate,False,"471.4-511.5 (Moderate, tested, 6.52% above)",False,"323.05-384.95 (Moderate, tested, 14.96% away)",none,bear @ 478.1 on 2026-05-11,bear @ 478.1 on 2026-05-11,bear,"364.85-398.4 (2026-03-30, mitigated)","458.0-477.0 (2026-05-26, mitigated)",False,1,1,418.5-435.3 (2026-04-09),476.1-490.0 (2026-05-12),none,425.75,none,2,1,Equilibrium,54.5,526.95,341.35,False,bearish (LH/LL),bullish (HH/HL),False
TIPSMUSIC,672.3,"559.5-609.45 (Moderate, FRESH, 10.31% away)",True,Moderate,False,"638.3-686.0 (Moderate, tested, -5.06% above)",False,"483.0-539.95 (Moderate, tested, 24.51% away)",none,bull @ 670.0 on 2026-05-22,bull @ 522.15 on 2026-03-18,bull,"592.6-609.45 (2026-04-22, UNMITIGATED)","652.05-686.0 (2026-05-22, mitigated)",True,5,0,609.45-652.8 (2026-04-24),none,692.05,521.19,none,5,3,Premium,90.6,692.1,481.15,False,ranging,ranging,True
HINDZINC,625.1,"482.0-532.0 (Moderate, tested, 17.5% away)",False,Moderate,False,"688.05-733.0 (Moderate, FRESH, 10.07% above)",False,"453.5-509.6 (Moderate, tested, 22.66% away)","588.15-710.0 (Moderate, tested, -5.91% away)",bull @ 633.3 on 2026-05-06,bull @ 568.35 on 2026-04-15,bull,"572.8-598.5 (2026-04-24, mitigated)","629.65-648.4 (2026-05-26, mitigated)",False,8,2,614.3-634.6 (2026-05-07),639.95-648.85 (2026-06-01),633.65,573.9,buy-side swept (bearish stop-hunt),2,2,Premium,57.0,733.0,482.0,False,ranging,ranging,True
530883,9.94,none,,none,False,"9.95-10.71 (Moderate, tested, 0.1% above)",True,none,none,bull @ 9.99 on 2026-05-25,bull @ 8.09 on 2026-04-08,bull,"9.18-9.7 (2026-05-20, UNMITIGATED)","9.26-9.99 (2026-05-15, mitigated)",True,2,1,8.6-8.9 (2026-04-17),10.75-11.0 (2026-06-01),9.99,9.03,buy-side swept (bearish stop-hunt),5,6,Premium,63.5,11.73,6.82,False,ranging,ranging,True
GALAPREC,904.9,"735.15-759.1 (Moderate, tested, 19.21% away)",False,Moderate,False,none,False,"710.0-795.95 (Moderate, FRESH, 13.69% away)",none,bull @ 920.05 on 2026-05-26,bull @ 784.0 on 2026-04-17,bull,"825.95-844.05 (2026-05-20, UNMITIGATED)","874.9-950.0 (2026-05-26, mitigated)",True,3,2,871.45-874.9 (2026-05-26),911.95-915.1 (2026-06-02),none,713.38,none,3,2,Premium,76.5,976.6,671.2,False,bullish (HH/HL),ranging,False
PREMIERPOL,55.85,"39.15-44.4 (Moderate, tested, 25.79% away)",False,Moderate,False,none,False,"39.1-44.4 (Moderate, tested, 25.79% away)",none,bear @ 52.01 on 2026-05-18,bear @ 52.01 on 2026-05-18,bear,"54.89-57.8 (2026-03-09, mitigated)","56.0-59.4 (2026-05-11, mitigated)",False,1,0,52.9-53.95 (2026-05-20),none,59.45,39.12,none,1,2,Premium,57.6,68.87,38.16,False,bullish (HH/HL),bullish (HH/HL),True
NOVARTIND,1465.5,"1165.1-1260.0 (Moderate, FRESH, 16.31% away)",True,Moderate,False,none,False,n/a (short),n/a (short),bull @ 1275.0 on 2026-05-20,none,bull,"1165.1-1224.0 (2026-05-18, UNMITIGATED)",none,True,7,0,1220.2-1287.0 (2026-05-21),none,none,none,none,0,0,Premium,86.5,1589.2,672.25,False,ranging,n/a,
KOVAI,5342.0,none,,none,False,none,False,n/a (short),n/a (short),bear @ 5530.0 on 2026-05-12,none,bear,none,"5611.0-5771.0 (2026-05-06, mitigated)",False,2,0,2576.65-5350.1 (2026-04-20),none,none,5285.0,sell-side swept (bullish stop-hunt),0,1,Premium,79.6,6052.6,2576.65,False,bearish (LH/LL),n/a,
NITTAGELA,1642.0,"1310.0-1449.0 (Moderate, FRESH, 13.32% away)",True,Moderate,False,none,False,n/a (short),n/a (short),bull @ 1350.0 on 2026-05-22,none,bull,"1310.0-1354.0 (2026-05-19, UNMITIGATED)",none,True,6,0,1449.0-1551.2 (2026-05-26),none,none,none,none,0,0,Premium,94.1,1690.0,882.0,False,ranging,n/a,
SEDEMAC,2326.0,"1480.0-1568.5 (Moderate, FRESH, 48.29% away)",True,Moderate,False,none,False,n/a (short),n/a (short),bull @ 2175.0 on 2026-06-01,none,bull,"1657.0-1705.0 (2026-04-23, UNMITIGATED)","1673.0-1817.9 (2026-04-07, mitigated)",True,4,0,2075.0-2101.4 (2026-05-27),none,none,none,none,0,0,Premium,97.2,2352.0,1413.1,False,bullish (HH/HL),ranging,False
ELPROINTL,167.65,none,,none,False,none,False,n/a (short),n/a (short),bull @ 170.7 on 2026-05-22,none,bull,none,none,False,6,0,151.0-163.0 (2026-05-12),none,none,none,none,0,0,Premium,87.0,177.5,102.0,False,ranging,n/a,
CMPDI,235.55,none,,none,False,none,False,n/a (short),n/a (short),bull @ 193.0 on 2026-05-04,none,bull,"212.6-223.3 (2026-05-11, mitigated)",none,False,5,1,201.9-206.49 (2026-05-08),240.9-248.16 (2026-06-01),none,none,none,0,0,Premium,75.2,263.65,150.16,False,ranging,n/a,
EMPOWER,2.22,none,,none,False,none,False,n/a (short),n/a (short),none,none,none,none,none,False,10,11,2.14-2.35 (2026-05-07),2.22-2.3 (2026-06-02),none,none,none,0,0,Premium,60.5,2.82,1.3,False,ranging,n/a,
COCKERILL,7593.5,"5350.5-5700.0 (Moderate, FRESH, 33.22% away)",True,Moderate,False,none,False,n/a (short),n/a (short),bull @ 5715.0 on 2026-05-22,none,bull,"6336.0-6650.0 (2026-05-26, UNMITIGATED)",none,True,8,0,7400.0-7475.0 (2026-06-02),none,none,none,none,0,0,Premium,84.0,8085.5,5015.25,False,ranging,n/a,
KPL,2298.8,none,,none,False,none,False,n/a (short),n/a (short),bull @ 1769.0 on 2026-05-18,none,bull,"1654.0-1735.0 (2026-05-14, UNMITIGATED)",none,True,2,0,2140.0-2150.0 (2026-05-26),none,none,none,none,0,0,Premium,89.2,2388.0,1561.0,False,ranging,n/a,
DECNGOLD,165.8,"135.9-159.0 (Moderate, FRESH, 4.28% away)",True,Moderate,True,none,False,n/a (short),n/a (short),bull @ 127.5 on 2026-05-19,bull @ 127.5 on 2026-05-19,bull,"140.8-146.8 (2026-05-22, UNMITIGATED)",none,True,4,0,150.21-164.6 (2026-05-27),none,none,none,none,0,0,Premium,76.5,181.5,114.8,False,ranging,n/a,
POWERICA,543.75,none,,none,False,none,False,n/a (short),n/a (short),bull @ 499.55 on 2026-05-08,none,bull,"441.45-456.15 (2026-04-24, UNMITIGATED)",none,True,5,1,505.6-518.2 (2026-05-14),559.9-571.5 (2026-06-01),none,none,none,0,0,Premium,80.8,586.3,365.1,False,bullish (HH/HL),n/a,
MMWL,13.49,none,,none,False,none,False,n/a (short),n/a (short),none,none,none,"13.52-15.02 (2026-05-12, mitigated)",none,False,2,0,12.39-15.11 (2026-05-07),none,none,none,none,0,0,Premium,61.1,16.34,9.02,False,ranging,n/a,
TIMEX,435.6,none,,none,False,none,False,n/a (short),n/a (short),bull @ 377.0 on 2026-05-22,none,bull,"369.3-387.0 (2026-05-26, UNMITIGATED)",none,True,5,0,423.55-438.1 (2026-06-01),none,none,332.15,none,0,1,Premium,79.3,465.0,323.0,False,ranging,n/a,
HALDYNGL,111.62,none,,none,False,none,False,n/a (short),n/a (short),bear @ 105.87 on 2026-05-18,bear @ 105.87 on 2026-05-18,bear,"101.0-105.0 (2026-05-20, UNMITIGATED)",none,True,3,0,105.0-108.46 (2026-05-22),none,119.95,none,none,1,0,Premium,76.1,120.0,85.0,False,ranging,n/a,
