symbol,name,exchange,yahoo_ticker,close,rsi,adx,macd_hist,vol_spike,dist_52wh_pct,adv_value_cr,atr_pct,prime_score,not_extended,checks,vcp_quality,vcp_status,struct,pd_zone,range_pos,near_demand,bull_bos,ob_support,gann_above_1x1,bearish_candle,last_candles,atr,pivot_entry,stop,struct_stop_ref,stop_pct,gann_T1,gann_T2,target2,rr,qty_per_10L,sec_bonus,phase7_score
544037,Amic Forging Ltd,BSE,544037.BO,1832.2,64.7,21.8,7.482,1.85,-3.82,18.59,3.72,9,True,111111111,Strong VCP,AT PIVOT (actionable),bullish (HH/HL),Premium,91.3,True,True,True,True,False,Inside Bar;NR7,68.24,1905.0,1782.17,1622.6,6.45,1948.9,1993.29,2381.25,3.88,81,8,17
APLLTD,Alembic Pharmaceuticals Limited,NSE,APLLTD.NS,823.7,69.3,29.6,7.797,5.34,-21.16,13.24,2.94,9,True,111111111,No VCP,BROKEN OUT (fresh),ranging,Premium,89.4,True,True,True,True,False,Inside Bar;Long-legged Doji;NR4,24.23,846.0,802.39,725.35,5.15,875.34,905.17,1057.5,4.85,229,7,16
HCG,Healthcare Global Enterprises Limited,NSE,HCG.NS,654.8,63.5,18.2,3.671,2.17,-18.62,9.95,2.88,9,True,111111111,No VCP,BROKEN OUT (fresh),bearish (LH/LL),Premium,87.5,True,True,True,True,False,Long-legged Doji;NR4;Three White Soldiers,18.89,655.05,621.05,590.6,5.19,680.89,707.24,818.81,4.82,294,7,16
VARROC,Varroc Engineering Limited,NSE,VARROC.NS,667.55,72.4,29.2,4.113,3.7,-3.91,7.44,3.12,9,True,111111111,Moderate VCP,BROKEN OUT (fresh),bullish (HH/HL),Premium,98.3,False,True,True,True,False,NR4,20.82,667.55,630.08,560.0,5.61,693.64,720.22,834.44,4.45,266,7,16
WSTCSTPAPR,West Coast Paper Mills Limited,NSE,WSTCSTPAPR.NS,529.4,59.6,18.1,2.185,6.38,-9.19,7.78,3.33,9,True,111111111,No VCP,AT PIVOT (actionable),ranging,Premium,86.7,True,True,True,True,False,Inside Bar;Long-legged Doji;NR4,17.6,553.0,521.32,482.0,5.73,576.77,601.03,691.25,4.36,315,7,16
GANESHHOU,GANESH HOUSING LIMITED,NSE,GANESHHOU.NS,810.5,72.3,22.8,0.313,1.92,-22.81,4.31,3.26,9,True,111111111,No VCP,BROKEN OUT (fresh),bearish (LH/LL),Premium,97.7,True,True,True,True,False,Hammer;Three White Soldiers;Tweezer Bottom,26.43,810.5,762.92,745.2,5.87,839.22,868.44,1013.12,4.26,210,7,16
PPLPHARMA,Piramal Pharma Limited,NSE,PPLPHARMA.NS,175.95,61.8,18.8,0.985,4.53,-20.33,127.18,3.44,9,True,111111111,No VCP,AT PIVOT (actionable),bearish (LH/LL),Premium,68.1,True,True,True,True,False,none,6.05,175.95,165.06,158.1,6.19,189.46,203.48,219.94,4.04,918,7,16
JTEKTINDIA,Jtekt India Limited,NSE,JTEKTINDIA.NS,146.92,65.7,28.9,1.931,31.88,-22.06,13.06,4.35,9,True,111111111,No VCP,BROKEN OUT (fresh),bullish (HH/HL),Premium,62.6,True,True,True,True,False,Inside Bar,6.39,159.5,148.0,119.1,7.21,172.38,185.76,199.38,3.47,869,7,16
SKYGOLD,SKY GOLD AND DIAMONDS LIMITED,NSE,SKYGOLD.NS,560.0,63.8,23.9,3.326,1.53,-5.08,78.29,4.42,9,False,111111111,Strong VCP,BROKEN OUT (fresh),bearish (LH/LL),Premium,89.7,True,True,True,True,False,Bullish Engulfing,24.76,578.95,534.38,485.5,7.7,603.26,628.07,723.69,3.25,224,7,16
SIGNPOST,Signpost India Limited,NSE,SIGNPOST.NS,299.7,63.3,24.4,6.009,20.7,-7.5,19.45,5.99,9,True,111111111,No VCP,BROKEN OUT (fresh),bearish (LH/LL),Premium,81.7,True,True,True,True,False,Inside Bar;Long-legged Doji;NR4,17.95,324.0,291.68,236.4,9.98,342.25,361.0,405.0,2.51,309,7,16
INDHOTEL,The Indian Hotels Company Limited,NSE,INDHOTEL.NS,728.6,66.1,20.7,0.009,2.16,-10.27,164.28,1.93,9,True,111111111,No VCP,AT PIVOT (actionable),bullish (HH/HL),Premium,93.5,False,True,True,True,False,none,14.09,740.0,714.64,645.6,3.43,767.45,795.41,925.0,7.29,394,6,15
MSUMI,Motherson Sumi Wiring India Limited,NSE,MSUMI.NS,41.3,61.6,21.0,0.425,1.74,-22.93,58.94,2.86,8,True,111111101,No VCP,AT PIVOT (actionable),ranging,Discount,39.6,True,True,True,True,False,Inside Bar;NR4;Three White Soldiers,1.18,42.19,40.06,36.32,5.05,48.94,56.18,56.18,6.57,4694,7,15
BAJAJFINSV,Bajaj Finserv Limited,NSE,BAJAJFINSV.NS,1895.6,70.8,24.6,14.544,1.93,-13.64,186.95,2.14,9,True,111111111,No VCP,BROKEN OUT (fresh),bearish (LH/LL),Premium,62.5,False,True,True,True,False,Three White Soldiers,40.54,1895.6,1822.63,1640.5,3.85,1939.39,1983.68,2369.5,6.49,137,6,15
SHRIRAMFIN,Shriram Finance Limited,NSE,SHRIRAMFIN.NS,1063.6,71.2,27.6,7.406,1.95,-4.01,562.09,2.34,9,True,111111111,No VCP,BROKEN OUT (fresh),ranging,Premium,81.8,False,True,True,True,False,none,24.92,1071.0,1026.14,879.1,4.19,1103.98,1137.45,1338.75,5.97,222,6,15
DLF,DLF Limited,NSE,DLF.NS,675.9,71.4,23.6,5.134,1.78,-21.08,227.07,2.58,9,True,111111111,No VCP,BROKEN OUT (fresh),bullish (HH/HL),Premium,91.3,False,True,True,True,False,NR4;Three White Soldiers,17.41,675.9,644.56,555.5,4.64,702.15,728.9,844.88,5.39,319,6,15
AGARWALEYE,Dr. Agarwal's Health Care Limited,NSE,AGARWALEYE.NS,477.6,58.0,24.2,1.322,0.82,-15.92,3.79,2.68,8,True,111011111,No VCP,AT PIVOT (actionable),ranging,Premium,61.8,True,True,True,True,False,Inside Bar,12.81,492.25,469.2,437.0,4.68,514.69,537.62,615.31,5.34,433,7,15
CEATLTD,CEAT Limited,NSE,CEATLTD.NS,3799.4,70.9,17.4,39.791,2.61,-14.39,67.85,2.65,8,True,110111111,No VCP,BROKEN OUT (fresh),ranging,Premium,69.2,True,True,True,True,False,NR4;Three White Soldiers,100.66,3829.0,3647.82,3061.2,4.73,3891.13,3953.76,4786.25,5.28,55,7,15
IKS,Inventurus Knowledge Solutions Limited,NSE,IKS.NS,1861.2,73.8,36.4,15.668,5.97,-1.05,43.09,2.79,7,True,110111110,Moderate VCP,BROKEN OUT (fresh),ranging,Premium,96.8,True,True,True,True,False,Three White Soldiers,51.94,1861.2,1767.71,1619.2,5.02,1904.59,1948.48,2326.5,4.98,106,8,15
EPL,EPL Limited,NSE,EPL.NS,237.17,63.8,19.9,0.432,2.27,-3.37,14.33,2.82,9,True,111111111,No VCP,BROKEN OUT (fresh),ranging,Premium,88.0,False,True,True,True,False,Inverted Hammer;Three White Soldiers,6.68,237.99,225.97,207.68,5.05,253.67,269.84,297.49,4.95,831,6,15
TIPSMUSIC,Tips Music Limited,NSE,TIPSMUSIC.NS,684.65,63.0,18.4,3.399,2.16,-5.79,16.83,3.17,9,True,111111111,No VCP,BROKEN OUT (fresh),bearish (LH/LL),Premium,82.9,False,True,True,True,False,Doji;Inside Bar;NR4;Three White Soldiers,21.68,726.75,687.73,620.5,5.37,753.96,781.67,908.44,4.66,256,6,15
SHARDAMOTR,Sharda Motor Industries Limited,NSE,SHARDAMOTR.NS,898.55,66.8,22.6,11.264,2.1,-28.0,5.61,3.07,8,True,111111101,No VCP,BROKEN OUT (fresh),bearish (LH/LL),Premium,62.7,True,True,True,True,False,Inside Bar;Three White Soldiers,27.63,918.95,869.22,764.5,5.41,949.51,980.58,1148.69,4.62,201,7,15
JUBLINGREA,Jubilant Ingrevia Limited,NSE,JUBLINGREA.NS,678.95,61.1,18.3,6.78,2.37,-20.29,17.8,3.12,8,True,111111011,No VCP,BROKEN OUT (fresh),bearish (LH/LL),Premium,61.0,True,True,True,True,False,Long-legged Doji;Three White Soldiers,21.2,678.95,640.79,600.0,5.62,705.26,732.06,848.69,4.45,262,7,15
TVSSRICHAK,TVS Srichakra Limited,NSE,TVSSRICHAK.NS,4229.0,60.0,28.9,7.849,2.21,-11.45,2.54,3.27,9,True,111111111,No VCP,AT PIVOT (actionable),bullish (HH/HL),Premium,65.9,False,True,True,True,False,Inside Bar,138.39,4399.0,4149.9,3834.6,5.66,4465.57,4532.65,5498.75,4.41,40,6,15
GRAVITA,Gravita India Limited,NSE,GRAVITA.NS,1724.4,59.5,21.8,0.832,2.14,-11.52,35.38,3.29,8,True,111110111,No VCP,AT PIVOT (actionable),ranging,Premium,79.0,True,True,True,True,False,Morning Star,56.72,1784.6,1682.5,1540.0,5.72,1827.09,1870.09,2230.75,4.37,97,7,15
M&MFIN,Mahindra & Mahindra Financial Services Limited,NSE,M&MFIN.NS,334.05,67.1,14.7,3.617,3.29,-18.96,116.77,3.25,8,True,110111111,No VCP,BROKEN OUT (fresh),ranging,Equilibrium,49.4,True,True,True,True,False,Morning Star;NR4,10.85,334.05,314.52,274.35,5.85,352.58,371.6,417.56,4.28,512,7,15
AMBIKCO,Ambika Cotton Mills Limited,NSE,AMBIKCO.NS,1735.6,59.5,41.5,3.052,1.27,-4.44,3.24,3.43,7,True,110011111,Moderate VCP,AT PIVOT (actionable),bullish (HH/HL),Premium,88.7,True,True,True,True,False,NR4,59.49,1816.3,1709.22,1556.1,5.9,1859.17,1902.54,2270.38,4.24,93,8,15
DIAMONDYD,Prataap Snacks Limited,NSE,DIAMONDYD.NS,1204.7,65.8,34.4,3.649,2.08,-1.53,8.38,3.39,7,True,110111110,Moderate VCP,BROKEN OUT (fresh),bearish (LH/LL),Premium,96.0,True,True,True,True,False,NR4,40.83,1204.7,1131.21,1082.0,6.1,1239.66,1275.12,1505.88,4.1,136,8,15
ZUARI,Zuari Agro Chemicals Limited,NSE,ZUARI.NS,241.2,62.2,26.5,0.562,2.43,-38.71,6.42,3.73,8,True,111111110,No VCP,AT PIVOT (actionable),bullish (HH/HL),Equilibrium,47.8,True,True,True,True,False,none,9.0,254.0,237.8,209.05,6.38,270.19,286.87,317.5,3.92,617,7,15
FIVESTAR,Five-Star Business Finance Limited,NSE,FIVESTAR.NS,550.4,73.8,28.6,6.0,2.02,-30.72,67.19,3.59,9,True,111111111,No VCP,BROKEN OUT (fresh),bullish (HH/HL),Premium,96.1,False,True,True,True,False,Three White Soldiers,19.78,550.4,514.8,415.35,6.47,574.11,598.32,688.0,3.87,280,6,15
NDRAUTO,Ndr Auto Components Limited,NSE,NDRAUTO.NS,887.8,65.9,22.6,4.532,3.54,-27.23,3.58,3.8,8,True,111110111,No VCP,BROKEN OUT (fresh),bullish (HH/HL),Premium,86.8,True,True,True,True,False,Bullish Marubozu;Three White Soldiers,33.72,895.0,834.31,771.9,6.78,925.17,955.83,1118.75,3.69,164,7,15
MOSCHIP,Moschip Technologies Limited,NSE,MOSCHIP.NS,223.55,62.3,19.9,0.432,4.87,-22.5,64.76,3.87,9,True,111111111,No VCP,BROKEN OUT (fresh),ranging,Premium,85.4,True,True,False,True,False,Inside Bar;Morning Star;NR4,8.65,229.6,214.03,198.61,6.78,245.0,260.91,287.0,3.69,642,6,15
PATELRMART,Patel Retail Limited,NSE,PATELRMART.NS,236.32,70.0,23.3,0.649,11.83,-22.52,4.78,4.1,9,True,111111111,No VCP,BROKEN OUT (fresh),bullish (HH/HL),Premium,93.8,False,True,True,True,False,Inverted Hammer;Tweezer Bottom,9.7,236.32,218.87,183.0,7.38,251.94,268.07,295.4,3.39,573,6,15
NELCAST,Nelcast Limited,NSE,NELCAST.NS,142.78,56.0,30.3,0.607,13.13,-21.07,4.3,4.62,8,True,110111111,No VCP,BROKEN OUT (fresh),bearish (LH/LL),Premium,65.1,True,True,True,True,False,Inside Bar;Morning Star,6.59,158.68,146.81,131.51,7.48,171.53,184.87,198.35,3.34,842,7,15
LUPIN,Lupin Limited,NSE,LUPIN.NS,2476.0,72.6,26.2,13.595,1.87,-0.72,253.47,1.9,8,True,111111110,No VCP,BROKEN OUT (fresh),bullish (HH/HL),Premium,95.7,True,True,False,True,False,NR4,47.03,2476.0,2391.35,2232.2,3.42,2526.01,2576.52,3095.0,7.31,118,6,14
SWARAJENG,Swaraj Engines Limited,NSE,SWARAJENG.NS,3939.9,53.8,22.2,12.241,3.96,-16.53,5.5,1.99,8,True,011111111,No VCP,AT PIVOT (actionable),ranging,Premium,58.4,False,True,True,True,False,Three White Soldiers,78.57,4118.0,3976.57,3680.0,3.43,4182.42,4247.34,5147.5,7.28,70,6,14
UNITDSPR,United Spirits Limited,NSE,UNITDSPR.NS,1393.3,65.3,15.7,5.858,2.06,-6.36,118.35,2.12,8,True,110111111,No VCP,AT PIVOT (actionable),ranging,Premium,82.8,True,True,False,True,False,Three White Soldiers,29.48,1395.9,1342.83,1229.2,3.8,1433.51,1471.62,1744.88,6.58,188,6,14
HDFCAMC,HDFC Asset Management Company Limited,NSE,HDFCAMC.NS,2800.2,63.2,14.9,19.225,1.92,-5.63,223.44,2.34,8,True,110111111,No VCP,BROKEN OUT (fresh),ranging,Premium,85.4,False,True,True,True,False,NR4;Three White Soldiers,65.46,2800.2,2682.38,2380.8,4.21,2853.37,2907.03,3500.25,5.94,84,6,14
AUBANK,AU Small Finance Bank Limited,NSE,AUBANK.NS,1058.4,61.2,26.8,2.696,5.4,-1.96,191.82,2.41,7,True,111110110,Moderate VCP,AT PIVOT (actionable),bullish (HH/HL),Premium,91.5,True,True,False,True,False,NR4;Three White Soldiers,25.56,1079.2,1033.19,947.25,4.26,1112.3,1145.9,1349.0,5.86,217,7,14
SONACOMS,Sona BLW Precision Forgings Limited,NSE,SONACOMS.NS,660.1,74.2,27.2,4.262,3.56,-1.86,131.66,2.52,8,False,111111110,No VCP,BROKEN OUT (fresh),bullish (HH/HL),Premium,94.7,True,True,True,True,False,Inside Bar;NR4,16.61,672.6,642.7,582.1,4.45,698.78,725.47,840.75,5.62,334,6,14
MANKIND,Mankind Pharma Limited,NSE,MANKIND.NS,2528.6,61.0,30.3,5.536,1.23,-6.92,149.88,2.6,6,True,110010111,Moderate VCP,AT PIVOT (actionable),bullish (HH/HL),Premium,84.9,True,True,True,True,False,Inside Bar;Morning Star;NR4,65.64,2604.0,2485.85,2299.0,4.54,2655.28,2707.06,3255.0,5.51,84,8,14
3MINDIA,3M India Limited,NSE,3MINDIA.NS,35235.0,71.5,16.5,178.733,3.04,-7.35,14.78,2.52,8,True,110111111,No VCP,BROKEN OUT (fresh),ranging,Premium,69.9,False,True,True,True,False,Three White Soldiers,888.41,35235.0,33635.86,31010.0,4.54,35422.96,35611.42,44043.75,5.51,6,6,14
HDBFS,HDB Financial Services Limited,NSE,HDBFS.NS,747.05,67.6,28.3,3.484,1.35,-16.24,42.99,2.6,8,True,111011111,No VCP,BROKEN OUT (fresh),bearish (LH/LL),Premium,82.1,False,True,True,True,False,NR4,19.41,759.8,724.86,613.2,4.6,787.61,815.93,949.75,5.44,286,6,14
GMBREW,GM Breweries Limited,NSE,GMBREW.NS,977.6,67.2,26.4,8.62,1.89,-26.43,4.04,2.58,8,True,111111011,No VCP,BROKEN OUT (fresh),ranging,Discount,41.3,True,True,False,True,False,NR4;Three White Soldiers,25.25,989.1,943.66,860.0,4.59,1020.8,1053.0,1236.38,5.44,220,6,14
SOBHA,Sobha Limited,NSE,SOBHA.NS,1442.9,60.4,21.9,4.809,2.34,-16.72,21.03,2.77,9,True,111111111,No VCP,BROKEN OUT (fresh),ranging,Premium,69.5,False,False,True,True,False,Long-legged Doji;NR4;Three White Soldiers,39.94,1462.5,1390.61,1265.0,4.92,1500.99,1539.99,1828.12,5.09,139,5,14
BDL,Bharat Dynamics Limited,NSE,BDL.NS,1388.2,62.2,24.9,9.052,1.83,-31.06,180.09,2.88,7,True,111110101,No VCP,AT PIVOT (actionable),bullish (HH/HL),Premium,59.5,True,True,True,True,False,NR4;Three White Soldiers,39.93,1440.5,1368.62,1155.2,4.99,1478.7,1517.41,1800.62,5.01,139,7,14
EXIDEIND,Exide Industries Limited,NSE,EXIDEIND.NS,416.6,66.6,23.6,1.537,5.35,-3.34,150.29,2.81,9,True,111111111,Moderate VCP,BROKEN OUT (fresh),ranging,Premium,95.5,True,True,True,True,True,Inside Bar;Three White Soldiers;Tweezer Top,11.71,422.7,401.62,377.7,4.99,443.51,464.82,528.38,5.01,474,8,14
WAAREERTL,Waaree Renewable Technologies Limited,NSE,WAAREERTL.NS,1020.3,57.9,20.3,4.997,2.43,-24.87,23.92,2.9,9,True,111111111,No VCP,AT PIVOT (actionable),ranging,Premium,57.0,False,True,False,True,False,Inside Bar;NR4,29.54,1062.0,1008.83,918.0,5.01,1094.84,1128.18,1327.5,4.99,188,5,14
MANGLMCEM,Mangalam Cement Limited,NSE,MANGLMCEM.NS,926.4,66.0,29.2,5.22,3.5,-4.29,6.88,2.93,9,True,111111111,Moderate VCP,AT PIVOT (actionable),ranging,Premium,82.9,True,True,True,True,True,Bullish Engulfing;Evening Star;Outside Bar,27.14,967.95,919.09,816.2,5.05,999.31,1031.17,1209.94,4.95,204,8,14
PNCINFRA,PNC Infratech Limited,NSE,PNCINFRA.NS,236.0,67.2,26.0,1.25,1.13,-28.87,11.73,2.9,7,True,111010111,No VCP,AT PIVOT (actionable),ranging,Premium,88.8,True,True,True,True,False,Outside Bar;Three White Soldiers,6.83,239.0,226.7,196.15,5.15,254.71,270.92,298.75,4.86,813,7,14
PARADEEP,Paradeep Phosphates Limited,NSE,PARADEEP.NS,146.59,73.4,24.1,0.897,3.32,-37.46,69.3,2.86,8,True,111111110,No VCP,BROKEN OUT (fresh),bullish (HH/HL),Premium,88.2,False,True,True,True,False,NR4;Three White Soldiers,4.19,146.59,139.05,120.49,5.14,158.95,171.8,183.24,4.86,1326,6,14
MAMATA,Mamata Machinery Limited,NSE,MAMATA.NS,409.0,59.4,21.4,4.438,1.12,-24.4,3.43,2.96,8,True,111011111,No VCP,AT PIVOT (actionable),bearish (LH/LL),Premium,74.2,False,True,True,True,False,Outside Bar,12.12,422.0,400.19,345.0,5.17,442.79,464.09,527.5,4.84,458,6,14
ANANTRAJ,Anant Raj Limited,NSE,ANANTRAJ.NS,554.7,60.0,9.8,0.784,1.46,-25.41,149.22,3.15,7,True,110011111,No VCP,BROKEN OUT (fresh),ranging,Premium,77.5,True,True,True,True,False,none,17.47,598.8,567.36,510.3,5.25,623.52,648.74,748.5,4.76,318,7,14
JAMNAAUTO,Jamna Auto Industries Limited,NSE,JAMNAAUTO.NS,138.75,66.8,26.8,0.82,2.41,-9.08,29.2,3.0,9,True,111111111,No VCP,BROKEN OUT (fresh),bullish (HH/HL),Premium,68.1,False,True,False,True,False,none,4.17,140.0,132.5,113.94,5.36,152.08,164.66,175.0,4.67,1333,5,14
FILATEX,Filatex India Limited,NSE,FILATEX.NS,55.95,68.8,28.6,-0.226,3.82,-15.36,6.19,3.39,8,True,101111111,No VCP,BROKEN OUT (fresh),bullish (HH/HL),Premium,98.5,False,True,True,True,False,Outside Bar;Tweezer Bottom,1.9,55.95,52.53,48.78,6.11,63.68,71.91,71.91,4.67,2923,6,14
COROMANDEL,Coromandel International Limited,NSE,COROMANDEL.NS,2034.3,59.1,19.6,3.378,2.38,-25.18,76.69,3.14,7,True,111110101,No VCP,AT PIVOT (actionable),bullish (HH/HL),Equilibrium,47.3,True,True,True,True,False,Doji;Morning Star;NR4,63.94,2081.0,1965.91,1706.5,5.53,2126.87,2173.24,2601.25,4.52,86,7,14
REDTAPE,Redtape Limited,NSE,REDTAPE.NS,139.18,60.1,27.5,0.264,0.46,-14.87,13.71,3.21,8,True,111011111,No VCP,BROKEN OUT (fresh),ranging,Premium,61.5,True,True,False,True,False,Bullish Engulfing;Doji;Inside Bar;NR4;Outside Bar,4.46,139.9,131.86,129.02,5.75,151.98,164.56,174.88,4.35,1243,6,14
HUHTAMAKI,Huhtamaki India Limited,NSE,HUHTAMAKI.NS,215.63,78.9,39.6,3.206,4.1,-20.91,3.31,3.26,7,True,010111111,No VCP,BROKEN OUT (fresh),bearish (LH/LL),Premium,97.2,True,True,True,True,False,Bullish Pin Bar;Doji;Inside Bar;Three White Soldiers,7.03,215.63,202.98,164.02,5.87,230.56,246.0,269.54,4.26,790,7,14
INDIGOPNTS,Indigo Paints Limited,NSE,INDIGOPNTS.NS,1065.9,65.3,38.0,3.063,3.55,-20.8,12.08,3.42,8,True,110111111,No VCP,BROKEN OUT (fresh),bullish (HH/HL),Premium,66.0,False,True,True,True,False,none,36.45,1092.0,1026.39,922.0,6.01,1125.3,1159.09,1365.0,4.16,152,6,14
RUPA,Rupa & Company Limited,NSE,RUPA.NS,175.53,73.2,43.4,0.92,13.55,-24.63,4.32,3.35,8,True,110111111,No VCP,BROKEN OUT (fresh),bullish (HH/HL),Premium,89.6,False,True,True,True,False,NR4,5.87,175.53,164.96,144.0,6.02,189.03,203.03,219.41,4.15,946,6,14
LXCHEM,Laxmi Organic Industries Limited,NSE,LXCHEM.NS,161.48,57.9,22.4,0.288,0.91,-33.0,30.23,3.64,7,True,111010111,No VCP,AT PIVOT (actionable),bullish (HH/HL),Premium,78.8,True,True,True,True,False,Inside Bar;Tweezer Bottom,5.88,169.8,159.22,146.71,6.23,183.08,196.86,212.25,4.01,945,7,14
HOMEFIRST,Home First Finance Company India Limited,NSE,HOMEFIRST.NS,1205.2,62.3,22.3,8.024,3.38,-20.66,25.19,3.58,8,True,111110111,No VCP,BROKEN OUT (fresh),bullish (HH/HL),Premium,73.5,False,True,True,True,False,Long-legged Doji;NR7,43.1,1241.2,1163.62,1018.5,6.25,1276.68,1312.66,1551.5,4.0,128,6,14
GABRIEL,Gabriel India Limited,NSE,GABRIEL.NS,1231.8,61.0,34.6,4.257,1.87,-11.25,49.58,3.68,8,True,110111111,No VCP,AT PIVOT (actionable),ranging,Premium,89.1,False,True,True,True,False,Long-legged Doji;NR4,45.37,1285.0,1203.34,975.6,6.35,1321.1,1357.69,1606.25,3.93,122,6,14
POLYPLEX,Polyplex Corporation Limited,NSE,POLYPLEX.NS,1017.15,63.8,36.7,4.295,1.51,-16.21,13.96,3.68,8,True,110111111,No VCP,AT PIVOT (actionable),bullish (HH/HL),Premium,88.1,False,True,True,True,False,Morning Star;Three White Soldiers,37.44,1054.7,987.3,884.9,6.39,1087.43,1120.65,1318.38,3.91,148,6,14
COSMOFIRST,COSMO FIRST LIMITED,NSE,COSMOFIRST.NS,853.1,70.0,23.9,5.07,2.98,-29.79,10.11,3.55,9,True,111111111,No VCP,BROKEN OUT (fresh),bullish (HH/HL),Premium,96.1,False,True,False,True,False,Bullish Engulfing;Morning Star;Outside Bar,30.27,853.1,798.61,708.55,6.39,882.56,912.52,1066.38,3.91,183,5,14
MMFL,MM Forgings Limited,NSE,MMFL.NS,502.1,68.2,13.1,4.131,8.82,-4.72,4.73,3.78,8,True,110111111,No VCP,BROKEN OUT (fresh),ranging,Premium,84.9,False,True,True,True,False,Inside Bar;Three White Soldiers,18.99,511.85,477.67,431.1,6.68,534.72,558.1,639.81,3.74,292,6,14
INDIANHUME,Indian Hume Pipe Company Limited,NSE,INDIANHUME.NS,348.25,66.9,25.3,3.068,4.54,-27.3,7.13,3.72,8,True,111111101,No VCP,BROKEN OUT (fresh),ranging,Equilibrium,47.2,False,True,True,True,False,none,12.94,348.25,324.95,279.8,6.69,367.16,386.57,435.31,3.74,429,6,14
SUMICHEM,Sumitomo Chemical India Limited,NSE,SUMICHEM.NS,502.3,65.6,19.2,2.736,30.4,-24.47,47.25,3.73,9,True,111111111,No VCP,BROKEN OUT (fresh),ranging,Premium,92.0,False,True,False,True,False,NR4;Three White Soldiers,18.72,502.3,468.61,411.55,6.71,524.96,548.12,627.88,3.73,296,5,14
MBAPL,Madhya Bharat Agro Products Limited,NSE,MBAPL.NS,125.15,74.5,23.1,0.962,2.51,-1.42,11.32,3.74,8,False,111111110,Moderate VCP,BROKEN OUT (fresh),bullish (HH/HL),Premium,96.4,False,True,True,True,False,Outside Bar;Three White Soldiers,4.68,125.15,116.73,106.41,6.73,136.59,148.52,156.44,3.72,1187,6,14
POLYMED,Poly Medicure Limited,NSE,POLYMED.NS,1677.8,61.4,36.9,10.702,1.93,-26.41,27.03,3.93,8,True,110111111,No VCP,AT PIVOT (actionable),ranging,Premium,80.5,True,True,False,True,False,Bullish Engulfing,66.01,1757.0,1638.18,1370.7,6.76,1799.17,1841.83,2196.25,3.7,84,6,14
ALLTIME,All Time Plastics Limited,NSE,ALLTIME.NS,251.72,59.3,20.6,1.352,2.37,-24.84,2.76,4.15,9,True,111111111,No VCP,forming / still basing,bullish (HH/HL),Premium,72.9,True,True,True,True,False,Three White Soldiers,10.44,270.0,251.2,214.81,6.96,286.68,303.86,337.5,3.59,531,5,14
PARKHOSPS,Park Medi World Limited,NSE,PARKHOSPS.NS,294.8,59.9,27.5,0.515,2.14,-3.34,23.75,4.01,8,False,111111101,No VCP,AT PIVOT (actionable),ranging,Premium,93.8,True,True,True,True,False,NR4,11.83,305.0,283.7,251.0,6.98,322.71,340.93,381.25,3.58,469,6,14
20MICRONS,20 Microns Limited,NSE,20MICRONS.NS,204.36,61.6,40.7,0.683,0.67,-28.02,7.56,4.19,7,True,110011111,No VCP,AT PIVOT (actionable),ranging,Premium,83.2,True,True,True,True,False,Bullish Harami;Bullish Pin Bar;Doji;Inside Bar;Morning Star;,8.57,219.45,204.02,178.0,7.03,234.51,250.08,274.31,3.56,648,7,14
RACLGEAR,RACL Geartech Limited,NSE,RACLGEAR.NS,1377.5,57.1,25.4,6.912,5.46,-18.58,4.0,4.76,9,True,111111111,No VCP,AT PIVOT (actionable),bullish (HH/HL),Premium,59.2,False,True,False,True,False,NR7;Outside Bar,65.58,1465.0,1346.95,1201.0,8.06,1503.53,1542.55,1831.25,3.1,84,5,14
DENTA,Denta Water and Infra Solutions Limited,NSE,DENTA.NS,352.9,74.1,38.0,5.148,5.97,-26.42,16.04,4.69,8,True,110111111,No VCP,BROKEN OUT (fresh),bullish (HH/HL),Premium,91.9,False,True,True,True,False,Bullish Harami;Inside Bar;NR4,16.55,353.9,324.11,239.0,8.42,372.96,392.52,442.38,2.97,335,6,14
INDOFARM,Indo Farm Equipment Limited,NSE,INDOFARM.NS,163.61,70.4,27.9,1.725,24.51,-39.78,6.73,4.85,8,True,111111110,No VCP,BROKEN OUT (fresh),bullish (HH/HL),Equilibrium,53.3,False,True,True,True,False,NR4,7.93,163.61,149.34,126.12,8.72,176.65,190.19,204.51,2.87,700,6,14
THANGAMAYL,Thangamayil Jewellery Limited,NSE,THANGAMAYL.NS,6159.5,65.8,52.7,23.976,2.72,-6.28,104.63,5.6,8,False,110111111,No VCP,AT PIVOT (actionable),ranging,Premium,88.0,True,True,True,True,False,Inside Bar;NR4,345.16,6572.0,5950.71,5206.2,9.45,6653.32,6735.14,8215.0,2.64,16,6,14
CONFIPET,Confidence Petroleum India Limited,NSE,CONFIPET.NS,74.17,57.8,27.3,0.033,1.89,-7.94,24.22,5.95,9,False,111111111,No VCP,AT PIVOT (actionable),ranging,Premium,87.8,True,True,False,True,False,none,4.42,80.4,72.45,66.3,9.89,89.62,99.33,100.5,2.53,1257,5,14
BRITANNIA,Britannia Industries Limited,NSE,BRITANNIA.NS,5379.0,59.8,19.6,29.489,1.16,-15.1,221.02,1.68,6,True,111011001,No VCP,BROKEN OUT (fresh),ranging,Discount,29.3,False,True,True,True,False,NR4;Three White Soldiers,90.62,5393.0,5229.88,5036.5,3.02,5466.69,5540.87,6741.25,8.27,61,7,13
ICICIBANK,ICICI Bank Limited,NSE,ICICIBANK.NS,1411.4,72.9,33.8,4.51,1.16,-5.91,2038.57,1.71,7,True,110011111,No VCP,BROKEN OUT (fresh),ranging,Premium,87.3,True,True,False,True,False,Morning Star;NR4,24.13,1411.4,1367.96,1243.1,3.08,1449.22,1487.54,1764.25,8.12,230,6,13
CIPLA,Cipla Limited,NSE,CIPLA.NS,1458.2,66.9,29.4,4.977,2.32,-12.84,250.41,1.85,9,True,111111111,No VCP,AT PIVOT (actionable),ranging,Premium,90.2,True,True,True,True,True,Inside Bar;NR4;Outside Bar;Shooting Star;Tweezer Top,26.94,1490.1,1441.61,1341.1,3.25,1528.95,1568.3,1862.62,7.68,206,7,13
DIVISLAB,Divi's Laboratories Limited,NSE,DIVISLAB.NS,6757.0,55.5,19.1,-5.666,1.69,-4.45,228.48,1.93,8,True,101111111,No VCP,AT PIVOT (actionable),bullish (HH/HL),Premium,84.0,True,False,False,True,False,Tweezer Bottom,130.44,6887.5,6652.7,6506.0,3.41,6970.74,7054.48,8609.38,7.33,42,5,13
ALKEM,Alkem Laboratories Limited,NSE,ALKEM.NS,5562.5,63.3,33.1,23.951,3.86,-6.25,80.07,2.02,7,True,110101111,No VCP,AT PIVOT (actionable),bearish (LH/LL),Premium,56.8,True,True,False,True,False,NR4,112.32,5639.0,5436.83,5175.5,3.59,5714.34,5790.19,7048.75,6.97,49,6,13
IDFCFIRSTB,IDFC First Bank Limited,NSE,IDFCFIRSTB.NS,80.46,68.4,42.8,-0.088,2.25,-7.52,189.06,2.08,6,True,100110111,No VCP,AT PIVOT (actionable),bullish (HH/HL),Premium,78.0,True,True,True,True,False,Bullish Engulfing,1.67,81.46,78.45,71.1,3.7,90.74,100.51,101.82,6.76,3322,7,13
DLINKINDIA,D-Link (India) Limited,NSE,DLINKINDIA.NS,524.75,67.5,37.1,-0.908,1.4,-10.99,8.38,2.12,6,True,100011111,No VCP,AT PIVOT (actionable),bullish (HH/HL),Premium,93.9,True,True,True,True,False,Morning Star,11.14,535.0,514.95,470.1,3.75,558.38,582.26,668.75,6.67,498,7,13
CDSL,Central Depository Services (India) Limited,NSE,CDSL.NS,1350.6,63.5,26.0,2.692,1.2,-25.37,239.91,2.22,6,True,111010101,No VCP,AT PIVOT (actionable),bullish (HH/HL),Premium,69.9,True,True,True,True,False,Three White Soldiers,30.01,1396.8,1342.78,1183.0,3.87,1434.42,1472.55,1746.0,6.46,185,7,13
INDUSINDBK,IndusInd Bank Limited,NSE,INDUSINDBK.NS,974.35,65.3,20.6,3.429,1.7,-0.41,205.59,2.27,8,True,111111110,No VCP,BROKEN OUT (fresh),bullish (HH/HL),Premium,98.2,False,True,False,True,False,Bullish Pin Bar;Hammer;Inside Bar;NR4;Three White Soldiers,22.07,974.35,934.62,881.0,4.08,1005.81,1037.78,1217.94,6.13,251,5,13
SHREECEM,SHREE CEMENT LIMITED,NSE,SHREECEM.NS,26765.0,67.1,23.4,180.653,3.57,-17.62,66.96,2.27,8,True,111110111,No VCP,BROKEN OUT (fresh),ranging,Premium,77.6,False,True,False,True,False,Three White Soldiers,608.31,26765.0,25670.04,23290.0,4.09,26928.85,27093.2,33456.25,6.11,9,5,13
SRF,SRF Limited,NSE,SRF.NS,2794.5,59.2,9.1,4.176,1.84,-15.95,144.85,2.29,8,True,110111111,No VCP,BROKEN OUT (fresh),ranging,Premium,60.5,False,True,False,True,False,Bullish Engulfing,63.96,2812.0,2696.87,2610.4,4.09,2865.28,2919.06,3515.0,6.11,86,5,13
MEDANTA,Global Health Limited,NSE,MEDANTA.NS,1350.7,73.8,41.6,5.031,0.84,-7.26,32.05,2.3,7,True,110011111,Strong VCP,BROKEN OUT (fresh),bullish (HH/HL),Premium,97.2,False,True,False,True,False,Long-legged Doji;NR4;Three White Soldiers,31.05,1352.0,1296.1,1206.1,4.13,1389.02,1426.54,1690.0,6.05,178,6,13
TVSMOTOR,TVS Motor Company Limited,NSE,TVSMOTOR.NS,3627.4,62.8,12.9,21.209,3.67,-8.63,383.65,2.34,7,True,110110111,No VCP,BROKEN OUT (fresh),bullish (HH/HL),Equilibrium,53.8,True,True,False,True,False,Morning Star,85.01,3634.4,3481.37,3265.6,4.21,3694.94,3755.97,4543.0,5.94,65,6,13
BAJAJHLDNG,Bajaj Holdings & Investment Limited,NSE,BAJAJHLDNG.NS,11079.0,67.4,22.2,45.178,1.96,-24.95,49.28,2.35,8,True,111111101,No VCP,BROKEN OUT (fresh),ranging,Premium,81.8,False,True,False,True,False,Three White Soldiers,260.27,11079.0,10610.52,9816.0,4.23,11184.51,11290.51,13848.75,5.91,21,5,13
MAHSCOOTER,Maharashtra Scooters Limited,NSE,MAHSCOOTER.NS,13014.0,62.5,13.4,53.496,1.04,-29.8,5.74,2.44,6,True,110011101,No VCP,BROKEN OUT (fresh),bullish (HH/HL),Premium,57.4,True,True,True,True,False,Three White Soldiers,317.2,13091.0,12520.05,12000.0,4.36,13205.67,13320.83,16363.75,5.73,17,7,13
NYKAA,FSN E-Commerce Ventures Limited,NSE,NYKAA.NS,310.3,68.7,39.4,1.555,4.15,-2.08,194.91,2.49,7,False,110111110,Moderate VCP,BROKEN OUT (fresh),ranging,Premium,92.2,False,True,True,True,False,Outside Bar,7.73,314.85,300.93,257.8,4.42,332.84,351.34,393.56,5.65,718,6,13
MAHLIFE,Mahindra Lifespace Developers Limited,NSE,MAHLIFE.NS,369.95,69.4,27.9,1.94,1.66,-13.37,6.05,2.55,9,True,111111111,No VCP,BROKEN OUT (fresh),bearish (LH/LL),Premium,74.1,True,True,True,True,True,Evening Star;Inside Bar;Long-legged Doji;NR4;Tweezer Top,9.44,379.0,362.0,317.55,4.49,398.72,418.94,473.75,5.57,588,7,13
ABCAPITAL,Aditya Birla Capital Limited,NSE,ABCAPITAL.NS,401.25,66.8,28.7,1.533,2.66,-0.93,162.42,2.53,7,True,111110110,No VCP,BROKEN OUT (fresh),ranging,Premium,96.8,False,True,True,True,False,Long-legged Doji,10.16,401.25,382.96,334.8,4.56,421.53,442.31,501.56,5.48,546,6,13
MOTILALOFS,Motilal Oswal Financial Services Limited,NSE,MOTILALOFS.NS,968.35,68.4,31.6,1.038,1.03,-11.74,92.96,2.6,7,True,110011111,No VCP,BROKEN OUT (fresh),bullish (HH/HL),Premium,96.4,False,True,True,True,False,none,25.15,975.7,930.44,812.25,4.64,1007.19,1039.17,1219.62,5.39,220,6,13
CHALET,Chalet Hotels Limited,NSE,CHALET.NS,834.7,64.0,24.6,4.653,1.34,-22.86,11.97,2.61,8,True,111011111,No VCP,AT PIVOT (actionable),ranging,Premium,64.4,False,True,False,True,False,Three White Soldiers,21.76,840.0,800.84,720.35,4.66,869.23,898.97,1050.0,5.36,255,5,13
APOLLOTYRE,Apollo Tyres Limited,NSE,APOLLOTYRE.NS,448.5,65.3,25.9,3.097,2.82,-17.02,61.79,2.73,9,True,111111111,No VCP,BROKEN OUT (fresh),ranging,Equilibrium,49.9,True,True,True,True,True,Tweezer Top,12.27,458.5,436.42,378.05,4.82,480.16,502.33,573.12,5.19,452,7,13
HEMIPROP,Hemisphere Properties India Limited,NSE,HEMIPROP.NS,142.94,56.4,16.3,0.277,2.09,-25.04,13.71,2.73,8,True,110111111,No VCP,AT PIVOT (actionable),bearish (LH/LL),Premium,60.3,True,False,False,True,False,Morning Star;Tweezer Bottom,3.91,145.34,138.31,135.33,4.84,157.65,170.45,181.68,5.17,1422,5,13
ETERNAL,ETERNAL LIMITED,NSE,ETERNAL.NS,281.65,71.3,21.8,2.709,2.05,-23.56,827.72,2.73,9,True,111111111,No VCP,BROKEN OUT (fresh),bullish (HH/HL),Premium,72.0,True,True,True,True,True,Bearish Pin Bar;Doji;Shooting Star,7.7,285.95,272.09,234.25,4.85,303.11,320.77,357.44,5.16,721,7,13
CANFINHOME,Can Fin Homes Limited,NSE,CANFINHOME.NS,900.1,61.6,23.2,1.446,7.36,-7.35,19.7,2.72,8,True,111101111,No VCP,BROKEN OUT (fresh),bullish (HH/HL),Premium,66.8,False,True,False,True,False,NR4;Tweezer Bottom,24.45,900.1,856.09,792.9,4.89,930.35,961.1,1125.12,5.11,227,5,13
SHREEJISPG,Shreeji Shipping Global Limited,NSE,SHREEJISPG.NS,520.8,71.8,45.9,1.218,1.85,-0.52,47.08,2.73,7,False,110111110,Moderate VCP,BROKEN OUT (fresh),bullish (HH/HL),Premium,98.8,False,True,True,True,False,Bullish Marubozu;NR4;Three White Soldiers,14.22,520.8,495.21,449.0,4.91,543.87,567.44,651.0,5.09,390,6,13
ARKADE,Arkade Developers Limited,NSE,ARKADE.NS,123.97,62.6,23.6,0.789,1.41,-41.99,3.58,2.83,6,True,111011100,No VCP,AT PIVOT (actionable),ranging,Premium,75.3,True,True,True,True,False,Bullish Engulfing,3.51,126.99,120.66,110.5,4.98,138.51,150.53,158.74,5.02,1579,7,13
NEULANDLAB,Neuland Laboratories Limited,NSE,NEULANDLAB.NS,18944.0,74.6,33.8,120.871,1.24,-4.07,103.03,2.81,7,False,110011111,Moderate VCP,BROKEN OUT (fresh),ranging,Premium,96.7,False,True,True,True,False,Inside Bar;NR4;Three White Soldiers,533.12,19163.0,18203.38,16401.0,5.01,19301.68,19440.86,23953.75,4.99,10,6,13
PGEL,PG Electroplast Limited,NSE,PGEL.NS,562.5,63.6,27.4,1.824,0.79,-32.75,138.23,2.92,7,True,111010111,No VCP,AT PIVOT (actionable),ranging,Premium,63.6,False,True,True,True,False,Hammer;Inside Bar,16.44,579.0,549.41,457.0,5.11,603.31,628.12,723.75,4.89,337,6,13
PRUDENT,Prudent Corporate Advisory Services Limited,NSE,PRUDENT.NS,3003.0,59.3,23.1,-6.399,1.24,-4.97,7.99,2.99,6,True,101010111,Strong VCP,AT PIVOT (actionable),bullish (HH/HL),Premium,84.9,False,True,True,True,False,Bullish Harami;NR4,89.75,3160.1,2998.56,2573.9,5.11,3216.56,3273.53,3950.12,4.89,61,7,13
PIRAMALFIN,Piramal Finance Limited,NSE,PIRAMALFIN.NS,2137.7,60.0,23.8,5.01,1.09,-3.71,119.02,2.97,7,False,111011101,No VCP,AT PIVOT (actionable),bullish (HH/HL),Premium,86.3,True,True,True,True,False,Inside Bar;NR4,63.38,2220.0,2105.91,1912.0,5.14,2267.37,2315.23,2775.0,4.86,87,6,13
DHANBANK,Dhanlaxmi Bank Limited,NSE,DHANBANK.NS,34.09,57.8,18.1,-0.063,2.5,-3.07,8.76,4.37,8,True,101111111,No VCP,AT PIVOT (actionable),ranging,Premium,93.1,False,True,False,True,False,Inside Bar;Three White Soldiers,1.49,35.06,32.38,31.02,7.64,41.23,47.9,47.9,4.79,3731,5,13
REPCOHOME,Repco Home Finance Limited,NSE,REPCOHOME.NS,433.35,73.9,29.2,4.411,1.77,-6.7,7.76,2.97,9,True,111111111,No VCP,extended past pivot,ranging,Premium,93.8,False,True,True,True,False,NR4;Outside Bar,12.87,435.5,412.33,352.7,5.32,456.62,478.24,544.38,4.7,431,4,13
BALRAMCHIN,Balrampur Chini Mills Limited,NSE,BALRAMCHIN.NS,562.45,58.7,22.9,1.891,1.31,-10.41,36.95,3.0,8,True,111011111,No VCP,BROKEN OUT (fresh),ranging,Premium,94.8,True,False,False,True,False,NR4,16.86,570.0,539.66,523.0,5.32,594.12,618.75,712.5,4.7,329,5,13
JSWDULUX,JSW Dulux Limited,NSE,JSWDULUX.NS,3276.6,61.3,48.6,-4.427,2.46,-16.32,9.99,3.05,7,True,100111111,No VCP,AT PIVOT (actionable),bullish (HH/HL),Premium,86.0,False,True,True,True,False,Bullish Engulfing;Inside Bar;Morning Star;NR7;Outside Bar,100.07,3376.2,3196.08,3066.1,5.33,3434.56,3493.41,4220.25,4.69,55,6,13
PURVA,Puravankara Limited,NSE,PURVA.NS,221.57,58.2,23.2,0.46,1.11,-27.35,9.11,3.07,6,True,111001101,No VCP,AT PIVOT (actionable),ranging,Equilibrium,49.8,True,True,True,True,False,Tweezer Bottom,6.8,227.25,215.01,198.0,5.39,242.57,258.4,284.06,4.64,816,7,13
AADHARHFC,Aadhar Housing Finance Limited,NSE,AADHARHFC.NS,555.6,74.6,32.6,5.385,2.97,-0.57,25.62,3.04,7,True,110111110,No VCP,BROKEN OUT (fresh),ranging,Premium,97.5,False,True,True,True,False,Three White Soldiers,16.89,555.6,525.19,449.8,5.47,579.42,603.74,694.5,4.57,328,6,13
JKTYRE,JK Tyre & Industries Limited,NSE,JKTYRE.NS,412.55,58.9,18.6,2.23,2.91,-32.58,55.29,3.1,7,True,111111001,No VCP,AT PIVOT (actionable),ranging,Discount,23.6,False,False,True,True,False,Three White Soldiers,12.8,419.6,396.56,351.0,5.49,440.33,461.57,524.5,4.55,434,6,13
KCP,KCP Limited,NSE,KCP.NS,170.98,55.6,25.8,0.128,0.46,-25.44,2.62,3.19,6,True,111010101,No VCP,AT PIVOT (actionable),ranging,Premium,72.9,True,True,True,True,False,Long-legged Doji;NR7,5.46,179.0,169.17,156.06,5.49,192.63,206.76,223.75,4.55,1017,7,13
ATULAUTO,Atul Auto Limited,NSE,ATULAUTO.NS,489.9,60.2,28.1,3.517,3.77,-11.57,10.0,3.21,9,True,111111111,No VCP,BROKEN OUT (fresh),ranging,Premium,71.2,True,True,True,True,True,Bearish Pin Bar;Doji;Inside Bar;NR4;Outside Bar;Shooting Sta,15.74,509.0,480.67,435.2,5.57,531.81,555.12,636.25,4.49,352,7,13
HAPPYFORGE,Happy Forgings Limited,NSE,HAPPYFORGE.NS,1499.1,57.0,29.9,3.375,0.7,-5.74,17.61,3.3,7,False,111010111,Moderate VCP,AT PIVOT (actionable),bullish (HH/HL),Premium,84.4,False,True,True,True,False,Bullish Engulfing,49.51,1590.4,1501.29,1323.2,5.6,1630.53,1671.16,1988.0,4.46,112,6,13
VMART,V-Mart Retail Limited,NSE,VMART.NS,797.9,68.6,34.6,0.349,1.9,-10.15,18.2,3.26,7,True,110110111,No VCP,AT PIVOT (actionable),bullish (HH/HL),Premium,92.8,False,True,True,True,False,Bullish Harami;Inside Bar;NR4,26.01,824.45,777.64,641.05,5.68,853.41,882.88,1030.56,4.4,213,6,13
MEDIASSIST,Medi Assist Healthcare Services Limited,NSE,MEDIASSIST.NS,374.7,57.1,15.5,0.996,3.02,-36.93,6.09,3.27,6,True,110111100,No VCP,AT PIVOT (actionable),ranging,Equilibrium,51.5,True,True,True,True,False,none,12.26,387.0,364.93,342.9,5.7,406.92,427.34,483.75,4.38,453,7,13
MONARCH,Monarch Networth Capital Limited,NSE,MONARCH.NS,345.85,57.2,19.5,-1.323,0.46,-13.28,4.94,3.28,7,True,101011111,No VCP,AT PIVOT (actionable),bullish (HH/HL),Premium,90.1,False,True,True,True,False,none,11.36,358.0,337.55,326.1,5.71,377.17,396.84,447.5,4.38,488,6,13
DATAMATICS,Datamatics Global Services Limited,NSE,DATAMATICS.NS,819.35,57.9,15.6,0.845,2.86,-26.84,9.67,3.34,8,True,110111111,No VCP,BROKEN OUT (fresh),ranging,Premium,74.3,False,True,False,True,False,Inside Bar,27.39,851.2,801.89,750.5,5.79,880.63,910.55,1064.0,4.32,202,5,13
VISHNU,Vishnu Chemicals Limited,NSE,VISHNU.NS,622.15,58.2,18.1,0.817,1.07,-4.58,7.58,3.34,7,True,111010111,Moderate VCP,AT PIVOT (actionable),bullish (HH/HL),Premium,83.5,False,True,False,True,False,Morning Star;Outside Bar;Tweezer Bottom,20.76,640.0,602.63,575.1,5.84,665.55,691.6,800.0,4.28,267,6,13
STAR,Strides Pharma Science Limited,NSE,STAR.NS,1126.8,58.7,22.0,3.992,0.85,-8.46,31.55,3.32,8,True,111011111,No VCP,BROKEN OUT (fresh),ranging,Premium,77.5,False,False,True,True,False,NR4,37.36,1149.8,1082.56,965.5,5.85,1183.96,1218.62,1437.25,4.27,148,5,13
RGL,Renaissance Global Limited,NSE,RGL.NS,121.35,71.8,33.7,0.966,0.71,-17.95,8.3,3.31,7,True,110011111,No VCP,BROKEN OUT (fresh),ranging,Premium,57.8,False,True,True,True,False,NR4;Three White Soldiers,4.02,121.5,114.26,92.8,5.96,132.77,144.55,151.88,4.2,1381,6,13
NOCIL,NOCIL Limited,NSE,NOCIL.NS,184.24,61.3,28.4,1.104,0.67,-9.91,25.39,3.68,7,True,111010111,No VCP,AT PIVOT (actionable),bullish (HH/HL),Premium,74.4,False,True,True,True,False,Inside Bar;Morning Star;NR4,6.78,204.5,192.29,154.31,5.97,219.05,234.1,255.62,4.19,819,6,13
TMB,Tamilnad Mercantile Bank Limited,NSE,TMB.NS,778.65,62.0,27.3,-3.106,1.62,-2.6,38.89,3.4,7,False,101111110,Moderate VCP,AT PIVOT (actionable),bullish (HH/HL),Premium,92.2,False,True,True,True,False,none,26.51,798.25,750.53,726.0,5.98,826.75,855.76,997.81,4.18,209,6,13
TRIVENI,Triveni Engineering & Industries Limited,NSE,TRIVENI.NS,458.65,73.9,41.7,6.167,8.42,-3.35,19.2,3.52,8,False,110111111,Moderate VCP,extended past pivot,bullish (HH/HL),Premium,89.9,True,True,True,True,False,Three White Soldiers,16.14,472.0,442.94,362.1,6.16,493.98,516.45,590.0,4.06,344,5,13
CONTROLPR,Control Print Limited,NSE,CONTROLPR.NS,687.1,64.1,21.9,7.863,36.57,-25.11,6.83,3.61,9,True,111111111,No VCP,BROKEN OUT (fresh),ranging,Premium,80.6,True,True,True,True,True,Tweezer Top,24.82,726.0,681.32,594.9,6.15,753.19,780.89,907.5,4.06,223,7,13
GARFIBRES,Garware Technical Fibres Limited,NSE,GARFIBRES.NS,731.05,55.6,32.8,-2.904,1.1,-24.63,13.08,3.86,6,True,100011111,No VCP,AT PIVOT (actionable),bullish (HH/HL),Premium,63.3,True,True,True,True,False,NR4;Tweezer Bottom,28.22,818.65,767.86,648.0,6.2,847.51,876.87,1023.31,4.03,196,7,13
SAMBHV,Sambhv Steel Tubes Limited,NSE,SAMBHV.NS,115.04,60.6,19.3,0.724,1.62,-23.0,17.34,3.63,8,True,111110111,No VCP,BROKEN OUT (fresh),ranging,Premium,56.1,False,True,False,True,False,none,4.18,116.58,109.06,100.0,6.45,127.63,139.17,145.72,3.88,1329,5,13
HIKAL,Hikal Limited,NSE,HIKAL.NS,222.1,65.7,31.7,2.121,1.59,-37.44,7.17,3.66,7,True,110111110,No VCP,AT PIVOT (actionable),ranging,Premium,92.8,False,True,True,True,False,Inside Bar;NR4,8.12,227.0,212.38,174.97,6.44,242.32,258.13,283.75,3.88,683,6,13
CANTABIL,Cantabil Retail India Limited,NSE,CANTABIL.NS,263.9,72.5,33.0,4.454,13.7,-17.92,6.26,3.78,8,True,110111111,No VCP,extended past pivot,ranging,Equilibrium,49.0,True,True,True,True,False,Inside Bar;Three White Soldiers,9.98,278.0,260.03,212.01,6.46,294.92,312.35,347.5,3.87,556,5,13
TVSSCS,TVS Supply Chain Solutions Limited,NSE,TVSSCS.NS,136.41,59.8,26.4,-0.279,1.88,-4.14,7.93,3.77,8,True,101111111,Moderate VCP,AT PIVOT (actionable),bullish (HH/HL),Premium,88.7,True,True,True,True,True,Bearish Harami;Evening Star;Inside Bar;Long-legged Doji;NR4;,5.15,142.3,133.04,119.34,6.51,154.48,167.16,177.88,3.84,1079,8,13
POCL,Pondy Oxides & Chemicals Limited,NSE,POCL.NS,1420.4,62.1,13.7,11.877,4.31,-12.27,55.4,3.63,7,True,110110111,No VCP,BROKEN OUT (fresh),bullish (HH/HL),Premium,68.9,False,True,True,True,False,Long-legged Doji;Morning Star;NR4,51.57,1420.4,1327.58,1177.2,6.53,1458.34,1496.78,1775.5,3.83,107,6,13
MBEL,M & B Engineering Limited,NSE,MBEL.NS,325.25,64.2,26.4,3.01,2.36,-39.31,5.27,3.72,7,True,111111100,No VCP,BROKEN OUT (fresh),bullish (HH/HL),Premium,62.3,False,True,True,True,False,Inside Bar;NR4,12.11,334.2,312.4,265.0,6.52,352.73,371.76,417.75,3.83,458,6,13
PSPPROJECT,PSP Projects Limited,NSE,PSPPROJECT.NS,1025.8,69.5,40.9,3.833,1.63,-2.36,12.91,3.77,7,False,110111110,Moderate VCP,BROKEN OUT (fresh),bullish (HH/HL),Premium,94.8,False,True,True,True,False,NR4,38.68,1050.6,980.97,837.05,6.63,1083.26,1116.43,1313.25,3.77,143,6,13
TATVA,Tatva Chintan Pharma Chem Limited,NSE,TATVA.NS,1249.6,58.1,13.9,9.623,2.03,-22.39,5.87,3.77,6,True,110101011,No VCP,BROKEN OUT (fresh),bullish (HH/HL),Equilibrium,45.6,True,True,True,True,False,NR7,47.06,1275.1,1190.39,1101.0,6.64,1311.06,1347.52,1593.88,3.76,118,7,13
NORTHARC,Northern Arc Capital Limited,NSE,NORTHARC.NS,307.25,61.0,36.7,0.924,1.53,-4.49,23.96,3.83,8,True,110111111,No VCP,BROKEN OUT (fresh),ranging,Premium,87.5,False,True,False,True,False,Inside Bar;NR4;Three White Soldiers,11.77,316.4,295.21,275.95,6.7,334.44,352.98,395.5,3.73,471,5,13
AVANTEL,Avantel Limited,NSE,AVANTEL.NS,177.98,58.0,16.2,0.253,1.59,-17.22,42.62,3.92,7,True,110101111,No VCP,AT PIVOT (actionable),ranging,Premium,85.5,False,True,True,True,False,NR4;Tweezer Bottom,6.97,185.9,173.36,155.52,6.75,199.78,214.17,232.38,3.71,797,6,13
GREENLAM,Greenlam Industries Limited,NSE,GREENLAM.NS,267.05,67.8,33.4,0.303,0.33,-4.16,8.55,3.8,7,True,110011111,Moderate VCP,AT PIVOT (actionable),bullish (HH/HL),Premium,88.6,False,True,False,True,False,Outside Bar,10.14,268.5,250.25,228.55,6.8,285.14,302.27,335.62,3.68,547,6,13
ONWARDTEC,Onward Technologies Limited,NSE,ONWARDTEC.NS,281.15,59.3,29.9,2.598,2.89,-26.97,9.39,4.22,9,True,111111111,No VCP,BROKEN OUT (fresh),ranging,Equilibrium,53.2,True,True,True,True,True,NR4;Tweezer Top,11.86,310.9,289.55,245.0,6.87,328.78,347.16,388.62,3.64,468,7,13
BLUEJET,Blue Jet Healthcare Limited,NSE,BLUEJET.NS,556.0,67.3,42.0,3.25,1.59,-45.9,37.53,3.95,7,True,110111110,No VCP,BROKEN OUT (fresh),bullish (HH/HL),Premium,91.3,False,True,True,True,False,Outside Bar;Three White Soldiers,21.96,574.5,534.98,447.35,6.88,598.72,623.44,718.12,3.63,253,6,13
MANAKCOAT,Manaksia Coated Metals & Industries Limited,NSE,MANAKCOAT.NS,118.16,65.9,21.9,0.754,4.42,-35.37,2.93,3.94,7,True,111111100,No VCP,BROKEN OUT (fresh),bullish (HH/HL),Premium,55.5,True,True,False,True,False,Hammer;Three White Soldiers,4.66,119.29,110.91,102.56,7.02,130.46,142.13,149.11,3.56,1193,6,13
RELAXO,Relaxo Footwears Limited,NSE,RELAXO.NS,397.15,64.2,41.7,1.893,3.17,-24.5,51.38,4.38,8,True,110111111,No VCP,forming / still basing,bullish (HH/HL),Premium,84.8,True,True,True,True,False,Inside Bar;NR4,17.39,426.0,394.7,315.2,7.35,446.89,468.28,532.5,3.4,319,5,13
NIACL,The New India Assurance Company Limited,NSE,NIACL.NS,185.82,58.4,29.0,0.065,1.71,-14.76,145.54,4.83,8,True,111110111,No VCP,forming / still basing,bullish (HH/HL),Premium,68.1,True,True,True,True,False,Inside Bar,8.97,218.0,201.85,146.41,7.41,233.01,248.53,272.5,3.37,619,5,13
PUNJABCHEM,Punjab Chemicals & Crop Protection Limited,NSE,PUNJABCHEM.NS,1078.3,57.5,29.6,8.871,7.01,-35.28,2.18,4.53,7,True,111111100,No VCP,AT PIVOT (actionable),ranging,Premium,57.8,True,True,True,False,False,Bullish Engulfing;Inside Bar;NR4,48.81,1175.0,1087.15,919.6,7.48,1209.53,1244.56,1468.75,3.34,113,6,13
AJMERA,Ajmera Realty & Infra India Limited,NSE,AJMERA.NS,136.3,58.0,21.3,0.066,0.79,-38.44,12.71,4.79,6,True,111011100,No VCP,AT PIVOT (actionable),bullish (HH/HL),Discount,37.5,False,True,True,True,False,Long-legged Doji;NR4;Three White Soldiers,6.53,146.0,134.24,111.01,8.05,158.33,171.17,182.5,3.1,850,7,13
ICIL,Indo Count Industries Limited,NSE,ICIL.NS,426.5,67.6,48.6,2.375,1.24,-8.04,40.02,4.81,7,False,110011111,No VCP,AT PIVOT (actionable),bullish (HH/HL),Premium,84.9,True,True,True,True,False,Bullish Harami;NR4;Outside Bar,20.51,446.9,409.98,315.0,8.26,468.29,490.18,558.62,3.03,270,6,13
QUADFUTURE,Quadrant Future Tek Limited,NSE,QUADFUTURE.NS,469.8,74.0,54.9,2.271,0.78,-11.53,38.05,4.68,7,False,110011111,No VCP,BROKEN OUT (fresh),bullish (HH/HL),Premium,96.6,True,True,True,True,False,Inside Bar;Three White Soldiers,21.99,469.8,430.22,330.0,8.42,491.72,514.15,587.25,2.97,252,6,13
TARSONS,Tarsons Products Limited,NSE,TARSONS.NS,266.6,64.1,38.7,1.072,0.38,-32.58,18.92,5.08,7,True,110011111,No VCP,AT PIVOT (actionable),bullish (HH/HL),Premium,85.2,False,True,True,True,False,Bullish Harami;NR7;Tweezer Bottom,13.54,284.4,260.04,199.41,8.57,301.51,319.13,355.5,2.92,410,6,13
IFGLEXPOR,IFGL Refractories Limited,NSE,IFGLEXPOR.NS,221.46,71.5,21.5,1.942,14.44,-34.48,3.25,4.76,9,True,111111111,No VCP,extended past pivot,bearish (LH/LL),Premium,89.2,False,True,True,True,False,Long-legged Doji,10.55,221.46,202.47,177.11,8.57,236.59,252.22,276.82,2.92,526,4,13
BALAMINES,Balaji Amines Limited,NSE,BALAMINES.NS,2194.2,60.4,28.4,-10.954,1.4,-4.1,90.64,5.02,7,False,101011111,Moderate VCP,AT PIVOT (actionable),bullish (HH/HL),Premium,92.9,False,True,True,True,False,Inside Bar;NR4;Three White Soldiers,110.05,2288.0,2089.92,1885.0,8.66,2336.08,2384.67,2860.0,2.89,50,6,13
RPTECH,Rashi Peripherals Limited,NSE,RPTECH.NS,757.95,66.1,47.3,1.898,0.98,-6.75,98.82,5.17,7,False,110011111,Moderate VCP,AT PIVOT (actionable),bullish (HH/HL),Premium,88.9,False,True,True,True,False,Three White Soldiers,39.18,812.85,742.32,518.85,8.68,841.61,870.87,1016.06,2.88,141,6,13
NITCO,Nitco Limited,NSE,NITCO.NS,116.39,68.0,28.5,0.866,1.27,-29.01,16.06,4.95,7,True,111010111,No VCP,AT PIVOT (actionable),bullish (HH/HL),Premium,94.6,False,True,True,True,False,Three White Soldiers,5.77,118.5,108.12,90.16,8.76,129.64,141.27,148.12,2.85,963,6,13
SCHNEIDER,Schneider Electric Infrastructure Limited,NSE,SCHNEIDER.NS,1481.6,63.4,29.5,16.741,3.33,-0.7,58.63,4.98,8,False,111111110,No VCP,BROKEN OUT (fresh),bullish (HH/HL),Premium,98.9,True,True,False,True,False,Morning Star;Outside Bar;Three White Soldiers,73.77,1481.6,1348.81,1071.0,8.96,1520.34,1559.58,1852.0,2.79,75,5,13
PARACABLES,Paramount Communications Limited,NSE,PARACABLES.NS,71.12,57.7,21.1,-0.272,1.38,-6.05,28.73,5.68,7,False,101011111,Strong VCP,AT PIVOT (actionable),bullish (HH/HL),Premium,90.3,False,True,True,True,False,none,4.04,75.7,68.43,59.8,9.6,84.65,94.1,94.62,2.6,1375,6,13
NIITLTD,NIIT Limited,NSE,NIITLTD.NS,103.48,61.0,39.7,-0.511,1.73,-20.94,27.26,5.68,7,True,100111111,No VCP,AT PIVOT (actionable),bullish (HH/HL),Premium,89.3,True,True,False,True,False,Inside Bar,5.88,110.0,99.42,83.3,9.62,120.74,131.98,137.5,2.6,945,6,13
NPST,Network People Services Technologies Limited,NSE,NPST.NS,1744.0,69.6,32.7,-1.757,2.61,-26.98,6.8,5.57,7,True,100111111,No VCP,BROKEN OUT (fresh),ranging,Premium,95.7,False,True,True,True,False,Inside Bar;Three White Soldiers,97.19,1783.9,1608.96,1395.1,9.81,1826.39,1869.37,2229.88,2.55,57,6,13
NACLIND,NACL Industries Limited,NSE,NACLIND.NS,218.4,67.4,29.0,2.748,11.47,-35.66,29.55,6.05,8,False,111111110,No VCP,AT PIVOT (actionable),ranging,Premium,83.9,False,True,True,True,False,Bullish Harami;Long-legged Doji;NR4,13.21,238.7,214.91,158.13,9.97,254.4,270.6,298.38,2.51,420,5,13
TRIDENT,Trident Limited,NSE,TRIDENT.NS,26.73,63.2,25.8,0.126,1.5,-20.59,17.05,2.62,9,True,111111111,No VCP,AT PIVOT (actionable),ranging,Equilibrium,53.0,True,True,False,True,True,Three White Soldiers;Tweezer Top,0.7,27.31,26.05,23.51,4.61,32.79,38.76,38.76,9.09,7936,6,12
PIDILITIND,Pidilite Industries Limited,NSE,PIDILITIND.NS,1598.0,67.4,41.6,-1.173,1.59,-1.69,143.83,1.78,6,True,100111110,No VCP,BROKEN OUT (fresh),bullish (HH/HL),Premium,92.5,False,True,True,True,False,none,28.37,1620.7,1569.63,1447.5,3.15,1661.21,1702.22,2025.88,7.93,195,6,12
MARICO,Marico Limited,NSE,MARICO.NS,838.55,57.1,29.4,2.985,3.6,-3.95,164.24,2.07,9,True,111111111,No VCP,BROKEN OUT (fresh),ranging,Premium,79.1,False,True,True,True,True,Bearish Engulfing;Bearish Marubozu;Evening Star;Outside Bar,17.36,858.7,827.46,796.0,3.64,888.25,918.31,1073.38,6.87,320,6,12
RECLTD,REC Limited,NSE,RECLTD.NS,365.15,58.0,25.2,0.743,1.82,-10.56,206.48,2.07,9,True,111111111,No VCP,AT PIVOT (actionable),bullish (HH/HL),Premium,73.3,True,True,False,True,True,Evening Star;NR4;Outside Bar;Tweezer Top,7.54,371.3,357.72,335.7,3.66,390.82,410.84,464.12,6.84,736,6,12
MRF,MRF Limited,NSE,MRF.NS,134655.0,63.9,21.2,577.386,2.42,-17.69,92.1,2.06,6,True,111101001,No VCP,BROKEN OUT (fresh),bullish (HH/HL),Discount,41.6,False,True,False,True,False,Bullish Marubozu;NR4;Three White Soldiers,2778.13,134655.0,129654.36,122050.0,3.71,135022.2,135389.91,168318.75,6.73,1,6,12
INDIGO,InterGlobe Aviation Limited,NSE,INDIGO.NS,5426.5,72.2,33.7,31.397,2.35,-12.93,571.63,2.22,8,True,110111111,No VCP,AT PIVOT (actionable),ranging,Premium,96.8,True,True,True,True,True,NR4;Outside Bar;Three White Soldiers;Tweezer Top,120.37,5464.9,5248.23,4350.0,3.96,5539.07,5613.75,6831.12,6.31,46,7,12
CHAMBLFERT,Chambal Fertilizers & Chemicals Limited,NSE,CHAMBLFERT.NS,481.55,56.6,12.5,-0.889,0.72,-17.07,47.63,2.31,6,True,100011111,No VCP,AT PIVOT (actionable),bullish (HH/HL),Premium,83.4,True,True,False,True,False,Morning Star;Three White Soldiers,11.14,497.8,477.75,445.15,4.03,520.36,543.42,622.25,6.21,498,6,12
SINDHUTRAD,Sindhu Trade Links Limited,NSE,SINDHUTRAD.NS,27.66,69.3,19.0,0.166,2.9,-29.6,8.28,3.91,8,True,111110111,No VCP,extended past pivot,ranging,Premium,91.1,False,True,True,True,False,Three White Soldiers,1.08,27.66,25.71,24.12,7.05,33.17,39.18,39.18,5.91,5128,4,12
590103,Nippon India ETF Nifty 50 BeES,BSE,590103.BO,274.33,60.9,14.4,0.401,1.42,-8.18,8.81,2.43,6,True,110011101,No VCP,AT PIVOT (actionable),ranging,Equilibrium,49.1,True,True,False,True,False,Bullish Marubozu;Inside Bar,6.66,279.84,267.85,253.0,4.28,296.82,314.3,349.8,5.83,834,6,12
RAINBOW,Rainbow Childrens Medicare Limited,NSE,RAINBOW.NS,1440.0,62.8,27.7,-3.858,1.0,-12.5,18.62,2.5,6,True,101010111,No VCP,AT PIVOT (actionable),bullish (HH/HL),Premium,86.6,False,True,True,True,False,Bullish Pin Bar;Hammer;NR4;Tweezer Bottom,36.04,1495.0,1430.13,1313.5,4.34,1533.92,1573.33,1868.75,5.76,154,6,12
NAVNETEDUL,Navneet Education Limited,NSE,NAVNETEDUL.NS,150.09,66.4,27.2,1.12,4.02,-10.93,2.47,2.46,9,True,111111111,No VCP,BROKEN OUT (fresh),ranging,Premium,64.4,True,True,False,True,True,Bullish Engulfing;Inside Bar;Tweezer Top,3.69,150.09,143.45,137.0,4.42,162.59,175.59,187.61,5.65,1506,6,12
PNBHOUSING,PNB Housing Finance Limited,NSE,PNBHOUSING.NS,1064.4,63.2,21.6,5.442,1.69,-4.67,91.87,2.52,9,True,111111111,Moderate VCP,BROKEN OUT (fresh),bullish (HH/HL),Premium,89.2,False,True,False,True,True,Bearish Pin Bar;Inside Bar;Long-legged Doji;NR4;Shooting Sta,26.86,1079.9,1031.55,950.0,4.48,1113.01,1146.62,1349.88,5.58,206,6,12
RBLBANK,RBL Bank Limited,NSE,RBLBANK.NS,361.1,50.8,19.6,-2.774,2.18,-5.4,192.0,2.64,6,True,001110111,Moderate VCP,AT PIVOT (actionable),bullish (HH/HL),Premium,78.2,False,True,True,False,False,Bullish Harami;Inside Bar;Tweezer Bottom,9.54,381.7,364.53,343.3,4.5,401.49,421.77,477.12,5.56,582,6,12
MAXHEALTH,Max Healthcare Institute Limited,NSE,MAXHEALTH.NS,1153.4,70.0,34.5,8.685,1.55,-12.24,273.25,2.51,8,True,110111111,No VCP,AT PIVOT (actionable),ranging,Premium,97.4,True,True,True,True,True,Bearish Engulfing;Outside Bar;Tweezer Top,29.0,1159.0,1106.81,960.0,4.5,1193.29,1228.09,1448.75,5.55,191,7,12
ITCHOTELS,ITC Hotels Limited,NSE,ITCHOTELS.NS,178.62,68.2,42.1,1.037,1.2,-31.73,58.06,2.63,6,True,110011101,No VCP,AT PIVOT (actionable),bullish (HH/HL),Premium,70.8,False,True,True,True,False,NR4,4.69,184.2,175.76,148.45,4.58,198.02,212.34,230.25,5.46,1184,6,12
GODREJPROP,Godrej Properties Limited,NSE,GODREJPROP.NS,1996.4,74.2,24.3,22.858,1.37,-17.09,133.41,2.54,8,True,111011111,No VCP,extended past pivot,bearish (LH/LL),Premium,85.7,False,True,True,True,False,NR4;Three White Soldiers,50.76,1996.4,1905.03,1610.1,4.58,2041.33,2086.76,2495.5,5.46,109,4,12
CIEINDIA,CIE Automotive India Limited,NSE,CIEINDIA.NS,471.05,55.9,13.4,1.055,1.13,-10.45,22.16,2.75,6,True,110010111,No VCP,AT PIVOT (actionable),bullish (HH/HL),Premium,59.3,False,True,True,True,False,NR4;Tweezer Bottom,12.96,483.5,460.17,426.25,4.83,505.74,528.48,604.38,5.18,428,6,12
DIXON,Dixon Technologies (India) Limited,NSE,DIXON.NS,12456.0,61.0,15.9,-8.912,0.94,-32.56,675.01,2.8,6,True,100011111,No VCP,AT PIVOT (actionable),bullish (HH/HL),Premium,85.8,False,True,True,True,False,Long-legged Doji;NR4,348.65,12930.0,12302.44,11235.0,4.85,13043.96,13158.42,16162.5,5.15,15,6,12
DCBBANK,DCB Bank Limited,NSE,DCBBANK.NS,189.27,58.2,20.3,0.661,2.11,-8.08,22.63,2.77,9,True,111111111,No VCP,BROKEN OUT (fresh),ranging,Premium,65.3,True,True,False,True,True,Morning Star;Tweezer Top,5.24,194.1,184.66,171.5,4.86,208.28,222.96,242.62,5.14,1059,6,12
SUPRAJIT,Suprajit Engineering Limited,NSE,SUPRAJIT.NS,480.95,61.6,26.2,-0.432,0.68,-7.09,10.25,2.85,7,True,101011111,No VCP,AT PIVOT (actionable),bullish (HH/HL),Premium,76.8,False,False,True,True,False,NR4;Three White Soldiers;Tweezer Bottom,13.71,498.0,473.32,446.0,4.96,520.57,543.63,622.5,5.04,405,5,12
CGCL,Capri Global Capital Limited,NSE,CGCL.NS,233.87,77.4,54.8,0.843,5.32,-0.62,71.67,2.78,6,False,010111110,No VCP,BROKEN OUT (fresh),bullish (HH/HL),Premium,98.3,True,True,True,True,False,Bullish Harami;Inside Bar;Morning Star;NR4,6.5,233.87,222.17,198.0,5.0,249.41,265.46,292.34,5.0,854,6,12
PICCADIL,Piccadily Agro Industries Limited,NSE,PICCADIL.NS,647.35,75.9,21.2,7.183,4.99,-19.63,10.59,2.79,8,True,011111111,No VCP,extended past pivot,ranging,Premium,72.7,False,True,True,True,False,Three White Soldiers,18.03,647.35,614.89,558.15,5.01,673.04,699.24,809.19,4.99,308,4,12
STARHEALTH,Star Health and Allied Insurance Company Limited,NSE,STARHEALTH.NS,580.3,66.2,50.3,1.278,1.35,-4.21,44.32,2.91,7,True,110011111,Strong VCP,AT PIVOT (actionable),bullish (HH/HL),Premium,86.5,True,True,True,True,True,Bearish Engulfing;Bearish Pin Bar;Bullish Harami;Inside Bar;,16.89,605.8,575.41,513.0,5.02,630.66,656.03,757.25,4.98,329,8,12
SHRINGARMS,Shringar House of Mangalsutra Limited,NSE,SHRINGARMS.NS,231.36,71.6,14.0,1.842,1.65,-13.19,19.47,2.8,7,False,110111101,No VCP,BROKEN OUT (fresh),bullish (HH/HL),Premium,65.0,False,True,True,True,False,Outside Bar;Three White Soldiers,6.48,231.36,219.69,199.0,5.04,246.82,262.78,289.2,4.96,856,5,12
PAYTM,One 97 Communications Limited,NSE,PAYTM.NS,1221.4,70.2,17.7,15.494,2.85,-11.61,311.95,2.82,8,True,110111111,No VCP,BROKEN OUT (fresh),bearish (LH/LL),Premium,68.7,True,True,True,True,True,Bullish Pin Bar;Hanging Man;NR4;Outside Bar;Shooting Star;Th,34.46,1227.7,1165.67,1014.0,5.05,1262.99,1298.78,1534.62,4.95,161,7,12
DELHIVERY,Delhivery Limited,NSE,DELHIVERY.NS,507.45,69.9,28.0,5.501,4.91,-1.47,173.64,2.85,8,True,111111110,No VCP,BROKEN OUT (fresh),ranging,Premium,94.6,True,True,True,True,True,Bullish Pin Bar;Doji;Hanging Man,14.47,513.4,487.36,428.1,5.07,536.31,559.72,641.75,4.93,384,7,12
PRICOLLTD,Pricol Limited,NSE,PRICOLLTD.NS,621.7,69.3,26.2,6.091,2.32,-10.44,48.56,2.87,9,True,111111111,No VCP,BROKEN OUT (fresh),bullish (HH/HL),Premium,67.5,True,True,False,True,True,Bullish Pin Bar;Hanging Man;NR4;Tweezer Top,17.87,623.8,591.63,532.6,5.16,649.03,674.75,779.75,4.85,310,6,12
CREDITACC,CREDITACCESS GRAMEEN LIMITED,NSE,CREDITACC.NS,1557.4,72.5,27.7,14.853,0.95,-1.99,86.19,2.88,7,True,111011110,Strong VCP,extended past pivot,bullish (HH/HL),Premium,93.4,False,True,True,True,False,Three White Soldiers,44.86,1557.4,1476.65,1229.1,5.18,1597.11,1637.33,1946.75,4.82,123,5,12
KPIL,Kalpataru Projects International Limited,NSE,KPIL.NS,1384.0,58.1,35.0,-4.162,2.31,-6.46,35.21,3.09,6,True,100110111,No VCP,AT PIVOT (actionable),bullish (HH/HL),Premium,79.8,False,True,True,True,False,Bullish Harami;Bullish Pin Bar;Doji;Inside Bar;NR4;Tweezer B,42.8,1479.6,1402.55,1241.0,5.21,1518.32,1557.53,1849.5,4.8,129,6,12
BCLIND,Bcl Industries Limited,NSE,BCLIND.NS,36.52,57.5,21.2,-0.17,1.08,-25.92,5.28,4.33,7,True,101011111,No VCP,forming / still basing,bullish (HH/HL),Premium,76.1,True,True,True,True,False,Inside Bar;NR7;Three White Soldiers,1.58,39.98,37.13,32.22,7.13,46.55,53.63,53.63,4.79,3508,5,12
POONAWALLA,Poonawalla Fincorp Limited,NSE,POONAWALLA.NS,460.95,72.1,22.5,5.11,1.3,-19.19,80.18,2.91,8,True,111011111,No VCP,extended past pivot,bearish (LH/LL),Premium,70.3,False,True,True,True,False,Three White Soldiers,13.42,460.95,436.79,370.05,5.24,482.67,504.89,576.19,4.77,413,4,12
AARTIIND,Aarti Industries Limited,NSE,AARTIIND.NS,487.7,57.9,15.5,1.28,0.76,-6.77,66.41,3.02,6,True,110010111,Strong VCP,AT PIVOT (actionable),ranging,Premium,80.9,False,False,True,True,False,Hammer;Three White Soldiers,14.71,504.9,478.42,424.0,5.24,527.62,550.84,631.12,4.77,377,6,12
APTUS,Aptus Value Housing Finance India Limited,NSE,APTUS.NS,287.85,68.5,25.0,2.219,2.28,-20.92,40.05,2.99,9,True,111111111,No VCP,BROKEN OUT (fresh),bullish (HH/HL),Premium,93.0,False,True,True,True,True,Bearish Engulfing;Inside Bar;Long-legged Doji;NR4;Three Whit,8.6,295.0,279.52,248.0,5.25,312.43,330.35,368.75,4.76,645,6,12
LODHA,Lodha Developers Limited,NSE,LODHA.NS,1057.0,74.9,27.5,11.955,3.23,-27.68,225.11,2.96,9,True,111111111,No VCP,extended past pivot,ranging,Premium,87.8,False,True,False,True,False,NR4;Three White Soldiers,31.27,1057.0,1000.71,848.0,5.33,1089.76,1123.02,1321.25,4.69,177,3,12
CCL,CCL Products (India) Limited,NSE,CCL.NS,1173.0,59.0,40.3,2.547,0.71,-5.11,49.73,3.12,7,True,110011111,Moderate VCP,AT PIVOT (actionable),ranging,Premium,81.0,True,True,True,True,True,Hanging Man;Inside Bar;NR4,36.6,1236.2,1170.33,1061.2,5.33,1271.61,1307.52,1545.25,4.69,151,8,12
WELENT,Welspun Enterprises Limited,NSE,WELENT.NS,603.25,69.7,40.7,2.959,2.95,-4.81,19.58,3.14,8,True,110111111,No VCP,BROKEN OUT (fresh),bullish (HH/HL),Premium,86.3,True,True,True,True,True,Evening Star;Inside Bar;NR4,18.96,633.7,599.57,528.0,5.39,659.12,685.05,792.12,4.64,292,7,12
ASTERDM,Aster DM Healthcare Limited,NSE,ASTERDM.NS,793.2,57.8,19.5,-1.217,1.09,-5.18,70.57,3.18,6,True,101010111,Moderate VCP,AT PIVOT (actionable),ranging,Premium,86.4,False,True,False,True,False,Inside Bar;Long-legged Doji;NR4,25.26,836.5,791.04,742.25,5.43,865.67,895.34,1045.62,4.6,219,6,12
FDC,FDC Limited,NSE,FDC.NS,433.8,70.9,33.2,3.472,1.36,-17.81,14.47,3.09,7,True,110011111,No VCP,BROKEN OUT (fresh),ranging,Premium,95.5,False,True,False,True,False,Bullish Pin Bar;Doji;NR4;Outside Bar;Three White Soldiers,13.4,435.65,411.54,373.25,5.53,456.77,478.39,544.56,4.52,414,5,12
ADOR,Ador Welding Limited,NSE,ADOR.NS,1317.8,74.1,35.6,6.347,2.07,-3.1,3.77,3.12,8,False,110111111,No VCP,BROKEN OUT (fresh),bullish (HH/HL),Premium,91.8,False,True,False,True,False,Outside Bar,41.06,1317.8,1243.89,1092.6,5.61,1354.35,1391.4,1647.25,4.46,135,4,12
WINDLAS,Windlas Biotech Limited,NSE,WINDLAS.NS,871.9,65.3,32.2,3.29,1.56,-20.58,4.36,3.21,8,True,110111111,No VCP,AT PIVOT (actionable),bullish (HH/HL),Premium,69.1,True,True,True,True,True,Bullish Pin Bar;Hanging Man;Long-legged Doji;Three White Sol,27.97,895.8,845.45,793.5,5.62,925.98,956.66,1119.75,4.45,198,7,12
AJANTPHARM,Ajanta Pharma Limited,NSE,AJANTPHARM.NS,3326.3,62.9,32.7,19.633,6.51,-5.15,44.32,3.3,8,True,110111111,No VCP,AT PIVOT (actionable),ranging,Premium,78.8,True,True,True,True,True,Bullish Pin Bar;Hanging Man;NR4;Three Black Crows,109.83,3506.9,3309.21,2945.0,5.64,3566.37,3626.34,4383.62,4.43,50,7,12
TEXRAIL,Texmaco Rail & Engineering Limited,NSE,TEXRAIL.NS,113.2,59.7,18.5,0.442,1.11,-36.07,70.54,3.31,6,True,111011100,No VCP,AT PIVOT (actionable),ranging,Premium,66.3,False,True,True,True,False,Inside Bar;Long-legged Doji;Tweezer Bottom,3.75,116.49,109.75,100.46,5.79,127.53,139.08,145.61,4.32,1483,6,12
RITES,RITES Limited,NSE,RITES.NS,218.17,55.7,28.0,1.64,34.75,-26.79,63.26,3.57,8,True,111111101,No VCP,BROKEN OUT (fresh),bullish (HH/HL),Premium,65.1,True,True,True,True,True,Bearish Harami;Evening Star;Inside Bar,7.79,241.3,227.29,199.09,5.81,257.08,273.37,301.62,4.31,713,7,12
GREENPLY,Greenply Industries Limited,NSE,GREENPLY.NS,316.0,72.9,39.0,0.426,0.56,-10.21,42.16,3.25,7,True,110011111,No VCP,BROKEN OUT (fresh),bullish (HH/HL),Premium,99.2,False,True,False,True,False,Inside Bar;NR4;Three White Soldiers,10.27,316.65,298.17,276.95,5.84,334.69,353.24,395.81,4.28,541,5,12
GALAXYSURF,Galaxy Surfactants Limited,NSE,GALAXYSURF.NS,2049.9,71.2,35.1,17.191,1.4,-25.46,3.04,3.26,7,True,110011111,No VCP,BROKEN OUT (fresh),bearish (LH/LL),Premium,97.6,False,True,False,True,False,Inside Bar;Three White Soldiers,66.79,2049.9,1929.68,1642.6,5.86,2095.43,2141.45,2562.38,4.26,83,5,12
INTELLECT,Intellect Design Arena Limited,NSE,INTELLECT.NS,787.0,63.4,15.7,0.69,2.31,-36.77,48.0,3.32,6,True,110111100,No VCP,BROKEN OUT (fresh),ranging,Equilibrium,50.8,False,True,True,True,False,Morning Star;Three White Soldiers,26.15,790.95,743.89,707.1,5.95,819.32,848.2,988.69,4.2,212,6,12
SSWL,Steel Strips Wheels Limited,NSE,SSWL.NS,252.37,73.0,31.9,1.572,4.76,-2.73,12.63,3.42,7,True,110111110,Moderate VCP,BROKEN OUT (fresh),ranging,Premium,97.7,True,True,True,True,True,Bullish Pin Bar;Hanging Man,8.63,252.37,236.83,221.32,6.16,268.51,285.14,315.46,4.06,643,8,12
SURYODAY,Suryoday Small Finance Bank Limited,NSE,SURYODAY.NS,182.15,66.1,37.4,0.557,1.78,-4.52,10.76,3.58,8,False,110111111,No VCP,BROKEN OUT (fresh),ranging,Premium,88.5,False,True,False,True,False,Three White Soldiers,6.51,188.5,176.78,164.1,6.22,202.48,216.96,235.62,4.02,853,4,12
SGMART,SG Mart Limited,NSE,SGMART.NS,600.95,55.3,25.8,0.57,1.57,-5.82,15.42,3.69,8,False,111111101,No VCP,AT PIVOT (actionable),bearish (LH/LL),Premium,88.6,True,False,False,True,False,Inside Bar;Long-legged Doji;NR4,22.15,633.0,593.13,564.35,6.3,658.41,684.32,791.25,3.97,250,4,12
YATRA,Yatra Online Limited,NSE,YATRA.NS,116.91,69.1,30.1,0.811,1.89,-42.12,18.39,3.59,6,True,110111100,No VCP,AT PIVOT (actionable),bullish (HH/HL),Discount,31.6,True,True,True,False,False,Inside Bar;Long-legged Doji;NR4;Outside Bar;Three White Sold,4.2,118.41,110.86,95.1,6.38,129.54,141.17,148.01,3.92,1324,6,12
ONIDA,Onida Electronics Limited,NSE,ONIDA.NS,44.36,65.1,20.0,0.397,0.32,-9.89,9.52,4.66,8,False,111011111,No VCP,BROKEN OUT (fresh),bearish (LH/LL),Premium,81.7,False,True,False,True,False,NR4;Three White Soldiers,2.07,44.36,40.64,35.0,8.39,51.27,58.68,58.68,3.85,2688,4,12
ASHIANA,Ashiana Housing Limited,NSE,ASHIANA.NS,389.9,58.9,22.3,0.581,1.85,-3.97,3.21,3.83,9,True,111111111,No VCP,AT PIVOT (actionable),bullish (HH/HL),Premium,88.0,True,True,False,True,True,Bullish Harami;Evening Star,14.95,406.0,379.09,350.35,6.63,426.4,447.3,507.5,3.77,371,6,12
SRM,SRM Contractors Limited,NSE,SRM.NS,509.75,52.7,22.7,1.143,2.48,-21.57,9.69,3.94,8,True,011111111,No VCP,AT PIVOT (actionable),bullish (HH/HL),Premium,71.7,True,True,True,True,True,Bearish Engulfing;Bullish Harami;Shooting Star,20.08,541.0,504.86,458.05,6.68,564.51,588.52,676.25,3.74,276,7,12
SKFINDUS,SKF India (Industrial) Limited,NSE,SKFINDUS.NS,2825.8,71.1,52.6,11.5,4.44,-5.43,9.62,3.99,7,False,110111101,No VCP,AT PIVOT (actionable),bullish (HH/HL),Premium,83.7,False,True,True,True,False,NR4,112.8,2988.0,2784.96,2344.7,6.8,3042.91,3098.33,3735.0,3.68,49,5,12
ALKYLAMINE,Alkyl Amines Chemicals Limited,NSE,ALKYLAMINE.NS,1827.0,56.4,19.6,-5.794,0.53,-25.09,44.66,3.93,7,True,101011111,No VCP,AT PIVOT (actionable),bullish (HH/HL),Premium,89.7,True,False,False,True,False,NR4;Three White Soldiers,71.71,1898.0,1768.92,1661.3,6.8,1941.82,1986.13,2372.5,3.68,77,5,12
KRISHANA,Krishana Phoschem Limited,NSE,KRISHANA.NS,151.85,68.0,25.0,0.727,2.24,-0.3,22.71,3.78,8,False,111111110,No VCP,BROKEN OUT (fresh),bullish (HH/HL),Premium,99.3,False,True,False,True,False,Three White Soldiers,5.74,151.85,141.52,129.94,6.8,164.42,177.5,189.81,3.67,968,4,12
OLECTRA,Olectra Greentech Limited,NSE,OLECTRA.NS,1490.0,62.1,28.5,3.07,1.52,-13.08,138.59,3.96,9,True,111111111,No VCP,AT PIVOT (actionable),ranging,Premium,90.4,False,True,True,True,True,Bearish Engulfing;Outside Bar;Three White Soldiers,58.97,1556.0,1449.86,1235.0,6.82,1595.7,1635.89,1945.0,3.66,94,6,12
GANDHAR,Gandhar Oil Refinery (India) Limited,NSE,GANDHAR.NS,186.73,69.7,46.0,1.139,0.9,-1.14,18.8,3.84,6,False,110011110,Moderate VCP,BROKEN OUT (fresh),ranging,Premium,97.1,False,True,True,True,False,Bullish Pin Bar;Long-legged Doji;Morning Star;NR4,7.17,188.89,175.98,153.5,6.83,202.88,217.38,236.11,3.66,774,6,12
BUTTERFLY,Butterfly Gandhimathi Appliances Limited,NSE,BUTTERFLY.NS,712.7,66.4,23.7,3.815,3.45,-13.49,12.26,3.85,9,True,111111111,No VCP,BROKEN OUT (fresh),ranging,Premium,72.7,True,True,False,True,True,Bearish Pin Bar;Inverted Hammer;Morning Star;Outside Bar;Thr,27.41,712.7,663.35,618.2,6.92,739.65,767.09,890.88,3.61,202,6,12
INDIQUBE,Indiqube Spaces Limited,NSE,INDIQUBE.NS,170.13,56.0,22.5,0.432,1.75,-30.22,2.37,4.12,7,True,111110101,No VCP,AT PIVOT (actionable),ranging,Equilibrium,45.7,False,True,False,True,False,Hammer,7.01,182.0,169.38,148.95,6.93,195.74,209.98,227.5,3.61,792,5,12
SCODATUBES,Scoda Tubes Limited,NSE,SCODATUBES.NS,150.35,65.3,28.3,1.166,1.12,-34.87,5.87,3.96,6,True,111010101,No VCP,AT PIVOT (actionable),bullish (HH/HL),Premium,73.4,False,True,True,True,False,Three White Soldiers;Tweezer Bottom,5.96,152.7,141.97,118.0,7.03,165.31,178.41,190.88,3.56,931,6,12
ABSLAMC,Aditya Birla Sun Life AMC Limited,NSE,ABSLAMC.NS,1178.4,59.0,39.3,-0.015,3.32,-3.8,49.78,4.06,7,False,100111111,No VCP,AT PIVOT (actionable),bullish (HH/HL),Premium,90.4,True,True,False,True,False,Bullish Engulfing;NR4;Outside Bar,47.82,1224.9,1138.83,1025.1,7.03,1260.15,1295.9,1531.12,3.56,116,5,12
GANECOS,Ganesha Ecosphere Limited,NSE,GANECOS.NS,1027.75,69.3,30.4,11.038,6.44,-34.99,21.02,3.91,7,True,110111011,No VCP,BROKEN OUT (fresh),ranging,Premium,71.2,False,True,True,False,False,NR4,40.14,1027.75,955.5,869.35,7.03,1060.06,1092.87,1284.69,3.56,138,5,12
AEGISVOPAK,Aegis Vopak Terminals Limited,NSE,AEGISVOPAK.NS,257.43,74.1,26.1,0.905,6.84,-14.76,23.55,3.91,9,True,111111111,No VCP,BROKEN OUT (fresh),bullish (HH/HL),Premium,99.2,False,True,True,True,True,Bearish Engulfing;Bullish Marubozu;Hammer,10.06,257.43,239.32,182.5,7.03,273.72,290.52,321.79,3.55,552,6,12
MAYURUNIQ,Mayur Uniquoters Ltd,NSE,MAYURUNIQ.NS,882.15,71.7,42.9,2.153,1.39,-2.74,24.41,4.0,6,False,110011110,Moderate VCP,BROKEN OUT (fresh),ranging,Premium,94.3,False,True,True,True,False,NR4,35.27,894.0,830.51,717.0,7.1,924.15,954.8,1117.5,3.52,157,6,12
IRMENERGY,IRM Energy Limited,NSE,IRMENERGY.NS,271.65,51.5,18.5,0.817,0.06,-30.88,143.93,4.35,7,True,011011111,No VCP,forming / still basing,ranging,Equilibrium,52.7,True,True,True,True,False,Bearish Harami;Tweezer Bottom,11.81,299.0,277.74,242.0,7.11,316.54,334.58,373.75,3.52,470,5,12
GHCLTEXTIL,GHCL Textiles Limited,NSE,GHCLTEXTIL.NS,106.75,67.3,23.0,1.031,2.69,-0.42,5.92,3.97,8,False,111111110,No VCP,extended past pivot,ranging,Premium,98.9,True,True,True,True,False,Bullish Engulfing;Bullish Marubozu;NR4,4.24,106.75,99.12,89.72,7.15,117.33,128.41,133.44,3.5,1310,4,12
DDEVPLSTIK,Ddev Plastiks Industries Limited,NSE,DDEVPLSTIK.NS,282.45,67.1,42.4,1.157,1.56,-21.54,4.5,4.04,8,True,110111111,No VCP,AT PIVOT (actionable),bullish (HH/HL),Premium,78.5,True,True,True,True,True,Bearish Pin Bar;Doji;Shooting Star,11.42,285.49,264.94,243.93,7.2,302.64,320.28,356.86,3.47,486,7,12
AVALON,Avalon Technologies Limited,NSE,AVALON.NS,1788.3,68.2,29.2,-9.076,1.06,-3.49,84.8,4.18,7,False,101011111,Strong VCP,AT PIVOT (actionable),bullish (HH/HL),Premium,94.0,False,True,False,True,False,Inside Bar;Long-legged Doji;Outside Bar,74.71,1853.0,1718.52,1509.8,7.26,1896.3,1940.09,2316.25,3.44,74,5,12
HSCL,Himadri Speciality Chemical Limited,NSE,HSCL.NS,680.65,57.0,20.8,-4.02,1.5,-5.2,795.61,4.35,7,False,101011111,No VCP,AT PIVOT (actionable),bullish (HH/HL),Premium,87.4,False,True,True,True,False,Bullish Harami;Inside Bar;Morning Star;NR4,29.64,718.0,664.65,630.05,7.43,745.05,772.59,897.5,3.36,187,5,12
LANDMARK,Landmark Cars Limited,NSE,LANDMARK.NS,449.4,61.5,44.9,-0.358,1.94,-32.2,6.48,4.31,7,True,100111111,No VCP,AT PIVOT (actionable),bullish (HH/HL),Premium,84.2,False,True,False,True,False,Inside Bar,19.36,464.95,430.11,405.8,7.49,486.76,509.08,581.19,3.34,287,5,12
INDOSTAR,IndoStar Capital Finance Limited,NSE,INDOSTAR.NS,256.65,60.8,31.4,-0.141,1.24,-28.61,3.74,4.37,6,True,100011111,No VCP,AT PIVOT (actionable),bullish (HH/HL),Premium,87.0,False,True,True,True,False,Inside Bar,11.21,268.2,248.03,228.98,7.52,284.83,301.95,335.25,3.32,495,6,12
RISHABH,Rishabh Instruments Limited,NSE,RISHABH.NS,649.45,74.8,33.2,5.503,5.46,-4.21,13.69,4.24,8,False,110111111,Moderate VCP,extended past pivot,bullish (HH/HL),Premium,92.1,False,True,True,True,False,Long-legged Doji,27.53,653.25,603.7,501.05,7.59,679.06,705.37,816.56,3.3,201,4,12
ADVANCE,Advance Agrolife Limited,NSE,ADVANCE.NS,113.8,64.0,29.8,1.224,3.67,-26.1,2.44,4.35,7,False,111110101,No VCP,BROKEN OUT (fresh),bearish (LH/LL),Equilibrium,50.0,False,True,True,True,False,none,4.95,117.0,108.08,93.77,7.62,128.07,139.63,146.25,3.28,1121,5,12
MAPMYINDIA,C.E. Info Systems Limited,NSE,MAPMYINDIA.NS,938.35,62.4,18.0,8.415,5.73,-53.04,48.56,4.29,6,True,111111000,No VCP,BROKEN OUT (fresh),bearish (LH/LL),Discount,15.9,True,True,True,False,False,Three White Soldiers,40.22,938.35,865.95,808.0,7.72,969.23,1000.61,1172.94,3.24,138,6,12
EIEL,Enviro Infra Engineers Limited,NSE,EIEL.NS,235.46,71.7,29.9,2.784,4.9,-23.15,63.67,4.35,9,True,111111111,No VCP,BROKEN OUT (fresh),bullish (HH/HL),Premium,89.4,False,True,True,True,True,Bearish Pin Bar;Shooting Star;Tweezer Top,10.23,235.46,217.04,175.5,7.82,251.05,267.15,294.32,3.2,542,6,12
SHILPAMED,Shilpa Medicare Limited,NSE,SHILPAMED.NS,608.95,65.2,60.2,0.466,2.86,-0.98,65.3,4.42,7,False,110111110,No VCP,BROKEN OUT (fresh),bullish (HH/HL),Premium,98.3,False,True,True,True,False,NR4,26.9,615.0,566.59,524.05,7.87,640.05,665.6,768.75,3.18,206,5,12
XPROINDIA,Xpro India Limited,NSE,XPROINDIA.NS,1495.0,75.8,49.0,12.788,1.93,-5.07,10.15,4.68,7,False,010111111,No VCP,BROKEN OUT (fresh),bullish (HH/HL),Premium,89.9,False,True,True,True,False,Three White Soldiers,70.04,1526.7,1400.64,1140.0,8.26,1566.02,1605.85,1908.38,3.03,79,5,12
RAYMONDREL,Raymond Realty Limited,NSE,RAYMONDREL.NS,676.0,65.4,36.1,0.218,3.29,-28.16,91.57,4.75,8,False,110111111,No VCP,AT PIVOT (actionable),bullish (HH/HL),Premium,91.1,False,True,False,True,False,Inside Bar;Tweezer Bottom,32.08,688.7,630.96,560.0,8.38,715.19,742.19,860.88,2.98,173,4,12
TIRUMALCHM,Thirumalai Chemicals Limited,NSE,TIRUMALCHM.NS,184.05,55.2,23.4,2.855,15.07,-44.02,10.23,4.82,6,True,111111000,No VCP,BROKEN OUT (fresh),bearish (LH/LL),Discount,34.3,True,True,True,False,False,Inside Bar;NR4;Three White Soldiers,8.88,188.0,172.02,158.64,8.5,201.96,216.42,235.0,2.94,625,6,12
AUTOIND,Autoline Industries Limited,NSE,AUTOIND.NS,84.76,57.7,14.6,0.372,0.41,-9.0,2.39,5.01,7,True,110011111,No VCP,AT PIVOT (actionable),ranging,Premium,81.3,False,True,False,True,False,Morning Star,4.25,88.53,80.88,69.99,8.64,98.19,108.35,110.66,2.89,1307,5,12
EMSLIMITED,EMS Limited,NSE,EMSLIMITED.NS,427.65,68.7,38.2,5.372,1.22,-34.71,49.79,5.14,7,True,110011111,No VCP,forming / still basing,bullish (HH/HL),Premium,87.1,True,True,True,True,False,Inside Bar;Long-legged Doji,21.99,453.0,413.42,294.5,8.74,474.53,496.57,566.25,2.86,252,5,12
UFBL,United Foodbrands Limited,NSE,UFBL.NS,706.45,69.2,37.6,-5.104,0.58,-3.01,23.2,5.09,6,False,100011111,Moderate VCP,AT PIVOT (actionable),bullish (HH/HL),Premium,96.1,False,True,True,True,False,Bullish Marubozu;NR4;Three White Soldiers,35.97,728.4,663.65,515.95,8.89,755.64,783.38,910.5,2.81,154,6,12
JNKINDIA,JNK India Limited,NSE,JNKINDIA.NS,483.75,57.9,36.7,-4.481,0.46,-6.79,62.6,5.32,6,False,100011111,Strong VCP,AT PIVOT (actionable),ranging,Premium,88.9,False,True,True,True,False,Bullish Harami;NR4,25.73,519.0,472.68,400.1,8.92,542.03,565.56,648.75,2.8,215,6,12
GALAPREC,Gala Precision Engineering Limited,NSE,GALAPREC.NS,1183.4,69.5,52.2,7.347,1.31,-3.74,9.4,5.03,7,False,110011111,No VCP,AT PIVOT (actionable),bullish (HH/HL),Premium,91.8,False,True,True,True,False,none,59.54,1199.0,1091.83,870.05,8.94,1233.88,1269.25,1498.75,2.8,93,5,12
SPECTRUM,Spectrum Electrical Industries Limited,NSE,SPECTRUM.NS,1853.2,64.9,43.9,6.044,1.43,-5.93,4.18,5.41,7,False,110011111,Moderate VCP,AT PIVOT (actionable),bullish (HH/HL),Premium,87.3,False,True,False,True,False,Inside Bar;NR4,100.23,1970.0,1789.59,1545.0,9.16,2014.63,2059.77,2462.5,2.73,55,5,12
KMEW,Knowledge Marine & Engineering Works Limited,NSE,KMEW.NS,2256.5,58.8,17.8,8.018,1.35,-6.32,35.03,5.84,6,False,110010111,Moderate VCP,AT PIVOT (actionable),bullish (HH/HL),Premium,84.8,True,True,False,True,False,Bullish Harami;Outside Bar,131.87,2408.8,2171.44,1800.6,9.85,2458.13,2507.96,3011.0,2.54,42,6,12
590106,Nippon India ETF Nifty Bank BeES,BSE,590106.BO,600.68,65.5,21.7,0.65,0.98,-5.86,2.66,1.71,8,True,111011111,No VCP,AT PIVOT (actionable),bullish (HH/HL),Premium,69.3,False,True,True,True,True,Bearish Pin Bar;Bullish Marubozu;Doji;Inside Bar;Shooting St,10.3,609.0,590.47,553.62,3.04,633.93,659.36,761.25,8.22,539,6,11
CENTRALBK,Central Bank of India,NSE,CENTRALBK.NS,32.8,52.7,26.1,0.13,3.59,-19.84,47.69,2.64,6,True,011111001,No VCP,AT PIVOT (actionable),ranging,Discount,30.0,True,False,False,True,False,Tweezer Bottom,0.86,34.48,32.92,29.97,4.52,40.6,47.22,47.22,8.17,6410,5,11
ASIANPAINT,Asian Paints Limited,NSE,ASIANPAINT.NS,2737.8,60.3,32.3,-2.064,3.83,-8.3,327.89,1.92,7,True,100111111,No VCP,AT PIVOT (actionable),bullish (HH/HL),Premium,77.9,True,True,True,True,True,Bearish Harami;NR4;Shooting Star;Tweezer Top,52.46,2832.7,2738.26,2624.0,3.33,2886.17,2940.15,3540.88,7.5,105,7,11
TITAN,Titan Company Limited,NSE,TITAN.NS,4461.1,62.6,14.9,16.87,1.17,-3.12,450.48,2.09,6,True,110010111,Moderate VCP,BROKEN OUT (fresh),bullish (HH/HL),Premium,81.6,True,True,True,True,True,NR4;Tweezer Bottom;Tweezer Top,93.19,4504.5,4336.76,3962.8,3.72,4571.87,4639.73,5630.62,6.71,59,8,11
IREDA,Indian Renewable Energy Development Agency Limited,NSE,IREDA.NS,128.49,54.0,19.9,0.365,0.93,-24.49,85.34,2.18,6,True,011011101,No VCP,AT PIVOT (actionable),ranging,Premium,57.8,False,True,False,True,False,Bullish Harami;Inside Bar;NR4;Tweezer Bottom,2.81,133.19,128.14,117.75,3.79,144.98,157.27,166.49,6.59,1980,5,11
UTIAMC,UTI Asset Management Company Limited,NSE,UTIAMC.NS,976.35,62.6,14.1,3.717,4.4,-34.68,12.55,2.11,6,True,110111001,No VCP,BROKEN OUT (fresh),ranging,Discount,35.8,False,True,False,False,False,NR4;Tweezer Bottom,20.63,976.35,939.21,910.05,3.8,1007.85,1039.84,1220.44,6.57,269,5,11
BAJAJHFL,Bajaj Housing Finance Limited,NSE,BAJAJHFL.NS,91.35,69.2,31.7,0.358,7.4,-26.33,44.37,2.14,7,True,110111101,No VCP,AT PIVOT (actionable),bullish (HH/HL),Premium,84.5,True,True,True,True,True,Bearish Pin Bar;Inverted Hammer;Three White Soldiers,1.96,91.38,87.85,82.3,3.86,101.19,111.5,114.22,6.47,2832,7,11
FORTIS,Fortis Healthcare Limited,NSE,FORTIS.NS,974.6,55.7,12.6,-0.955,5.34,-11.75,137.9,2.25,6,True,100110111,No VCP,AT PIVOT (actionable),bearish (LH/LL),Premium,85.4,False,False,True,True,False,Bullish Engulfing;Inverted Hammer;Tweezer Bottom,21.97,1010.1,970.55,935.6,3.92,1042.13,1074.66,1262.62,6.38,252,5,11
MARUTI,Maruti Suzuki India Limited,NSE,MARUTI.NS,14366.0,66.5,15.8,101.721,3.2,-17.29,635.57,2.21,8,True,110111111,No VCP,BROKEN OUT (fresh),bullish (HH/HL),Equilibrium,47.8,False,True,True,True,True,Inside Bar;NR4;Tweezer Top,318.11,14549.0,13976.4,12841.0,3.94,14669.87,14791.24,18186.25,6.35,17,6,11
BAJFINANCE,Bajaj Finance Limited,NSE,BAJFINANCE.NS,1031.4,74.3,33.8,7.417,2.17,-6.45,854.08,2.25,8,True,110111111,No VCP,BROKEN OUT (fresh),bearish (LH/LL),Premium,94.3,True,True,False,True,True,Hanging Man;NR4;Outside Bar;Three White Soldiers;Tweezer Top,23.23,1031.4,989.59,866.5,4.05,1063.77,1096.63,1289.25,6.17,239,6,11
AMBUJACEM,Ambuja Cements Limited,NSE,AMBUJACEM.NS,443.4,59.6,10.9,2.136,1.74,-29.05,154.07,2.3,6,True,110111001,No VCP,BROKEN OUT (fresh),ranging,Discount,30.0,False,True,False,False,False,Morning Star,10.19,443.4,425.07,404.8,4.13,464.71,486.51,554.25,6.05,545,5,11
CHOLAFIN,Cholamandalam Investment and Finance Company Limited,NSE,CHOLAFIN.NS,1789.8,68.5,34.6,8.269,2.55,-2.28,288.19,2.36,7,True,110111110,Moderate VCP,AT PIVOT (actionable),bullish (HH/HL),Premium,93.5,False,True,True,True,True,Bearish Engulfing;Tweezer Top,42.29,1823.9,1747.78,1449.3,4.17,1866.86,1910.31,2279.88,5.99,131,7,11
AUROPHARMA,Aurobindo Pharma Limited,NSE,AUROPHARMA.NS,1620.5,71.2,27.9,10.938,3.37,-1.0,204.28,2.32,8,False,111111110,No VCP,extended past pivot,bearish (LH/LL),Premium,96.9,False,True,True,True,False,Bullish Harami;Bullish Pin Bar;Doji;Morning Star;NR4,37.66,1620.5,1552.71,1391.0,4.18,1661.01,1702.01,2025.62,5.98,147,3,11
HYUNDAI,Hyundai Motor India Limited,NSE,HYUNDAI.NS,1993.4,59.0,20.6,-3.768,0.59,-31.02,257.06,2.41,6,True,101011101,No VCP,AT PIVOT (actionable),bullish (HH/HL),Equilibrium,47.3,False,True,False,True,False,Three White Soldiers;Tweezer Bottom,48.1,2059.0,1972.42,1863.0,4.2,2104.63,2150.75,2573.75,5.95,115,5,11
NHPC,NHPC Limited,NSE,NHPC.NS,80.53,59.2,25.8,0.571,2.96,-10.27,223.34,2.45,9,True,111111111,No VCP,AT PIVOT (actionable),bearish (LH/LL),Premium,58.6,True,False,False,True,True,Bearish Pin Bar;Shooting Star;Tweezer Top,1.98,82.1,78.54,71.62,4.34,91.41,101.22,102.62,5.76,2808,5,11
EIHOTEL,EIH Limited,NSE,EIHOTEL.NS,329.4,63.0,23.6,1.516,2.36,-24.24,5.24,2.52,7,True,111110101,No VCP,AT PIVOT (actionable),ranging,Premium,56.3,False,False,False,True,False,Bullish Engulfing;Inside Bar;Outside Bar;Tweezer Bottom,8.29,334.2,319.28,284.2,4.46,352.73,371.76,417.75,5.6,670,4,11
JLHL,Jupiter Life Line Hospitals Limited,NSE,JLHL.NS,1456.3,82.0,27.0,10.159,2.61,-10.38,6.8,2.51,8,True,011111111,No VCP,BROKEN OUT (fresh),ranging,Premium,97.3,False,True,True,True,True,NR4;Outside Bar;Three White Soldiers;Tweezer Top,36.57,1462.0,1396.18,1290.0,4.5,1500.49,1539.47,1827.5,5.55,151,6,11
PAGEIND,Page Industries Limited,NSE,PAGEIND.NS,42800.0,67.9,37.0,278.971,2.94,-13.33,115.98,2.57,8,True,110111111,No VCP,BROKEN OUT (fresh),bullish (HH/HL),Premium,92.5,False,True,True,True,True,Bearish Harami;Evening Star;Inside Bar;NR4,1100.69,43855.0,41873.76,37545.0,4.52,44064.67,44274.83,54818.75,5.53,5,6,11
PATELENG,Patel Engineering Limited,NSE,PATELENG.NS,34.01,67.2,37.4,0.261,1.84,-20.48,23.49,3.86,8,True,110111111,No VCP,AT PIVOT (actionable),bullish (HH/HL),Premium,86.1,True,True,False,True,True,Bearish Pin Bar;Doji;Inside Bar;NR4;Three Black Crows,1.31,35.95,33.59,26.12,6.56,42.2,48.94,48.94,5.5,4237,6,11
LINDEINDIA,Linde India Limited,NSE,LINDEINDIA.NS,7178.5,51.0,19.4,15.803,4.77,-10.82,30.18,2.67,8,True,011111111,No VCP,AT PIVOT (actionable),ranging,Premium,62.2,True,True,False,True,True,Outside Bar;Three Black Crows;Tweezer Bottom,191.98,7570.0,7224.44,6675.0,4.56,7657.26,7745.01,9462.5,5.48,28,6,11
SUMEETINDS,Sumeet Industries Limited,NSE,SUMEETINDS.NS,30.06,69.3,29.3,0.577,4.18,-25.78,5.72,4.2,8,True,111111011,No VCP,BROKEN OUT (fresh),bearish (LH/LL),Premium,83.4,False,True,True,True,True,Bearish Pin Bar;Inside Bar;NR4;Shooting Star,1.26,30.84,28.57,22.5,7.36,36.64,42.95,42.95,5.33,4405,6,11
RAMCOCEM,The Ramco Cements Limited,NSE,RAMCOCEM.NS,947.55,64.4,25.0,8.706,3.32,-21.98,24.99,2.62,7,True,111111001,No VCP,BROKEN OUT (fresh),ranging,Discount,29.0,False,True,True,True,True,Bearish Pin Bar;NR7;Shooting Star;Three White Soldiers,24.85,947.55,902.81,838.3,4.72,978.58,1010.11,1184.44,5.29,223,7,11
KIMS,Krishna Institute of Medical Sciences Limited,NSE,KIMS.NS,850.65,70.8,33.5,3.324,2.02,-0.6,47.58,2.65,7,True,110111110,Moderate VCP,BROKEN OUT (fresh),bullish (HH/HL),Premium,98.2,False,True,True,True,True,NR4;Shooting Star;Three White Soldiers,22.53,850.65,810.09,760.1,4.77,880.07,909.98,1063.31,5.24,246,7,11
FLUOROCHEM,Gujarat Fluorochemicals Limited,NSE,FLUOROCHEM.NS,3965.5,67.5,22.9,13.239,1.61,-1.8,43.74,2.71,8,True,111111110,No VCP,BROKEN OUT (fresh),bearish (LH/LL),Premium,93.5,False,True,True,True,True,Bearish Harami;Bullish Pin Bar;Dragonfly Doji;Hanging Man;In,107.41,4038.0,3844.67,3451.2,4.79,4101.8,4166.09,5047.5,5.22,51,6,11
TI,Tilaknagar Industries Limited,NSE,TI.NS,451.75,57.2,21.2,2.626,2.1,-17.82,22.2,2.73,8,True,111101111,No VCP,AT PIVOT (actionable),ranging,Premium,64.8,True,True,True,False,True,Hanging Man;Inside Bar;NR7;Outside Bar,12.33,460.0,437.81,411.4,4.82,481.7,503.9,575.0,5.18,450,6,11
IBULLSLTD,Indiabulls Limited,NSE,IBULLSLTD.NS,29.3,76.6,40.9,0.111,1.86,-0.07,21.51,4.34,6,False,010111110,No VCP,BROKEN OUT (fresh),bullish (HH/HL),Premium,99.9,False,True,True,True,False,Inside Bar;NR4,1.27,29.3,27.01,22.25,7.82,34.96,41.13,41.13,5.17,4366,5,11
PNGJL,P N Gadgil Jewellers Limited,NSE,PNGJL.NS,569.35,57.8,13.9,3.96,1.84,-22.68,20.23,2.82,6,True,110111001,No VCP,BROKEN OUT (fresh),bearish (LH/LL),Discount,28.4,False,True,False,False,False,Three White Soldiers,16.04,594.0,565.13,526.0,4.86,618.62,643.74,742.5,5.14,346,5,11
MUFIN,Mufin Green Finance Limited,NSE,MUFIN.NS,135.04,68.7,19.3,0.537,2.34,-2.14,20.41,2.78,8,False,111111110,No VCP,BROKEN OUT (fresh),bullish (HH/HL),Premium,93.1,True,True,True,True,True,Bearish Pin Bar;Bullish Harami;Inside Bar;NR4;Shooting Star,3.76,138.0,131.24,117.15,4.9,150.0,162.49,172.5,5.1,1479,6,11
PRIVISCL,Privi Speciality Chemicals Limited,NSE,PRIVISCL.NS,3694.9,65.6,29.9,18.873,1.18,-1.73,32.78,2.82,7,False,111011110,Moderate VCP,BROKEN OUT (fresh),bullish (HH/HL),Premium,94.5,True,True,True,True,True,Bullish Engulfing;Bullish Marubozu;Dark Cloud Cover;Tweezer ,104.05,3755.0,3567.7,3110.0,4.99,3816.53,3878.56,4693.75,5.01,53,7,11
USHAMART,Usha Martin Limited,NSE,USHAMART.NS,514.1,63.2,16.2,2.196,1.49,-2.54,40.09,2.84,6,True,110011110,No VCP,BROKEN OUT (fresh),bearish (LH/LL),Premium,90.9,False,True,False,True,False,none,14.58,525.0,498.76,460.0,5.0,548.16,571.83,656.25,5.0,381,5,11
UFLEX,UFLEX Limited,NSE,UFLEX.NS,438.3,60.4,27.9,0.727,0.64,-29.01,7.12,2.89,7,True,111011101,No VCP,BROKEN OUT (fresh),ranging,Equilibrium,54.1,False,False,False,True,False,Inverted Hammer;Three White Soldiers,12.66,448.65,425.86,404.0,5.08,470.08,492.01,560.81,4.92,438,4,11
KSCL,Kaveri Seed Company Limited,NSE,KSCL.NS,919.2,55.8,24.1,3.337,0.49,-24.96,22.51,3.07,6,True,111010101,No VCP,forming / still basing,bullish (HH/HL),Premium,66.9,True,True,True,True,False,Bullish Pin Bar;Hammer;Inside Bar;Morning Star;NR4,28.25,996.0,945.15,842.25,5.11,1027.81,1060.12,1245.0,4.9,196,5,11
PRESTIGE,Prestige Estates Projects Limited,NSE,PRESTIGE.NS,1668.0,75.2,30.8,16.395,2.58,-8.05,100.58,2.88,7,True,010111111,No VCP,extended past pivot,bullish (HH/HL),Premium,94.9,False,True,True,True,False,Three White Soldiers,48.06,1682.5,1595.99,1311.0,5.14,1723.77,1765.54,2103.12,4.86,115,4,11
UJJIVANSFB,Ujjivan Small Finance Bank Limited,NSE,UJJIVANSFB.NS,59.6,59.2,30.2,0.51,2.26,-12.35,75.19,3.23,8,True,110111111,No VCP,BROKEN OUT (fresh),bullish (HH/HL),Premium,55.2,True,True,True,False,True,Bearish Engulfing;Evening Star;Long-legged Doji;NR4;Outside ,1.93,62.21,58.74,52.03,5.58,70.35,78.98,78.98,4.83,2881,6,11
AAVAS,Aavas Financiers Limited,NSE,AAVAS.NS,1506.1,66.5,18.7,5.705,1.39,-26.5,20.41,2.97,8,True,111011111,No VCP,AT PIVOT (actionable),ranging,Premium,92.8,True,True,False,True,True,Bullish Harami;Evening Star;Inside Bar;Long-legged Doji;NR4,44.67,1540.8,1460.4,1247.6,5.22,1580.3,1620.31,1926.0,4.79,124,6,11
TIMETECHNO,Time Technoplast Limited,NSE,TIMETECHNO.NS,181.04,54.7,10.3,0.636,2.07,-27.34,53.97,2.98,6,True,010111101,No VCP,AT PIVOT (actionable),bullish (HH/HL),Equilibrium,50.6,False,True,False,True,False,none,5.4,185.7,175.98,162.5,5.23,199.58,213.95,232.12,4.78,1028,5,11
MARKOLINES,Markolines Pavement Technologies Limited,NSE,MARKOLINES.NS,187.62,76.2,28.8,1.695,1.9,-2.15,7.68,2.95,6,False,011111100,No VCP,BROKEN OUT (fresh),bullish (HH/HL),Premium,93.1,False,True,True,True,False,Three White Soldiers,5.54,190.2,180.23,160.35,5.24,204.24,218.78,237.75,4.77,1003,5,11
GRANULES,Granules India Limited,NSE,GRANULES.NS,833.8,69.1,28.9,4.76,1.9,-0.74,104.76,2.92,8,False,111111110,No VCP,BROKEN OUT (fresh),ranging,Premium,98.0,True,True,True,True,True,Bullish Engulfing;NR7;Tweezer Top,24.37,833.8,789.93,736.5,5.26,862.93,892.55,1042.25,4.75,227,6,11
LOTUSDEV,Sri Lotus Developers and Realty Limited,NSE,LOTUSDEV.NS,148.73,58.4,18.2,0.578,2.62,-31.93,8.5,3.11,8,True,111111101,No VCP,AT PIVOT (actionable),ranging,Premium,79.3,False,True,True,True,True,Inside Bar;Long-legged Doji;NR4;Tweezer Top,4.63,154.4,146.07,128.3,5.4,167.08,180.25,193.0,4.63,1200,6,11
ABDL,Allied Blenders and Distillers Limited,NSE,ABDL.NS,655.15,64.1,42.5,1.563,4.17,-5.98,21.75,3.15,8,False,110111111,No VCP,BROKEN OUT (fresh),bullish (HH/HL),Premium,92.9,True,True,True,True,True,Bullish Pin Bar;Doji;Evening Star;Hanging Man;Inside Bar;NR4,20.64,675.95,638.81,560.0,5.49,702.2,728.95,844.94,4.55,269,6,11
ROUTE,ROUTE MOBILE LIMITED,NSE,ROUTE.NS,553.45,62.0,15.8,1.175,2.11,-46.47,11.84,3.07,6,True,110111100,No VCP,BROKEN OUT (fresh),bullish (HH/HL),Equilibrium,50.8,True,True,False,False,False,Inside Bar;Three White Soldiers,16.99,554.9,524.33,507.15,5.51,578.71,603.01,693.62,4.54,327,5,11
J&KBANK,The Jammu & Kashmir Bank Limited,NSE,J&KBANK.NS,165.2,67.1,32.3,-0.542,1.81,-1.17,63.5,3.11,6,False,100111110,No VCP,AT PIVOT (actionable),bullish (HH/HL),Premium,97.2,False,True,True,True,False,Bullish Pin Bar;Hammer;Morning Star;NR4,5.14,167.15,157.9,145.2,5.53,180.33,194.01,208.94,4.52,1081,5,11
BANCOINDIA,Banco Products (I) Limited,NSE,BANCOINDIA.NS,689.1,62.8,18.2,-0.247,2.07,-21.68,15.91,3.19,8,True,101111111,No VCP,BROKEN OUT (fresh),bullish (HH/HL),Premium,90.4,True,True,False,True,True,Bearish Pin Bar;Inside Bar;NR4;Shooting Star;Three White Sol,21.99,705.95,666.36,624.15,5.61,732.77,760.09,882.44,4.46,252,6,11
BEML,BEML Limited,NSE,BEML.NS,1864.7,62.4,13.2,13.003,4.8,-21.2,52.59,3.16,7,True,110101111,No VCP,BROKEN OUT (fresh),ranging,Premium,74.7,True,True,True,True,True,Hanging Man;Inside Bar;NR4;Three White Soldiers;Tweezer Top,58.87,1881.0,1775.04,1693.2,5.63,1924.62,1968.74,2351.25,4.44,94,7,11
RPGLIFE,RPG Life Sciences Limited,NSE,RPGLIFE.NS,2415.8,68.6,25.5,12.894,0.36,-11.35,11.55,3.24,8,True,111011111,No VCP,BROKEN OUT (fresh),bullish (HH/HL),Premium,86.2,False,True,True,True,True,Bearish Pin Bar;Inside Bar;Shooting Star;Three White Soldier,78.32,2480.0,2339.02,2065.3,5.68,2530.05,2580.6,3100.0,4.4,70,6,11
KSL,Kalyani Steels Limited,NSE,KSL.NS,882.1,65.7,15.5,7.121,2.5,-10.34,4.15,3.21,8,True,110111111,No VCP,BROKEN OUT (fresh),ranging,Premium,90.5,False,True,True,True,True,Bullish Harami;Hanging Man;Morning Star;NR4;NR7,28.33,892.95,841.96,770.1,5.71,923.08,953.71,1116.19,4.38,196,6,11
WELSPUNLIV,Welspun Living Limited,NSE,WELSPUNLIV.NS,170.93,69.5,30.1,0.584,1.72,-0.62,44.77,3.25,7,False,110111110,No VCP,AT PIVOT (actionable),ranging,Premium,98.4,False,True,False,True,False,NR4;Three White Soldiers,5.55,171.0,161.01,133.34,5.84,184.33,198.15,213.75,4.28,1001,4,11
INDNIPPON,India Nippon Electricals Limited,NSE,INDNIPPON.NS,986.7,66.8,49.4,2.83,1.61,-10.29,5.03,3.37,8,True,110111111,No VCP,AT PIVOT (actionable),ranging,Premium,89.6,False,True,True,True,True,Bullish Harami;NR4;Tweezer Top,33.25,1022.8,962.94,855.55,5.85,1055.03,1087.76,1278.5,4.27,167,6,11
ALIVUS,Alivus Life Sciences Limited,NSE,ALIVUS.NS,1157.7,68.2,26.8,9.922,2.9,-2.88,11.55,3.35,8,True,111111110,No VCP,BROKEN OUT (fresh),bearish (LH/LL),Premium,90.8,False,True,True,True,True,Bullish Harami;Inside Bar;NR4;Shooting Star,38.83,1192.0,1122.11,996.4,5.86,1226.78,1262.05,1490.0,4.26,143,6,11
MAHLOG,Mahindra Logistics Limited,NSE,MAHLOG.NS,394.6,67.4,31.2,4.296,6.22,-12.31,6.69,3.3,8,True,110111111,No VCP,BROKEN OUT (fresh),bullish (HH/HL),Premium,68.3,False,True,True,True,True,Bearish Pin Bar;Shooting Star,13.01,394.6,371.18,330.55,5.94,414.71,435.33,493.25,4.21,426,6,11
DOLLAR,Dollar Industries Limited,NSE,DOLLAR.NS,276.8,61.3,22.7,2.613,3.06,-35.61,9.77,3.41,6,True,111111000,No VCP,AT PIVOT (actionable),bearish (LH/LL),Discount,42.0,True,False,False,True,False,Three White Soldiers,9.45,283.5,266.49,243.05,6.0,300.59,318.17,354.38,4.17,587,5,11
SKIPPER,Skipper Limited,NSE,SKIPPER.NS,574.95,67.1,24.7,-0.168,1.83,-2.22,50.32,3.36,7,False,101111110,Strong VCP,BROKEN OUT (fresh),ranging,Premium,96.9,True,True,True,True,True,Bearish Pin Bar;Inside Bar;Inverted Hammer;Three White Soldi,19.33,579.25,544.45,518.5,6.01,603.57,628.39,724.06,4.16,287,7,11
TBOTEK,TBO Tek Limited,NSE,TBOTEK.NS,1522.1,70.7,40.5,4.397,10.41,-13.75,24.62,3.45,8,True,110111111,No VCP,BROKEN OUT (fresh),bullish (HH/HL),Premium,86.7,False,True,True,True,True,Bearish Pin Bar;Doji,52.53,1569.0,1474.45,1181.5,6.03,1608.86,1649.22,1961.25,4.15,105,6,11
REDINGTON,Redington Limited,NSE,REDINGTON.NS,275.0,61.7,42.1,-0.358,1.05,-14.21,131.65,3.57,6,True,100011111,No VCP,forming / still basing,bullish (HH/HL),Premium,83.8,True,True,True,True,False,Inside Bar;Long-legged Doji;NR4;Outside Bar,9.81,291.17,273.52,227.1,6.06,308.48,326.3,363.96,4.12,566,5,11
STOVEKRAFT,Stove Kraft Limited,NSE,STOVEKRAFT.NS,781.85,76.9,56.4,1.885,0.92,-3.94,13.82,3.52,6,False,010011111,Moderate VCP,AT PIVOT (actionable),ranging,Premium,94.9,False,True,False,True,False,Bullish Marubozu;Inside Bar;NR4,27.53,800.0,750.45,621.6,6.19,828.53,857.57,1000.0,4.04,201,5,11
RAJRATAN,Rajratan Global Wire Limited,NSE,RAJRATAN.NS,453.05,57.5,20.0,-0.625,0.81,-16.1,3.0,3.62,7,True,101011111,No VCP,AT PIVOT (actionable),ranging,Premium,59.8,False,True,False,False,False,Inverted Hammer;Three White Soldiers,16.42,473.95,444.4,416.0,6.23,495.97,518.49,592.44,4.01,338,4,11
AZAD,Azad Engineering Limited,NSE,AZAD.NS,2149.1,57.2,13.5,0.533,2.15,-8.55,97.89,3.86,7,True,110101111,No VCP,AT PIVOT (actionable),bearish (LH/LL),Premium,79.7,False,False,False,True,False,none,82.95,2291.3,2141.99,1959.0,6.52,2339.42,2388.04,2864.12,3.84,66,4,11
ARVIND,Arvind Limited,NSE,ARVIND.NS,569.05,68.1,50.7,2.875,4.57,-5.16,58.65,3.81,8,False,110111111,No VCP,forming / still basing,bullish (HH/HL),Premium,90.1,True,True,False,True,False,NR4,21.68,600.0,560.98,480.35,6.5,624.74,649.99,750.0,3.84,256,3,11
GPTINFRA,GPT Infraprojects Limited,NSE,GPTINFRA.NS,129.36,59.8,32.5,0.627,0.72,-13.76,5.11,4.2,6,True,110010111,No VCP,forming / still basing,ranging,Premium,61.6,True,True,True,True,False,Inside Bar;NR4,5.44,150.0,140.21,110.3,6.53,162.5,175.49,187.5,3.83,1021,5,11
UDS,Updater Services Limited,NSE,UDS.NS,194.32,65.4,41.1,0.548,2.79,-36.07,7.43,3.8,7,True,110111110,No VCP,BROKEN OUT (fresh),bullish (HH/HL),Premium,90.9,True,True,True,True,True,Shooting Star,7.39,201.29,187.98,177.0,6.61,215.73,230.67,251.61,3.78,751,7,11
OLAELEC,Ola Electric Mobility Limited,NSE,OLAELEC.NS,44.48,57.4,23.6,-0.077,3.47,-37.57,552.46,4.97,7,True,101111110,No VCP,BROKEN OUT (fresh),ranging,Premium,82.9,True,True,True,True,True,Bearish Engulfing;Bullish Pin Bar;Doji;Evening Star;NR4;Thre,2.21,49.05,45.07,39.85,8.11,56.3,64.06,64.06,3.77,2512,7,11
GOODLUCK,Goodluck India Limited,NSE,GOODLUCK.NS,1490.2,64.5,20.7,9.877,7.06,-3.16,31.85,3.77,9,False,111111111,No VCP,AT PIVOT (actionable),bullish (HH/HL),Premium,92.2,False,True,True,True,True,Bullish Harami;NR7;Tweezer Top,56.11,1525.0,1423.99,1270.7,6.62,1564.3,1604.1,1906.25,3.77,99,5,11
SWSOLAR,Sterling and Wilson Renewable Energy Limited,NSE,SWSOLAR.NS,246.9,72.6,31.6,1.04,3.62,-27.6,55.6,3.9,8,True,110111111,No VCP,AT PIVOT (actionable),bullish (HH/HL),Premium,87.7,False,True,True,True,True,Hanging Man;Inside Bar;NR4;Outside Bar,9.64,260.8,243.45,191.2,6.65,277.2,294.1,326.0,3.76,576,6,11
BLUESTONE,BlueStone Jewellery and Lifestyle Limited,NSE,BLUESTONE.NS,569.65,69.5,28.8,4.535,1.13,-28.17,30.79,3.79,8,True,111011111,No VCP,BROKEN OUT (fresh),bullish (HH/HL),Premium,86.6,False,True,True,True,True,Inside Bar;Three White Soldiers;Tweezer Top,21.6,584.85,545.96,496.25,6.65,609.28,634.22,731.06,3.76,257,6,11
ANUP,The Anup Engineering Limited,NSE,ANUP.NS,2313.4,66.2,31.4,14.273,1.62,-21.71,10.81,3.86,8,True,110111111,No VCP,AT PIVOT (actionable),ranging,Premium,91.3,False,True,True,True,True,Bearish Engulfing;Evening Star,89.23,2398.8,2238.19,1786.2,6.7,2448.03,2497.76,2998.5,3.73,62,6,11
SHREEPUSHK,Shree Pushkar Chemicals & Fertilisers Limited,NSE,SHREEPUSHK.NS,404.1,61.7,24.6,1.816,0.22,-15.11,9.62,3.87,8,True,111011111,No VCP,AT PIVOT (actionable),bullish (HH/HL),Premium,87.4,False,True,True,True,True,Bullish Harami;Inside Bar;Tweezer Top,15.65,417.65,389.48,349.55,6.74,438.34,459.52,522.06,3.71,354,6,11
SMARTWORKS,Smartworks Coworking Spaces Limited,NSE,SMARTWORKS.NS,474.55,54.3,37.0,0.192,1.24,-23.34,4.41,4.05,6,True,010011111,No VCP,AT PIVOT (actionable),bullish (HH/HL),Premium,75.2,False,True,False,True,False,NR4,19.21,511.8,477.23,439.0,6.75,534.67,558.05,639.75,3.7,289,5,11
IXIGO,Le Travenues Technology Limited,NSE,IXIGO.NS,222.23,76.6,36.4,3.826,4.01,-34.47,34.09,3.79,7,True,010111111,No VCP,extended past pivot,ranging,Premium,73.7,False,True,True,True,False,NR4;Three White Soldiers,8.42,222.4,207.25,151.27,6.81,237.56,253.23,278.0,3.67,660,4,11
ARMANFIN,Arman Financial Services Limited,NSE,ARMANFIN.NS,1743.9,60.7,14.5,9.925,1.07,-8.53,8.44,3.83,6,True,110001111,No VCP,BROKEN OUT (fresh),ranging,Premium,73.1,False,True,False,True,False,Bullish Engulfing;Inside Bar,66.73,1760.0,1639.88,1545.0,6.82,1802.2,1844.9,2200.0,3.66,83,5,11
SAIPARENT,Sai Parenterals Limited,NSE,SAIPARENT.NS,618.6,75.1,64.6,0.682,9.67,-12.38,17.28,4.38,6,False,010111101,No VCP,AT PIVOT (actionable),bullish (HH/HL),Premium,71.4,False,True,True,True,False,none,27.06,706.0,657.28,540.1,6.9,732.82,760.14,882.5,3.62,205,5,11
SANGHVIMOV,Sanghvi Movers Limited,NSE,SANGHVIMOV.NS,463.25,73.8,46.9,2.111,1.16,-0.33,20.64,3.84,6,False,110011110,No VCP,BROKEN OUT (fresh),bullish (HH/HL),Premium,99.4,False,True,True,True,False,Bullish Engulfing,17.8,463.25,431.2,362.0,6.92,485.02,507.3,579.06,3.61,312,5,11
BAJAJHCARE,Bajaj Healthcare Limited,NSE,BAJAJHCARE.NS,344.6,64.4,27.1,4.659,28.82,-37.64,17.74,4.09,7,True,111111100,No VCP,AT PIVOT (actionable),bullish (HH/HL),Equilibrium,49.3,True,True,True,True,True,Bullish Engulfing;Inside Bar;NR4;Outside Bar;Three Black Cro,14.1,364.6,339.23,281.1,6.96,383.94,403.79,455.75,3.59,394,7,11
GREAVESCOT,Greaves Cotton Limited,NSE,GREAVESCOT.NS,226.57,70.8,41.1,1.956,4.68,-7.26,38.29,4.11,8,False,110111111,No VCP,extended past pivot,ranging,Premium,88.8,False,True,True,True,False,none,9.3,240.0,223.26,175.4,6.98,255.74,271.98,300.0,3.58,597,3,11
VIKRAN,Vikran Engineering Limited,NSE,VIKRAN.NS,74.54,56.1,21.6,0.316,11.35,-37.04,33.49,4.19,7,True,111111100,No VCP,forming / still basing,ranging,Equilibrium,50.5,True,True,False,True,False,NR4,3.12,79.74,74.12,65.4,7.05,88.92,98.6,99.67,3.55,1779,4,11
CYIENTDLM,Cyient DLM Limited,NSE,CYIENTDLM.NS,509.4,73.2,38.6,0.51,8.33,-2.78,13.59,3.91,7,False,110111110,No VCP,BROKEN OUT (fresh),bullish (HH/HL),Premium,94.4,False,True,False,True,False,Bullish Engulfing,19.92,509.4,473.54,426.5,7.04,532.22,555.54,636.75,3.55,278,4,11
ZENSARTECH,Zensar Technologies Limited,NSE,ZENSARTECH.NS,516.1,65.4,25.3,6.38,23.4,-40.61,128.51,3.96,6,True,111111000,No VCP,extended past pivot,bearish (LH/LL),Discount,29.4,False,True,True,True,False,Morning Star;Three White Soldiers,20.46,516.1,479.28,423.0,7.13,539.07,562.54,645.12,3.5,271,5,11
MOREPENLAB,Morepen Laboratories Limited,NSE,MOREPENLAB.NS,59.07,67.9,42.0,0.743,5.41,-11.04,50.58,4.61,8,False,110111111,No VCP,extended past pivot,bullish (HH/HL),Premium,85.7,False,True,True,True,False,Inside Bar;NR4,2.72,63.4,58.5,42.5,7.73,71.61,80.32,80.32,3.45,2040,3,11
EMIL,Electronics Mart India Limited,NSE,EMIL.NS,140.68,75.6,26.5,2.425,3.09,-16.51,25.31,4.02,8,False,011111111,No VCP,extended past pivot,bullish (HH/HL),Premium,94.9,False,True,True,True,False,Three White Soldiers,5.66,140.68,130.49,100.45,7.24,152.79,165.4,175.85,3.45,981,3,11
PGIL,Pearl Global Industries Limited,NSE,PGIL.NS,2016.3,66.4,51.7,22.117,1.05,-4.7,29.27,4.28,7,False,110011111,Strong VCP,AT PIVOT (actionable),bullish (HH/HL),Premium,87.0,True,True,True,True,True,NR7;Tweezer Top,86.32,2115.7,1960.32,1601.9,7.34,2161.95,2208.69,2644.62,3.4,64,7,11
PWL,Physicswallah Limited,NSE,PWL.NS,130.16,65.9,32.9,1.09,0.87,-19.65,109.41,4.23,6,False,110011101,No VCP,AT PIVOT (actionable),bullish (HH/HL),Premium,89.2,False,True,True,True,False,Bearish Harami;Inside Bar;Three White Soldiers,5.5,134.4,124.49,100.5,7.37,146.24,158.59,168.0,3.39,1009,5,11
DYCL,Dynamic Cables Limited,NSE,DYCL.NS,362.9,58.0,23.2,1.296,0.67,-31.11,18.63,4.39,8,True,111011111,No VCP,forming / still basing,ranging,Premium,66.7,False,True,False,True,False,Outside Bar,15.93,385.8,357.12,300.6,7.43,405.69,426.08,482.25,3.36,348,3,11
MUNJALAU,Munjal Auto Industries Limited,NSE,MUNJALAU.NS,99.39,57.5,31.8,-0.099,12.26,-13.23,5.77,4.73,7,True,100111111,No VCP,AT PIVOT (actionable),bullish (HH/HL),Premium,77.0,True,True,True,True,True,Bearish Harami;Bearish Pin Bar;Bullish Harami;Inside Bar;Inv,4.71,109.0,100.53,88.02,7.77,119.69,130.88,136.25,3.22,1180,7,11
DIVGIITTS,Divgi Torqtransfer Systems Limited,NSE,DIVGIITTS.NS,1021.5,79.0,36.9,14.609,25.49,-4.08,22.79,4.55,7,False,010111111,Moderate VCP,extended past pivot,bullish (HH/HL),Premium,91.1,False,True,True,True,False,Long-legged Doji;Morning Star;NR4,46.47,1065.0,981.35,763.0,7.85,1097.88,1131.27,1331.25,3.18,119,4,11
IKIO,IKIO Technologies Limited,NSE,IKIO.NS,202.82,80.1,18.1,2.813,25.57,-19.8,30.84,4.36,8,False,011111111,No VCP,extended past pivot,bullish (HH/HL),Premium,98.6,False,True,True,True,False,Three White Soldiers,8.85,202.82,186.88,147.62,7.86,217.31,232.3,253.52,3.18,627,3,11
SUYOG,Suyog Telematics Limited,NSE,SUYOG.NS,876.85,70.6,19.6,10.024,3.97,-5.63,2.84,4.39,9,True,111111111,No VCP,BROKEN OUT (fresh),ranging,Premium,97.7,False,True,False,True,True,Bullish Pin Bar;Hanging Man;Three White Soldiers,38.52,877.1,807.77,666.1,7.9,906.97,937.33,1096.38,3.16,144,5,11
FUSION,Fusion Finance Limited,NSE,FUSION.NS,229.4,77.2,25.6,5.276,7.62,-2.09,16.07,4.4,7,False,011111110,Moderate VCP,extended past pivot,bullish (HH/HL),Premium,95.0,False,True,True,True,False,Three White Soldiers,10.1,229.4,211.22,162.76,7.93,244.8,260.69,286.75,3.15,550,4,11
DJML,DJ Mediaprint & Logistics Limited,NSE,DJML.NS,121.87,66.9,15.6,-0.028,2.27,-4.01,3.42,4.5,6,False,100110111,No VCP,BROKEN OUT (fresh),bullish (HH/HL),Premium,95.3,False,True,True,True,False,Bullish Engulfing,5.48,121.87,112.0,104.32,8.1,133.16,144.95,152.34,3.09,1013,5,11
JTLIND,JTL INDUSTRIES LIMITED,NSE,JTLIND.NS,82.29,65.3,24.6,0.336,2.27,-4.3,26.26,4.57,9,True,111111111,No VCP,AT PIVOT (actionable),bullish (HH/HL),Premium,94.0,False,True,False,True,True,Outside Bar;Shooting Star,3.76,83.7,76.93,68.01,8.09,93.1,103.0,104.62,3.09,1477,5,11
EIMCOELECO,Eimco Elecon (India) Limited,NSE,EIMCOELECO.NS,1845.5,65.7,26.7,21.93,7.85,-38.89,6.93,4.82,8,True,111111110,No VCP,BROKEN OUT (fresh),ranging,Premium,77.9,False,True,True,True,True,Bullish Pin Bar;Doji;Hanging Man;Inside Bar;NR7,88.99,1970.1,1809.92,1501.0,8.13,2014.74,2059.87,2462.62,3.07,62,6,11
CMPDI,Central Mine Planning & Design Institute Limited,NSE,CMPDI.NS,277.5,68.8,30.5,1.352,1.63,-2.18,143.84,4.59,6,False,110111100,No VCP,BROKEN OUT (fresh),bullish (HH/HL),Premium,95.4,False,True,True,True,False,Long-legged Doji,12.74,277.5,254.57,220.86,8.26,294.41,311.82,346.88,3.03,436,5,11
IOLCP,IOL Chemicals and Pharmaceuticals Limited,NSE,IOLCP.NS,142.96,61.9,41.8,0.749,2.33,-5.45,55.07,4.93,8,False,110111111,Moderate VCP,BROKEN OUT (fresh),ranging,Premium,90.2,False,True,True,True,True,Bearish Engulfing;Hanging Man;Outside Bar;Three White Soldie,7.04,151.2,138.52,123.2,8.39,163.75,176.79,189.0,2.98,788,6,11
BHARATSE,Bharat Seats Limited,NSE,BHARATSE.NS,239.73,79.9,23.1,6.125,20.8,-6.26,21.55,4.91,8,False,011111111,No VCP,extended past pivot,ranging,Premium,86.9,False,True,True,True,False,Long-legged Doji;Outside Bar;Three White Soldiers,11.78,247.33,226.13,171.0,8.57,263.31,279.78,309.16,2.92,471,3,11
BHAGERIA,Bhageria Industries Limited,NSE,BHAGERIA.NS,219.96,59.4,30.5,-1.819,1.45,-10.07,2.94,5.23,6,False,100011111,No VCP,AT PIVOT (actionable),bullish (HH/HL),Premium,86.8,False,True,True,True,False,Bearish Harami;Three White Soldiers,11.5,234.0,213.29,196.02,8.85,249.55,265.59,292.5,2.82,482,5,11
SUVEN,Suven Life Sciences Limited,NSE,SUVEN.NS,327.6,74.6,28.5,4.014,5.05,-2.5,56.8,5.31,8,False,111111110,No VCP,extended past pivot,bearish (LH/LL),Premium,96.0,False,True,True,True,False,none,17.39,327.6,296.3,230.6,9.55,345.95,364.8,409.5,2.62,319,3,11
EXICOM,Exicom Tele-Systems Limited,NSE,EXICOM.NS,178.01,63.1,31.5,-0.052,1.05,-10.82,109.4,5.96,6,False,100011111,No VCP,AT PIVOT (actionable),bullish (HH/HL),Premium,95.4,False,True,True,True,False,Outside Bar,10.6,182.9,163.82,129.06,10.43,196.67,210.95,228.62,2.4,524,5,11
YESBANK,Yes Bank Limited,NSE,YESBANK.NS,24.39,55.3,27.3,-0.136,1.44,-5.39,294.52,2.59,7,True,101011111,No VCP,AT PIVOT (actionable),bearish (LH/LL),Premium,83.8,True,False,True,True,True,Bearish Engulfing;Bullish Harami;Long-legged Doji;NR4;Tweeze,0.63,25.78,24.64,22.18,4.42,31.11,36.93,36.93,9.78,8771,6,10
SUNPHARMA,Sun Pharmaceutical Industries Limited,NSE,SUNPHARMA.NS,1904.8,70.2,29.3,5.101,0.7,-1.05,604.79,1.55,7,True,111011110,No VCP,BROKEN OUT (fresh),ranging,Premium,94.1,False,True,True,True,True,Inside Bar;Morning Star;NR4;Tweezer Top,29.62,1904.8,1851.49,1766.1,2.8,1948.69,1993.09,2381.0,8.93,187,6,10
HDFCBANK,HDFC Bank Limited,NSE,HDFCBANK.NS,801.05,61.0,22.0,2.01,1.34,-21.5,2681.49,1.76,7,True,111011101,No VCP,AT PIVOT (actionable),bullish (HH/HL),Discount,27.8,False,True,True,False,True,Bearish Pin Bar;Gravestone Doji;NR4;Shooting Star;Tweezer To,14.06,806.1,780.79,732.3,3.14,834.74,863.88,1007.62,7.96,395,6,10
UTKARSHBNK,Utkarsh Small Finance Bank Limited,NSE,UTKARSHBNK.NS,15.07,62.9,33.8,0.095,4.51,-38.24,12.37,4.39,6,True,110111100,No VCP,AT PIVOT (actionable),ranging,Premium,81.4,True,True,True,True,True,Bearish Pin Bar;Inside Bar;Inverted Hammer;NR4,0.66,16.2,15.01,12.3,7.35,20.47,25.25,25.25,7.61,8403,7,10
NESTLEIND,Nestle India Limited,NSE,NESTLEIND.NS,1459.8,62.4,18.4,6.774,1.72,-2.56,282.21,2.0,7,True,111101110,No VCP,BROKEN OUT (fresh),ranging,Premium,88.7,False,True,True,True,True,NR4;Outside Bar;Tweezer Top,29.23,1462.3,1409.68,1370.6,3.6,1500.79,1539.78,1827.88,6.95,190,6,10
DRREDDY,Dr. Reddy's Laboratories Limited,NSE,DRREDDY.NS,1374.1,67.1,28.4,7.591,4.31,-2.88,269.83,2.17,8,True,111111110,No VCP,AT PIVOT (actionable),bullish (HH/HL),Premium,84.7,False,True,False,True,True,Tweezer Top,29.81,1414.9,1361.24,1260.9,3.79,1452.77,1491.13,1768.62,6.59,186,5,10
TORNTPHARM,Torrent Pharmaceuticals Limited,NSE,TORNTPHARM.NS,4768.3,71.2,22.8,21.663,4.65,-0.31,198.58,2.18,8,True,111111110,No VCP,BROKEN OUT (fresh),ranging,Premium,98.6,False,True,False,True,True,Bullish Pin Bar;Hanging Man;Inside Bar;NR4;Tweezer Top,104.07,4768.3,4580.97,4350.0,3.93,4837.6,4907.41,5960.38,6.36,53,5,10
PGHL,Procter & Gamble Health Limited,NSE,PGHL.NS,6349.0,62.7,49.1,-19.408,0.81,-5.79,15.6,2.27,6,True,100011111,Moderate VCP,BROKEN OUT (fresh),ranging,Premium,82.4,False,True,True,True,True,Bearish Engulfing;Inside Bar;Outside Bar,144.3,6500.0,6240.26,6101.0,4.0,6580.87,6662.25,8125.0,6.26,38,7,10
JBCHEPHARM,JB Chemicals & Pharmaceuticals Limited,NSE,JBCHEPHARM.NS,2364.6,75.0,27.9,11.026,3.22,-0.3,61.81,2.23,8,True,111111110,No VCP,BROKEN OUT (fresh),bullish (HH/HL),Premium,98.8,False,True,False,True,True,Inside Bar;Morning Star;NR4;Three White Soldiers;Tweezer Top,52.83,2364.6,2269.51,2124.9,4.02,2413.48,2462.85,2955.75,6.22,105,5,10
HONAUT,Honeywell Automation India Limited,NSE,HONAUT.NS,39515.0,71.0,46.6,13.261,0.63,-4.67,39.15,2.4,6,True,110010111,Strong VCP,AT PIVOT (actionable),ranging,Premium,93.2,False,True,True,True,True,Inside Bar;NR4;Three Black Crows,948.38,40480.0,38772.91,34300.0,4.22,40681.45,40883.39,50600.0,5.93,5,7,10
TVSHLTD,TVS Holdings Limited,NSE,TVSHLTD.NS,14085.0,60.6,19.9,101.742,1.71,-13.57,5.39,2.38,8,True,111111011,No VCP,BROKEN OUT (fresh),bearish (LH/LL),Discount,37.8,True,True,False,False,True,Bearish Harami;Bearish Pin Bar;NR4;Shooting Star;Three White,335.22,14278.0,13674.6,13043.0,4.23,14397.74,14517.98,17847.5,5.92,16,5,10
ROLEXRINGS,Rolex Rings Limited,NSE,ROLEXRINGS.NS,142.02,44.8,23.3,0.226,1.65,-19.31,19.78,2.55,8,True,011111111,No VCP,AT PIVOT (actionable),ranging,Equilibrium,48.5,True,True,False,False,True,Bullish Pin Bar;Evening Star;Long-legged Doji;Tweezer Top,3.62,150.93,144.41,136.1,4.32,163.47,176.5,188.66,5.79,1533,5,10
SOUTHBANK,The South Indian Bank Limited,NSE,SOUTHBANK.NS,46.1,58.7,34.3,-0.332,1.58,-7.41,72.94,3.15,6,True,100110111,No VCP,AT PIVOT (actionable),bullish (HH/HL),Premium,77.5,False,True,False,False,False,Bullish Harami;Inside Bar;Outside Bar,1.45,49.79,47.17,43.01,5.26,57.1,64.9,64.9,5.77,3816,4,10
BOSCHLTD,Bosch Limited,NSE,BOSCHLTD.NS,41895.0,74.6,34.8,142.091,4.22,-1.57,157.7,2.42,7,True,110111110,No VCP,extended past pivot,ranging,Premium,95.2,False,True,False,True,False,Three White Soldiers,1011.86,41895.0,40073.66,36335.0,4.35,42099.93,42305.37,52368.75,5.75,5,3,10
GLAXO,GlaxoSmithKline Pharmaceuticals Limited,NSE,GLAXO.NS,2395.5,59.1,29.9,22.502,1.84,-28.79,27.24,2.59,8,True,111111101,No VCP,AT PIVOT (actionable),bearish (LH/LL),Equilibrium,48.7,False,True,False,True,True,NR4;Three Black Crows,61.93,2504.7,2393.23,2088.1,4.45,2555.0,2605.79,3130.88,5.62,89,5,10
GMRAIRPORT,GMR AIRPORTS LIMITED,NSE,GMRAIRPORT.NS,112.8,68.0,32.1,0.26,3.22,-1.61,224.33,2.54,7,True,110111110,Moderate VCP,BROKEN OUT (fresh),bullish (HH/HL),Premium,93.9,False,True,False,True,True,Bearish Engulfing;Bullish Harami;Tweezer Top,2.86,114.65,109.5,99.1,4.49,125.61,137.06,143.31,5.57,1941,6,10
SUNDRMFAST,Sundram Fasteners Limited,NSE,SUNDRMFAST.NS,932.15,69.1,23.5,6.966,5.36,-13.69,8.73,2.55,9,True,111111111,No VCP,extended past pivot,ranging,Premium,70.0,True,True,False,True,True,Bearish Engulfing;NR7;Outside Bar,23.79,951.95,909.13,815.15,4.5,983.05,1014.66,1189.94,5.56,233,4,10
LEMONTREE,Lemon Tree Hotels Limited,NSE,LEMONTREE.NS,118.95,59.7,18.1,0.624,1.09,-34.17,37.68,2.58,7,True,111011101,No VCP,AT PIVOT (actionable),ranging,Discount,34.3,False,True,True,False,True,Bearish Pin Bar;Doji;Shooting Star;Three White Soldiers;Twee,3.07,121.45,115.92,103.5,4.55,132.72,144.49,151.81,5.49,1808,6,10
ESCORTS,Escorts Kubota Limited,NSE,ESCORTS.NS,2964.9,58.1,18.2,21.703,1.32,-29.07,45.87,2.59,6,True,111011001,No VCP,AT PIVOT (actionable),ranging,Discount,21.1,True,True,True,True,True,Bullish Harami;Inside Bar;Long-legged Doji;Morning Star;NR4;,76.91,3022.0,2883.56,2707.8,4.58,3077.22,3132.95,3777.5,5.46,72,7,10
GULFOILLUB,Gulf Oil Lubricants India Limited,NSE,GULFOILLUB.NS,1055.6,61.9,35.9,1.266,2.5,-20.57,7.58,2.79,7,True,110111101,No VCP,AT PIVOT (actionable),bullish (HH/HL),Premium,57.7,True,True,False,True,True,Bullish Pin Bar;Doji;Hanging Man;Long-legged Doji;NR4,29.44,1104.95,1051.96,891.05,4.8,1138.44,1172.43,1381.19,5.21,188,6,10
AARTIDRUGS,Aarti Drugs Limited,NSE,AARTIDRUGS.NS,386.6,60.9,22.6,1.543,3.09,-31.46,5.77,2.79,7,True,111101101,No VCP,BROKEN OUT (fresh),ranging,Premium,65.5,True,True,False,True,True,Bearish Pin Bar;Doji;Shooting Star,10.78,390.85,371.44,365.0,4.97,410.87,431.39,488.56,5.03,515,6,10
EMAMILTD,Emami Limited,NSE,EMAMILTD.NS,420.05,60.1,23.3,3.332,1.99,-33.77,22.06,2.76,7,True,111111001,No VCP,BROKEN OUT (fresh),bullish (HH/HL),Discount,28.8,True,True,False,True,True,Bearish Pin Bar;Doji;Hanging Man;Inside Bar;NR4;Tweezer Top,11.61,420.5,399.6,376.4,4.97,441.26,462.51,525.62,5.03,478,6,10
YATHARTH,Yatharth Hospital & Trauma Care Services Limited,NSE,YATHARTH.NS,865.55,62.4,25.8,1.289,1.1,-2.74,35.34,2.82,7,True,111011110,Moderate VCP,AT PIVOT (actionable),bullish (HH/HL),Premium,93.1,False,True,False,True,True,Hanging Man;NR4;Outside Bar,24.38,874.7,830.81,794.4,5.02,904.53,934.85,1093.38,4.98,227,6,10
ASHOKLEY,Ashok Leyland Limited,NSE,ASHOKLEY.NS,164.35,59.6,14.2,1.385,2.35,-23.71,413.93,2.9,7,True,110111011,No VCP,BROKEN OUT (fresh),ranging,Discount,34.0,False,True,True,False,True,Dark Cloud Cover;Inside Bar;NR4;Tweezer Top,4.76,165.75,157.18,138.03,5.17,178.87,192.5,207.19,4.84,1166,6,10
KAMDHENU,Kamdhenu Limited,NSE,KAMDHENU.NS,31.25,67.7,21.5,0.065,0.95,-5.27,4.56,4.51,8,False,111011111,Moderate VCP,AT PIVOT (actionable),bullish (HH/HL),Premium,96.8,False,True,False,True,True,Bearish Engulfing,1.41,31.7,29.16,24.09,8.01,37.58,43.96,43.96,4.83,3937,5,10
SUNDARMFIN,Sundaram Finance Limited,NSE,SUNDARMFIN.NS,4575.4,57.1,19.5,27.365,2.86,-18.9,36.1,2.94,6,True,111110001,No VCP,AT PIVOT (actionable),bullish (HH/HL),Discount,35.0,False,True,True,True,True,Bearish Engulfing;Morning Star;NR7;Shooting Star,134.36,4660.0,4418.16,4000.0,5.19,4728.51,4797.53,5825.0,4.82,41,7,10
KSB,Ksb Limited,NSE,KSB.NS,936.1,63.5,33.8,6.412,0.67,-8.97,18.71,3.0,7,True,110011111,No VCP,AT PIVOT (actionable),ranging,Premium,74.5,False,True,True,True,True,Bearish Engulfing;Evening Star,28.09,973.85,923.29,794.05,5.19,1005.31,1037.26,1217.31,4.82,197,6,10
MASFIN,MAS Financial Services Limited,NSE,MASFIN.NS,322.05,59.2,13.3,1.34,1.97,-10.25,4.66,2.91,6,True,110101011,No VCP,BROKEN OUT (fresh),bullish (HH/HL),Equilibrium,54.8,True,True,True,True,True,Bearish Pin Bar;Inverted Hammer;Outside Bar;Three White Sold,9.36,323.7,306.84,290.1,5.21,341.94,360.68,404.62,4.8,593,7,10
CHOLAHLDNG,Cholamandalam Financial Holdings Limited,NSE,CHOLAHLDNG.NS,1673.9,63.6,22.3,15.522,0.67,-22.83,36.29,2.97,7,True,111011101,No VCP,BROKEN OUT (fresh),ranging,Premium,63.1,False,True,True,True,True,Bearish Engulfing;NR7;Outside Bar;Shooting Star,49.7,1703.2,1613.74,1398.1,5.25,1744.72,1786.74,2129.0,4.76,111,6,10
PCBL,PCBL Chemical Limited,NSE,PCBL.NS,321.15,65.9,31.8,0.888,1.24,-26.56,47.69,2.99,7,True,110011111,No VCP,AT PIVOT (actionable),ranging,Premium,90.9,False,True,True,True,True,Long-legged Doji;Morning Star;NR4;Shooting Star,9.62,327.5,310.19,275.7,5.29,345.85,364.69,409.38,4.73,577,6,10
HNDFDS,Hindustan Foods Limited,NSE,HNDFDS.NS,551.05,53.8,27.4,-0.201,2.36,-5.79,3.78,3.05,7,True,001111111,No VCP,AT PIVOT (actionable),bullish (HH/HL),Premium,83.9,False,True,True,True,True,Bearish Engulfing;Evening Star;NR7;Outside Bar;Three White S,16.79,568.95,538.72,518.0,5.31,593.05,617.66,711.19,4.71,330,6,10
GAEL,Gujarat Ambuja Exports Limited,NSE,GAEL.NS,164.52,58.5,27.1,0.603,2.38,-7.53,14.49,3.01,9,True,111111111,No VCP,BROKEN OUT (fresh),bullish (HH/HL),Premium,75.9,False,False,False,True,True,Bearish Engulfing;Inside Bar;NR4,4.95,167.7,158.8,154.26,5.31,180.9,194.6,209.62,4.71,1123,4,10
COCHINSHIP,Cochin Shipyard Limited,NSE,COCHINSHIP.NS,1524.1,56.2,14.9,12.171,1.86,-26.51,245.46,2.97,6,True,110111001,No VCP,BROKEN OUT (fresh),ranging,Equilibrium,51.4,True,True,True,True,True,Bearish Pin Bar;Doji;Shooting Star,45.21,1529.0,1447.63,1368.1,5.32,1568.35,1608.2,1911.25,4.7,122,7,10
CUB,City Union Bank Limited,NSE,CUB.NS,216.76,68.9,35.7,2.006,1.94,-10.83,64.77,2.99,8,True,110111111,No VCP,BROKEN OUT (fresh),bullish (HH/HL),Premium,64.1,False,True,True,False,True,Bearish Harami;Bearish Pin Bar;Doji;NR4;Shooting Star;Three ,6.47,219.0,207.35,179.25,5.32,234.05,249.6,273.75,4.7,858,5,10
LLOYDSME,Lloyds Metals And Energy Limited,NSE,LLOYDSME.NS,1777.0,52.8,19.8,2.823,1.97,-5.91,98.15,3.08,7,True,011101111,No VCP,AT PIVOT (actionable),ranging,Premium,86.8,True,True,False,True,True,Bearish Engulfing;Outside Bar,54.65,1842.0,1743.63,1670.0,5.34,1885.17,1928.84,2302.5,4.68,101,6,10
IPCALAB,IPCA Laboratories Limited,NSE,IPCALAB.NS,1778.9,75.4,28.9,17.164,3.25,-0.53,45.22,2.96,7,True,011111110,No VCP,BROKEN OUT (fresh),ranging,Premium,97.6,False,True,True,True,True,Bullish Harami;Bullish Pin Bar;Hanging Man;Inside Bar;Mornin,52.74,1778.9,1683.97,1530.0,5.34,1821.33,1864.25,2223.62,4.68,105,6,10
JSWINFRA,JSW Infrastructure Limited,NSE,JSWINFRA.NS,326.05,64.8,33.6,0.977,2.12,-6.58,108.88,3.13,8,True,110111111,No VCP,forming / still basing,bullish (HH/HL),Premium,84.2,True,True,True,True,True,NR4;Tweezer Top,10.2,343.45,325.09,267.05,5.35,362.23,381.51,429.31,4.68,544,5,10
ARSSBL,Anand Rathi Share and Stock Brokers Limited,NSE,ARSSBL.NS,562.7,56.7,18.4,2.459,1.7,-29.21,18.1,3.02,8,False,111111101,No VCP,AT PIVOT (actionable),bullish (HH/HL),Equilibrium,49.2,False,True,True,True,True,Dark Cloud Cover;Three White Soldiers;Tweezer Bottom,17.01,572.0,541.38,505.0,5.35,596.17,620.83,715.0,4.67,326,5,10
DEEPAKFERT,Deepak Fertilizers and Petrochemicals Corporation Limited,NSE,DEEPAKFERT.NS,1649.3,67.6,36.3,0.914,0.86,-7.27,56.11,3.05,7,False,110011111,Strong VCP,BROKEN OUT (fresh),bullish (HH/HL),Premium,96.2,False,True,True,True,True,Three White Soldiers;Tweezer Top,50.26,1677.6,1587.13,1398.6,5.39,1718.81,1760.52,2097.0,4.64,110,6,10
SOLARINDS,Solar Industries India Limited,NSE,SOLARINDS.NS,18514.0,58.2,20.6,38.628,2.55,-2.41,295.92,3.11,7,True,111101110,No VCP,AT PIVOT (actionable),bullish (HH/HL),Premium,93.4,False,True,True,True,True,Bearish Engulfing;Bullish Harami;Long-legged Doji;NR7;Outsid,575.86,18972.0,17935.46,16832.0,5.46,19109.99,19248.48,23715.0,4.58,9,6,10
OFSS,Oracle Financial Services Software Limited,NSE,OFSS.NS,11248.0,74.2,27.3,111.425,1.55,-0.27,300.96,3.05,8,False,111111110,No VCP,BROKEN OUT (fresh),bullish (HH/HL),Premium,99.4,False,True,True,True,True,Bearish Pin Bar;Gravestone Doji;Outside Bar;Shooting Star;Th,343.06,11275.0,10657.49,9050.0,5.48,11381.43,11488.37,14093.75,4.56,16,5,10
VTL,Vardhman Textiles Limited,NSE,VTL.NS,666.25,65.1,14.5,0.802,1.18,-1.28,26.82,3.08,6,False,110011110,No VCP,AT PIVOT (actionable),bullish (HH/HL),Premium,97.0,False,True,False,True,False,Three White Soldiers,20.51,670.05,633.13,602.5,5.51,696.19,722.82,837.56,4.54,270,4,10
BEPL,Bhansali Engineering Polymers Limited,NSE,BEPL.NS,102.85,58.2,27.0,-0.138,1.18,-12.84,6.05,3.34,6,True,101010111,No VCP,forming / still basing,bullish (HH/HL),Premium,80.5,False,True,True,True,False,Long-legged Doji;Tweezer Bottom,3.44,109.8,103.61,93.31,5.64,120.53,131.76,137.25,4.43,1615,4,10
PARAGMILK,Parag Milk Foods Limited,NSE,PARAGMILK.NS,238.12,58.7,21.3,0.081,1.03,-36.83,13.36,3.24,7,True,111011110,No VCP,AT PIVOT (actionable),ranging,Premium,55.8,True,False,True,True,True,Bearish Pin Bar;Bullish Harami;Morning Star;Shooting Star,7.73,246.0,232.09,223.51,5.65,261.93,278.37,307.5,4.42,718,6,10
BORORENEW,BOROSIL RENEWABLES LIMITED,NSE,BORORENEW.NS,621.7,69.6,42.9,1.541,0.67,-13.77,48.75,3.18,7,True,110011111,No VCP,AT PIVOT (actionable),ranging,Premium,96.2,False,True,True,True,True,Inside Bar;Tweezer Top,19.75,628.9,593.35,508.25,5.65,654.23,680.06,786.12,4.42,281,6,10
SHAKTIPUMP,Shakti Pumps (India) Limited,NSE,SHAKTIPUMP.NS,574.1,58.7,25.9,1.292,1.61,-40.18,60.79,3.31,7,True,111111100,No VCP,AT PIVOT (actionable),bullish (HH/HL),Discount,42.7,False,True,True,False,True,Bullish Harami;Inside Bar;NR4;Shooting Star,19.02,602.05,567.82,504.0,5.69,626.84,652.12,752.56,4.4,292,6,10
EQUITASBNK,Equitas Small Finance Bank Limited,NSE,EQUITASBNK.NS,76.3,56.1,20.0,-0.308,0.59,-4.79,33.85,3.34,6,True,101010111,Moderate VCP,AT PIVOT (actionable),ranging,Premium,86.7,False,True,True,True,True,Evening Star;Long-legged Doji;NR7;Outside Bar,2.55,80.14,75.55,71.0,5.73,89.34,99.04,100.17,4.36,2178,7,10
GODREJIND,Godrej Industries Limited,NSE,GODREJIND.NS,1209.8,70.8,45.2,10.701,0.59,-8.69,42.32,3.22,7,True,110011111,No VCP,BROKEN OUT (fresh),ranging,Premium,90.2,False,True,True,True,True,Bearish Harami;Long-legged Doji;NR4;Outside Bar;Three White ,38.98,1222.9,1152.73,1005.0,5.74,1258.12,1293.84,1528.62,4.36,142,6,10
GOKEX,Gokaldas Exports Limited,NSE,GOKEX.NS,858.9,68.3,36.3,7.111,1.35,-11.91,48.51,3.32,7,True,110011111,No VCP,AT PIVOT (actionable),ranging,Premium,90.2,False,True,True,True,True,Dark Cloud Cover;NR4;Tweezer Top,28.51,894.7,843.38,650.25,5.74,924.86,955.52,1118.38,4.36,194,6,10
KEI,KEI Industries Limited,NSE,KEI.NS,5270.5,47.3,11.1,-40.054,4.17,-7.66,202.5,3.45,6,True,000111111,No VCP,forming / still basing,bullish (HH/HL),Premium,77.9,True,True,False,True,False,Bullish Harami;Long-legged Doji;NR4,182.05,5708.0,5380.31,5107.0,5.74,5783.8,5860.1,7135.0,4.35,30,4,10
CENTENKA,Century Enka Limited,NSE,CENTENKA.NS,535.05,62.1,46.2,-0.132,0.52,-7.37,4.0,3.37,6,True,100011111,Strong VCP,AT PIVOT (actionable),bullish (HH/HL),Premium,79.4,False,True,True,True,True,Hanging Man;Long-legged Doji;NR7,18.05,555.0,522.51,483.9,5.85,578.81,603.12,693.75,4.27,307,7,10
SIYSIL,Siyaram Silk Mills Limited,NSE,SIYSIL.NS,638.9,58.2,23.1,-0.843,0.51,-24.73,6.69,3.43,7,True,101011111,No VCP,AT PIVOT (actionable),bullish (HH/HL),Premium,87.6,True,True,False,True,True,Bullish Harami;Shooting Star,21.94,668.1,628.6,593.6,5.91,694.2,720.8,835.12,4.23,253,6,10
INDIAGLYCO,India Glycols Limited,NSE,INDIAGLYCO.NS,1075.75,71.1,16.3,14.541,2.98,-11.97,13.39,3.31,8,True,110111111,No VCP,extended past pivot,bearish (LH/LL),Premium,74.0,True,True,True,True,True,Bullish Pin Bar;Dragonfly Doji;Hanging Man;Tweezer Top,35.65,1083.55,1019.38,915.0,5.92,1116.72,1150.38,1354.44,4.22,155,5,10
PIXTRANS,Pix Transmissions Limited,NSE,PIXTRANS.NS,1810.6,68.1,44.5,18.576,12.28,-6.19,18.99,3.59,8,True,110111111,Moderate VCP,forming / still basing,bullish (HH/HL),Premium,82.4,False,True,True,True,True,Bearish Engulfing;Bullish Engulfing;NR4;Tweezer Top,65.05,1930.0,1812.91,1563.9,6.07,1974.18,2018.86,2412.5,4.12,85,5,10
MIDHANI,Mishra Dhatu Nigam Limited,NSE,MIDHANI.NS,427.85,52.3,26.6,-2.239,0.75,-6.58,56.57,3.61,6,True,001011111,Strong VCP,forming / still basing,ranging,Premium,85.7,True,False,False,True,False,Three White Soldiers,15.43,454.8,427.02,407.3,6.11,476.38,498.45,568.5,4.09,359,4,10
SAREGAMA,Saregama India Limited,NSE,SAREGAMA.NS,485.75,62.6,58.6,-0.957,0.58,-6.59,183.03,3.58,6,True,100011111,Strong VCP,AT PIVOT (actionable),bullish (HH/HL),Premium,88.1,False,True,True,True,True,Bearish Engulfing;Bullish Engulfing,17.41,509.9,478.56,433.25,6.15,532.73,556.06,637.38,4.07,319,7,10
WEL,Wonder Electricals Limited,NSE,WEL.NS,104.95,71.3,27.8,1.575,2.94,-42.96,3.04,3.53,6,True,111111000,No VCP,extended past pivot,bullish (HH/HL),Discount,32.9,False,True,False,True,False,Bullish Engulfing;Inside Bar;NR4,3.7,107.88,101.22,92.01,6.17,118.52,129.65,134.85,4.05,1501,4,10
IONEXCHANG,ION Exchange (India) Limited,NSE,IONEXCHANG.NS,418.35,67.1,31.3,5.314,4.25,-27.96,19.11,3.47,8,True,110111111,No VCP,BROKEN OUT (fresh),bearish (LH/LL),Premium,88.0,False,False,True,True,True,Bearish Pin Bar;Bullish Harami;Doji;Shooting Star,14.54,423.4,397.24,327.3,6.18,444.23,465.55,529.25,4.05,382,5,10
ATGL,Adani Total Gas Limited,NSE,ATGL.NS,721.75,52.0,25.3,-2.889,0.51,-16.06,486.17,3.74,6,True,001011111,No VCP,AT PIVOT (actionable),bullish (HH/HL),Premium,65.2,True,True,True,True,True,Bearish Pin Bar;Doji;Evening Star;Inside Bar;NR4;Tweezer Top,27.01,770.0,721.39,690.4,6.31,798.0,826.5,962.5,3.96,205,7,10
543920,CFF Fluid Control Ltd,BSE,543920.BO,879.4,67.9,29.0,8.485,3.21,-2.18,2.9,3.61,8,False,111111110,Moderate VCP,AT PIVOT (actionable),ranging,Premium,95.2,False,True,False,True,True,Bullish Pin Bar;Doji;Hanging Man;Inside Bar;NR7;Outside Bar,31.72,899.0,841.9,700.0,6.35,929.23,959.97,1123.75,3.94,175,5,10
BLSE,BLS E-Services Limited,NSE,BLSE.NS,265.11,80.6,52.1,2.564,17.0,-3.24,13.1,3.56,7,False,010111111,No VCP,extended past pivot,bullish (HH/HL),Premium,94.1,False,True,True,True,False,Inside Bar,9.43,265.11,248.14,220.1,6.4,281.64,298.67,331.39,3.91,589,3,10
HEXT,Hexaware Technologies Limited,NSE,HEXT.NS,546.6,65.0,22.3,5.359,9.1,-39.27,44.46,3.68,7,True,111111100,No VCP,BROKEN OUT (fresh),ranging,Discount,41.2,True,True,True,False,True,Long-legged Doji;NR4;Outside Bar;Tweezer Top,20.1,562.5,526.33,472.0,6.43,586.47,610.93,703.12,3.89,276,6,10
RUSTOMJEE,Keystone Realtors Limited,NSE,RUSTOMJEE.NS,432.75,65.9,24.5,5.303,31.36,-37.28,8.91,3.73,7,True,111111100,No VCP,BROKEN OUT (fresh),bullish (HH/HL),Discount,40.0,False,True,True,False,True,Inside Bar;NR4;Tweezer Top,16.14,446.15,417.11,375.3,6.51,467.52,489.39,557.69,3.84,344,6,10
WENDT,Wendt (India) Limited,NSE,WENDT.NS,8060.0,64.3,47.8,29.661,2.81,-37.95,9.58,3.8,7,True,110111110,No VCP,AT PIVOT (actionable),bullish (HH/HL),Premium,86.0,False,True,True,True,True,Inside Bar;NR4;Outside Bar;Tweezer Top,306.04,8420.0,7869.14,6578.5,6.54,8512.01,8604.52,10525.0,3.82,18,6,10
THYROCARE,Thyrocare Technologies Limited,NSE,THYROCARE.NS,555.6,62.0,48.4,-1.24,0.77,-3.92,30.09,3.82,6,False,100011111,Moderate VCP,AT PIVOT (actionable),ranging,Premium,90.4,False,False,False,True,False,NR4;Tweezer Bottom,21.23,578.25,540.03,495.0,6.61,602.55,627.34,722.81,3.78,261,4,10
SOMANYCERA,Somany Ceramics Limited,NSE,SOMANYCERA.NS,537.2,62.9,33.2,0.676,2.28,-11.91,10.91,3.77,8,True,110111111,No VCP,BROKEN OUT (fresh),ranging,Premium,93.1,False,True,False,True,True,Bearish Engulfing;Bearish Pin Bar;Inside Bar;NR4;Outside Bar,20.25,549.35,512.9,491.1,6.64,573.04,597.23,686.69,3.77,274,5,10
REFEX,Refex Industries Limited,NSE,REFEX.NS,358.4,69.3,46.0,1.169,1.34,-23.42,53.2,3.84,7,True,110011111,No VCP,BROKEN OUT (fresh),bullish (HH/HL),Premium,92.9,False,True,True,True,True,Bearish Engulfing;Morning Star,13.77,371.4,346.62,295.0,6.67,390.92,410.94,464.25,3.75,403,6,10
GCSL,Gretex Corporate Services Limited,NSE,GCSL.NS,490.45,77.6,19.5,3.363,3.36,-1.29,21.81,3.72,7,False,011111110,No VCP,extended past pivot,ranging,Premium,97.0,False,True,True,True,False,none,18.23,490.45,457.63,400.1,6.69,512.85,535.74,613.06,3.74,304,3,10
ACMESOLAR,Acme Solar Holdings Limited,NSE,ACMESOLAR.NS,383.25,69.6,48.7,2.794,1.98,-3.74,73.87,3.9,8,False,110111111,Moderate VCP,extended past pivot,bullish (HH/HL),Premium,92.6,True,True,True,True,True,Bearish Engulfing;Bullish Pin Bar;Doji;Evening Star;Hanging ,14.94,396.25,369.36,327.0,6.79,416.41,437.06,495.31,3.68,371,5,10
EXCELSOFT,Excelsoft Technologies Limited,NSE,EXCELSOFT.NS,83.44,56.2,18.8,0.716,12.4,-41.48,10.89,4.08,6,False,111111000,No VCP,BROKEN OUT (fresh),bearish (LH/LL),Equilibrium,49.2,False,True,True,False,False,Inside Bar;Three White Soldiers,3.4,88.97,82.85,73.55,6.88,98.65,108.83,111.21,3.63,1633,4,10
BANSALWIRE,Bansal Wire Industries Limited,NSE,BANSALWIRE.NS,365.8,72.1,25.3,5.498,6.9,-15.77,5.14,3.85,9,True,111111111,No VCP,extended past pivot,bearish (LH/LL),Premium,97.2,False,True,True,True,True,Bearish Engulfing,14.08,365.8,340.45,286.2,6.93,385.18,405.05,457.25,3.61,394,4,10
QUESS,Quess Corp Limited,NSE,QUESS.NS,290.85,85.5,52.0,3.041,2.79,-9.36,32.95,3.86,7,False,010111111,No VCP,extended past pivot,bullish (HH/HL),Premium,97.5,False,True,True,True,False,NR4;Three White Soldiers,11.23,290.85,270.64,227.77,6.95,308.15,325.96,363.56,3.6,494,3,10
RAMCOIND,Ramco Industries Limited,NSE,RAMCOIND.NS,336.1,63.4,28.9,2.866,2.63,-15.56,25.83,4.08,9,True,111111111,No VCP,forming / still basing,ranging,Premium,84.1,False,True,True,True,True,Bullish Engulfing;Long-legged Doji;NR4;Tweezer Top,13.72,356.0,331.31,274.75,6.94,375.12,394.74,445.0,3.6,405,4,10
DIFFNKG,Diffusion Engineers Limited,NSE,DIFFNKG.NS,416.35,72.4,50.6,2.95,4.29,-4.55,5.96,4.04,8,False,110111111,No VCP,BROKEN OUT (fresh),bullish (HH/HL),Premium,91.0,False,True,True,True,True,Bearish Engulfing;Bullish Harami;NR4;Outside Bar,16.83,436.2,405.91,319.55,6.94,457.34,478.97,545.25,3.6,330,5,10
HINDWAREAP,Hindware Home Innovation Limited,NSE,HINDWAREAP.NS,250.8,56.9,28.6,-0.006,3.08,-36.13,10.44,4.25,7,True,101111110,No VCP,AT PIVOT (actionable),ranging,Premium,78.3,False,True,True,True,True,Bearish Pin Bar;Evening Star;Inside Bar;NR4;Shooting Star;Tw,10.65,272.99,253.82,210.1,7.02,289.76,307.03,341.24,3.56,521,6,10
SPANDANA,Spandana Sphoorty Financial Limited,NSE,SPANDANA.NS,301.8,74.3,25.2,4.419,2.87,-1.32,13.15,3.93,8,False,111111110,No VCP,extended past pivot,ranging,Premium,98.2,False,True,False,True,False,Three White Soldiers,11.85,301.8,280.46,223.3,7.07,319.42,337.54,377.25,3.54,468,2,10
LLOYDSENT,Lloyds Enterprises Limited,NSE,LLOYDSENT.NS,75.35,58.2,21.2,-0.135,0.94,-21.84,26.46,4.2,6,True,101010111,No VCP,forming / still basing,bullish (HH/HL),Premium,87.6,False,True,True,True,False,Doji;Inside Bar;Outside Bar,3.16,80.24,74.55,63.67,7.09,89.45,99.16,100.3,3.53,1757,4,10
WABAG,VA Tech Wabag Limited,NSE,WABAG.NS,2080.9,66.8,45.2,9.353,2.49,-6.14,108.66,4.18,8,False,110111111,No VCP,AT PIVOT (actionable),bullish (HH/HL),Premium,88.5,False,True,True,True,True,Bearish Engulfing;Three White Soldiers,86.99,2208.0,2051.42,1510.0,7.09,2255.24,2302.98,2760.0,3.53,63,5,10
RML,Rane (Madras) Limited,NSE,RML.NS,1206.8,75.4,48.4,15.39,3.48,-4.59,11.16,4.14,7,False,010111111,No VCP,BROKEN OUT (fresh),bullish (HH/HL),Premium,91.2,True,True,True,True,True,Bearish Pin Bar;Doji;Inside Bar;Long-legged Doji;NR4;Shootin,49.98,1264.8,1174.83,882.5,7.11,1300.61,1336.93,1581.0,3.51,111,6,10
NELCO,NELCO Limited,NSE,NELCO.NS,929.55,71.9,46.0,7.173,1.17,-9.73,39.18,4.31,7,False,110011111,No VCP,forming / still basing,bullish (HH/HL),Premium,87.0,False,True,True,True,False,Inside Bar;NR4,40.03,993.8,921.75,680.65,7.25,1025.57,1057.85,1242.25,3.45,138,3,10
KOPRAN,Kopran Limited,NSE,KOPRAN.NS,193.31,57.4,29.8,-0.86,0.2,-11.73,13.44,4.49,6,False,101010111,No VCP,forming / still basing,ranging,Premium,77.1,True,True,True,True,False,Bullish Engulfing;Outside Bar;Tweezer Bottom,8.67,213.5,197.89,175.0,7.31,228.36,243.72,266.88,3.42,640,4,10
TBZ,Tribhovandas Bhimji Zaveri Limited,NSE,TBZ.NS,192.63,64.6,46.3,-0.994,1.54,-11.62,12.76,4.28,7,True,100111111,No VCP,AT PIVOT (actionable),bullish (HH/HL),Premium,89.3,False,True,True,True,True,Hanging Man;Long-legged Doji;NR4,8.24,202.5,187.67,162.0,7.32,216.98,231.96,253.12,3.41,674,6,10
RANEHOLDIN,Rane Holdings Limited,NSE,RANEHOLDIN.NS,1743.3,69.7,53.8,6.446,1.06,-3.04,7.43,4.23,7,False,110011111,Moderate VCP,AT PIVOT (actionable),bullish (HH/HL),Premium,93.6,False,True,True,True,True,Doji;Inside Bar;NR4;Three White Soldiers;Tweezer Top,73.66,1795.0,1662.4,1366.0,7.39,1837.62,1880.73,2243.75,3.38,75,6,10
BHAGCHEM,Bhagiradha Chemicals & Industries Limited,NSE,BHAGCHEM.NS,283.4,58.9,42.7,0.318,1.2,-12.8,4.86,4.4,7,True,110011111,No VCP,AT PIVOT (actionable),ranging,Premium,88.5,False,True,True,True,True,Bearish Pin Bar;Doji;Shooting Star,12.46,298.0,275.58,232.5,7.52,315.51,333.53,372.5,3.32,446,6,10
GNA,GNA Axles Limited,NSE,GNA.NS,466.0,74.2,39.1,6.889,2.16,-3.32,13.13,4.27,8,False,110111111,No VCP,extended past pivot,ranging,Premium,89.8,False,True,False,True,False,none,19.88,476.0,440.21,347.2,7.52,498.07,520.63,595.0,3.32,279,2,10
TVSELECT,TVS Electronics Limited,NSE,TVSELECT.NS,506.35,60.1,30.4,3.38,1.13,-31.51,6.49,4.44,7,True,110011111,No VCP,BROKEN OUT (fresh),ranging,Premium,80.3,True,False,True,True,True,Bearish Engulfing;Inside Bar;NR4,22.51,534.35,493.84,433.3,7.58,557.72,581.58,667.94,3.3,246,6,10
UNICHEMLAB,Unichem Laboratories Limited,NSE,UNICHEMLAB.NS,473.0,69.2,41.9,1.367,0.39,-28.11,32.17,4.59,7,True,110011111,No VCP,BROKEN OUT (fresh),bullish (HH/HL),Premium,81.9,False,True,True,True,True,Bullish Harami;Hanging Man;Inside Bar;NR4;Outside Bar;Tweeze,21.73,515.95,476.84,354.35,7.58,538.91,562.38,644.94,3.3,255,6,10
TINNARUBR,Tinna Rubber and Infrastructure Limited,NSE,TINNARUBR.NS,946.6,64.8,39.4,0.76,0.91,-11.42,5.98,4.44,7,True,110011111,No VCP,AT PIVOT (actionable),bullish (HH/HL),Premium,92.8,False,True,True,True,True,Bearish Pin Bar;Doji;Outside Bar;Shooting Star,42.06,979.0,903.29,842.0,7.73,1010.54,1042.58,1223.75,3.23,132,6,10
ARROWGREEN,Arrow Greentech Limited,NSE,ARROWGREEN.NS,622.85,63.7,34.0,1.786,0.44,-23.85,5.13,4.45,7,True,110011111,No VCP,AT PIVOT (actionable),bullish (HH/HL),Premium,92.7,False,True,True,True,True,Bearish Engulfing;Three White Soldiers,27.73,644.95,595.03,522.2,7.74,670.6,696.74,806.19,3.23,200,6,10
TALBROAUTO,Talbros Automotive Components Limited,NSE,TALBROAUTO.NS,412.1,67.7,54.7,3.631,1.63,-5.26,15.49,4.57,8,False,110111111,No VCP,BROKEN OUT (fresh),bullish (HH/HL),Premium,89.4,False,True,True,True,True,Bullish Pin Bar;Evening Star;Hanging Man,18.81,435.0,401.13,334.45,7.79,456.11,477.71,543.75,3.21,295,5,10
ONMOBILE,OnMobile Global Limited,NSE,ONMOBILE.NS,80.03,91.2,40.7,2.834,16.03,-4.73,3.87,4.4,7,False,010111111,No VCP,extended past pivot,ranging,Premium,90.9,False,True,True,True,False,Bullish Marubozu;Three White Soldiers,3.52,80.03,73.7,48.06,7.91,89.23,98.92,100.04,3.16,1579,3,10
OPTIEMUS,Optiemus Infracom Limited,NSE,OPTIEMUS.NS,521.55,75.5,38.6,6.331,4.33,-26.85,10.01,4.42,7,True,010111111,No VCP,extended past pivot,bullish (HH/HL),Premium,98.5,False,True,False,True,False,Three White Soldiers,23.06,521.55,480.04,410.8,7.96,544.64,568.22,651.94,3.14,240,3,10
WANBURY,Wanbury Limited,NSE,WANBURY.NS,286.45,59.2,21.9,1.564,3.23,-9.12,3.04,4.72,8,True,111101111,No VCP,AT PIVOT (actionable),bullish (HH/HL),Premium,81.3,False,True,False,True,True,Bearish Pin Bar;Inside Bar;NR4;Shooting Star,13.53,299.0,274.65,250.8,8.14,316.54,334.58,373.75,3.07,410,5,10
ADFFOODS,ADF Foods Limited,NSE,ADFFOODS.NS,320.4,65.9,46.0,0.568,23.56,-7.65,19.19,4.9,8,False,110111111,No VCP,BROKEN OUT (fresh),bullish (HH/HL),Premium,86.3,False,True,True,True,True,Bearish Pin Bar;Doji;Inside Bar;Morning Star;Shooting Star,15.71,346.95,318.67,267.3,8.15,365.83,385.2,433.69,3.07,353,5,10
PPL,Prakash Pipes Limited,NSE,PPL.NS,285.45,62.1,37.2,2.882,14.19,-28.64,7.32,5.55,8,True,110111111,No VCP,forming / still basing,ranging,Premium,71.4,True,True,True,True,True,Bearish Pin Bar;Gravestone Doji;NR4,15.84,334.4,305.89,206.41,8.53,352.94,371.97,418.0,2.93,350,5,10
MACPOWER,Macpower CNC Machines Limited,NSE,MACPOWER.NS,1422.2,78.0,36.1,36.7,13.2,-2.13,5.78,4.74,6,False,010111110,Moderate VCP,extended past pivot,ranging,Premium,95.3,False,True,True,True,False,NR4,67.37,1422.2,1300.93,958.0,8.53,1460.16,1498.62,1777.75,2.93,82,4,10
PREMEXPLN,Premier Explosives Limited,NSE,PREMEXPLN.NS,782.05,61.7,33.5,-1.51,2.59,-5.75,88.81,5.11,7,False,100111111,Moderate VCP,AT PIVOT (actionable),bullish (HH/HL),Premium,89.4,True,True,False,True,True,Bearish Pin Bar;NR4;Shooting Star;Three Black Crows,39.97,829.8,757.85,650.0,8.67,858.86,888.41,1037.25,2.88,138,6,10
UNIMECH,Unimech Aerospace and Manufacturing Limited,NSE,UNIMECH.NS,1155.4,55.8,25.8,-4.895,2.36,-12.8,14.18,5.22,7,True,101110111,No VCP,forming / still basing,bullish (HH/HL),Premium,84.6,True,False,False,True,False,Bullish Harami;Tweezer Bottom,60.33,1239.15,1130.56,1026.05,8.76,1274.6,1310.55,1548.94,2.85,92,3,10
MANCREDIT,Mangal Credit and Fincorp Limited,NSE,MANCREDIT.NS,245.33,74.5,48.6,0.799,4.59,-7.42,5.56,5.17,8,False,110111111,No VCP,BROKEN OUT (fresh),bullish (HH/HL),Premium,82.6,False,True,True,True,True,Bearish Engulfing;Outside Bar;Shooting Star,12.67,255.53,232.72,203.52,8.93,271.77,288.5,319.41,2.8,438,5,10
KILITCH,Kilitch Drugs (India) Limited,NSE,KILITCH.NS,188.45,52.9,30.7,-0.002,1.7,-24.62,2.6,5.47,6,True,000111111,No VCP,forming / still basing,bullish (HH/HL),Premium,78.7,True,True,False,True,False,NR4,10.31,207.77,189.21,164.8,8.93,222.43,237.6,259.71,2.8,538,4,10
AYE,Aye Finance Limited,NSE,AYE.NS,176.06,61.7,44.5,0.895,1.43,-4.73,31.15,5.26,6,False,110011101,No VCP,BROKEN OUT (fresh),ranging,Premium,91.0,False,True,False,True,False,Inside Bar;Morning Star;NR4,9.26,184.8,168.13,137.71,9.02,198.64,212.99,231.0,2.77,599,4,10
RELTD,Ravindra Energy Limited,NSE,RELTD.NS,167.68,67.4,35.3,1.153,0.84,-12.56,13.07,5.48,7,True,110011111,No VCP,AT PIVOT (actionable),ranging,Premium,81.8,False,True,True,True,True,Bearish Pin Bar;NR4;Shooting Star;Tweezer Top,9.18,179.48,162.95,120.49,9.21,193.13,207.27,224.35,2.71,604,6,10
RAMCOSYS,Ramco Systems Limited,NSE,RAMCOSYS.NS,799.6,79.4,53.8,17.787,13.23,-7.95,163.99,5.63,7,False,010111111,No VCP,forming / still basing,bullish (HH/HL),Premium,86.9,False,True,True,True,False,Bullish Harami;Long-legged Doji;NR4,45.03,868.7,787.65,516.25,9.33,898.42,928.65,1085.88,2.68,123,3,10
OMNI,Omnitech Engineering Limited,NSE,OMNI.NS,508.65,54.7,37.0,0.583,2.52,-13.8,29.01,6.17,6,False,010111101,No VCP,AT PIVOT (actionable),ranging,Premium,80.3,False,True,False,True,False,none,31.41,590.1,533.57,445.0,9.58,614.64,639.68,737.62,2.61,176,4,10
IDEA,Vodafone Idea Limited,NSE,IDEA.NS,14.25,51.6,26.3,-0.129,1.91,-7.11,730.62,3.17,7,False,001111111,No VCP,forming / still basing,bullish (HH/HL),Premium,84.9,False,True,False,True,False,Inside Bar,0.45,15.34,14.53,13.73,5.28,19.51,24.17,24.17,10.9,12345,2,9
APOLLOHOSP,Apollo Hospitals Enterprise Limited,NSE,APOLLOHOSP.NS,8893.5,75.9,25.7,15.029,1.26,-0.3,321.96,1.54,6,True,011011110,Moderate VCP,BROKEN OUT (fresh),bullish (HH/HL),Premium,98.8,False,True,False,True,True,Tweezer Top,136.93,8893.5,8647.02,8211.0,2.77,8988.06,9083.11,11116.88,9.02,40,6,9
SBIN,State Bank of India,NSE,SBIN.NS,1040.0,56.7,12.3,1.716,1.14,-15.77,1474.97,1.8,7,True,110011111,No VCP,AT PIVOT (actionable),bullish (HH/HL),Discount,35.3,False,True,False,False,True,Bearish Engulfing;Long-legged Doji;NR4;Tweezer Top,18.77,1059.8,1026.02,965.15,3.19,1092.6,1125.91,1324.75,7.84,296,5,9
SANOFI,Sanofi India Limited,NSE,SANOFI.NS,3425.0,60.9,23.6,16.473,0.93,-44.73,8.54,1.98,6,True,111011100,No VCP,AT PIVOT (actionable),bullish (HH/HL),Discount,31.3,False,True,False,True,True,Evening Star;Hanging Man;Three White Soldiers;Tweezer Top,67.74,3487.0,3365.06,3085.2,3.5,3546.3,3606.1,4358.75,7.15,82,6,9
DABUR,Dabur India Limited,NSE,DABUR.NS,444.35,59.0,15.6,3.374,3.85,-22.99,99.53,2.01,6,True,110111001,No VCP,BROKEN OUT (fresh),ranging,Discount,31.6,True,True,True,False,True,Bearish Engulfing;Tweezer Top,8.94,451.0,434.91,417.45,3.57,472.49,494.47,563.75,7.01,621,6,9
LICI,Life Insurance Corporation Of India,NSE,LICI.NS,430.25,57.6,30.9,0.213,0.95,-10.5,187.01,2.13,6,True,110010111,No VCP,AT PIVOT (actionable),bullish (HH/HL),Premium,74.5,True,True,False,True,True,Bearish Engulfing;NR4;Tweezer Bottom,9.16,450.2,433.71,391.55,3.66,471.67,493.64,562.75,6.83,606,6,9
ADANIPORTS,Adani Ports and Special Economic Zone Limited,NSE,ADANIPORTS.NS,1874.2,62.3,15.6,2.402,1.58,-0.89,463.98,2.07,7,True,110111110,No VCP,BROKEN OUT (fresh),bearish (LH/LL),Premium,97.2,False,True,False,True,True,NR4;Three White Soldiers;Tweezer Top,38.82,1888.0,1818.13,1770.5,3.7,1931.7,1975.9,2360.0,6.76,143,5,9
CONCOR,Container Corporation of India Limited,NSE,CONCOR.NS,488.2,61.1,25.2,3.383,4.17,-22.41,77.7,2.06,7,True,111111001,No VCP,BROKEN OUT (fresh),ranging,Premium,56.8,False,True,False,True,True,Dark Cloud Cover,10.05,488.2,470.11,437.45,3.71,510.55,533.39,610.25,6.75,552,5,9
HAL,Hindustan Aeronautics Limited,NSE,HAL.NS,4428.9,55.4,14.6,7.754,0.83,-12.56,482.49,2.17,6,True,110010111,No VCP,AT PIVOT (actionable),bullish (HH/HL),Premium,70.0,True,True,False,True,True,Bearish Engulfing;Inside Bar;Long-legged Doji;NR4;Tweezer Bo,96.27,4535.0,4361.71,4148.8,3.82,4602.59,4670.68,5668.75,6.54,57,6,9
SBC,SBC Exports Limited,NSE,SBC.NS,42.14,66.2,27.0,0.062,0.71,-6.36,52.1,2.95,8,False,111011111,Moderate VCP,forming / still basing,bullish (HH/HL),Premium,86.2,True,True,True,False,True,Inside Bar;Tweezer Bottom;Tweezer Top,1.24,45.0,42.77,36.01,4.96,51.96,59.42,59.42,6.47,4484,4,9
BIOCON,Biocon Limited,NSE,BIOCON.NS,426.8,63.1,23.7,-0.143,1.56,-3.09,169.07,2.2,7,True,101110111,No VCP,AT PIVOT (actionable),ranging,Premium,86.8,False,False,True,True,True,Bullish Engulfing;Hanging Man;NR4,9.39,432.15,415.24,405.8,3.91,453.19,474.73,540.19,6.39,591,5,9
POLYCAB,Polycab India Limited,NSE,POLYCAB.NS,9548.5,48.9,22.1,-58.002,3.44,-5.7,339.06,2.45,7,True,001111111,No VCP,AT PIVOT (actionable),bullish (HH/HL),Premium,83.3,False,True,False,True,True,NR4;Three Black Crows,234.27,10126.0,9704.31,9352.5,4.16,10226.88,10328.26,12657.5,6.0,23,5,9
ALEMBICLTD,Alembic Limited,NSE,ALEMBICLTD.NS,92.86,59.2,23.8,0.25,1.46,-24.13,2.59,2.38,7,True,111011101,No VCP,AT PIVOT (actionable),bullish (HH/HL),Premium,73.7,False,True,False,True,True,Inside Bar;NR4;Tweezer Top,2.21,95.53,91.55,85.05,4.17,105.55,116.08,119.41,6.0,2512,5,9
CHOICEIN,Choice International Limited,NSE,CHOICEIN.NS,800.05,78.6,28.8,8.859,3.06,-7.02,51.09,2.33,8,True,011111111,No VCP,extended past pivot,ranging,Premium,83.7,True,True,False,True,True,Hanging Man;Three White Soldiers,18.66,800.05,766.46,632.05,4.2,828.59,857.62,1000.06,5.95,297,4,9
DALBHARAT,Dalmia Bharat Limited,NSE,DALBHARAT.NS,1765.1,56.8,18.5,10.904,1.54,-29.29,63.31,2.42,7,True,111111001,No VCP,BROKEN OUT (fresh),bullish (HH/HL),Discount,24.4,False,False,False,True,True,Shooting Star;Three White Soldiers,42.78,1765.3,1688.29,1605.0,4.36,1807.57,1850.33,2206.62,5.73,129,5,9
KAJARIACER,Kajaria Ceramics Limited,NSE,KAJARIACER.NS,1202.3,68.2,38.9,3.086,1.35,-9.05,33.98,2.5,7,True,110011111,No VCP,AT PIVOT (actionable),ranging,Premium,88.2,False,True,False,True,True,Bullish Pin Bar;Doji;Hanging Man;NR4,30.06,1232.9,1178.79,1060.1,4.39,1268.26,1304.13,1541.12,5.7,184,5,9
OBEROIRLTY,Oberoi Realty Limited,NSE,OBEROIRLTY.NS,1934.4,81.0,31.1,22.059,2.55,-0.51,80.49,2.47,6,True,010111110,No VCP,extended past pivot,ranging,Premium,98.2,False,True,False,True,False,Three White Soldiers,47.78,1934.4,1848.39,1575.1,4.45,1978.63,2023.36,2418.0,5.62,116,3,9
CRAMC,Canara Robeco Asset Management Company Limited,NSE,CRAMC.NS,255.78,58.1,19.8,0.452,1.07,-27.62,9.23,2.53,6,False,111001101,No VCP,AT PIVOT (actionable),ranging,Discount,44.9,True,False,False,False,False,none,6.48,260.79,249.12,238.72,4.47,277.19,294.09,325.99,5.59,856,3,9
PHOENIXLTD,The Phoenix Mills Limited,NSE,PHOENIXLTD.NS,2047.6,77.4,32.9,17.506,3.26,-0.6,93.4,2.49,6,True,010111110,No VCP,BROKEN OUT (fresh),ranging,Premium,97.9,False,True,True,True,True,Bullish Pin Bar;Hanging Man;Inside Bar;Tweezer Top,50.92,2047.6,1955.94,1713.0,4.48,2093.1,2139.1,2559.5,5.58,109,6,9
LAURUSLABS,Laurus Labs Limited,NSE,LAURUSLABS.NS,1542.3,71.9,41.0,5.864,5.32,-0.82,313.57,2.56,7,False,110111110,No VCP,BROKEN OUT (fresh),bullish (HH/HL),Premium,98.0,False,True,True,True,True,NR4;Tweezer Top,39.55,1542.3,1471.11,1342.9,4.62,1581.82,1621.84,1927.88,5.42,140,5,9
NH,Narayana Hrudayalaya Ltd.,NSE,NH.NS,2002.8,61.8,13.3,7.261,2.65,-4.32,65.79,2.58,7,True,110110111,No VCP,BROKEN OUT (fresh),bullish (HH/HL),Premium,89.9,False,True,False,True,True,Bearish Pin Bar;Bullish Engulfing;NR4;Shooting Star;Tweezer ,51.58,2002.8,1909.96,1833.6,4.64,2047.8,2093.31,2503.5,5.39,107,5,9
NAVINFLUOR,Navin Fluorine International Limited,NSE,NAVINFLUOR.NS,7552.5,57.5,29.0,-1.028,1.31,-3.3,147.2,2.68,6,True,101010111,Strong VCP,AT PIVOT (actionable),bullish (HH/HL),Premium,88.3,False,True,False,True,True,Bearish Engulfing;Bullish Harami;NR4,202.29,7810.0,7445.88,6786.0,4.66,7898.62,7987.75,9762.5,5.36,27,6,9
GLENMARK,Glenmark Pharmaceuticals Limited,NSE,GLENMARK.NS,2211.0,51.5,19.3,8.65,2.03,-10.63,158.25,2.64,6,True,011101011,No VCP,AT PIVOT (actionable),bearish (LH/LL),Premium,58.4,False,False,False,False,False,Bullish Harami,58.37,2252.5,2147.44,2101.0,4.66,2300.21,2348.42,2815.62,5.36,95,3,9
NAM-INDIA,Nippon Life India Asset Management Limited,NSE,NAM-INDIA.NS,1218.2,66.9,31.0,4.113,1.37,-1.24,114.87,2.73,6,False,110011110,Moderate VCP,BROKEN OUT (fresh),bullish (HH/HL),Premium,96.5,False,True,True,True,True,Bearish Pin Bar;Doji;Inside Bar;NR4;Shooting Star;Three Whit,33.27,1233.5,1173.61,1037.9,4.86,1268.87,1304.74,1541.88,5.15,166,6,9
MAHABANK,Bank of Maharashtra,NSE,MAHABANK.NS,88.53,55.0,28.4,-0.194,3.04,-6.32,137.77,2.88,8,False,101111111,Moderate VCP,forming / still basing,bullish (HH/HL),Premium,82.8,True,True,False,True,True,Inside Bar;NR4;Three Black Crows,2.55,94.5,89.9,77.8,4.87,104.47,114.94,118.12,5.13,2173,4,9
BHARATFORG,Bharat Forge Limited,NSE,BHARATFORG.NS,2136.7,63.2,30.4,2.702,5.53,-4.53,271.62,2.84,8,False,110111111,No VCP,AT PIVOT (actionable),bullish (HH/HL),Premium,88.4,False,True,False,True,True,Bullish Harami;Bullish Pin Bar;Dark Cloud Cover;Hanging Man;,60.77,2238.0,2128.62,1877.0,4.89,2285.56,2333.62,2797.5,5.12,91,4,9
NAZARA,Nazara Technologies Limited,NSE,NAZARA.NS,305.65,65.1,33.5,0.489,1.33,-15.86,94.29,2.84,7,True,110011111,No VCP,AT PIVOT (actionable),bullish (HH/HL),Premium,91.5,False,True,False,True,True,Bearish Pin Bar;Doji;Inside Bar;NR4;Shooting Star;Tweezer To,8.67,311.0,295.39,264.4,5.02,328.89,347.27,388.75,4.98,640,5,9
TANLA,Tanla Platforms Limited,NSE,TANLA.NS,539.05,59.4,29.0,1.342,0.74,-29.63,54.4,2.89,7,True,111010111,No VCP,BROKEN OUT (fresh),ranging,Premium,77.6,True,False,False,True,True,Inside Bar;NR4;Tweezer Top,15.58,551.0,522.96,499.0,5.09,574.72,598.95,688.75,4.91,356,5,9
EMCURE,Emcure Pharmaceuticals Limited,NSE,EMCURE.NS,1839.1,59.6,28.4,2.798,0.91,-5.4,42.42,3.02,8,True,111011111,Moderate VCP,forming / still basing,bullish (HH/HL),Premium,81.4,False,True,False,True,True,Inside Bar;Morning Star;NR4;Tweezer Top,55.48,1944.0,1844.14,1679.0,5.14,1988.34,2033.18,2430.0,4.87,100,4,9
ACE,Action Construction Equipment Limited,NSE,ACE.NS,989.9,57.8,34.1,1.258,1.33,-18.79,38.26,3.05,6,True,110010111,No VCP,AT PIVOT (actionable),bullish (HH/HL),Premium,81.1,True,True,False,True,True,Bearish Engulfing;Bullish Harami;Outside Bar;Tweezer Top,30.15,1047.0,992.72,862.0,5.18,1079.61,1112.71,1308.75,4.82,184,6,9
GEOJITFSL,Geojit Financial Services Limited,NSE,GEOJITFSL.NS,79.52,62.2,19.4,-0.135,0.93,-8.81,3.08,2.96,7,True,101011111,No VCP,AT PIVOT (actionable),bullish (HH/HL),Premium,95.1,False,True,False,True,True,Bearish Pin Bar;Doji;Inside Bar;NR4;Three White Soldiers,2.36,81.0,76.76,71.09,5.23,90.25,100.0,101.25,4.78,2358,5,9
TAJGVK,Taj GVK Hotels & Resorts Limited,NSE,TAJGVK.NS,343.4,57.3,20.4,0.544,0.89,-33.01,3.89,2.98,6,True,111010101,No VCP,AT PIVOT (actionable),ranging,Discount,43.2,True,True,True,False,True,Bearish Pin Bar;Doji;NR4;Outside Bar;Shooting Star;Tweezer T,10.25,349.8,331.36,313.0,5.27,368.75,388.21,437.25,4.74,542,6,9
RELIGARE,Religare Enterprises Limited,NSE,RELIGARE.NS,262.85,62.2,41.5,0.288,0.73,-10.9,30.66,3.17,7,True,110011111,No VCP,forming / still basing,bullish (HH/HL),Premium,79.5,True,True,True,True,True,Bearish Pin Bar;Doji;Inside Bar;NR7;Outside Bar;Shooting Sta,8.33,280.0,265.01,223.5,5.35,296.98,314.47,350.0,4.67,667,5,9
GATEWAY,Gateway Distriparks Limited,NSE,GATEWAY.NS,61.86,60.8,17.3,0.075,1.4,-19.14,5.87,3.25,6,True,110010111,No VCP,AT PIVOT (actionable),bullish (HH/HL),Premium,80.1,True,True,False,True,True,Bearish Pin Bar;Inverted Hammer;Three White Soldiers,2.01,63.2,59.58,55.01,5.73,71.4,80.1,80.1,4.67,2762,6,9
DOMS,DOMS Industries Limited,NSE,DOMS.NS,2310.5,55.7,12.2,6.524,0.9,-16.59,50.66,3.08,6,True,110011101,No VCP,AT PIVOT (actionable),ranging,Discount,39.2,True,False,True,True,True,Bullish Engulfing;Inside Bar;NR4;Tweezer Top,71.08,2381.8,2253.86,2061.6,5.37,2430.85,2480.41,2977.25,4.65,78,6,9
URBANCO,Urban Company Limited,NSE,URBANCO.NS,131.9,55.2,27.6,0.157,2.16,-34.44,62.65,3.18,7,False,111110101,No VCP,forming / still basing,bullish (HH/HL),Premium,56.2,True,True,False,False,False,Inside Bar;NR4,4.19,139.8,132.25,117.93,5.4,151.87,164.45,174.75,4.63,1324,2,9
GLOBUSSPR,Globus Spirits Limited,NSE,GLOBUSSPR.NS,910.5,56.1,20.5,8.817,1.45,-30.13,9.82,3.08,6,True,111011001,No VCP,BROKEN OUT (fresh),bullish (HH/HL),Discount,29.5,False,True,True,False,True,Bearish Engulfing;Outside Bar;Three White Soldiers,28.07,935.0,884.48,828.7,5.4,965.83,997.16,1168.75,4.63,197,6,9
BASF,BASF India Limited,NSE,BASF.NS,3664.1,57.4,22.7,20.098,0.65,-30.34,11.39,3.17,7,True,111011101,No VCP,AT PIVOT (actionable),ranging,Premium,56.0,True,True,False,False,True,Bearish Pin Bar;Doji;Outside Bar;Shooting Star;Tweezer Top,116.2,3863.9,3654.73,3242.5,5.41,3926.31,3989.22,4829.88,4.62,47,5,9
SANSERA,Sansera Engineering Limited,NSE,SANSERA.NS,3251.5,73.0,31.7,9.925,0.95,-0.6,88.03,3.08,6,False,110011110,Strong VCP,BROKEN OUT (fresh),bullish (HH/HL),Premium,98.8,False,True,True,True,True,Bullish Pin Bar;Doji;Hanging Man;Inside Bar;NR4,100.05,3271.0,3090.91,2817.0,5.51,3328.44,3386.39,4088.75,4.54,55,6,9
FINEORG,Fine Organic Industries Limited,NSE,FINEORG.NS,5206.5,60.9,31.2,4.06,1.57,-5.23,6.48,3.22,7,True,110110111,No VCP,AT PIVOT (actionable),ranging,Premium,87.1,False,True,False,True,True,Inside Bar;NR4;Shooting Star;Three Black Crows,167.71,5407.0,5105.13,4610.0,5.58,5480.78,5555.06,6758.75,4.48,33,5,9
SFL,Sheela Foam Limited,NSE,SFL.NS,766.55,73.1,47.2,0.194,0.69,-0.45,25.45,3.11,6,False,110011110,Strong VCP,BROKEN OUT (fresh),bullish (HH/HL),Premium,98.9,True,True,False,True,True,Bullish Pin Bar;Doji;Hanging Man;NR4,23.82,767.0,724.13,629.85,5.59,794.94,823.39,958.75,4.47,233,6,9
ESAFSFB,ESAF Small Finance Bank Limited,NSE,ESAFSFB.NS,34.15,65.3,43.8,0.043,1.44,-8.2,5.74,4.82,6,False,110010111,No VCP,forming / still basing,bullish (HH/HL),Premium,82.5,True,True,False,True,False,Bullish Harami;Inside Bar;NR4,1.65,37.2,34.24,26.35,7.96,43.55,50.4,50.4,4.46,3378,3,9
GLAND,Gland Pharma Limited,NSE,GLAND.NS,2462.3,68.6,42.6,13.62,3.27,-2.61,157.38,3.21,7,False,110111110,No VCP,AT PIVOT (actionable),ranging,Premium,93.1,False,True,True,True,True,Bearish Pin Bar;Doji;Inside Bar;NR4;Shooting Star,79.02,2528.3,2386.07,2167.8,5.63,2578.83,2629.86,3160.38,4.44,70,5,9
AKUMS,Akums Drugs and Pharmaceuticals Limited,NSE,AKUMS.NS,626.8,64.7,37.1,0.528,1.1,-2.82,17.43,3.23,6,False,110011110,Moderate VCP,AT PIVOT (actionable),bullish (HH/HL),Premium,92.3,False,True,True,True,True,Bearish Engulfing;NR7;Outside Bar,20.27,642.9,606.41,542.85,5.68,668.51,694.61,803.62,4.4,274,6,9
EVEREADY,Eveready Industries India Limited,NSE,EVEREADY.NS,367.8,63.5,48.2,0.044,1.32,-22.6,6.67,3.28,7,True,110011111,No VCP,AT PIVOT (actionable),bullish (HH/HL),Premium,90.5,False,True,False,True,True,Inside Bar;Tweezer Top,12.05,379.2,357.51,317.45,5.72,398.92,419.15,474.0,4.37,461,5,9
JMFINANCIL,JM Financial Limited,NSE,JMFINANCIL.NS,130.66,57.5,12.5,0.952,1.85,-34.6,36.59,3.24,6,True,110111001,No VCP,AT PIVOT (actionable),ranging,Equilibrium,53.0,True,True,True,False,True,Bearish Pin Bar;Doji;Inverted Hammer;NR4;Shooting Star,4.23,132.5,124.89,115.0,5.74,144.26,156.52,165.62,4.35,1314,6,9
SAMMAANCAP,Sammaan Capital Limited,NSE,SAMMAANCAP.NS,175.64,55.4,23.1,-0.827,3.47,-8.97,315.01,3.52,8,True,101111111,No VCP,AT PIVOT (actionable),bearish (LH/LL),Premium,73.6,False,False,False,True,True,Bearish Engulfing;Bullish Harami;NR4;Tweezer Bottom,6.18,192.34,181.22,166.5,5.78,206.46,221.08,240.43,4.32,899,4,9
MPSLTD,MPS Limited,NSE,MPSLTD.NS,1896.1,62.4,44.2,5.264,2.02,-36.27,3.76,3.33,6,True,110111100,No VCP,BROKEN OUT (fresh),ranging,Premium,84.4,False,True,True,True,True,Bullish Harami;Evening Star;Outside Bar,63.13,1957.9,1844.27,1740.0,5.8,2002.4,2047.4,2447.38,4.31,88,6,9
SMLMAH,SML Mahindra Limited,NSE,SMLMAH.NS,3957.6,50.3,15.5,-9.037,1.68,-26.0,23.33,3.44,6,True,000111111,No VCP,AT PIVOT (actionable),bullish (HH/HL),Discount,30.1,False,True,True,False,True,Bearish Engulfing;Bullish Harami;Hammer;Inside Bar;NR4;Outsi,136.17,4189.0,3943.89,3680.0,5.85,4253.97,4319.44,5236.25,4.27,40,6,9
SANGAMIND,Sangam (India) Limited,NSE,SANGAMIND.NS,552.5,61.4,39.0,0.277,1.24,-4.24,2.16,3.41,7,True,110011111,Moderate VCP,AT PIVOT (actionable),bullish (HH/HL),Premium,85.3,False,False,True,False,True,Bullish Engulfing;Inside Bar;NR4;Outside Bar;Shooting Star;T,18.85,574.9,540.97,515.85,5.9,599.13,623.85,718.62,4.24,294,5,9
JKCEMENT,JK Cement Limited,NSE,JKCEMENT.NS,5495.5,56.3,15.9,27.656,3.72,-27.36,41.81,3.35,6,True,110110101,No VCP,AT PIVOT (actionable),bullish (HH/HL),Premium,57.5,False,True,True,True,True,Bearish Pin Bar;Inverted Hammer,184.21,5628.0,5296.41,4671.5,5.89,5703.27,5779.04,7035.0,4.24,30,6,9
SUBROS,Subros Limited,NSE,SUBROS.NS,848.1,64.6,26.4,6.52,0.61,-30.12,25.56,3.49,8,True,111011111,No VCP,forming / still basing,ranging,Premium,81.9,False,True,True,True,True,Bullish Harami;Bullish Pin Bar;Hanging Man;NR4;Tweezer Top,29.59,897.9,844.64,695.1,5.93,928.11,958.83,1122.38,4.21,187,4,9
TSFINV,TSF INVESTMENTS LIMITED,NSE,TSFINV.NS,455.5,72.8,24.6,6.688,13.41,-35.07,5.82,3.31,8,True,111111110,No VCP,extended past pivot,ranging,Premium,85.8,False,True,True,True,True,Inside Bar;NR4;Outside Bar;Three White Soldiers;Tweezer Top,15.07,456.3,429.17,381.25,5.95,477.91,500.02,570.38,4.2,368,4,9
AARTIPHARM,Aarti Pharmalabs Limited,NSE,AARTIPHARM.NS,706.35,58.4,22.0,5.356,1.16,-27.26,17.62,3.51,6,True,111011001,No VCP,forming / still basing,bullish (HH/HL),Equilibrium,52.1,False,True,False,True,False,none,24.76,743.6,699.03,604.15,5.99,771.12,799.14,929.5,4.17,224,3,9
TNPETRO,Tamilnadu PetroProducts Limited,NSE,TNPETRO.NS,97.07,64.1,30.7,0.585,0.96,-25.27,2.06,3.56,7,True,110011111,No VCP,forming / still basing,bullish (HH/HL),Premium,69.4,True,True,True,True,True,Bearish Engulfing;Bearish Pin Bar;Inside Bar;Shooting Star,3.45,102.8,96.58,84.4,6.05,113.19,124.08,128.5,4.13,1607,5,9
IMAGICAA,Imagicaaworld Entertainment Limited,NSE,IMAGICAA.NS,47.86,56.0,25.6,0.199,2.4,-32.4,4.31,4.48,8,True,111111101,No VCP,forming / still basing,bullish (HH/HL),Premium,62.4,True,True,False,True,True,Bearish Engulfing;Bullish Harami;Inside Bar;NR4;Shooting Sta,2.14,52.69,48.83,40.5,7.33,60.2,68.21,68.21,4.02,2590,4,9
ABREL,Aditya Birla Real Estate Limited,NSE,ABREL.NS,1405.6,63.1,18.0,16.372,2.75,-41.86,34.24,3.57,7,True,111111100,No VCP,BROKEN OUT (fresh),ranging,Premium,58.8,False,True,True,False,True,Bearish Engulfing;NR4;Outside Bar;Shooting Star,50.23,1444.0,1353.59,1155.0,6.26,1482.25,1521.0,1805.0,3.99,110,5,9
IIFL,IIFL Finance Limited,NSE,IIFL.NS,519.55,55.0,18.7,-2.953,1.19,-23.03,166.16,3.66,6,True,101010111,No VCP,AT PIVOT (actionable),bullish (HH/HL),Discount,44.6,True,False,True,True,True,Bearish Pin Bar;Inverted Hammer;NR4,19.0,546.15,511.94,485.2,6.26,569.77,593.89,682.69,3.99,292,6,9
ENTERO,Entero Healthcare Solutions Limited,NSE,ENTERO.NS,1212.4,60.0,17.8,13.516,0.72,-12.78,16.16,3.5,6,True,110011011,No VCP,AT PIVOT (actionable),bearish (LH/LL),Premium,56.0,False,True,True,True,True,Hanging Man;Inside Bar;NR7,42.41,1214.9,1138.56,1082.0,6.28,1250.01,1285.61,1518.62,3.98,130,6,9
GARUDA,Garuda Construction and Engineering Limited,NSE,GARUDA.NS,178.12,54.0,22.0,0.739,0.41,-28.55,23.82,3.99,7,True,011011111,No VCP,forming / still basing,bullish (HH/HL),Premium,59.2,True,True,True,True,True,Bearish Engulfing;Bearish Pin Bar;Bullish Harami;Doji;Inside,7.1,199.9,187.12,158.76,6.39,214.29,229.18,249.88,3.91,782,5,9
TASTYBITE,Tasty Bite Eatables Limited,NSE,TASTYBITE.NS,8674.0,65.2,52.7,31.132,11.45,-27.46,4.64,3.89,8,True,110111111,No VCP,extended past pivot,bullish (HH/HL),Premium,73.3,True,True,False,True,True,Evening Star;Inside Bar,337.81,9492.5,8884.45,7701.5,6.41,9590.18,9688.36,11865.62,3.9,16,4,9
RPEL,Raghav Productivity Enhancers Limited,NSE,RPEL.NS,1261.5,71.0,42.7,-4.115,0.76,-3.61,17.56,3.71,6,False,100011111,Moderate VCP,BROKEN OUT (fresh),ranging,Premium,93.7,False,True,True,True,True,Bearish Engulfing;Outside Bar;Three White Soldiers,46.77,1297.7,1213.52,1086.5,6.49,1333.97,1370.75,1622.12,3.85,118,6,9
HIMATSEIDE,Himatsingka Seide Limited,NSE,HIMATSEIDE.NS,89.19,61.5,28.9,0.842,2.38,-45.75,10.14,3.84,7,True,111111100,No VCP,AT PIVOT (actionable),ranging,Discount,31.3,False,True,False,False,True,NR4;Three Black Crows,3.43,94.95,88.78,73.55,6.5,104.94,115.44,118.69,3.85,1620,5,9
MOLDTKPAC,Mold-Tek Packaging Limited,NSE,MOLDTKPAC.NS,704.85,56.0,28.8,-0.839,1.81,-21.06,12.22,3.83,8,True,101111111,No VCP,forming / still basing,ranging,Premium,86.6,False,True,True,True,True,Inside Bar;NR7;Three Black Crows,27.0,742.0,693.4,646.0,6.55,769.49,797.48,927.5,3.82,205,4,9
AETHER,Aether Industries Limited,NSE,AETHER.NS,1359.6,69.6,39.9,13.746,1.48,-2.36,46.36,3.74,6,False,110011110,No VCP,AT PIVOT (actionable),bullish (HH/HL),Premium,93.4,True,True,True,True,True,Bullish Engulfing;NR4;Tweezer Top,50.88,1392.5,1300.92,1105.5,6.58,1430.07,1468.13,1740.62,3.8,109,6,9
PNGSREVA,PNGS Reva Diamond Jewellery Limited,NSE,PNGSREVA.NS,422.05,66.0,18.1,3.628,0.74,-11.47,9.57,3.67,6,False,111001101,No VCP,BROKEN OUT (fresh),bearish (LH/LL),Premium,64.1,True,True,True,True,True,Bullish Engulfing;Hanging Man,15.48,422.7,394.84,363.1,6.59,443.51,464.82,528.38,3.79,358,6,9
METROPOLIS,Metropolis Healthcare Limited,NSE,METROPOLIS.NS,556.0,58.6,20.6,-0.039,2.22,-7.33,26.53,3.74,7,True,101110111,No VCP,AT PIVOT (actionable),bullish (HH/HL),Premium,76.6,True,False,False,True,True,Bearish Pin Bar;Inverted Hammer;NR7;Three White Soldiers,20.8,563.5,526.06,515.0,6.64,587.49,611.98,704.38,3.76,267,5,9
BOROSCI,Borosil Scientific Limited,NSE,BOROSCI.NS,166.45,67.6,59.3,0.334,20.44,-12.76,4.84,4.03,8,False,110111111,No VCP,forming / still basing,bullish (HH/HL),Premium,82.9,True,True,True,True,True,NR4;Outside Bar;Three Black Crows,6.72,180.8,168.71,150.0,6.69,194.5,208.69,226.0,3.74,827,4,9
PDSL,PDS Limited,NSE,PDSL.NS,366.65,69.4,38.5,2.038,2.21,-15.5,6.5,4.0,8,True,110111111,No VCP,extended past pivot,bullish (HH/HL),Premium,86.9,False,True,True,True,True,Bearish Pin Bar;Shooting Star,14.68,381.15,354.72,296.0,6.93,400.92,421.2,476.44,3.61,378,4,9
GRWRHITECH,Garware Hi-Tech Films Limited,NSE,GRWRHITECH.NS,6875.0,67.6,44.4,-18.747,0.64,-3.29,67.45,4.0,6,False,100011111,Moderate VCP,AT PIVOT (actionable),bullish (HH/HL),Premium,94.7,False,True,True,True,True,Bearish Pin Bar;Doji;NR7;Shooting Star,275.1,7109.0,6613.83,5725.0,6.97,7193.56,7278.63,8886.25,3.59,20,6,9
MUTHOOTMF,Muthoot Microfin Limited,NSE,MUTHOOTMF.NS,221.47,68.4,33.8,1.424,2.47,-4.08,8.67,3.93,8,False,110111111,No VCP,BROKEN OUT (fresh),ranging,Premium,89.5,False,True,False,True,True,Bearish Pin Bar;Inside Bar;NR4;Shooting Star,8.7,222.9,207.25,178.0,7.02,238.08,253.76,278.62,3.56,638,4,9
VIJAYA,Vijaya Diagnostic Centre Limited,NSE,VIJAYA.NS,1365.2,56.7,32.7,1.74,6.09,-4.38,45.4,4.12,8,False,110111111,Moderate VCP,AT PIVOT (actionable),ranging,Premium,89.2,False,False,False,True,True,Bearish Engulfing;Bearish Marubozu;Inside Bar;Three White So,56.26,1427.8,1326.54,1252.0,7.09,1465.84,1504.37,1784.75,3.53,98,4,9
JAGSNPHARM,Jagsonpal Pharmaceuticals Limited,NSE,JAGSNPHARM.NS,236.62,68.9,34.8,1.784,29.56,-21.56,7.93,4.44,8,True,110111111,No VCP,forming / still basing,bullish (HH/HL),Premium,74.5,False,True,True,True,True,Bullish Harami;Long-legged Doji;NR4;Three Black Crows,10.5,264.5,245.59,197.25,7.15,281.01,298.03,330.62,3.5,528,4,9
INDSWFTLAB,Ind-Swift Laboratories Limited,NSE,INDSWFTLAB.NS,214.16,82.7,51.4,1.999,1.65,-1.23,19.14,4.02,6,False,010111110,No VCP,extended past pivot,ranging,Premium,97.9,False,True,True,True,False,none,8.62,214.16,198.65,154.2,7.24,229.04,244.43,267.7,3.45,644,3,9
CAPACITE,Capacit'e Infraprojects Limited,NSE,CAPACITE.NS,248.95,52.8,26.7,0.939,3.1,-26.49,10.16,4.7,7,True,011111101,No VCP,forming / still basing,ranging,Premium,64.4,True,True,True,True,True,Bearish Harami;Evening Star;Outside Bar,11.7,287.0,265.94,211.0,7.34,304.19,321.88,358.75,3.41,474,5,9
SATIN,Satin Creditcare Network Limited,NSE,SATIN.NS,254.8,64.8,32.0,1.251,1.2,-2.76,28.47,4.2,6,False,110011110,Moderate VCP,BROKEN OUT (fresh),bullish (HH/HL),Premium,94.3,False,True,True,True,True,Dark Cloud Cover;NR4;Outside Bar;Three White Soldiers,10.7,261.0,241.74,216.36,7.38,277.41,294.31,326.25,3.39,519,6,9
PACEDIGITK,Pace Digitek Limited,NSE,PACEDIGITK.NS,214.8,66.8,20.0,2.076,1.44,-7.39,72.6,4.17,7,False,111011101,No VCP,AT PIVOT (actionable),bullish (HH/HL),Premium,94.9,False,True,True,True,True,Inside Bar;Long-legged Doji;Three White Soldiers;Tweezer Top,8.97,217.0,200.86,178.0,7.44,231.98,247.46,271.25,3.36,619,5,9
INDOBORAX,Indo Borax & Chemicals Limited,NSE,INDOBORAX.NS,392.25,69.9,65.4,-1.159,0.42,-7.29,8.56,4.48,6,False,100011111,Strong VCP,AT PIVOT (actionable),bullish (HH/HL),Premium,83.7,False,True,True,True,True,Bullish Engulfing;Morning Star;Outside Bar;Tweezer Top,17.58,423.1,391.46,348.15,7.48,443.92,465.24,528.88,3.34,316,6,9
GOLDIAM,Goldiam International Limited,NSE,GOLDIAM.NS,480.4,62.6,29.1,-3.211,1.7,-5.33,40.63,4.45,7,False,101110111,No VCP,AT PIVOT (actionable),bullish (HH/HL),Premium,88.8,True,True,False,True,True,Bearish Pin Bar;Doji;Inverted Hammer;Outside Bar,21.39,507.45,468.95,407.0,7.59,530.23,553.5,634.31,3.3,259,5,9
EUROPRATIK,Euro Pratik Sales Limited,NSE,EUROPRATIK.NS,306.25,73.8,33.7,2.923,3.3,-21.47,8.16,4.33,7,False,110111101,No VCP,BROKEN OUT (fresh),bullish (HH/HL),Premium,79.1,False,True,True,True,True,Bearish Pin Bar;Gravestone Doji;Shooting Star;Three White So,13.25,312.85,288.99,247.4,7.63,330.79,349.23,391.06,3.28,419,5,9
506854,TANFAC Industries Ltd-$,BSE,506854.BO,2428.9,66.7,30.5,28.294,4.05,-6.04,3.05,4.48,7,True,110110111,No VCP,AT PIVOT (actionable),bearish (LH/LL),Premium,83.6,False,True,False,True,True,NR7;Three Black Crows,108.87,2540.0,2344.04,1776.95,7.71,2590.65,2641.8,3175.0,3.24,51,5,9
SIMPLEXINF,Simplex Infrastructures Limited,NSE,SIMPLEXINF.NS,265.3,56.5,14.3,-1.389,0.93,-19.61,5.02,4.74,6,True,100011111,No VCP,forming / still basing,bullish (HH/HL),Premium,82.8,False,True,False,True,False,Inside Bar;NR7,12.57,292.0,269.38,234.05,7.75,309.34,327.18,365.0,3.23,442,3,9
IGARASHI,Igarashi Motors India Limited,NSE,IGARASHI.NS,493.75,73.3,43.1,5.186,0.44,-25.75,18.35,4.32,7,True,110011111,No VCP,AT PIVOT (actionable),ranging,Premium,97.1,False,True,False,True,True,Hanging Man;Outside Bar;Shooting Star;Three White Soldiers,21.35,497.0,458.58,360.35,7.73,519.54,542.59,621.25,3.23,260,5,9
GUFICBIO,Gufic Biosciences Limited,NSE,GUFICBIO.NS,389.95,61.3,46.2,0.547,27.69,-12.96,11.5,4.98,8,True,110111111,No VCP,forming / still basing,bullish (HH/HL),Premium,67.8,False,True,True,True,True,Bearish Pin Bar;Bullish Harami;NR4;Shooting Star,19.44,448.0,413.01,348.6,7.81,469.42,491.33,560.0,3.2,285,4,9
KIRLOSIND,Kirloskar Industries Limited,NSE,KIRLOSIND.NS,4099.9,66.5,45.3,20.599,0.58,-13.25,14.3,4.87,6,False,110010111,No VCP,forming / still basing,bullish (HH/HL),Premium,77.5,True,True,False,True,False,Bullish Pin Bar;Doji;Hammer;Morning Star;Outside Bar;Tweezer,199.63,4574.8,4215.46,3026.0,7.85,4642.69,4711.07,5718.5,3.18,27,3,9
NARMADA,Narmada Agrobase Limited,NSE,NARMADA.NS,36.34,46.7,28.7,-0.347,3.68,-19.55,4.51,6.95,6,True,001101111,No VCP,forming / still basing,ranging,Premium,56.8,False,True,False,True,False,Bullish Harami;NR4,2.53,45.17,40.62,34.8,10.07,52.14,59.61,59.61,3.17,2197,3,9
ORIENTHOT,Oriental Hotels Limited,NSE,ORIENTHOT.NS,139.26,70.3,39.3,0.974,1.4,-17.59,13.96,4.63,7,False,110011111,No VCP,AT PIVOT (actionable),ranging,Premium,90.0,False,True,True,True,True,Bearish Harami;Bullish Harami;Hanging Man,6.45,145.88,134.28,98.64,7.95,158.21,171.04,182.35,3.14,862,5,9
AEGISLOG,Aegis Logistics Limited,NSE,AEGISLOG.NS,1325.4,93.2,63.8,23.708,1.78,-1.59,280.28,4.45,6,False,010111110,No VCP,extended past pivot,bullish (HH/HL),Premium,97.2,False,True,True,True,False,Three White Soldiers,59.03,1335.0,1228.74,750.2,7.96,1371.79,1409.08,1668.75,3.14,94,3,9
OMAXAUTO,Omax Autos Limited,NSE,OMAXAUTO.NS,231.05,55.3,19.4,-1.119,0.51,-12.28,4.82,4.84,6,False,101001111,No VCP,AT PIVOT (actionable),ranging,Premium,81.3,False,False,False,True,False,Inside Bar;NR4;Three White Soldiers,11.18,243.0,222.88,212.0,8.28,258.84,275.18,303.75,3.02,497,3,9
STYLEBAAZA,Baazar Style Retail Limited,NSE,STYLEBAAZA.NS,323.15,50.6,25.3,-0.083,1.85,-24.32,21.17,5.18,6,True,001111011,No VCP,forming / still basing,bearish (LH/LL),Equilibrium,47.3,True,False,False,True,False,Bullish Pin Bar;Dragonfly Doji;Outside Bar,16.75,359.0,328.85,252.7,8.4,378.2,397.89,448.75,2.98,331,3,9
APOLLO,Apollo Micro Systems Limited,NSE,APOLLO.NS,450.05,63.9,30.5,-0.159,1.51,-3.53,907.37,4.72,7,False,100111111,No VCP,BROKEN OUT (fresh),ranging,Premium,94.3,False,True,True,True,True,Bearish Pin Bar;Shooting Star,21.24,450.05,411.82,377.25,8.49,471.51,493.48,562.56,2.94,261,5,9
JAYBARMARU,Jay Bharat Maruti Limited,NSE,JAYBARMARU.NS,171.55,70.5,55.8,-1.033,0.66,-4.1,22.01,4.93,6,False,100011111,Moderate VCP,AT PIVOT (actionable),bullish (HH/HL),Premium,93.0,False,True,True,True,True,Bearish Pin Bar;Doji;NR4;Outside Bar;Shooting Star;Tweezer T,8.46,178.89,163.66,121.27,8.51,192.51,206.64,223.61,2.94,656,6,9
SAKAR,Sakar Healthcare Limited,NSE,SAKAR.NS,848.8,60.2,31.9,-2.799,1.48,-4.62,15.24,5.04,6,False,100011111,Moderate VCP,AT PIVOT (actionable),ranging,Premium,92.2,False,True,True,True,True,Bullish Harami;Long-legged Doji;Outside Bar;Tweezer Top,42.75,889.95,813.0,755.0,8.65,920.03,950.61,1112.44,2.89,129,6,9
THEMISMED,Themis Medicare Limited,NSE,THEMISMED.NS,118.59,62.4,34.4,0.488,5.51,-19.87,4.06,5.69,8,True,110111111,No VCP,forming / still basing,bullish (HH/HL),Premium,74.4,False,True,True,True,True,Bearish Pin Bar;Inside Bar;Morning Star;Shooting Star,6.75,137.0,124.85,100.0,8.87,148.95,161.41,171.25,2.82,823,4,9
EVERESTIND,Everest Industries Limited,NSE,EVERESTIND.NS,491.7,68.0,34.2,13.354,4.86,-34.44,2.08,5.46,8,True,110111111,No VCP,extended past pivot,ranging,Premium,83.0,False,True,True,True,True,Bearish Marubozu;Bullish Pin Bar;Hanging Man;NR4,26.84,534.0,485.68,320.55,9.05,557.36,581.22,667.5,2.76,206,4,9
TIRUPATIFL,Tirupati Forge Limited,NSE,TIRUPATIFL.NS,66.82,79.6,39.3,2.195,9.64,-7.57,4.18,5.62,7,False,010111111,No VCP,extended past pivot,bullish (HH/HL),Premium,86.8,False,True,False,True,False,Bearish Harami;Inside Bar,3.76,72.29,65.53,42.0,9.35,81.04,90.29,90.36,2.67,1479,2,9
AMANTA,Amanta Healthcare Limited,NSE,AMANTA.NS,163.09,68.0,32.4,0.204,0.68,-2.86,3.97,5.35,6,False,110011110,Moderate VCP,AT PIVOT (actionable),bullish (HH/HL),Premium,93.7,False,True,True,True,True,Bullish Engulfing;Bullish Pin Bar;Hanging Man,8.73,167.9,152.18,128.15,9.36,181.11,194.82,209.88,2.67,636,6,9
COMSYN,Commercial Syn Bags Limited,NSE,COMSYN.NS,200.31,74.9,38.5,2.511,16.43,-2.29,5.16,5.35,7,False,110111110,No VCP,extended past pivot,bullish (HH/HL),Premium,92.6,False,True,False,True,False,Bullish Marubozu,10.72,200.31,181.02,151.5,9.63,214.71,229.62,250.39,2.6,518,2,9
SAKSOFT,Saksoft Limited,NSE,SAKSOFT.NS,178.98,62.4,32.1,4.379,18.25,-29.53,132.25,6.52,8,True,110111111,No VCP,forming / still basing,ranging,Premium,65.1,False,True,True,True,True,Inside Bar;NR4;Three Black Crows;Tweezer Top,11.67,217.33,196.32,135.2,9.67,232.32,247.81,271.66,2.59,475,4,9
BLUSPRING,Bluspring Enterprises Limited,NSE,BLUSPRING.NS,123.61,75.2,57.0,0.61,4.7,-6.23,10.56,6.13,7,False,010111111,No VCP,BROKEN OUT (fresh),bullish (HH/HL),Premium,90.7,False,True,True,True,True,Bearish Pin Bar;Doji;Shooting Star,7.57,123.61,109.98,83.01,11.03,134.98,146.85,154.51,2.27,733,5,9
PSB,Punjab & Sind Bank,NSE,PSB.NS,24.75,54.0,18.8,0.006,2.0,-26.21,4.27,2.58,6,True,011110101,No VCP,AT PIVOT (actionable),ranging,Equilibrium,47.2,True,False,False,True,True,Bearish Engulfing;Bearish Pin Bar;Doji;Inverted Hammer;NR4,0.64,25.94,24.79,23.0,4.43,31.28,37.13,37.13,9.73,8695,5,8
PFS,PTC India Financial Services Limited,NSE,PFS.NS,31.27,55.0,29.2,0.026,1.92,-28.92,2.28,2.5,7,True,011111101,No VCP,AT PIVOT (actionable),ranging,Premium,64.4,False,False,False,True,True,Bullish Harami;NR4;Shooting Star,0.78,32.35,30.94,29.6,4.36,38.29,44.73,44.73,8.78,7092,4,8
VSTIND,VST Industries Limited,NSE,VSTIND.NS,268.4,70.6,34.5,0.326,3.61,-11.51,7.77,1.61,7,True,110110111,No VCP,BROKEN OUT (fresh),bullish (HH/HL),Premium,78.8,False,False,False,True,True,Tweezer Top,4.32,268.4,260.62,253.4,2.9,285.03,302.17,335.5,8.62,1285,4,8
CCAVENUE,AvenuesAI Limited,NSE,CCAVENUE.NS,17.08,74.5,41.5,0.254,6.34,-16.68,24.16,4.05,8,True,110111111,No VCP,extended past pivot,ranging,Premium,63.9,False,True,False,True,True,Bearish Pin Bar;Gravestone Doji;Shooting Star,0.69,18.75,17.5,13.2,6.67,23.33,28.41,28.41,7.73,8000,3,8
AXISBANK,Axis Bank Limited,NSE,AXISBANK.NS,1342.1,51.4,20.1,-3.129,1.84,-5.37,892.86,1.88,6,True,001110111,No VCP,AT PIVOT (actionable),bullish (HH/HL),Premium,71.6,True,False,False,True,True,Evening Star;Inside Bar;NR4;Tweezer Top,25.25,1400.1,1354.65,1262.0,3.25,1437.77,1475.94,1750.12,7.7,220,5,8
BEL,Bharat Electronics Limited,NSE,BEL.NS,418.05,51.8,18.8,0.596,2.16,-11.7,519.24,2.03,6,True,011111001,No VCP,AT PIVOT (actionable),bullish (HH/HL),Discount,27.5,True,True,False,False,True,Bearish Pin Bar;Doji;Inverted Hammer;Tweezer Bottom,8.49,435.0,419.72,399.0,3.51,456.11,477.71,543.75,7.12,654,5,8
KRYSTAL,Krystal Integrated Services Limited,NSE,KRYSTAL.NS,604.3,62.0,54.8,0.869,1.29,-17.16,5.69,2.06,6,True,110010111,No VCP,AT PIVOT (actionable),ranging,Premium,57.0,False,True,True,False,True,Bearish Pin Bar;Bullish Engulfing;Inverted Hammer;Morning St,12.44,625.05,602.66,575.0,3.58,650.3,676.05,781.31,6.98,446,5,8
LICHSGFIN,LIC Housing Finance Limited,NSE,LICHSGFIN.NS,553.7,52.0,17.0,0.566,3.4,-14.35,88.63,2.29,6,True,010101111,No VCP,AT PIVOT (actionable),bullish (HH/HL),Premium,68.1,True,False,False,True,True,Bearish Pin Bar;Inside Bar;NR4;Shooting Star,12.68,570.75,547.93,533.4,4.0,594.89,619.53,713.44,6.25,438,5,8
JSWCEMENT,JSW Cement Limited,NSE,JSWCEMENT.NS,136.57,64.8,29.6,0.56,0.5,-15.78,74.05,2.36,7,True,111010111,No VCP,BROKEN OUT (fresh),bullish (HH/HL),Premium,82.0,True,False,False,False,True,Bearish Pin Bar;Inside Bar;NR4;Shooting Star;Tweezer Top,3.23,137.5,131.69,122.8,4.23,149.48,161.95,171.88,5.92,1721,4,8
ABB,ABB India Limited,NSE,ABB.NS,6950.5,48.4,13.0,-27.415,2.38,-11.15,264.02,2.57,6,True,000111111,No VCP,AT PIVOT (actionable),ranging,Premium,72.6,True,False,False,True,True,Outside Bar;Three Black Crows,178.9,7304.0,6981.99,6653.0,4.41,7389.71,7475.93,9130.0,5.67,31,5,8
JUBLPHARMA,Jubilant Pharmova Limited,NSE,JUBLPHARMA.NS,969.2,49.3,19.0,-0.32,1.71,-22.34,11.04,2.55,6,True,001111101,No VCP,AT PIVOT (actionable),ranging,Premium,60.9,True,False,False,True,True,Inside Bar;NR4;Shooting Star;Three Black Crows,24.7,1004.7,960.25,939.05,4.42,1036.65,1069.09,1255.88,5.65,224,5,8
ARVSMART,Arvind SmartSpaces Limited,NSE,ARVSMART.NS,610.25,56.6,20.0,0.388,0.39,-11.26,8.32,2.65,6,True,111000111,No VCP,AT PIVOT (actionable),ranging,Premium,71.7,True,False,False,True,True,Bearish Pin Bar;Doji;Inside Bar;Inverted Hammer;Morning Star,16.17,656.7,627.6,557.5,4.43,682.58,708.95,820.88,5.64,343,5,8
TRANSRAILL,Transrail Lighting Limited,NSE,TRANSRAILL.NS,518.75,55.1,24.5,3.338,2.9,-39.38,34.76,2.63,6,True,111111000,No VCP,AT PIVOT (actionable),ranging,Discount,39.4,False,True,False,False,True,Inside Bar;Morning Star;NR4;Tweezer Top,13.65,531.8,507.23,465.5,4.62,555.11,578.92,664.75,5.41,407,5,8
ADANIENT,Adani Enterprises Limited,NSE,ADANIENT.NS,3212.1,69.2,38.8,4.483,1.35,-0.54,708.29,2.67,6,False,110011110,No VCP,BROKEN OUT (fresh),bullish (HH/HL),Premium,98.8,False,True,True,True,True,Bullish Pin Bar;Hanging Man;Shooting Star;Three White Soldie,85.92,3229.6,3074.95,2886.2,4.79,3286.68,3344.26,4037.0,5.22,64,5,8
LTF,L&T Finance Limited,NSE,LTF.NS,327.0,76.6,29.1,3.839,4.83,-0.74,161.33,2.67,7,True,011111110,No VCP,extended past pivot,ranging,Premium,97.9,False,True,True,True,True,Hanging Man;NR4;Tweezer Top,8.72,327.0,311.31,256.1,4.8,345.33,364.17,408.75,5.21,637,4,8
HUDCO,Housing & Urban Development Corporation Limited,NSE,HUDCO.NS,215.56,60.6,8.9,0.245,2.2,-12.68,72.9,2.72,7,True,110101111,No VCP,AT PIVOT (actionable),ranging,Premium,73.9,False,False,False,True,True,Bearish Engulfing,5.86,218.0,207.45,199.02,4.84,233.01,248.53,272.5,5.17,947,4,8
GROWW,Billionbrains Garage Ventures Limited,NSE,GROWW.NS,206.5,61.5,23.9,0.76,1.16,-9.11,842.07,2.8,7,False,111011101,No VCP,AT PIVOT (actionable),bullish (HH/HL),Premium,74.5,False,True,False,True,True,Inside Bar;NR4;Shooting Star;Tweezer Top,5.79,208.49,198.07,188.61,5.0,223.18,238.37,260.61,5.0,959,4,8
MINDACORP,Minda Corporation Limited,NSE,MINDACORP.NS,703.15,74.8,46.5,1.473,1.5,-1.47,37.34,2.88,6,False,110011110,No VCP,BROKEN OUT (fresh),ranging,Premium,95.7,False,True,True,True,True,Evening Star;Long-legged Doji;NR4;Tweezer Top,20.23,713.65,677.23,625.15,5.1,740.61,768.08,892.06,4.9,274,5,8
SAILIFE,Sai Life Sciences Limited,NSE,SAILIFE.NS,1257.3,64.9,30.2,-0.2,1.77,-0.21,74.86,2.88,6,False,100111110,Moderate VCP,AT PIVOT (actionable),bullish (HH/HL),Premium,99.4,False,True,False,True,True,Bullish Pin Bar;Hanging Man;NR4,36.18,1260.0,1194.87,1162.1,5.17,1295.75,1331.99,1575.0,4.84,153,5,8
MANAPPURAM,Manappuram Finance Limited,NSE,MANAPPURAM.NS,328.2,59.2,12.3,0.52,1.89,-2.18,112.11,2.95,7,True,110111110,No VCP,AT PIVOT (actionable),ranging,Premium,91.9,False,False,False,True,True,Bearish Pin Bar;Inverted Hammer,9.7,330.9,313.44,282.55,5.28,349.34,368.28,413.62,4.74,572,4,8
MSPL,MSP Steel & Power Limited,NSE,MSPL.NS,42.81,56.4,21.1,-0.112,0.69,-7.18,11.01,4.04,6,True,101010111,Moderate VCP,forming / still basing,ranging,Premium,83.3,False,True,True,True,True,Bearish Pin Bar;Doji;Inverted Hammer;NR4,1.73,46.12,43.01,39.5,6.74,53.16,60.7,60.7,4.69,3215,5,8
CENTRUM,Centrum Capital Limited,NSE,CENTRUM.NS,26.14,66.7,28.7,0.489,16.39,-37.61,2.37,5.23,6,True,111111000,No VCP,BROKEN OUT (fresh),ranging,Equilibrium,54.6,False,True,True,False,True,Inside Bar;Tweezer Top,1.37,27.7,25.24,21.31,8.88,33.21,39.23,39.23,4.69,4065,5,8
SHRIPISTON,SPR Auto Technologies Limited,NSE,SHRIPISTON.NS,4197.5,68.6,44.9,44.861,2.29,-5.07,24.34,3.25,8,False,110111111,No VCP,extended past pivot,ranging,Premium,87.9,False,True,True,True,True,Evening Star;Inside Bar;NR4,136.5,4421.5,4175.81,3263.1,5.56,4488.24,4555.49,5526.88,4.5,40,3,8
FOSECOIND,Foseco India Limited,NSE,FOSECOIND.NS,5209.5,54.3,33.5,4.279,1.28,-23.9,3.74,3.28,6,True,010011111,No VCP,AT PIVOT (actionable),ranging,Premium,70.2,True,False,True,False,True,Three Black Crows;Tweezer Top,170.64,5425.0,5117.85,4612.5,5.66,5498.9,5573.31,6781.25,4.42,32,5,8
BELRISE,Belrise Industries Limited,NSE,BELRISE.NS,230.74,48.1,21.1,-1.629,2.63,-8.44,97.92,3.45,6,False,001110111,No VCP,forming / still basing,ranging,Premium,78.0,True,True,False,False,False,Long-legged Doji,7.97,252.0,237.66,210.51,5.69,268.12,284.75,315.0,4.39,697,2,8
TMCV,Tata Motors Limited,NSE,TMCV.NS,432.0,62.5,28.6,3.772,1.33,-15.13,370.71,3.29,7,False,111011101,No VCP,AT PIVOT (actionable),ranging,Equilibrium,49.3,False,True,True,False,True,Bearish Engulfing;Tweezer Top,14.2,446.8,421.25,357.05,5.72,468.19,490.08,558.5,4.37,391,4,8
HONASA,Honasa Consumer Limited,NSE,HONASA.NS,461.75,73.5,39.5,3.86,2.25,-2.45,121.22,3.29,7,False,110111110,No VCP,extended past pivot,bullish (HH/HL),Premium,94.5,True,True,True,True,True,Bearish Engulfing;Inside Bar;NR4;Three White Soldiers;Tweeze,15.2,473.35,445.98,398.2,5.78,495.36,517.86,591.69,4.32,365,4,8
ADANIENSOL,Adani Energy Solutions Limited,NSE,ADANIENSOL.NS,1568.8,63.2,21.1,-1.157,2.39,-2.85,464.81,3.32,7,False,101111110,No VCP,BROKEN OUT (fresh),ranging,Premium,94.3,False,True,False,True,True,Bullish Pin Bar;Hanging Man;Three White Soldiers,52.06,1614.8,1521.09,1460.8,5.8,1655.23,1696.17,2018.5,4.31,106,4,8
BOROLTD,Borosil Limited,NSE,BOROLTD.NS,245.27,64.4,20.9,2.441,2.04,-38.37,2.33,3.34,6,True,111111000,No VCP,BROKEN OUT (fresh),ranging,Discount,38.9,True,True,False,False,True,Bearish Harami;Bearish Pin Bar;Doji;Shooting Star,8.18,249.58,234.85,217.0,5.9,265.63,282.18,311.98,4.24,678,5,8
JSFB,Jana Small Finance Bank Limited,NSE,JSFB.NS,469.3,51.6,11.6,0.477,1.68,-7.44,31.22,3.44,6,True,010110111,Strong VCP,AT PIVOT (actionable),ranging,Premium,78.7,False,False,False,True,True,Bullish Marubozu;Outside Bar;Tweezer Top,16.14,488.85,459.79,445.0,5.94,511.21,534.07,611.06,4.21,344,5,8
CAPLIPOINT,Caplin Point Laboratories Limited,NSE,CAPLIPOINT.NS,2538.1,67.9,64.3,-6.578,1.88,-5.12,44.87,3.55,7,False,100111111,No VCP,forming / still basing,bullish (HH/HL),Premium,88.3,True,True,True,True,True,Doji;NR4;Outside Bar;Three Black Crows,90.02,2675.0,2512.96,2001.5,6.06,2726.97,2779.44,3343.75,4.13,61,4,8
TATACOMM,Tata Communications Limited,NSE,TATACOMM.NS,1906.7,47.3,23.2,-19.555,1.0,-9.64,145.29,3.77,6,True,001011111,No VCP,forming / still basing,bullish (HH/HL),Premium,74.2,True,True,True,True,True,Bearish Engulfing;Bullish Harami;Hammer,71.93,2110.0,1980.52,1857.7,6.14,2156.18,2202.87,2637.5,4.07,77,5,8
EDELWEISS,Edelweiss Financial Services Limited,NSE,EDELWEISS.NS,124.33,58.4,24.1,0.198,0.86,-7.15,59.43,3.68,7,True,111010111,Strong VCP,forming / still basing,ranging,Premium,72.7,False,True,False,True,True,Bearish Harami;Bearish Pin Bar;Bullish Harami;Doji;Inside Ba,4.57,133.9,125.67,103.7,6.15,145.72,158.04,167.38,4.07,1215,4,8
JYOTICNC,Jyoti CNC Automation Limited,NSE,JYOTICNC.NS,770.35,63.1,39.9,6.997,1.0,-28.93,102.49,3.68,6,True,110011101,No VCP,AT PIVOT (actionable),bearish (LH/LL),Equilibrium,51.5,False,True,False,True,True,Bullish Pin Bar;Hanging Man;NR4,28.33,795.1,744.11,607.0,6.41,823.55,852.5,993.88,3.9,196,5,8
TTKPRESTIG,TTK Prestige Limited,NSE,TTKPRESTIG.NS,624.25,69.0,48.5,8.392,1.49,-19.05,23.79,3.79,7,True,110011111,No VCP,extended past pivot,bullish (HH/HL),Premium,86.4,False,True,True,True,True,Bearish Engulfing;Outside Bar;Three White Soldiers,23.66,651.95,609.36,515.0,6.53,677.73,704.02,814.94,3.83,234,4,8
VIYASH,Viyash Scientific Limited,NSE,VIYASH.NS,294.15,75.6,62.6,2.621,2.05,-0.96,67.89,3.71,6,False,010111110,No VCP,BROKEN OUT (fresh),bullish (HH/HL),Premium,97.6,False,True,True,True,True,Bullish Pin Bar;Doji;Hanging Man;Inside Bar;NR4;Three White ,10.92,297.0,277.34,242.85,6.62,314.48,332.47,371.25,3.78,508,5,8
FISCHER,Fischer Medical Ventures Limited,NSE,FISCHER.NS,39.29,58.8,19.2,0.588,6.82,-68.49,5.4,5.25,7,True,111111100,No VCP,forming / still basing,ranging,Equilibrium,53.6,False,True,True,True,True,Evening Star,2.06,42.37,38.66,31.05,8.76,49.13,56.39,56.39,3.78,2695,4,8
HUBTOWN,Hubtown Limited,NSE,HUBTOWN.NS,212.88,57.8,19.0,1.768,1.47,-41.79,13.73,3.79,6,True,111011100,No VCP,AT PIVOT (actionable),ranging,Equilibrium,52.1,False,True,True,False,True,Inside Bar;Tweezer Top,8.06,218.79,204.28,178.2,6.63,233.83,249.37,273.49,3.77,689,5,8
WESTLIFE,WESTLIFE FOODWORLD LIMITED,NSE,WESTLIFE.NS,507.8,65.2,25.4,5.359,1.6,-38.01,4.43,3.71,6,True,111110100,No VCP,BROKEN OUT (fresh),ranging,Premium,68.0,False,True,True,False,True,Bullish Pin Bar;Dragonfly Doji;Hanging Man;NR7;Outside Bar;T,18.85,510.0,476.07,421.2,6.65,532.83,556.17,637.5,3.76,294,5,8
SMSPHARMA,SMS Pharmaceuticals Limited,NSE,SMSPHARMA.NS,421.45,69.4,26.5,5.881,17.98,-5.88,17.39,3.88,9,False,111111111,No VCP,extended past pivot,ranging,Premium,83.0,False,True,True,False,True,Inside Bar;NR4;Tweezer Top,16.36,438.3,408.84,363.25,6.72,459.49,481.17,547.88,3.72,339,2,8
SGFIN,SG Finserve Limited,NSE,SGFIN.NS,673.8,75.1,39.9,7.929,10.42,-4.0,19.33,4.01,7,False,010111111,Moderate VCP,extended past pivot,ranging,Premium,92.6,False,True,True,True,True,Inside Bar;Shooting Star,27.02,701.85,653.22,561.1,6.93,728.59,755.83,877.31,3.61,205,4,8
NEOGEN,Neogen Chemicals Limited,NSE,NEOGEN.NS,1968.3,56.8,25.8,-7.906,7.91,-5.82,20.4,4.1,8,False,101111111,No VCP,AT PIVOT (actionable),ranging,Premium,87.8,False,False,False,True,True,Evening Star;Inside Bar;NR4;Three Black Crows,80.76,2090.0,1944.64,1845.0,6.96,2135.97,2182.43,2612.5,3.59,68,3,8
POKARNA,Pokarna Limited,NSE,POKARNA.NS,1024.2,61.4,35.7,1.449,1.21,-10.64,8.78,4.38,7,True,110011111,No VCP,forming / still basing,ranging,Premium,73.1,False,True,True,True,True,Long-legged Doji;NR4;Tweezer Top,44.86,1143.3,1062.55,803.0,7.06,1177.36,1211.93,1429.12,3.54,123,4,8
DCXINDIA,DCX Systems Limited,NSE,DCXINDIA.NS,204.88,57.9,16.1,1.301,2.77,-31.2,26.7,4.12,7,True,110101111,No VCP,AT PIVOT (actionable),bullish (HH/HL),Premium,71.0,False,False,False,True,True,Bearish Pin Bar;Doji;Inside Bar;NR4;Three White Soldiers,8.44,212.78,197.58,173.1,7.14,227.62,242.95,265.98,3.5,657,4,8
MCLOUD,Magellanic Cloud Limited,NSE,MCLOUD.NS,31.91,66.3,35.3,0.451,3.57,-69.73,26.19,6.35,6,True,110111100,No VCP,AT PIVOT (actionable),bullish (HH/HL),Premium,82.6,True,True,False,False,True,Bearish Pin Bar;Doji;NR4;Shooting Star,2.03,34.29,30.64,21.85,10.64,40.4,47.0,47.0,3.48,2739,5,8
NAVKARCORP,Navkar Corporation Limited,NSE,NAVKARCORP.NS,110.97,61.3,33.7,0.342,1.23,-20.85,6.86,4.21,7,True,110011111,No VCP,forming / still basing,bullish (HH/HL),Premium,85.4,False,True,True,True,True,Bearish Engulfing;Outside Bar,4.68,117.28,108.86,93.51,7.18,128.36,139.94,146.6,3.48,1187,4,8
MEESHO,Meesho Limited,NSE,MEESHO.NS,186.68,55.4,27.4,1.804,1.11,-26.62,671.07,4.28,7,False,111011101,No VCP,AT PIVOT (actionable),ranging,Premium,59.9,False,True,False,True,True,Bearish Engulfing;Bullish Harami;Inside Bar;NR4;Outside Bar;,7.99,195.48,181.1,161.71,7.36,209.71,224.44,244.35,3.4,695,4,8
CARTRADE,Cartrade Tech Limited,NSE,CARTRADE.NS,2699.6,67.6,58.8,-2.06,1.37,-17.96,246.37,4.39,6,False,100011111,No VCP,AT PIVOT (actionable),bullish (HH/HL),Premium,86.6,False,True,True,True,True,Bearish Harami;Evening Star;Inside Bar;NR4,118.58,2870.0,2656.55,1919.0,7.44,2923.82,2978.14,3587.5,3.36,46,5,8
INDOTECH,Indo Tech Transformers Limited,NSE,INDOTECH.NS,3136.7,67.3,32.4,38.828,3.59,-4.95,15.57,4.37,8,False,110111111,No VCP,extended past pivot,ranging,Premium,92.6,False,True,True,True,True,Bearish Harami;Bullish Pin Bar;Evening Star;Hanging Man;Insi,137.06,3300.0,3053.29,2489.9,7.48,3357.7,3415.89,4125.0,3.34,40,3,8
HESTERBIO,Hester Biosciences Limited,NSE,HESTERBIO.NS,2198.4,64.9,64.2,-1.562,0.86,-6.45,3.17,4.41,6,False,100011111,Moderate VCP,AT PIVOT (actionable),bullish (HH/HL),Premium,89.2,False,True,False,True,True,Bearish Pin Bar;Shooting Star,96.89,2315.0,2140.59,1916.0,7.53,2363.36,2412.23,2893.75,3.32,57,5,8
UTLSOLAR,Fujiyama Power Systems Limited,NSE,UTLSOLAR.NS,342.75,64.2,17.0,2.1,3.44,-6.1,13.78,4.5,7,False,110111101,No VCP,BROKEN OUT (fresh),bearish (LH/LL),Premium,88.5,False,True,False,True,True,Bearish Engulfing;Inside Bar;Three White Soldiers;Tweezer To,15.43,365.0,337.23,281.55,7.61,384.35,404.21,456.25,3.29,360,4,8
526433,ASM Technologies Ltd,BSE,526433.BO,4031.55,66.5,38.9,13.359,1.16,-12.27,9.93,4.45,7,False,110011111,No VCP,AT PIVOT (actionable),bullish (HH/HL),Premium,91.1,False,True,False,True,True,Evening Star,179.26,4220.0,3897.33,3056.05,7.65,4285.21,4350.92,5275.0,3.27,30,4,8
INDOCO,Indoco Remedies Limited,NSE,INDOCO.NS,244.0,62.9,34.0,0.595,1.35,-30.25,11.25,4.57,7,True,110011111,No VCP,forming / still basing,bullish (HH/HL),Premium,75.9,False,True,True,True,True,Bearish Pin Bar;Doji;Shooting Star,11.15,261.71,241.65,198.0,7.66,278.14,295.06,327.14,3.26,498,4,8
ROTO,Roto Pumps Limited,NSE,ROTO.NS,71.23,63.1,37.5,0.111,0.9,-34.95,33.75,4.74,7,True,110011111,No VCP,forming / still basing,bullish (HH/HL),Premium,75.6,False,True,True,True,True,Hanging Man;NR4,3.38,78.87,72.79,57.8,7.71,88.0,97.63,98.59,3.24,1644,4,8
STEELCAS,Steelcast Limited,NSE,STEELCAS.NS,310.55,62.8,32.4,0.803,0.63,-9.72,6.82,4.77,7,False,110011111,No VCP,forming / still basing,bullish (HH/HL),Premium,80.1,False,False,False,True,False,NR4,14.81,344.0,317.35,273.05,7.75,362.8,382.09,430.0,3.23,375,1,8
524520,KMC Speciality Hospitals (India) Ltd,BSE,524520.BO,133.65,67.7,37.2,0.938,3.09,-6.44,2.7,4.61,8,False,110111111,No VCP,extended past pivot,ranging,Premium,87.3,False,True,True,True,True,Bearish Engulfing;NR4;Tweezer Top,6.16,142.85,131.76,111.6,7.76,155.05,167.75,178.56,3.22,901,3,8
EBGNG,GNG Electronics Limited,NSE,EBGNG.NS,641.15,73.8,46.0,16.441,2.58,-7.01,37.03,4.69,8,False,110111111,No VCP,extended past pivot,bearish (LH/LL),Premium,89.3,False,True,True,True,True,Bearish Marubozu,30.08,689.5,635.35,390.0,7.85,716.01,743.02,861.88,3.18,184,3,8
RESPONIND,Responsive Industries Limited,NSE,RESPONIND.NS,212.87,70.5,37.0,1.496,1.1,-15.19,6.5,4.44,6,True,110010111,No VCP,BROKEN OUT (fresh),ranging,Premium,94.9,False,True,False,True,True,NR4;Three White Soldiers;Tweezer Top,9.45,212.87,195.86,160.2,7.99,227.71,243.05,266.09,3.13,587,5,8
SANDHAR,Sandhar Technologies Limited,NSE,SANDHAR.NS,699.35,54.5,27.6,-4.945,1.34,-8.37,47.48,4.91,6,False,001011111,No VCP,AT PIVOT (actionable),bearish (LH/LL),Premium,81.2,True,False,True,True,True,Bearish Engulfing;Tweezer Top,34.34,763.2,701.39,663.0,8.1,791.08,819.45,954.0,3.09,161,5,8
IVALUE,Ivalue Infosolutions Limited,NSE,IVALUE.NS,270.95,56.4,35.0,0.84,23.77,-20.31,11.68,4.83,6,False,110110101,No VCP,AT PIVOT (actionable),ranging,Premium,77.8,False,True,True,True,True,Bearish Engulfing;Inside Bar;Morning Star;NR4;Tweezer Top,13.09,289.1,265.54,226.98,8.15,306.35,324.11,361.38,3.07,424,5,8
KSHINTL,KSH International Limited,NSE,KSHINTL.NS,847.55,57.0,22.5,-8.794,1.52,-6.75,38.7,5.02,7,False,101111101,No VCP,AT PIVOT (actionable),bullish (HH/HL),Premium,89.4,False,True,False,True,True,Inside Bar;Three Black Crows,42.58,908.9,832.25,710.75,8.43,939.3,970.2,1136.12,2.96,130,4,8
KRISHNADEF,Krishna Defence And Allied Industries Limited,NSE,KRISHNADEF.NS,1253.2,53.4,21.2,-13.531,8.38,-10.49,22.37,5.37,6,False,001110111,No VCP,forming / still basing,bullish (HH/HL),Premium,76.0,False,True,False,True,False,Inside Bar;NR4,67.33,1400.0,1278.8,1129.6,8.66,1437.67,1475.83,1750.0,2.89,82,2,8
PANACEABIO,Panacea Biotec Limited,NSE,PANACEABIO.NS,551.2,60.2,44.0,-5.165,1.07,-14.81,50.16,5.68,6,False,100011111,No VCP,AT PIVOT (actionable),bullish (HH/HL),Premium,73.0,False,True,True,True,True,Bullish Pin Bar;Doji;Hanging Man;NR4,31.32,647.0,590.62,513.8,8.71,672.69,698.87,808.75,2.87,177,5,8
PARAS,Paras Defence and Space Technologies Limited,NSE,PARAS.NS,1294.0,62.2,40.8,-7.108,1.65,-10.33,425.58,5.47,6,False,100110111,No VCP,forming / still basing,bullish (HH/HL),Premium,82.7,False,True,False,True,False,Inside Bar;NR4,70.76,1443.0,1315.63,941.0,8.83,1481.24,1519.97,1803.75,2.83,78,2,8
AEQUS,Aequs Limited,NSE,AEQUS.NS,236.54,64.4,41.8,1.576,2.0,-4.2,111.29,5.54,6,False,110110101,No VCP,AT PIVOT (actionable),ranging,Premium,92.2,False,True,True,True,True,Bearish Engulfing;Bullish Harami;Inside Bar;Outside Bar;Twee,13.1,246.9,223.32,173.6,9.55,262.86,279.33,308.62,2.62,424,5,8
SPAL,S. P. Apparels Limited,NSE,SPAL.NS,1118.6,67.9,46.4,13.199,4.25,-5.6,28.87,6.06,8,False,110111111,No VCP,forming / still basing,bullish (HH/HL),Premium,88.6,True,True,False,True,True,Bearish Pin Bar;NR4;Shooting Star,67.78,1185.0,1062.99,785.35,10.3,1219.67,1254.85,1481.25,2.43,81,3,8
PCJEWELLER,PC Jeweller Limited,NSE,PCJEWELLER.NS,10.3,74.1,17.9,0.132,12.79,-47.58,73.63,3.83,7,True,110111110,No VCP,extended past pivot,ranging,Premium,80.2,False,True,True,False,True,Bullish Engulfing;Shooting Star,0.39,10.3,9.59,8.47,6.89,13.76,17.72,17.72,10.45,14084,3,7
RADICO,Radico Khaitan Limited,NSE,RADICO.NS,3892.3,67.5,45.0,16.425,2.12,-2.36,128.17,2.23,7,False,110111110,No VCP,extended past pivot,ranging,Premium,93.7,False,True,True,True,True,Bearish Engulfing;Bullish Pin Bar;Hanging Man;Outside Bar;Th,86.74,3986.3,3830.17,3427.1,3.92,4049.69,4113.57,4982.88,6.38,64,3,7
GAUDIUMIVF,Gaudium IVF and Women Health Limited,NSE,GAUDIUMIVF.NS,116.9,61.4,15.4,1.267,1.03,-12.11,2.48,2.32,6,False,110011101,No VCP,BROKEN OUT (fresh),ranging,Premium,74.8,False,True,False,True,True,Bearish Pin Bar;Bullish Pin Bar;Dragonfly Doji;Gravestone Do,2.72,117.56,112.67,99.54,4.16,128.65,140.25,146.95,6.01,2044,4,7
KARURVYSYA,Karur Vysya Bank Limited,NSE,KARURVYSYA.NS,291.8,49.6,11.2,0.264,2.7,-15.04,83.56,2.83,6,True,010101111,No VCP,AT PIVOT (actionable),bullish (HH/HL),Discount,44.3,True,False,False,False,True,Outside Bar;Tweezer Top,8.26,302.0,287.13,268.95,4.92,319.63,337.76,377.5,5.08,672,4,7
RBA,Restaurant Brands Asia Limited,NSE,RBA.NS,75.72,57.5,40.3,-0.027,2.08,-13.61,51.68,3.02,6,True,100110111,No VCP,forming / still basing,bullish (HH/HL),Premium,75.0,False,True,True,True,True,Bearish Engulfing;Bearish Pin Bar;Shooting Star,2.29,81.9,77.78,67.71,5.03,91.2,101.0,102.38,4.97,2427,4,7
LENSKART,Lenskart Solutions Limited,NSE,LENSKART.NS,533.0,65.4,14.7,2.672,1.04,-4.42,357.73,2.84,6,False,110011101,No VCP,BROKEN OUT (fresh),bearish (LH/LL),Premium,82.3,False,True,False,True,True,Bullish Pin Bar;Hanging Man;Inside Bar;NR4;Shooting Star;Twe,15.14,533.05,505.8,482.15,5.11,556.39,580.23,666.31,4.89,366,4,7
ELGIEQUIP,Elgi Equipments Limited,NSE,ELGIEQUIP.NS,578.55,42.5,33.8,-4.755,2.01,-8.72,31.82,3.17,6,True,000111111,No VCP,forming / still basing,bullish (HH/HL),Premium,75.5,True,False,True,True,True,Bearish Engulfing,18.34,631.7,598.69,576.65,5.23,657.08,682.97,789.62,4.78,302,4,7
RIIL,Reliance Industrial Infrastructure Limited,NSE,RIIL.NS,810.3,49.6,45.6,-5.65,3.45,-16.9,11.74,3.31,6,True,000111111,No VCP,forming / still basing,bullish (HH/HL),Premium,66.4,True,True,False,True,True,Bearish Engulfing;Inside Bar;Outside Bar,26.86,908.0,859.66,748.0,5.32,938.38,969.27,1135.0,4.7,206,4,7
NUVAMA,Nuvama Wealth Management Limited,NSE,NUVAMA.NS,1887.5,79.5,46.2,9.134,3.12,-3.45,99.68,2.99,7,False,010111111,No VCP,extended past pivot,bullish (HH/HL),Premium,92.1,False,True,True,True,True,NR4;Tweezer Top,56.44,1887.5,1785.91,1497.6,5.38,1931.2,1975.39,2359.38,4.64,98,3,7
SJS,S.J.S. Enterprises Limited,NSE,SJS.NS,2187.4,59.2,42.9,-5.607,0.99,-4.34,24.22,3.31,6,False,100011111,Strong VCP,AT PIVOT (actionable),bullish (HH/HL),Premium,87.3,False,True,False,False,True,Bullish Pin Bar;Doji;Hanging Man;Outside Bar;Three Black Cro,72.36,2286.7,2156.45,1971.5,5.7,2334.77,2383.34,2858.38,4.39,76,4,7
AIAENG,AIA Engineering Limited,NSE,AIAENG.NS,4754.5,56.3,43.2,-9.456,2.09,-8.21,44.6,3.47,7,False,100111111,No VCP,forming / still basing,bullish (HH/HL),Premium,77.9,False,True,True,True,True,NR4;Three Black Crows,165.12,5180.0,4882.79,4290.5,5.74,5252.22,5324.94,6475.0,4.36,33,3,7
GRINFRA,G R Infraprojects Limited,NSE,GRINFRA.NS,912.95,50.0,21.1,1.959,0.28,-32.12,8.07,3.42,6,True,011011101,No VCP,forming / still basing,ranging,Equilibrium,50.8,True,True,True,False,True,Bearish Engulfing;Inside Bar;Morning Star;NR7;Outside Bar,31.26,980.2,923.93,830.25,5.74,1011.76,1043.82,1225.25,4.35,177,4,7
TRAVELFOOD,Travel Food Services Limited,NSE,TRAVELFOOD.NS,1310.8,54.4,24.6,-2.474,0.46,-9.29,8.7,3.47,6,True,001011111,No VCP,forming / still basing,bullish (HH/HL),Premium,79.0,True,False,True,True,True,Bearish Engulfing;Bearish Marubozu;NR7;Outside Bar;Three Whi,45.53,1384.0,1302.05,1168.0,5.92,1421.45,1459.4,1730.0,4.22,122,4,7
JINDALSAW,Jindal Saw Limited,NSE,JINDALSAW.NS,260.95,59.4,17.6,-0.059,0.67,-3.32,57.74,3.43,6,False,100011111,Moderate VCP,AT PIVOT (actionable),bullish (HH/HL),Premium,92.3,False,False,False,True,True,Bullish Engulfing;Dark Cloud Cover;Inside Bar;NR4,8.95,269.91,253.8,221.7,5.97,286.59,303.77,337.39,4.19,620,4,7
MCX,Multi Commodity Exchange of India Limited,NSE,MCX.NS,2814.0,44.3,20.4,10.723,2.68,-19.14,980.94,3.59,6,True,011101011,No VCP,AT PIVOT (actionable),ranging,Equilibrium,50.8,False,True,False,False,True,Bearish Marubozu,101.09,3038.0,2856.05,2707.0,5.99,3093.37,3149.24,3797.5,4.17,54,4,7
ZOTA,Zota Health Care LImited,NSE,ZOTA.NS,1444.9,75.0,50.2,13.301,2.54,-16.96,7.37,3.36,7,True,010111111,No VCP,extended past pivot,bullish (HH/HL),Premium,88.9,False,True,False,True,True,Inside Bar;NR4;Tweezer Top,48.54,1454.9,1367.52,1192.2,6.01,1493.29,1532.19,1818.62,4.16,114,3,7
MANORAMA,Manorama Industries Limited,NSE,MANORAMA.NS,1562.4,53.8,25.3,-1.72,2.52,-11.23,28.21,3.69,7,True,001111111,No VCP,forming / still basing,bullish (HH/HL),Premium,81.4,False,True,False,True,True,Bearish Engulfing;Bullish Harami;Inside Bar;NR4;Tweezer Top,57.66,1676.7,1572.92,1430.5,6.19,1717.9,1759.6,2095.88,4.04,96,3,7
PAISALO,Paisalo Digital Limited,NSE,PAISALO.NS,71.87,84.0,57.9,1.032,6.42,-4.05,79.76,3.63,7,False,010111111,No VCP,extended past pivot,ranging,Premium,93.3,False,True,True,True,True,Bearish Pin Bar;Doji;NR4;Shooting Star,2.61,74.9,70.2,56.56,6.28,83.8,93.21,93.62,3.98,2127,3,7
ZYDUSWELL,Zydus Wellness Limited,NSE,ZYDUSWELL.NS,598.3,74.0,37.8,8.286,19.06,-0.27,44.81,3.61,7,False,110111110,No VCP,extended past pivot,bullish (HH/HL),Premium,99.3,False,True,True,True,True,Bullish Engulfing;Bullish Pin Bar;Doji;Hanging Man;NR4;Tweez,21.57,598.5,559.67,486.05,6.49,623.21,648.43,748.12,3.85,257,3,7
AVL,Aditya Vision Limited,NSE,AVL.NS,638.55,64.3,31.3,1.953,2.04,-9.43,16.9,4.0,8,False,110111111,No VCP,forming / still basing,bullish (HH/HL),Premium,75.2,False,True,False,True,True,Bearish Pin Bar;Doji;NR7;Shooting Star;Three Black Crows;Twe,25.57,705.0,658.98,516.1,6.53,731.8,759.1,881.25,3.83,217,2,7
PNBGILTS,PNB Gilts Limited,NSE,PNBGILTS.NS,90.63,56.1,38.4,-0.667,0.88,-24.35,25.05,4.18,6,True,100011111,No VCP,forming / still basing,bullish (HH/HL),Premium,77.7,False,True,True,True,True,Bearish Engulfing;Bullish Harami;Inside Bar;Long-legged Doji,3.79,99.8,92.98,85.02,6.83,110.04,120.78,124.75,3.66,1466,4,7
KDDL,KDDL Limited,NSE,KDDL.NS,3244.0,64.2,51.9,8.938,0.99,-5.04,16.13,4.07,7,False,110011111,Moderate VCP,forming / still basing,bullish (HH/HL),Premium,87.9,False,True,False,True,True,Evening Star;Inside Bar;NR4;Tweezer Top,132.11,3416.0,3178.19,2801.0,6.96,3474.7,3533.89,4270.0,3.59,42,3,7
SWANDEF,Swan Defence and Heavy Industries Limited,NSE,SWANDEF.NS,2339.8,77.1,24.8,25.188,1.87,-5.99,3.73,3.96,8,False,011111111,No VCP,extended past pivot,ranging,Premium,84.8,False,True,False,True,True,Bullish Pin Bar;Hanging Man,92.56,2368.1,2201.49,1900.0,7.04,2417.01,2466.43,2960.12,3.55,60,2,7
ATHERENERG,Ather Energy Limited,NSE,ATHERENERG.NS,1130.0,68.2,45.9,12.876,2.78,-3.93,412.31,4.09,8,False,110111111,No VCP,extended past pivot,bullish (HH/HL),Premium,92.1,False,True,True,False,True,Bearish Engulfing;Inside Bar;NR4;Outside Bar,46.25,1176.2,1092.96,950.35,7.08,1210.75,1245.79,1470.25,3.53,120,2,7
FABTECH,Fabtech Technologies Limited,NSE,FABTECH.NS,166.11,68.3,29.8,1.13,4.59,-36.79,6.76,4.01,7,False,111111100,No VCP,BROKEN OUT (fresh),ranging,Equilibrium,51.9,False,True,False,False,True,Bearish Pin Bar;Shooting Star;Three White Soldiers,6.66,166.11,154.12,141.61,7.22,179.25,192.89,207.64,3.46,834,3,7
BLISSGVS,Bliss GVS Pharma Limited,NSE,BLISSGVS.NS,505.95,64.6,56.3,-0.898,1.25,-8.51,83.62,4.49,6,False,100011111,No VCP,forming / still basing,bullish (HH/HL),Premium,88.3,True,True,True,True,True,Bearish Pin Bar;Doji;Inside Bar;NR4;Shooting Star,22.69,553.0,512.15,408.05,7.39,576.77,601.03,691.25,3.38,244,4,7
NRBBEARING,NRB Bearing Limited,NSE,NRBBEARING.NS,423.15,56.1,35.9,-3.683,2.93,-9.51,48.56,4.82,7,False,100111111,No VCP,forming / still basing,bearish (LH/LL),Premium,82.6,False,True,True,True,True,Bearish Engulfing;Bullish Harami;Inside Bar;NR4;Outside Bar;,20.41,467.6,430.85,387.55,7.86,489.47,511.85,584.5,3.18,272,3,7
ZEEL,Zee Entertainment Enterprises Limited,NSE,ZEEL.NS,105.09,49.4,28.3,-1.611,1.72,-30.73,399.6,5.11,6,True,001110111,No VCP,forming / still basing,bullish (HH/HL),Premium,73.7,True,True,False,True,True,Bearish Harami;Bullish Pin Bar;Evening Star;Hammer,5.37,118.35,108.68,102.25,8.17,129.48,141.11,147.94,3.06,1034,4,7
SUPRIYA,Supriya Lifescience Limited,NSE,SUPRIYA.NS,978.9,58.8,43.3,-2.99,1.93,-9.78,53.54,4.94,7,False,100111111,No VCP,forming / still basing,ranging,Premium,80.3,False,True,True,True,True,Evening Star;Outside Bar;Three Black Crows,48.35,1043.2,956.17,906.15,8.34,1075.75,1108.8,1304.0,3.0,114,3,7
SETL,Standard Engineering Technology Limited,NSE,SETL.NS,281.75,81.1,57.1,9.621,6.09,-7.71,20.29,5.03,7,False,010111111,No VCP,extended past pivot,bullish (HH/HL),Premium,88.3,False,True,True,True,True,Bearish Engulfing;Bearish Marubozu;Bullish Pin Bar;Dragonfly,14.16,296.55,271.06,150.05,8.6,314.02,331.99,370.69,2.91,392,3,7
AEROENTER,Aeroflex Enterprises Limited,NSE,AEROENTER.NS,130.65,58.3,43.8,-0.254,1.62,-12.64,14.56,5.64,6,False,100110111,No VCP,forming / still basing,ranging,Premium,78.4,True,True,True,True,True,Outside Bar;Three Black Crows,7.37,149.55,136.28,95.25,8.87,162.03,175.01,186.94,2.82,753,4,7
BETA,Beta Drugs Limited,NSE,BETA.NS,2090.5,67.0,45.5,-1.04,1.3,-7.09,5.42,5.39,6,False,100011111,Moderate VCP,forming / still basing,bullish (HH/HL),Premium,87.3,False,True,True,True,True,Inside Bar;NR4;Three Black Crows;Tweezer Top,112.63,2250.0,2047.26,1404.6,9.01,2297.68,2345.87,2812.5,2.77,49,4,7
539730,Fredun Pharmaceuticals Ltd,BSE,539730.BO,2588.8,53.6,15.7,9.803,2.15,-10.45,3.52,5.77,7,False,010111111,No VCP,forming / still basing,bullish (HH/HL),Premium,80.2,False,True,True,True,True,Bearish Engulfing;Evening Star,149.47,2891.0,2621.95,2199.95,9.31,2945.02,2999.54,3613.75,2.69,37,3,7
YASHO,Yasho Industries Limited,NSE,YASHO.NS,2972.9,67.2,54.7,-15.388,1.33,-6.52,9.74,5.73,6,False,100011111,No VCP,BROKEN OUT (fresh),bullish (HH/HL),Premium,89.9,False,True,False,True,True,Bearish Pin Bar;Bullish Harami;Dark Cloud Cover;Doji;Inside ,170.22,3180.3,2873.91,2401.0,9.63,3236.94,3294.09,3975.38,2.59,32,4,7
526570,Midwest Gold Ltd,BSE,526570.BO,4075.45,45.3,23.5,30.47,2.02,-30.92,2.16,6.5,7,True,011111011,No VCP,forming / still basing,bullish (HH/HL),Discount,15.5,False,True,False,False,True,Doji;Shooting Star,264.85,4750.0,4273.27,3740.0,10.04,4819.17,4888.84,5937.5,2.49,20,3,7
MWL,Mangalam Worldwide Limited,NSE,MWL.NS,376.0,57.4,33.5,-1.31,2.21,-4.93,2.64,2.62,6,False,100110111,No VCP,AT PIVOT (actionable),bearish (LH/LL),Premium,87.2,False,False,False,True,True,Inside Bar;NR4;Three Black Crows;Tweezer Top,9.86,389.5,371.75,365.0,4.56,409.49,429.97,486.88,5.49,563,3,6
ANANDRATHI,Anand Rathi Wealth Limited,NSE,ANANDRATHI.NS,2061.7,80.3,32.8,17.789,3.68,-1.12,123.38,2.73,6,False,010111110,No VCP,extended past pivot,ranging,Premium,96.8,False,True,True,True,True,Bullish Harami;Tweezer Top,56.37,2061.7,1960.24,1710.6,4.92,2107.36,2153.51,2577.12,5.08,98,3,6
KTKBANK,The Karnataka Bank Limited,NSE,KTKBANK.NS,263.4,45.5,18.6,-1.173,0.84,-6.91,68.68,3.14,6,True,001011111,Strong VCP,forming / still basing,bullish (HH/HL),Premium,81.8,False,False,False,True,True,Evening Star;Three Black Crows,8.27,282.95,268.06,255.0,5.26,300.02,317.59,353.69,4.75,671,3,6
AHLUCONT,Ahluwalia Contracts (India) Limited,NSE,AHLUCONT.NS,829.4,49.5,19.9,0.216,1.17,-26.28,3.32,3.16,6,True,011011101,No VCP,forming / still basing,bullish (HH/HL),Premium,58.5,False,True,False,True,True,Bearish Engulfing;Bearish Marubozu;Inside Bar;NR4;Tweezer To,26.17,878.0,830.89,769.55,5.37,907.88,938.26,1097.5,4.66,212,3,6
CUPID,Cupid Limited,NSE,CUPID.NS,198.84,89.1,40.4,0.931,1.63,-0.57,274.02,3.03,6,False,010111110,No VCP,extended past pivot,bullish (HH/HL),Premium,99.1,False,True,True,True,True,Bearish Engulfing;Bullish Engulfing;Outside Bar,6.02,198.84,188.0,134.0,5.45,213.19,228.04,248.55,4.59,922,3,6
WELCORP,Welspun Corp Limited,NSE,WELCORP.NS,1439.3,54.4,30.9,-0.397,2.7,-6.48,108.37,3.36,6,False,000111111,Moderate VCP,forming / still basing,bullish (HH/HL),Premium,88.0,False,True,False,True,True,Bearish Engulfing;Bullish Harami;Inside Bar;NR4,48.38,1539.0,1451.91,1320.0,5.66,1578.48,1618.46,1923.75,4.42,114,3,6
539607,Blue Cloud Softech Solutions Ltd,BSE,539607.BO,21.45,55.7,22.1,0.153,2.9,-43.55,8.74,7.03,6,True,111101100,No VCP,forming / still basing,bullish (HH/HL),Discount,43.0,True,True,False,False,True,Bearish Harami;Shooting Star;Three White Soldiers,1.51,28.0,25.29,17.5,9.68,33.54,39.58,39.58,4.27,3690,3,6
POLICYBZR,PB Fintech Limited,NSE,POLICYBZR.NS,1591.2,44.6,19.4,5.543,11.16,-19.39,341.54,3.51,6,True,011110101,No VCP,forming / still basing,bearish (LH/LL),Equilibrium,47.2,False,False,True,True,True,Evening Star;Long-legged Doji;NR4,55.89,1711.3,1610.7,1478.3,5.88,1752.92,1795.04,2139.12,4.25,99,3,6
VENUSPIPES,Venus Pipes & Tubes Limited,NSE,VENUSPIPES.NS,1783.2,75.9,33.0,18.826,2.45,-1.81,17.88,3.45,6,False,010111110,No VCP,extended past pivot,bearish (LH/LL),Premium,96.5,False,True,True,True,True,Bearish Pin Bar;Inside Bar;NR4;Shooting Star;Tweezer Top,61.58,1816.0,1705.16,1336.9,6.1,1858.86,1902.23,2270.0,4.1,90,3,6
ACUTAAS,Acutaas Chemicals Limited,NSE,ACUTAAS.NS,3694.8,76.5,50.0,36.493,4.44,-0.97,146.04,3.42,6,False,010111110,No VCP,extended past pivot,bullish (HH/HL),Premium,98.3,False,True,True,True,True,Morning Star;NR4;Tweezer Top,126.46,3725.0,3497.38,2960.2,6.11,3786.28,3848.07,4656.25,4.09,43,3,6
RRKABEL,R R Kabel Limited,NSE,RRKABEL.NS,2343.3,59.4,46.7,-14.416,2.73,-8.07,169.92,3.85,6,False,100110111,No VCP,forming / still basing,bullish (HH/HL),Premium,83.8,False,True,True,True,True,Bearish Engulfing;Bullish Harami;Bullish Pin Bar;Doji;Hangin,90.12,2549.0,2386.78,2063.9,6.36,2599.74,2650.98,3186.25,3.93,61,3,6
SHAILY,Shaily Engineering Plastics Limited,NSE,SHAILY.NS,2901.6,53.9,21.4,-7.289,0.83,-10.28,94.76,4.16,6,False,001011111,No VCP,forming / still basing,ranging,Premium,77.3,True,True,False,True,True,Bearish Harami;Hanging Man,120.57,3233.9,3016.88,2630.8,6.71,3291.02,3348.63,4042.38,3.73,46,3,6
WEWORK,WeWork India Management Limited,NSE,WEWORK.NS,739.65,77.7,56.6,8.224,3.67,-3.19,28.69,3.84,6,False,010111101,No VCP,extended past pivot,bullish (HH/HL),Premium,92.9,False,True,True,True,True,Bearish Pin Bar;Shooting Star;Three White Soldiers,28.38,749.3,698.21,612.2,6.82,776.92,805.05,936.62,3.67,195,3,6
VINCOFE,Vintage Coffee And Beverages Limited,NSE,VINCOFE.NS,154.27,53.9,19.6,-0.647,1.2,-14.22,34.73,4.28,6,True,001011111,No VCP,forming / still basing,ranging,Premium,60.3,False,False,True,True,True,Bearish Engulfing;Hammer;NR4,6.61,169.5,157.61,143.55,7.01,182.77,196.54,211.88,3.56,841,3,6
TARIL,Transformers And Rectifiers (India) Limited,NSE,TARIL.NS,336.75,52.3,22.7,0.889,3.67,-41.79,141.52,4.35,6,True,011111100,No VCP,forming / still basing,bullish (HH/HL),Premium,76.2,True,True,False,False,True,Inside Bar;Tweezer Top,14.64,372.0,345.65,299.7,7.08,391.54,411.57,465.0,3.53,379,3,6
FINCABLES,Finolex Cables Limited,NSE,FINCABLES.NS,1100.1,49.8,24.0,-3.162,2.02,-8.62,66.69,4.31,6,True,001110111,No VCP,forming / still basing,bullish (HH/HL),Premium,79.4,True,False,False,True,True,NR4;Three Black Crows,47.44,1203.9,1118.51,975.5,7.09,1238.85,1274.29,1504.88,3.52,117,3,6
KPRMILL,K.P.R. Mill Limited,NSE,KPRMILL.NS,1184.5,61.7,44.6,-0.644,1.36,-11.21,86.97,4.58,6,True,100011111,No VCP,forming / still basing,bullish (HH/HL),Premium,72.2,False,True,False,True,True,Bearish Pin Bar;Bullish Pin Bar;Doji;Dragonfly Doji;Evening ,54.23,1334.0,1236.39,1019.3,7.32,1370.77,1408.05,1667.5,3.42,102,3,6
KIRLOSENG,Kirloskar Oil Engines Limited,NSE,KIRLOSENG.NS,2230.8,56.5,43.8,-8.651,1.34,-17.99,174.34,5.09,6,False,100011111,No VCP,forming / still basing,bullish (HH/HL),Premium,70.6,False,True,True,True,True,Bearish Marubozu;Shooting Star;Three Black Crows,113.64,2720.0,2515.44,1791.1,7.52,2772.4,2825.31,3400.0,3.32,48,3,6
ORCHPHARMA,Orchid Pharma Limited,NSE,ORCHPHARMA.NS,956.4,59.3,53.0,-11.093,1.0,-12.58,10.15,4.85,6,False,100011111,No VCP,forming / still basing,bullish (HH/HL),Premium,77.6,False,True,True,True,True,Bearish Pin Bar;Doji;Inverted Hammer,46.43,1094.0,1010.43,827.9,7.64,1127.33,1161.15,1367.5,3.27,119,3,6
CENTUM,Centum Electronics Limited,NSE,CENTUM.NS,3627.0,56.2,31.6,-10.984,1.38,-7.38,22.53,4.64,6,False,100011111,Moderate VCP,forming / still basing,bullish (HH/HL),Premium,84.6,False,True,False,True,True,NR4;Three Black Crows;Tweezer Top,168.28,3916.0,3613.1,3250.0,7.73,3978.83,4042.16,4895.0,3.23,33,3,6
SIGMAADV,SIGMA ADVANCED SYSTEMS LIMITED,NSE,SIGMAADV.NS,548.4,60.0,59.2,-5.924,1.78,-14.06,18.58,5.06,7,False,100111111,No VCP,forming / still basing,bullish (HH/HL),Premium,82.0,False,True,False,True,True,Bearish Harami;Evening Star;Inside Bar,27.75,638.1,588.16,414.05,7.83,663.61,689.62,797.62,3.19,200,2,6
JASH,Jash Engineering Limited,NSE,JASH.NS,492.0,52.9,28.9,-4.446,5.33,-21.01,10.32,5.21,6,True,001110111,No VCP,forming / still basing,bullish (HH/HL),Premium,67.1,False,True,False,True,True,Bullish Pin Bar;Doji;Hanging Man;NR7;Outside Bar,25.62,572.85,526.74,423.3,8.05,597.03,621.72,716.06,3.11,216,3,6
AMAGI,Amagi Media Labs Limited,NSE,AMAGI.NS,532.6,64.5,56.7,2.585,9.2,-10.11,19.85,5.58,7,False,110111101,No VCP,forming / still basing,bullish (HH/HL),Premium,78.8,False,True,False,True,True,Bearish Engulfing;Bearish Pin Bar;Doji;Inside Bar;NR4;Shooti,29.72,592.5,539.0,396.85,9.03,617.09,642.18,740.62,2.77,186,2,6
SKMEGGPROD,SKM Egg Products Export (India) Limited,NSE,SKMEGGPROD.NS,314.6,75.7,63.7,4.906,3.19,-3.02,27.17,5.72,7,False,010111111,No VCP,extended past pivot,bullish (HH/HL),Premium,94.6,False,True,False,True,True,Bearish Harami;Bullish Pin Bar;Doji;Hanging Man;NR4,18.0,324.4,292.01,225.15,9.98,342.66,361.42,405.5,2.5,308,2,6
WHEELS,Wheels India Limited,NSE,WHEELS.NS,1491.6,44.4,26.6,-14.151,3.18,-17.5,43.29,7.11,7,False,001111111,No VCP,forming / still basing,ranging,Premium,71.3,False,True,False,True,True,Bearish Engulfing;Bullish Harami;Bullish Pin Bar;Hanging Man,106.07,1808.0,1617.08,1442.5,10.56,1850.77,1894.04,2260.0,2.37,52,2,6
AHCL,Anlon Healthcare Limited,NSE,AHCL.NS,15.87,59.3,46.2,-0.073,2.36,-8.13,8.33,4.56,6,False,100110111,No VCP,forming / still basing,bullish (HH/HL),Premium,80.5,False,True,False,True,True,Hammer;NR4;Outside Bar;Shooting Star,0.72,16.78,15.48,13.67,7.75,21.13,25.97,25.97,7.07,7692,2,5
DWARKESH,Dwarikesh Sugar Industries Limited,NSE,DWARKESH.NS,44.11,51.0,11.0,0.031,0.39,-16.91,12.59,3.18,6,True,010011111,No VCP,forming / still basing,bearish (LH/LL),Premium,57.2,False,False,False,True,True,Bearish Pin Bar;Doji;Inside Bar;NR4;Three White Soldiers,1.4,47.08,44.56,42.21,5.35,54.19,61.8,61.8,5.84,3968,2,5
BHEL,Bharat Heavy Electricals Limited,NSE,BHEL.NS,383.6,42.3,23.6,-1.556,2.8,-9.72,635.11,3.44,6,False,001101111,No VCP,forming / still basing,bearish (LH/LL),Premium,77.8,True,False,False,True,True,Bearish Marubozu;Three Black Crows,13.19,423.7,399.97,367.6,5.6,444.53,465.87,529.62,4.46,421,2,5
GRINDWELL,Grindwell Norton Limited,NSE,GRINDWELL.NS,2088.5,55.2,44.5,-8.692,0.84,-8.97,20.47,3.65,6,False,100011111,No VCP,forming / still basing,bullish (HH/HL),Premium,78.7,False,True,False,True,True,Bearish Engulfing;Inside Bar;NR4;Outside Bar;Tweezer Top,76.13,2294.4,2157.37,1886.4,5.97,2342.55,2391.2,2868.0,4.19,72,2,5
SYRMA,Syrma SGS Technology Limited,NSE,SYRMA.NS,1376.0,62.3,54.6,-6.715,1.44,-9.34,174.48,3.81,6,False,100011111,No VCP,forming / still basing,bullish (HH/HL),Premium,84.0,False,True,False,True,True,Bearish Engulfing,52.38,1517.7,1423.41,1180.4,6.21,1556.91,1596.62,1897.12,4.02,106,2,5
CORONA,CORONA Remedies Limited,NSE,CORONA.NS,2037.9,73.3,52.6,16.262,1.86,-2.99,8.99,3.6,6,False,110111100,No VCP,extended past pivot,ranging,Premium,91.5,False,True,False,True,True,Bearish Pin Bar;Morning Star;Shooting Star,73.46,2100.7,1968.46,1658.1,6.3,2146.78,2193.37,2625.88,3.97,75,2,5
AURUM,Aurum PropTech Limited,NSE,AURUM.NS,231.9,85.9,43.2,2.395,3.05,-2.15,2.79,3.56,6,False,010111110,No VCP,extended past pivot,bullish (HH/HL),Premium,94.0,False,True,False,True,True,Bearish Pin Bar;Bullish Engulfing;Doji;NR4,8.25,234.8,219.95,180.01,6.32,250.37,266.45,293.5,3.95,673,2,5
RICOAUTO,Rico Auto Industries Limited,NSE,RICOAUTO.NS,137.15,55.3,26.6,-1.017,0.91,-12.64,46.86,4.53,6,True,101010111,No VCP,forming / still basing,bullish (HH/HL),Premium,65.6,False,True,False,False,True,Bearish Pin Bar;Inverted Hammer;Three White Soldiers,6.21,157.0,145.82,126.88,7.12,169.78,183.06,196.25,3.51,894,2,5
NETWEB,Netweb Technologies India Limited,NSE,NETWEB.NS,4427.4,45.5,23.1,-86.167,1.53,-15.57,883.02,4.96,6,False,001110111,No VCP,forming / still basing,bullish (HH/HL),Premium,63.5,False,True,True,False,True,NR4;Three Black Crows;Tweezer Bottom,219.78,5244.0,4848.39,4050.0,7.54,5316.67,5389.83,6555.0,3.31,25,2,5
MARINE,Marine Electricals (India) Limited,NSE,MARINE.NS,280.3,61.7,40.3,1.161,1.16,-5.91,21.63,4.96,7,False,110011111,No VCP,forming / still basing,bullish (HH/HL),Premium,88.0,False,False,False,True,True,Bearish Engulfing,13.9,297.9,272.88,230.0,8.4,315.41,333.42,372.38,2.98,399,1,5
ATALREAL,Atal Realtech Limited,NSE,ATALREAL.NS,28.06,43.5,19.1,-0.361,1.68,-12.31,17.71,5.02,6,True,001110111,No VCP,forming / still basing,bearish (LH/LL),Premium,66.0,False,False,False,False,True,Bearish Engulfing;Tweezer Bottom,1.41,32.0,29.46,22.93,7.94,37.91,44.31,44.31,4.85,3937,1,4
THERMAX,Thermax Limited,NSE,THERMAX.NS,4607.5,44.2,47.2,-18.419,2.73,-12.7,159.91,4.46,6,False,000111111,No VCP,forming / still basing,bullish (HH/HL),Premium,73.5,False,False,False,True,True,Bearish Marubozu;Three Black Crows,205.57,5277.8,4907.77,4533.3,7.01,5350.7,5424.1,6597.25,3.57,27,1,4
