rank,symbol,name,exchange,sector,cap_bucket,return_pct_final,close,scorecard,vcp_quality,vcp_status,pd_zone,structure_D,octave,ind_score_40,struct_score_25,vcp_score_20,gann_score_15,TOTAL_100,tier,audit
1,SALSTEEL,S.A.L. Steel Limited,NSE,Basic Materials,Small,76.4,61.67,BULLISH,Moderate VCP,AT PIVOT (actionable),Premium,bullish (HH/HL),8/8 (52w high),32,17,20,9,78,TIER 2,A_rsi_45_65:5;A_stoch_cross_oversold:3;A_bb_squeeze:4;A_obv_up:3;A_cci_above0:2;A_ema_aligned:5;A_adx_20_28:4;A_supertrend_green:3;A_atr_expanding:3;B_bull_bos:5;B_ob_support:5;B_fvg:4;B_supply_cleared:3;C_valid_vcp:8;C_3rd_leg:7;C_vdu:5;C_chart_pattern:3;D_above_1x1:5;D_time_cycle:4
2,BANDHANBNK,Bandhan Bank Limited,NSE,Financial Services,Large,46.33,206.33,BULLISH,Moderate VCP,AT PIVOT (actionable),Premium,bullish (HH/HL),8/8 (52w high),31,17,20,9,77,TIER 2,A_rsi_45_65:5;A_bb_squeeze:4;A_obv_up:3;A_cci_above0:2;A_macd_bull:5;A_ema_aligned:5;A_adx_20_28:4;A_supertrend_green:3;B_bull_bos:5;B_ob_support:5;B_fvg:4;B_supply_cleared:3;C_valid_vcp:8;C_3rd_leg:7;C_vdu:5;D_above_1x1:5;D_time_cycle:4
3,OMAXAUTO,Omax Autos Limited,NSE,Consumer Cyclical,Small,176.05,244.3,BULLISH,Moderate VCP,BROKEN OUT (fresh),Premium,bullish (HH/HL),8/8 (52w high),28,17,20,9,74,TIER 2,A_bb_squeeze:4;A_obv_up:3;A_mfi_rising_low:3;A_cci_above0:2;A_macd_bull:5;A_ema_aligned:5;A_supertrend_green:3;A_atr_expanding:3;B_bull_bos:5;B_ob_support:5;B_fvg:4;B_supply_cleared:3;C_valid_vcp:8;C_3rd_leg:7;C_vdu:5;C_chart_pattern:3;D_above_1x1:5;D_time_cycle:4
4,535916,Alacrity Securities Ltd,BSE,,Micro,37.62,69.91,BULLISH,No VCP,AT PIVOT (actionable),Premium,bullish (HH/HL),6/8 (75%),28,17,12,15,72,TIER 2,A_rsi_45_65:5;A_stoch_cross_oversold:3;A_bb_squeeze:4;A_mfi_rising_low:3;A_cci_above0:2;A_ema_aligned:5;A_supertrend_green:3;A_atr_expanding:3;B_bull_bos:5;B_ob_support:5;B_fvg:4;B_supply_cleared:3;C_3rd_leg:7;C_vdu:5;D_above_1x1:5;D_time_cycle:4;D_octave_key:3;D_room_to_run:3
5,AFIL,Akme Fintrade (India) Limited,NSE,Financial Services,Micro,42.41,10.04,BULLISH,Moderate VCP,BROKEN OUT (fresh),Premium,ranging,8/8 (52w high),34,17,15,5,71,TIER 2,A_rsi_45_65:5;A_bb_squeeze:4;A_obv_up:3;A_cci_above0:2;A_macd_bull:5;A_ema_aligned:5;A_adx_20_28:4;A_supertrend_green:3;A_atr_expanding:3;B_bull_bos:5;B_ob_support:5;B_fvg:4;B_supply_cleared:3;C_valid_vcp:8;C_3rd_leg:7;D_above_1x1:5
6,JINDALSAW,Jindal Saw Limited,NSE,Basic Materials,Mid,49.21,241.12,BULLISH,No VCP,AT PIVOT (actionable),Premium,bearish (LH/LL),7/8 (exhaustion),30,25,7,9,71,TIER 2,A_rsi_45_65:5;A_bb_squeeze:4;A_obv_up:3;A_cci_above0:2;A_macd_bull:5;A_ema_aligned:5;A_supertrend_green:3;A_atr_expanding:3;B_bull_bos:5;B_discount_or_demand:5;B_ob_support:5;B_fvg:4;B_liq_swept:3;B_supply_cleared:3;C_3rd_leg:7;D_above_1x1:5;D_time_cycle:4
7,KINGFA,Kingfa Science & Technology (India) Limited,NSE,Basic Materials,Mid,35.97,5340.0,BULLISH,Moderate VCP,forming / still basing,Premium,ranging,7/8 (exhaustion),28,22,11,9,70,TIER 2,A_rsi_45_65:5;A_bb_squeeze:4;A_obv_up:3;A_mfi_rising_low:3;A_cci_above0:2;A_ema_aligned:5;A_supertrend_green:3;A_atr_expanding:3;B_bull_bos:5;B_discount_or_demand:5;B_ob_support:5;B_fvg:4;B_supply_cleared:3;C_valid_vcp:8;C_chart_pattern:3;D_above_1x1:5;D_time_cycle:4
8,CONFIPET,Confidence Petroleum India Limited,NSE,Energy,Small,93.76,69.81,BULLISH,Moderate VCP,BROKEN OUT (fresh),Premium,bullish (HH/HL),8/8 (52w high),28,12,20,9,69,TIER 2,A_stoch_cross_oversold:3;A_bb_squeeze:4;A_obv_up:3;A_cci_above0:2;A_macd_bull:5;A_ema_aligned:5;A_supertrend_green:3;A_atr_expanding:3;B_bull_bos:5;B_fvg:4;B_supply_cleared:3;C_valid_vcp:8;C_3rd_leg:7;C_vdu:5;D_above_1x1:5;D_time_cycle:4
9,CRAFTSMAN,Craftsman Automation Limited,NSE,Consumer Cyclical,Large,27.3,8979.0,BULLISH,Moderate VCP,BROKEN OUT (fresh),Premium,bullish (HH/HL),7/8 (exhaustion),23,17,20,9,69,TIER 2,A_stoch_cross_oversold:3;A_bb_squeeze:4;A_mfi_rising_low:3;A_cci_above0:2;A_ema_aligned:5;A_supertrend_green:3;A_atr_expanding:3;B_bull_bos:5;B_ob_support:5;B_fvg:4;B_supply_cleared:3;C_valid_vcp:8;C_3rd_leg:7;C_vdu:5;D_above_1x1:5;D_time_cycle:4
10,STLNETWORK,STL Networks Limited,NSE,Communication Services,Small,29.56,28.58,BULLISH,No VCP,AT PIVOT (actionable),Premium,bearish (LH/LL),6/8 (75%),26,12,15,15,68,TIER 2,A_rsi_45_65:5;A_bb_squeeze:4;A_obv_up:3;A_cci_above0:2;A_macd_bull:5;A_adx_20_28:4;A_supertrend_green:3;B_bull_bos:5;B_fvg:4;B_supply_cleared:3;C_3rd_leg:7;C_vdu:5;C_chart_pattern:3;D_above_1x1:5;D_time_cycle:4;D_octave_key:3;D_room_to_run:3
11,AEROFLEX,Aeroflex Industries Limited,NSE,Industrials,Mid,137.31,419.45,BULLISH,No VCP,BROKEN OUT (fresh),Premium,bullish (HH/HL),7/8 (exhaustion),22,22,15,9,68,TIER 2,A_rsi_45_65:5;A_bb_squeeze:4;A_cci_above0:2;A_ema_aligned:5;A_supertrend_green:3;A_atr_expanding:3;B_bull_bos:5;B_discount_or_demand:5;B_ob_support:5;B_fvg:4;B_supply_cleared:3;C_3rd_leg:7;C_vdu:5;C_chart_pattern:3;D_above_1x1:5;D_time_cycle:4
12,AZAD,Azad Engineering Limited,NSE,Industrials,Mid,26.37,2066.1,NEUTRAL,No VCP,AT PIVOT (actionable),Premium,ranging,6/8 (75%),27,14,12,15,68,TIER 2,A_rsi_45_65:5;A_stoch_cross_oversold:3;A_bb_squeeze:4;A_obv_up:3;A_mfi_rising_low:3;A_ema_aligned:5;A_adx_20_28:4;B_bull_bos:5;B_discount_or_demand:5;B_fvg:4;C_3rd_leg:7;C_vdu:5;D_above_1x1:5;D_time_cycle:4;D_octave_key:3;D_room_to_run:3
13,KIRLOSENG,Kirloskar Oil Engines Limited,NSE,Industrials,Large,65.29,1856.9,BULLISH,No VCP,BROKEN OUT (fresh),Premium,ranging,8/8 (52w high),30,22,7,9,68,TIER 2,A_rsi_45_65:5;A_obv_up:3;A_cci_above0:2;A_macd_bull:5;A_ema_aligned:5;A_adx_20_28:4;A_supertrend_green:3;A_atr_expanding:3;B_bull_bos:5;B_discount_or_demand:5;B_ob_support:5;B_fvg:4;B_supply_cleared:3;C_3rd_leg:7;D_above_1x1:5;D_time_cycle:4
14,WSTCSTPAPR,West Coast Paper Mills Limited,NSE,Basic Materials,Small,26.56,520.75,BULLISH,No VCP,AT PIVOT (actionable),Premium,ranging,6/8 (75%),34,12,7,15,68,TIER 2,A_rsi_45_65:5;A_bb_squeeze:4;A_obv_up:3;A_cci_above0:2;A_macd_bull:5;A_ema_aligned:5;A_adx_20_28:4;A_supertrend_green:3;A_atr_expanding:3;B_discount_or_demand:5;B_fvg:4;B_supply_cleared:3;C_3rd_leg:7;D_above_1x1:5;D_time_cycle:4;D_octave_key:3;D_room_to_run:3
15,GHCLTEXTIL,GHCL Textiles Limited,NSE,Consumer Cyclical,Small,33.13,97.17,BULLISH,No VCP,forming / still basing,Premium,ranging,7/8 (exhaustion),34,22,3,9,68,TIER 2,A_rsi_45_65:5;A_bb_squeeze:4;A_obv_up:3;A_cci_above0:2;A_macd_bull:5;A_ema_aligned:5;A_adx_20_28:4;A_supertrend_green:3;A_atr_expanding:3;B_bull_bos:5;B_discount_or_demand:5;B_ob_support:5;B_fvg:4;B_supply_cleared:3;C_chart_pattern:3;D_above_1x1:5;D_time_cycle:4
16,CEMPRO,Cemindia Projects Limited,NSE,Industrials,Mid,26.91,1041.7,BULLISH,Moderate VCP,extended past pivot,Premium,bullish (HH/HL),8/8 (52w high),25,17,16,9,67,TIER 2,A_bb_squeeze:4;A_obv_up:3;A_cci_above0:2;A_macd_bull:5;A_ema_aligned:5;A_supertrend_green:3;A_atr_expanding:3;B_bull_bos:5;B_ob_support:5;B_fvg:4;B_supply_cleared:3;C_valid_vcp:8;C_vdu:5;C_chart_pattern:3;D_above_1x1:5;D_time_cycle:4
17,NDLVENTURE,NDL Ventures Limited,NSE,Communication Services,Micro,40.73,133.54,BULLISH,Moderate VCP,AT PIVOT (actionable),Premium,ranging,8/8 (52w high),30,12,20,5,67,TIER 2,A_rsi_45_65:5;A_obv_up:3;A_cci_above0:2;A_macd_bull:5;A_ema_aligned:5;A_adx_20_28:4;A_supertrend_green:3;A_atr_expanding:3;B_bull_bos:5;B_fvg:4;B_supply_cleared:3;C_valid_vcp:8;C_3rd_leg:7;C_vdu:5;C_chart_pattern:3;D_above_1x1:5
18,539519,Sattva Sukun Lifecare Ltd,BSE,,Micro,43.4,0.76,BULLISH,No VCP,AT PIVOT (actionable),Premium,ranging,3/8,22,22,15,7,66,TIER 2,A_rsi_45_65:5;A_obv_up:3;A_cci_above0:2;A_macd_bull:5;A_adx_20_28:4;A_supertrend_green:3;B_bull_bos:5;B_discount_or_demand:5;B_ob_support:5;B_fvg:4;B_liq_swept:3;C_3rd_leg:7;C_vdu:5;C_chart_pattern:3;D_time_cycle:4;D_room_to_run:3
19,DHANBANK,Dhanlaxmi Bank Limited,NSE,Financial Services,Small,32.13,33.72,BULLISH,Moderate VCP,AT PIVOT (actionable),Premium,bullish (HH/HL),8/8 (52w high),19,17,20,9,65,TIER 2,A_rsi_45_65:5;A_bb_squeeze:4;A_cci_above0:2;A_ema_aligned:5;A_supertrend_green:3;B_bull_bos:5;B_discount_or_demand:5;B_fvg:4;B_supply_cleared:3;C_valid_vcp:8;C_3rd_leg:7;C_vdu:5;D_above_1x1:5;D_time_cycle:4
20,KEI,KEI Industries Limited,NSE,Industrials,Large,26.43,5261.5,BULLISH,Moderate VCP,AT PIVOT (actionable),Premium,ranging,8/8 (52w high),22,14,20,9,65,TIER 2,A_rsi_45_65:5;A_bb_squeeze:4;A_obv_up:3;A_cci_above0:2;A_ema_aligned:5;A_supertrend_green:3;B_bull_bos:5;B_discount_or_demand:5;B_fvg:4;C_valid_vcp:8;C_3rd_leg:7;C_vdu:5;C_chart_pattern:3;D_above_1x1:5;D_time_cycle:4
21,POWERINDIA,Hitachi Energy India Limited,NSE,Industrials,Large,80.03,35105.0,BULLISH,No VCP,AT PIVOT (actionable),Premium,bullish (HH/HL),7/8 (exhaustion),24,22,10,9,65,TIER 2,A_rsi_45_65:5;A_obv_up:3;A_mfi_rising_low:3;A_cci_above0:2;A_ema_aligned:5;A_supertrend_green:3;A_atr_expanding:3;B_bull_bos:5;B_discount_or_demand:5;B_ob_support:5;B_fvg:4;B_supply_cleared:3;C_3rd_leg:7;C_chart_pattern:3;D_above_1x1:5;D_time_cycle:4
22,CGPOWER,CG Power and Industrial Solutions Limited,NSE,Industrials,Large,37.04,907.7,BULLISH,No VCP,AT PIVOT (actionable),Premium,bullish (HH/HL),8/8 (52w high),29,17,10,9,65,TIER 2,A_rsi_45_65:5;A_obv_up:3;A_mfi_rising_low:3;A_cci_above0:2;A_macd_bull:5;A_ema_aligned:5;A_supertrend_green:3;A_atr_expanding:3;B_bull_bos:5;B_discount_or_demand:5;B_fvg:4;B_supply_cleared:3;C_3rd_leg:7;C_chart_pattern:3;D_above_1x1:5;D_time_cycle:4
23,PAISALO,Paisalo Digital Limited,NSE,Financial Services,Small,42.1,52.69,BULLISH,Moderate VCP,BROKEN OUT (fresh),Premium,ranging,8/8 (52w high),28,17,15,5,65,TIER 2,A_stoch_cross_oversold:3;A_bb_squeeze:4;A_obv_up:3;A_cci_above0:2;A_macd_bull:5;A_ema_aligned:5;A_supertrend_green:3;A_atr_expanding:3;B_bull_bos:5;B_ob_support:5;B_fvg:4;B_supply_cleared:3;C_valid_vcp:8;C_3rd_leg:7;D_above_1x1:5
24,SCPL,Sheetal Cool Products Limited,NSE,Consumer Defensive,Micro,128.49,456.2,BULLISH,No VCP,AT PIVOT (actionable),Premium,ranging,8/8 (52w high),32,17,7,9,65,TIER 2,A_rsi_45_65:5;A_stoch_cross_oversold:3;A_bb_squeeze:4;A_mfi_rising_low:3;A_cci_above0:2;A_ema_aligned:5;A_adx_20_28:4;A_supertrend_green:3;A_atr_expanding:3;B_bull_bos:5;B_ob_support:5;B_fvg:4;B_supply_cleared:3;C_3rd_leg:7;D_above_1x1:5;D_time_cycle:4
25,LLOYDSENGG,LLOYDS ENGINEERING WORKS LIMITED,NSE,Industrials,Mid,41.13,72.13,BULLISH,No VCP,forming / still basing,Premium,ranging,6/8 (75%),25,17,8,15,65,TIER 2,A_rsi_45_65:5;A_bb_squeeze:4;A_obv_up:3;A_cci_above0:2;A_ema_aligned:5;A_supertrend_green:3;A_atr_expanding:3;B_bull_bos:5;B_ob_support:5;B_fvg:4;B_supply_cleared:3;C_vdu:5;C_chart_pattern:3;D_above_1x1:5;D_time_cycle:4;D_octave_key:3;D_room_to_run:3
26,AKUMS,Akums Drugs and Pharmaceuticals Limited,NSE,Healthcare,Mid,26.4,531.25,BULLISH,No VCP,AT PIVOT (actionable),Premium,bearish (LH/LL),5/8,23,17,12,12,64,TIER 3,A_rsi_45_65:5;A_bb_squeeze:4;A_obv_up:3;A_mfi_rising_low:3;A_ema_aligned:5;A_supertrend_green:3;B_bull_bos:5;B_ob_support:5;B_fvg:4;B_supply_cleared:3;C_3rd_leg:7;C_vdu:5;D_above_1x1:5;D_time_cycle:4;D_room_to_run:3
27,ADVENZYMES,Advanced Enzyme Technologies Limited,NSE,Basic Materials,Small,27.39,392.1,BULLISH,Moderate VCP,AT PIVOT (actionable),Premium,ranging,7/8 (exhaustion),23,12,20,9,64,TIER 3,A_stoch_cross_oversold:3;A_bb_squeeze:4;A_mfi_rising_low:3;A_cci_above0:2;A_ema_aligned:5;A_supertrend_green:3;A_atr_expanding:3;B_bull_bos:5;B_fvg:4;B_supply_cleared:3;C_valid_vcp:8;C_3rd_leg:7;C_vdu:5;D_above_1x1:5;D_time_cycle:4
28,SATIN,Satin Creditcare Network Limited,NSE,Financial Services,Small,60.27,231.12,BULLISH,Moderate VCP,BROKEN OUT (fresh),Premium,bullish (HH/HL),7/8 (exhaustion),23,12,20,9,64,TIER 3,A_stoch_cross_oversold:3;A_bb_squeeze:4;A_obv_up:3;A_cci_above0:2;A_ema_aligned:5;A_supertrend_green:3;A_atr_expanding:3;B_ob_support:5;B_fvg:4;B_supply_cleared:3;C_valid_vcp:8;C_3rd_leg:7;C_vdu:5;D_above_1x1:5;D_time_cycle:4
29,ANGELONE,Angel One Limited,NSE,Financial Services,Large,30.53,342.65,BULLISH,Moderate VCP,AT PIVOT (actionable),Premium,ranging,8/8 (52w high),22,17,20,5,64,TIER 3,A_rsi_45_65:5;A_stoch_cross_oversold:3;A_bb_squeeze:4;A_cci_above0:2;A_ema_aligned:5;A_supertrend_green:3;B_bull_bos:5;B_ob_support:5;B_fvg:4;B_supply_cleared:3;C_valid_vcp:8;C_3rd_leg:7;C_vdu:5;C_chart_pattern:3;D_above_1x1:5
30,ZIMLAB,Zim Laboratories Limited,NSE,Healthcare,Small,46.35,103.91,BULLISH,No VCP,AT PIVOT (actionable),Premium,bullish (HH/HL),6/8 (75%),20,17,12,15,64,TIER 3,A_stoch_cross_oversold:3;A_bb_squeeze:4;A_obv_up:3;A_cci_above0:2;A_ema_aligned:5;A_supertrend_green:3;B_bull_bos:5;B_ob_support:5;B_fvg:4;B_supply_cleared:3;C_3rd_leg:7;C_vdu:5;D_above_1x1:5;D_time_cycle:4;D_octave_key:3;D_room_to_run:3
31,GOCLCORP,GOCL Corporation Limited,NSE,Basic Materials,Small,36.58,400.8,BULLISH,Moderate VCP,extended past pivot,Premium,bearish (LH/LL),8/8 (52w high),25,17,13,9,64,TIER 3,A_obv_up:3;A_cci_above0:2;A_macd_bull:5;A_ema_aligned:5;A_adx_20_28:4;A_supertrend_green:3;A_atr_expanding:3;B_bull_bos:5;B_ob_support:5;B_fvg:4;B_supply_cleared:3;C_valid_vcp:8;C_vdu:5;D_above_1x1:5;D_time_cycle:4
32,HSCL,Himadri Speciality Chemical Limited,NSE,Basic Materials,Large,31.34,607.1,BULLISH,Moderate VCP,AT PIVOT (actionable),Premium,ranging,7/8 (exhaustion),26,12,20,5,63,TIER 3,A_rsi_45_65:5;A_bb_squeeze:4;A_obv_up:3;A_cci_above0:2;A_ema_aligned:5;A_adx_20_28:4;A_supertrend_green:3;B_bull_bos:5;B_fvg:4;B_supply_cleared:3;C_valid_vcp:8;C_3rd_leg:7;C_vdu:5;C_chart_pattern:3;D_above_1x1:5
33,BAJAJCON,Bajaj Consumer Care Limited,NSE,Consumer Defensive,Mid,112.55,571.65,BULLISH,Moderate VCP,AT PIVOT (actionable),Premium,bullish (HH/HL),8/8 (52w high),17,17,20,9,63,TIER 3,A_stoch_cross_oversold:3;A_bb_squeeze:4;A_cci_above0:2;A_ema_aligned:5;A_supertrend_green:3;B_bull_bos:5;B_ob_support:5;B_fvg:4;B_supply_cleared:3;C_valid_vcp:8;C_3rd_leg:7;C_vdu:5;C_chart_pattern:3;D_above_1x1:5;D_time_cycle:4
34,IDEAFORGE,Ideaforge Technology Limited,NSE,Technology,Small,86.12,828.9,MILD BULLISH,Moderate VCP,AT PIVOT (actionable),Premium,ranging,8/8 (52w high),22,12,20,9,63,TIER 3,A_rsi_45_65:5;A_bb_squeeze:4;A_cci_above0:2;A_ema_aligned:5;A_supertrend_green:3;A_atr_expanding:3;B_bull_bos:5;B_fvg:4;B_supply_cleared:3;C_valid_vcp:8;C_3rd_leg:7;C_vdu:5;D_above_1x1:5;D_time_cycle:4
35,ADANIGREEN,Adani Green Energy Limited,NSE,Utilities,Large,43.14,1449.4,BULLISH,Moderate VCP,AT PIVOT (actionable),Premium,bullish (HH/HL),8/8 (52w high),17,17,20,9,63,TIER 3,A_bb_squeeze:4;A_obv_up:3;A_cci_above0:2;A_ema_aligned:5;A_supertrend_green:3;B_bull_bos:5;B_ob_support:5;B_fvg:4;B_supply_cleared:3;C_valid_vcp:8;C_3rd_leg:7;C_vdu:5;C_chart_pattern:3;D_above_1x1:5;D_time_cycle:4
36,AYMSYNTEX,AYM Syntex Limited,NSE,Consumer Cyclical,Small,43.62,223.99,MILD BULLISH,No VCP,AT PIVOT (actionable),Premium,bearish (LH/LL),5/8,27,12,12,12,63,TIER 3,A_rsi_45_65:5;A_bb_squeeze:4;A_mfi_rising_low:3;A_ema_aligned:5;A_adx_20_28:4;A_supertrend_green:3;A_atr_expanding:3;B_ob_support:5;B_fvg:4;B_supply_cleared:3;C_3rd_leg:7;C_vdu:5;D_above_1x1:5;D_time_cycle:4;D_room_to_run:3
37,TIPSMUSIC,Tips Music Limited,NSE,Communication Services,Mid,25.88,672.3,BULLISH,Moderate VCP,AT PIVOT (actionable),Premium,ranging,7/8 (exhaustion),19,14,20,9,62,TIER 3,A_rsi_45_65:5;A_bb_squeeze:4;A_cci_above0:2;A_ema_aligned:5;A_supertrend_green:3;B_bull_bos:5;B_ob_support:5;B_fvg:4;C_valid_vcp:8;C_3rd_leg:7;C_vdu:5;D_above_1x1:5;D_time_cycle:4
38,GALAPREC,Gala Precision Engineering Limited,NSE,Industrials,Small,25.51,904.9,BULLISH,Moderate VCP,AT PIVOT (actionable),Premium,bullish (HH/HL),7/8 (exhaustion),18,17,18,9,62,TIER 3,A_rsi_45_65:5;A_obv_up:3;A_cci_above0:2;A_ema_aligned:5;A_supertrend_green:3;B_bull_bos:5;B_ob_support:5;B_fvg:4;B_supply_cleared:3;C_valid_vcp:8;C_3rd_leg:7;C_chart_pattern:3;D_above_1x1:5;D_time_cycle:4
39,HONASA,Honasa Consumer Limited,NSE,Consumer Defensive,Mid,48.05,407.05,BULLISH,Moderate VCP,AT PIVOT (actionable),Premium,bullish (HH/HL),8/8 (52w high),16,17,20,9,62,TIER 3,A_obv_up:3;A_cci_above0:2;A_ema_aligned:5;A_supertrend_green:3;A_atr_expanding:3;B_bull_bos:5;B_discount_or_demand:5;B_fvg:4;B_supply_cleared:3;C_valid_vcp:8;C_3rd_leg:7;C_vdu:5;C_chart_pattern:3;D_above_1x1:5;D_time_cycle:4
40,POLYCAB,Polycab India Limited,NSE,Industrials,Large,31.89,9531.5,BULLISH,Strong VCP,AT PIVOT (actionable),Premium,bearish (LH/LL),8/8 (52w high),20,17,20,5,62,TIER 3,A_bb_squeeze:4;A_obv_up:3;A_mfi_rising_low:3;A_cci_above0:2;A_ema_aligned:5;A_supertrend_green:3;B_bull_bos:5;B_ob_support:5;B_fvg:4;B_supply_cleared:3;C_valid_vcp:8;C_3rd_leg:7;C_vdu:5;D_above_1x1:5
41,GRWRHITECH,Garware Hi-Tech Films Limited,NSE,Basic Materials,Mid,59.73,5894.5,BULLISH,Moderate VCP,BROKEN OUT (fresh),Premium,bullish (HH/HL),8/8 (52w high),20,12,20,9,61,TIER 3,A_bb_squeeze:4;A_obv_up:3;A_cci_above0:2;A_ema_aligned:5;A_supertrend_green:3;A_atr_expanding:3;B_bull_bos:5;B_fvg:4;B_supply_cleared:3;C_valid_vcp:8;C_3rd_leg:7;C_vdu:5;D_above_1x1:5;D_time_cycle:4
42,NAHARSPING,Nahar Spinning Mills Limited,NSE,Consumer Cyclical,Small,38.13,275.0,BULLISH,No VCP,BROKEN OUT (fresh),Premium,bullish (HH/HL),7/8 (exhaustion),24,17,15,5,61,TIER 3,A_bb_squeeze:4;A_obv_up:3;A_mfi_rising_low:3;A_cci_above0:2;A_ema_aligned:5;A_adx_20_28:4;A_supertrend_green:3;B_bull_bos:5;B_ob_support:5;B_fvg:4;B_supply_cleared:3;C_3rd_leg:7;C_vdu:5;C_chart_pattern:3;D_above_1x1:5
43,SPARC,Sun Pharma Advanced Research Company Limited,NSE,Healthcare,Mid,34.77,204.24,BULLISH,No VCP,forming / still basing,Premium,bullish (HH/HL),6/8 (75%),21,22,3,15,61,TIER 3,A_rsi_45_65:5;A_obv_up:3;A_cci_above0:2;A_ema_aligned:5;A_supertrend_green:3;A_atr_expanding:3;B_bull_bos:5;B_discount_or_demand:5;B_ob_support:5;B_fvg:4;B_supply_cleared:3;C_chart_pattern:3;D_above_1x1:5;D_time_cycle:4;D_octave_key:3;D_room_to_run:3
44,APARINDS,Apar Industries Limited,NSE,Industrials,Large,51.08,13270.0,BULLISH,No VCP,AT PIVOT (actionable),Premium,bullish (HH/HL),8/8 (52w high),25,17,10,9,61,TIER 3,A_rsi_45_65:5;A_bb_squeeze:4;A_mfi_rising_low:3;A_cci_above0:2;A_ema_aligned:5;A_supertrend_green:3;A_atr_expanding:3;B_bull_bos:5;B_discount_or_demand:5;B_fvg:4;B_supply_cleared:3;C_3rd_leg:7;C_chart_pattern:3;D_above_1x1:5;D_time_cycle:4
45,542669,BMW Industries Ltd,BSE,,Small,44.68,54.63,BULLISH,No VCP,AT PIVOT (actionable),Premium,ranging,8/8 (52w high),28,17,7,9,61,TIER 3,A_rsi_45_65:5;A_stoch_cross_oversold:3;A_bb_squeeze:4;A_obv_up:3;A_mfi_rising_low:3;A_cci_above0:2;A_ema_aligned:5;A_supertrend_green:3;B_bull_bos:5;B_ob_support:5;B_fvg:4;B_supply_cleared:3;C_3rd_leg:7;D_above_1x1:5;D_time_cycle:4
46,543828,Sudarshan Pharma Industries Ltd,BSE,,Small,30.36,34.35,BULLISH,Moderate VCP,BROKEN OUT (fresh),Premium,bearish (LH/LL),7/8 (exhaustion),24,12,20,5,61,TIER 3,A_rsi_45_65:5;A_obv_up:3;A_mfi_rising_low:3;A_cci_above0:2;A_ema_aligned:5;A_supertrend_green:3;A_atr_expanding:3;B_bull_bos:5;B_fvg:4;B_supply_cleared:3;C_valid_vcp:8;C_3rd_leg:7;C_vdu:5;D_above_1x1:5
47,VISHNU,Vishnu Chemicals Limited,NSE,Basic Materials,Small,26.1,626.7,BULLISH,No VCP,BROKEN OUT (fresh),Premium,ranging,8/8 (52w high),37,12,7,5,61,TIER 3,A_rsi_45_65:5;A_stoch_cross_oversold:3;A_bb_squeeze:4;A_obv_up:3;A_cci_above0:2;A_macd_bull:5;A_ema_aligned:5;A_adx_20_28:4;A_supertrend_green:3;A_atr_expanding:3;B_bull_bos:5;B_fvg:4;B_supply_cleared:3;C_3rd_leg:7;D_above_1x1:5
48,RPTECH,Rashi Peripherals Limited,NSE,Technology,Small,69.43,554.2,BULLISH,Moderate VCP,AT PIVOT (actionable),Premium,bullish (HH/HL),8/8 (52w high),20,17,15,9,61,TIER 3,A_stoch_cross_oversold:3;A_bb_squeeze:4;A_obv_up:3;A_cci_above0:2;A_ema_aligned:5;A_supertrend_green:3;B_bull_bos:5;B_ob_support:5;B_fvg:4;B_supply_cleared:3;C_valid_vcp:8;C_3rd_leg:7;D_above_1x1:5;D_time_cycle:4
49,BHEL,Bharat Heavy Electricals Limited,NSE,Industrials,Large,48.29,410.75,MILD BULLISH,Moderate VCP,AT PIVOT (actionable),Premium,bullish (HH/HL),8/8 (52w high),19,12,20,9,60,TIER 3,A_rsi_45_65:5;A_bb_squeeze:4;A_cci_above0:2;A_ema_aligned:5;A_supertrend_green:3;B_bull_bos:5;B_fvg:4;B_supply_cleared:3;C_valid_vcp:8;C_3rd_leg:7;C_vdu:5;D_above_1x1:5;D_time_cycle:4
50,SYRMA,Syrma SGS Technology Limited,NSE,Technology,Large,54.07,1166.8,BULLISH,Moderate VCP,BROKEN OUT (fresh),Premium,bullish (HH/HL),8/8 (52w high),22,9,20,9,60,TIER 3,A_bb_squeeze:4;A_obv_up:3;A_cci_above0:2;A_macd_bull:5;A_ema_aligned:5;A_supertrend_green:3;B_bull_bos:5;B_fvg:4;C_valid_vcp:8;C_3rd_leg:7;C_vdu:5;C_chart_pattern:3;D_above_1x1:5;D_time_cycle:4
51,TIRUPATIFL,Tirupati Forge Limited,NSE,Industrials,,37.06,45.05,BULLISH,No VCP,AT PIVOT (actionable),Premium,ranging,6/8 (75%),22,17,10,11,60,TIER 3,A_rsi_45_65:5;A_bb_squeeze:4;A_obv_up:3;A_cci_above0:2;A_ema_aligned:5;A_supertrend_green:3;B_bull_bos:5;B_discount_or_demand:5;B_fvg:4;B_supply_cleared:3;C_3rd_leg:7;C_chart_pattern:3;D_above_1x1:5;D_octave_key:3;D_room_to_run:3
52,NITINSPIN,Nitin Spinners Limited,NSE,Consumer Cyclical,Small,58.56,507.3,BULLISH,No VCP,AT PIVOT (actionable),Premium,ranging,7/8 (exhaustion),22,22,7,9,60,TIER 3,A_rsi_45_65:5;A_stoch_cross_oversold:3;A_bb_squeeze:4;A_cci_above0:2;A_ema_aligned:5;A_supertrend_green:3;B_bull_bos:5;B_discount_or_demand:5;B_ob_support:5;B_fvg:4;B_supply_cleared:3;C_3rd_leg:7;D_above_1x1:5;D_time_cycle:4
53,VTL,Vardhman Textiles Limited,NSE,Consumer Cyclical,Mid,42.06,613.85,BULLISH,Moderate VCP,AT PIVOT (actionable),Premium,ranging,7/8 (exhaustion),28,7,20,5,60,TIER 3,A_rsi_45_65:5;A_stoch_cross_oversold:3;A_bb_squeeze:4;A_obv_up:3;A_cci_above0:2;A_ema_aligned:5;A_supertrend_green:3;A_atr_expanding:3;B_fvg:4;B_supply_cleared:3;C_valid_vcp:8;C_3rd_leg:7;C_vdu:5;D_above_1x1:5
54,RUBYMILLS,The Ruby Mills Limited,NSE,Consumer Cyclical,Small,30.16,279.05,BULLISH,No VCP,BROKEN OUT (fresh),Premium,ranging,8/8 (52w high),24,17,10,9,60,TIER 3,A_stoch_cross_oversold:3;A_obv_up:3;A_cci_above0:2;A_macd_bull:5;A_ema_aligned:5;A_supertrend_green:3;A_atr_expanding:3;B_bull_bos:5;B_ob_support:5;B_fvg:4;B_supply_cleared:3;C_3rd_leg:7;C_chart_pattern:3;D_above_1x1:5;D_time_cycle:4
55,BUILDPRO,Shankara Buildpro Limited,NSE,Consumer Cyclical,Small,48.49,1146.3,BULLISH,No VCP,AT PIVOT (actionable),Premium,ranging,7/8 (exhaustion),25,17,12,5,59,TIER 3,A_rsi_45_65:5;A_bb_squeeze:4;A_obv_up:3;A_mfi_rising_low:3;A_cci_above0:2;A_macd_bull:5;A_supertrend_green:3;B_bull_bos:5;B_ob_support:5;B_fvg:4;B_supply_cleared:3;C_3rd_leg:7;C_vdu:5;D_above_1x1:5
56,KIRLPNU,Kirloskar Pneumatic Company Limited,NSE,Industrials,Mid,50.65,1578.5,MILD BULLISH,Moderate VCP,forming / still basing,Premium,bullish (HH/HL),7/8 (exhaustion),20,17,13,9,59,TIER 3,A_rsi_45_65:5;A_bb_squeeze:4;A_ema_aligned:5;A_supertrend_green:3;A_atr_expanding:3;B_bull_bos:5;B_ob_support:5;B_fvg:4;B_supply_cleared:3;C_valid_vcp:8;C_vdu:5;D_above_1x1:5;D_time_cycle:4
57,BODALCHEM,Bodal Chemicals Limited,NSE,Basic Materials,Small,39.12,72.37,BULLISH,No VCP,forming / still basing,Premium,bullish (HH/HL),7/8 (exhaustion),25,17,8,9,59,TIER 3,A_rsi_45_65:5;A_bb_squeeze:4;A_obv_up:3;A_cci_above0:2;A_ema_aligned:5;A_supertrend_green:3;A_atr_expanding:3;B_bull_bos:5;B_discount_or_demand:5;B_fvg:4;B_supply_cleared:3;C_vdu:5;C_chart_pattern:3;D_above_1x1:5;D_time_cycle:4
58,TMB,Tamilnad Mercantile Bank Limited,NSE,Financial Services,Mid,38.47,739.75,BULLISH,No VCP,BROKEN OUT (fresh),Premium,ranging,8/8 (52w high),30,14,10,5,59,TIER 3,A_rsi_45_65:5;A_bb_squeeze:4;A_obv_up:3;A_cci_above0:2;A_macd_bull:5;A_ema_aligned:5;A_supertrend_green:3;A_atr_expanding:3;B_bull_bos:5;B_ob_support:5;B_fvg:4;C_3rd_leg:7;C_chart_pattern:3;D_above_1x1:5
59,J&KBANK,The Jammu & Kashmir Bank Limited,NSE,Financial Services,Mid,37.59,141.92,BULLISH,Moderate VCP,AT PIVOT (actionable),Premium,bullish (HH/HL),8/8 (52w high),22,12,20,5,59,TIER 3,A_rsi_45_65:5;A_bb_squeeze:4;A_obv_up:3;A_cci_above0:2;A_ema_aligned:5;A_supertrend_green:3;B_bull_bos:5;B_fvg:4;B_supply_cleared:3;C_valid_vcp:8;C_3rd_leg:7;C_vdu:5;D_above_1x1:5
60,MIDHANI,Mishra Dhatu Nigam Limited,NSE,Basic Materials,Mid,31.67,410.75,BULLISH,No VCP,AT PIVOT (actionable),Premium,ranging,6/8 (75%),25,12,7,15,59,TIER 3,A_rsi_45_65:5;A_bb_squeeze:4;A_obv_up:3;A_cci_above0:2;A_ema_aligned:5;A_supertrend_green:3;A_atr_expanding:3;B_bull_bos:5;B_fvg:4;B_supply_cleared:3;C_3rd_leg:7;D_above_1x1:5;D_time_cycle:4;D_octave_key:3;D_room_to_run:3
61,BHARATWIRE,Bharat Wire Ropes Limited,NSE,Basic Materials,Small,26.46,217.23,MILD BULLISH,No VCP,forming / still basing,Premium,bearish (LH/LL),5/8,27,12,8,12,59,TIER 3,A_rsi_45_65:5;A_bb_squeeze:4;A_obv_up:3;A_mfi_rising_low:3;A_ema_aligned:5;A_adx_20_28:4;A_supertrend_green:3;B_bull_bos:5;B_fvg:4;B_supply_cleared:3;C_vdu:5;C_chart_pattern:3;D_above_1x1:5;D_time_cycle:4;D_room_to_run:3
62,SUNFLAG,Sunflag Iron And Steel Company Limited,NSE,Basic Materials,Mid,48.79,375.85,BULLISH,No VCP,forming / still basing,Premium,ranging,7/8 (exhaustion),20,22,8,9,59,TIER 3,A_rsi_45_65:5;A_bb_squeeze:4;A_obv_up:3;A_ema_aligned:5;A_supertrend_green:3;B_bull_bos:5;B_discount_or_demand:5;B_ob_support:5;B_fvg:4;B_supply_cleared:3;C_vdu:5;C_chart_pattern:3;D_above_1x1:5;D_time_cycle:4
63,THERMAX,Thermax Limited,NSE,Industrials,Large,74.64,4969.7,BULLISH,No VCP,BROKEN OUT (fresh),Premium,bullish (HH/HL),8/8 (52w high),21,22,7,9,59,TIER 3,A_obv_up:3;A_cci_above0:2;A_macd_bull:5;A_ema_aligned:5;A_supertrend_green:3;A_atr_expanding:3;B_bull_bos:5;B_discount_or_demand:5;B_ob_support:5;B_fvg:4;B_supply_cleared:3;C_3rd_leg:7;D_above_1x1:5;D_time_cycle:4
64,ADANIENT,Adani Enterprises Limited,NSE,Energy,Large,33.82,2968.1,BULLISH,Moderate VCP,AT PIVOT (actionable),Premium,bullish (HH/HL),8/8 (52w high),13,17,20,9,59,TIER 3,A_obv_up:3;A_cci_above0:2;A_ema_aligned:5;A_supertrend_green:3;B_bull_bos:5;B_ob_support:5;B_fvg:4;B_supply_cleared:3;C_valid_vcp:8;C_3rd_leg:7;C_vdu:5;C_chart_pattern:3;D_above_1x1:5;D_time_cycle:4
65,SAILIFE,Sai Life Sciences Limited,NSE,Healthcare,Large,29.4,1128.3,BULLISH,Strong VCP,AT PIVOT (actionable),Premium,bullish (HH/HL),8/8 (52w high),22,12,20,5,59,TIER 3,A_rsi_45_65:5;A_bb_squeeze:4;A_mfi_rising_low:3;A_cci_above0:2;A_ema_aligned:5;A_supertrend_green:3;B_bull_bos:5;B_fvg:4;B_supply_cleared:3;C_valid_vcp:8;C_3rd_leg:7;C_vdu:5;C_chart_pattern:3;D_above_1x1:5
66,SEAMECLTD,Seamec Limited,NSE,Industrials,Small,65.46,1643.3,BULLISH,Moderate VCP,BROKEN OUT (fresh),Premium,ranging,8/8 (52w high),30,3,20,5,58,TIER 3,A_rsi_45_65:5;A_stoch_cross_oversold:3;A_obv_up:3;A_cci_above0:2;A_macd_bull:5;A_ema_aligned:5;A_adx_20_28:4;A_supertrend_green:3;B_supply_cleared:3;C_valid_vcp:8;C_3rd_leg:7;C_vdu:5;D_above_1x1:5
67,BBOX,Black Box Limited,NSE,Technology,Mid,95.23,1031.8,BULLISH,Strong VCP,extended past pivot,Premium,ranging,8/8 (52w high),16,17,16,9,58,TIER 3,A_obv_up:3;A_cci_above0:2;A_ema_aligned:5;A_supertrend_green:3;A_atr_expanding:3;B_bull_bos:5;B_ob_support:5;B_fvg:4;B_supply_cleared:3;C_valid_vcp:8;C_vdu:5;C_chart_pattern:3;D_above_1x1:5;D_time_cycle:4
68,ATHERENERG,Ather Energy Limited,NSE,Consumer Cyclical,Large,42.27,960.6,BULLISH,Moderate VCP,AT PIVOT (actionable),Premium,ranging,8/8 (52w high),22,12,20,4,58,TIER 3,A_rsi_45_65:5;A_bb_squeeze:4;A_obv_up:3;A_cci_above0:2;A_ema_aligned:5;A_supertrend_green:3;B_bull_bos:5;B_fvg:4;B_supply_cleared:3;C_valid_vcp:8;C_3rd_leg:7;C_vdu:5;D_time_cycle:4
69,VIJIFIN,Viji Finance Limited,NSE,Financial Services,Micro,53.82,3.83,BULLISH,No VCP,AT PIVOT (actionable),Premium,bullish (HH/HL),6/8 (75%),20,12,15,11,58,TIER 3,A_rsi_45_65:5;A_bb_squeeze:4;A_mfi_rising_low:3;A_ema_aligned:5;A_supertrend_green:3;B_bull_bos:5;B_fvg:4;B_supply_cleared:3;C_3rd_leg:7;C_vdu:5;C_chart_pattern:3;D_above_1x1:5;D_octave_key:3;D_room_to_run:3
70,STLTECH,Sterlite Technologies Limited,NSE,Technology,Large,497.26,591.05,BULLISH,Strong VCP,extended past pivot,Premium,bullish (HH/HL),8/8 (52w high),21,12,16,9,58,TIER 3,A_obv_up:3;A_cci_above0:2;A_macd_bull:5;A_ema_aligned:5;A_supertrend_green:3;A_atr_expanding:3;B_bull_bos:5;B_fvg:4;B_supply_cleared:3;C_valid_vcp:8;C_vdu:5;C_chart_pattern:3;D_above_1x1:5;D_time_cycle:4
71,NAM-INDIA,Nippon Life India Asset Management Limited,NSE,Financial Services,Large,33.13,1089.9,MILD BULLISH,Strong VCP,AT PIVOT (actionable),Premium,bullish (HH/HL),8/8 (52w high),17,12,20,9,58,TIER 3,A_rsi_45_65:5;A_bb_squeeze:4;A_ema_aligned:5;A_supertrend_green:3;B_bull_bos:5;B_fvg:4;B_supply_cleared:3;C_valid_vcp:8;C_3rd_leg:7;C_vdu:5;D_above_1x1:5;D_time_cycle:4
72,DJML,DJ Mediaprint & Logistics Limited,NSE,Industrials,Micro,78.9,104.14,BULLISH,No VCP,AT PIVOT (actionable),Premium,bullish (HH/HL),6/8 (75%),25,12,10,11,58,TIER 3,A_obv_up:3;A_cci_above0:2;A_macd_bull:5;A_ema_aligned:5;A_adx_20_28:4;A_supertrend_green:3;A_atr_expanding:3;B_bull_bos:5;B_fvg:4;B_supply_cleared:3;C_3rd_leg:7;C_chart_pattern:3;D_above_1x1:5;D_octave_key:3;D_room_to_run:3
73,UFBL,United Foodbrands Limited,NSE,Consumer Cyclical,Small,169.96,487.2,BULLISH,Moderate VCP,AT PIVOT (actionable),Premium,ranging,8/8 (52w high),16,17,20,5,58,TIER 3,A_obv_up:3;A_cci_above0:2;A_ema_aligned:5;A_supertrend_green:3;A_atr_expanding:3;B_bull_bos:5;B_ob_support:5;B_fvg:4;B_supply_cleared:3;C_valid_vcp:8;C_3rd_leg:7;C_vdu:5;C_chart_pattern:3;D_above_1x1:5
74,INDOBORAX,Indo Borax & Chemicals Limited,NSE,Basic Materials,Small,39.56,345.9,BULLISH,Moderate VCP,BROKEN OUT (fresh),Premium,bullish (HH/HL),8/8 (52w high),16,17,20,5,58,TIER 3,A_obv_up:3;A_cci_above0:2;A_ema_aligned:5;A_supertrend_green:3;A_atr_expanding:3;B_bull_bos:5;B_ob_support:5;B_fvg:4;B_supply_cleared:3;C_valid_vcp:8;C_3rd_leg:7;C_vdu:5;C_chart_pattern:3;D_above_1x1:5
75,JSWENERGY,JSW Energy Limited,NSE,Utilities,Large,27.99,588.55,BULLISH,No VCP,AT PIVOT (actionable),Premium,ranging,7/8 (exhaustion),25,17,7,9,58,TIER 3,A_rsi_45_65:5;A_obv_up:3;A_cci_above0:2;A_ema_aligned:5;A_adx_20_28:4;A_supertrend_green:3;A_atr_expanding:3;B_bull_bos:5;B_ob_support:5;B_fvg:4;B_supply_cleared:3;C_3rd_leg:7;D_above_1x1:5;D_time_cycle:4
76,ACUTAAS,Acutaas Chemicals Limited,NSE,Basic Materials,Large,77.89,3037.6,BULLISH,Strong VCP,BROKEN OUT (fresh),Premium,bullish (HH/HL),8/8 (52w high),21,12,20,5,58,TIER 3,A_rsi_45_65:5;A_obv_up:3;A_cci_above0:2;A_ema_aligned:5;A_supertrend_green:3;A_atr_expanding:3;B_bull_bos:5;B_fvg:4;B_supply_cleared:3;C_valid_vcp:8;C_3rd_leg:7;C_vdu:5;D_above_1x1:5
77,BHAGYANGR,Bhagyanagar India Limited,NSE,Basic Materials,Small,147.62,323.2,BULLISH,No VCP,AT PIVOT (actionable),Premium,bullish (HH/HL),8/8 (52w high),17,17,15,9,58,TIER 3,A_bb_squeeze:4;A_obv_up:3;A_cci_above0:2;A_ema_aligned:5;A_atr_expanding:3;B_bull_bos:5;B_ob_support:5;B_fvg:4;B_supply_cleared:3;C_3rd_leg:7;C_vdu:5;C_chart_pattern:3;D_above_1x1:5;D_time_cycle:4
78,TRITURBINE,Triveni Turbine Limited,NSE,Industrials,Large,26.4,689.25,BULLISH,No VCP,extended past pivot,Premium,bullish (HH/HL),6/8 (75%),21,17,5,15,58,TIER 3,A_rsi_45_65:5;A_obv_up:3;A_cci_above0:2;A_ema_aligned:5;A_supertrend_green:3;A_atr_expanding:3;B_bull_bos:5;B_ob_support:5;B_fvg:4;B_supply_cleared:3;C_vdu:5;D_above_1x1:5;D_time_cycle:4;D_octave_key:3;D_room_to_run:3
79,KOPRAN,Kopran Limited,NSE,Healthcare,Small,44.68,195.92,BULLISH,No VCP,BROKEN OUT (fresh),Premium,ranging,7/8 (exhaustion),16,22,10,9,57,TIER 3,A_obv_up:3;A_cci_above0:2;A_ema_aligned:5;A_supertrend_green:3;A_atr_expanding:3;B_bull_bos:5;B_discount_or_demand:5;B_ob_support:5;B_fvg:4;B_supply_cleared:3;C_3rd_leg:7;C_chart_pattern:3;D_above_1x1:5;D_time_cycle:4
80,APOLLO,Apollo Micro Systems Limited,NSE,Industrials,Mid,66.86,437.0,BULLISH,No VCP,BROKEN OUT (fresh),Premium,ranging,8/8 (52w high),21,17,10,9,57,TIER 3,A_obv_up:3;A_cci_above0:2;A_macd_bull:5;A_ema_aligned:5;A_supertrend_green:3;A_atr_expanding:3;B_bull_bos:5;B_ob_support:5;B_fvg:4;B_supply_cleared:3;C_3rd_leg:7;C_chart_pattern:3;D_above_1x1:5;D_time_cycle:4
81,JAYBARMARU,Jay Bharat Maruti Limited,NSE,Consumer Cyclical,Small,49.26,126.14,BULLISH,No VCP,BROKEN OUT (fresh),Premium,ranging,8/8 (52w high),21,17,10,9,57,TIER 3,A_obv_up:3;A_cci_above0:2;A_macd_bull:5;A_ema_aligned:5;A_supertrend_green:3;A_atr_expanding:3;B_bull_bos:5;B_ob_support:5;B_fvg:4;B_supply_cleared:3;C_3rd_leg:7;C_chart_pattern:3;D_above_1x1:5;D_time_cycle:4
82,OFSS,Oracle Financial Services Software Limited,NSE,Technology,Large,28.1,10344.5,BULLISH,No VCP,AT PIVOT (actionable),Premium,bullish (HH/HL),8/8 (52w high),25,17,10,5,57,TIER 3,A_bb_squeeze:4;A_obv_up:3;A_cci_above0:2;A_macd_bull:5;A_ema_aligned:5;A_supertrend_green:3;A_atr_expanding:3;B_bull_bos:5;B_ob_support:5;B_fvg:4;B_supply_cleared:3;C_3rd_leg:7;C_chart_pattern:3;D_above_1x1:5
83,530883,Super Crop Safe Ltd,BSE,,Micro,25.51,9.94,NEUTRAL,No VCP,AT PIVOT (actionable),Premium,ranging,3/8,25,17,7,8,57,TIER 3,A_rsi_45_65:5;A_bb_squeeze:4;A_obv_up:3;A_cci_above0:2;A_macd_bull:5;A_supertrend_green:3;A_atr_expanding:3;B_bull_bos:5;B_ob_support:5;B_fvg:4;B_liq_swept:3;C_3rd_leg:7;D_above_1x1:5;D_room_to_run:3
84,UNIVPHOTO,Universus Photo Imagings Limited,NSE,Healthcare,Small,65.86,403.95,NEUTRAL,No VCP,forming / still basing,Premium,ranging,6/8 (75%),19,15,8,15,57,TIER 3,A_bb_squeeze:4;A_obv_up:3;A_mfi_rising_low:3;A_ema_aligned:5;A_adx_20_28:4;B_discount_or_demand:5;B_fvg:4;B_liq_swept:3;B_supply_cleared:3;C_vdu:5;C_chart_pattern:3;D_above_1x1:5;D_time_cycle:4;D_octave_key:3;D_room_to_run:3
85,NEPHROPLUS,Nephrocare Health Services Limited,NSE,Healthcare,Mid,43.05,660.45,BULLISH,No VCP,BROKEN OUT (fresh),Premium,bullish (HH/HL),8/8 (52w high),20,22,10,5,57,TIER 3,A_stoch_cross_oversold:3;A_obv_up:3;A_cci_above0:2;A_macd_bull:5;A_adx_20_28:4;A_supertrend_green:3;B_bull_bos:5;B_discount_or_demand:5;B_ob_support:5;B_fvg:4;B_supply_cleared:3;C_3rd_leg:7;C_chart_pattern:3;D_above_1x1:5
86,SHILPAMED,Shilpa Medicare Limited,NSE,Healthcare,Mid,55.15,517.35,BULLISH,No VCP,AT PIVOT (actionable),Premium,bullish (HH/HL),8/8 (52w high),21,17,10,9,57,TIER 3,A_stoch_cross_oversold:3;A_obv_up:3;A_cci_above0:2;A_macd_bull:5;A_ema_aligned:5;A_supertrend_green:3;B_bull_bos:5;B_ob_support:5;B_fvg:4;B_supply_cleared:3;C_3rd_leg:7;C_chart_pattern:3;D_above_1x1:5;D_time_cycle:4
87,ICICIAMC,ICICI Prudential Asset Management Company Limited,NSE,Financial Services,Large,27.31,3322.1,BULLISH,No VCP,BROKEN OUT (fresh),Premium,bearish (LH/LL),6/8 (75%),27,12,7,11,57,TIER 3,A_rsi_45_65:5;A_bb_squeeze:4;A_obv_up:3;A_mfi_rising_low:3;A_cci_above0:2;A_adx_20_28:4;A_supertrend_green:3;A_atr_expanding:3;B_bull_bos:5;B_fvg:4;B_supply_cleared:3;C_3rd_leg:7;D_above_1x1:5;D_octave_key:3;D_room_to_run:3
88,ANTELOPUS,Antelopus Selan Energy Limited,NSE,Energy,Small,124.55,854.2,BULLISH,Moderate VCP,extended past pivot,Premium,bullish (HH/HL),8/8 (52w high),22,12,13,9,56,TIER 3,A_bb_squeeze:4;A_obv_up:3;A_cci_above0:2;A_macd_bull:5;A_ema_aligned:5;A_supertrend_green:3;B_bull_bos:5;B_fvg:4;B_supply_cleared:3;C_valid_vcp:8;C_vdu:5;D_above_1x1:5;D_time_cycle:4
89,GANDHAR,Gandhar Oil Refinery (India) Limited,NSE,Energy,Small,25.03,155.79,BULLISH,No VCP,forming / still basing,Premium,bullish (HH/HL),5/8,21,20,3,12,56,TIER 3,A_rsi_45_65:5;A_obv_up:3;A_cci_above0:2;A_ema_aligned:5;A_supertrend_green:3;A_atr_expanding:3;B_bull_bos:5;B_ob_support:5;B_fvg:4;B_liq_swept:3;B_supply_cleared:3;C_chart_pattern:3;D_above_1x1:5;D_time_cycle:4;D_room_to_run:3
90,DATAPATTNS,Data Patterns (India) Limited,NSE,Industrials,Large,45.51,4025.2,BULLISH,Moderate VCP,AT PIVOT (actionable),Premium,ranging,7/8 (exhaustion),20,7,20,9,56,TIER 3,A_rsi_45_65:5;A_bb_squeeze:4;A_obv_up:3;A_mfi_rising_low:3;A_ema_aligned:5;B_fvg:4;B_supply_cleared:3;C_valid_vcp:8;C_3rd_leg:7;C_vdu:5;D_above_1x1:5;D_time_cycle:4
91,ABB,ABB India Limited,NSE,Industrials,Large,39.65,7146.0,BULLISH,No VCP,extended past pivot,Premium,bearish (LH/LL),7/8 (exhaustion),27,17,3,9,56,TIER 3,A_rsi_45_65:5;A_obv_up:3;A_cci_above0:2;A_macd_bull:5;A_ema_aligned:5;A_adx_20_28:4;A_supertrend_green:3;B_discount_or_demand:5;B_ob_support:5;B_fvg:4;B_supply_cleared:3;C_chart_pattern:3;D_above_1x1:5;D_time_cycle:4
92,MARKSANS,Marksans Pharma Limited,NSE,Healthcare,Mid,28.43,241.19,BULLISH,No VCP,forming / still basing,Premium,bullish (HH/HL),6/8 (75%),16,22,3,15,56,TIER 3,A_obv_up:3;A_cci_above0:2;A_ema_aligned:5;A_supertrend_green:3;A_atr_expanding:3;B_bull_bos:5;B_discount_or_demand:5;B_ob_support:5;B_fvg:4;B_supply_cleared:3;C_chart_pattern:3;D_above_1x1:5;D_time_cycle:4;D_octave_key:3;D_room_to_run:3
93,MIRCELECTR,MIRC Electronics Limited,NSE,Consumer Cyclical,Small,74.42,41.04,BULLISH,No VCP,forming / still basing,Premium,bullish (HH/HL),7/8 (exhaustion),22,17,8,9,56,TIER 3,A_rsi_45_65:5;A_bb_squeeze:4;A_obv_up:3;A_cci_above0:2;A_ema_aligned:5;A_supertrend_green:3;B_bull_bos:5;B_ob_support:5;B_fvg:4;B_supply_cleared:3;C_vdu:5;C_chart_pattern:3;D_above_1x1:5;D_time_cycle:4
94,SANGINITA,Sanginita Chemicals Limited,NSE,Basic Materials,,201.93,29.77,BULLISH,Strong VCP,extended past pivot,Premium,bullish (HH/HL),8/8 (52w high),22,12,13,9,56,TIER 3,A_bb_squeeze:4;A_obv_up:3;A_cci_above0:2;A_macd_bull:5;A_ema_aligned:5;A_supertrend_green:3;B_bull_bos:5;B_fvg:4;B_supply_cleared:3;C_valid_vcp:8;C_vdu:5;D_above_1x1:5;D_time_cycle:4
95,CUPID,Cupid Limited,NSE,Consumer Defensive,Mid,71.66,128.35,BULLISH,Moderate VCP,AT PIVOT (actionable),Premium,ranging,8/8 (52w high),23,4,20,9,56,TIER 3,A_rsi_45_65:5;A_bb_squeeze:4;A_obv_up:3;A_cci_above0:2;A_ema_aligned:5;A_adx_20_28:4;B_fvg:4;C_valid_vcp:8;C_3rd_leg:7;C_vdu:5;C_chart_pattern:3;D_above_1x1:5;D_time_cycle:4
96,AMBIKCO,Ambika Cotton Mills Limited,NSE,Consumer Cyclical,Small,37.55,1697.6,BULLISH,No VCP,AT PIVOT (actionable),Premium,bullish (HH/HL),8/8 (52w high),25,12,10,9,56,TIER 3,A_bb_squeeze:4;A_obv_up:3;A_cci_above0:2;A_macd_bull:5;A_ema_aligned:5;A_supertrend_green:3;A_atr_expanding:3;B_bull_bos:5;B_fvg:4;B_supply_cleared:3;C_3rd_leg:7;C_chart_pattern:3;D_above_1x1:5;D_time_cycle:4
97,NEOGEN,Neogen Chemicals Limited,NSE,Basic Materials,Mid,77.96,1876.9,BULLISH,No VCP,AT PIVOT (actionable),Premium,bullish (HH/HL),8/8 (52w high),25,12,10,9,56,TIER 3,A_bb_squeeze:4;A_obv_up:3;A_cci_above0:2;A_macd_bull:5;A_ema_aligned:5;A_supertrend_green:3;A_atr_expanding:3;B_ob_support:5;B_fvg:4;B_supply_cleared:3;C_3rd_leg:7;C_chart_pattern:3;D_above_1x1:5;D_time_cycle:4
98,MWL,Mangalam Worldwide Limited,NSE,Basic Materials,Small,46.12,380.5,BULLISH,Moderate VCP,AT PIVOT (actionable),Premium,bullish (HH/HL),8/8 (52w high),20,12,15,9,56,TIER 3,A_bb_squeeze:4;A_obv_up:3;A_cci_above0:2;A_ema_aligned:5;A_supertrend_green:3;A_atr_expanding:3;B_bull_bos:5;B_fvg:4;B_supply_cleared:3;C_valid_vcp:8;C_3rd_leg:7;D_above_1x1:5;D_time_cycle:4
99,ROSSTECH,Rossell Techsys Limited,NSE,Industrials,Small,50.67,1080.5,BULLISH,No VCP,extended past pivot,Premium,bearish (LH/LL),8/8 (52w high),30,14,3,9,56,TIER 3,A_rsi_45_65:5;A_obv_up:3;A_cci_above0:2;A_macd_bull:5;A_ema_aligned:5;A_adx_20_28:4;A_supertrend_green:3;A_atr_expanding:3;B_bull_bos:5;B_ob_support:5;B_fvg:4;C_chart_pattern:3;D_above_1x1:5;D_time_cycle:4
100,543787,Macfos Ltd,BSE,,Small,56.21,1150.0,BULLISH,Moderate VCP,AT PIVOT (actionable),Premium,ranging,8/8 (52w high),13,17,20,5,55,TIER 3,A_obv_up:3;A_cci_above0:2;A_ema_aligned:5;A_supertrend_green:3;B_bull_bos:5;B_ob_support:5;B_fvg:4;B_supply_cleared:3;C_valid_vcp:8;C_3rd_leg:7;C_vdu:5;C_chart_pattern:3;D_above_1x1:5
101,BALAMINES,Balaji Amines Limited,NSE,Basic Materials,Mid,77.87,2016.1,BULLISH,No VCP,BROKEN OUT (fresh),Premium,bullish (HH/HL),8/8 (52w high),24,12,10,9,55,TIER 3,A_stoch_cross_oversold:3;A_obv_up:3;A_cci_above0:2;A_macd_bull:5;A_ema_aligned:5;A_supertrend_green:3;A_atr_expanding:3;B_bull_bos:5;B_fvg:4;B_supply_cleared:3;C_3rd_leg:7;C_chart_pattern:3;D_above_1x1:5;D_time_cycle:4
102,INOXINDIA,INOX India Limited,NSE,Industrials,Mid,25.81,1452.2,MILD BULLISH,No VCP,forming / still basing,Premium,bearish (LH/LL),6/8 (75%),27,12,5,11,55,TIER 3,A_rsi_45_65:5;A_bb_squeeze:4;A_obv_up:3;A_mfi_rising_low:3;A_ema_aligned:5;A_adx_20_28:4;A_supertrend_green:3;B_bull_bos:5;B_fvg:4;B_supply_cleared:3;C_vdu:5;D_above_1x1:5;D_octave_key:3;D_room_to_run:3
103,SPORTKING,Sportking India Limited,NSE,Consumer Cyclical,Small,112.46,190.64,BULLISH,Moderate VCP,extended past pivot,Premium,bullish (HH/HL),8/8 (52w high),21,17,8,9,55,TIER 3,A_obv_up:3;A_cci_above0:2;A_macd_bull:5;A_ema_aligned:5;A_supertrend_green:3;A_atr_expanding:3;B_bull_bos:5;B_ob_support:5;B_fvg:4;B_supply_cleared:3;C_valid_vcp:8;D_above_1x1:5;D_time_cycle:4
104,BELRISE,Belrise Industries Limited,NSE,Consumer Cyclical,Mid,35.34,217.89,BULLISH,Moderate VCP,AT PIVOT (actionable),Premium,ranging,8/8 (52w high),27,4,20,4,55,TIER 3,A_rsi_45_65:5;A_bb_squeeze:4;A_mfi_rising_low:3;A_cci_above0:2;A_macd_bull:5;A_ema_aligned:5;A_supertrend_green:3;B_fvg:4;C_valid_vcp:8;C_3rd_leg:7;C_vdu:5;C_chart_pattern:3;D_time_cycle:4
105,SAIL,Steel Authority of India Limited,NSE,Basic Materials,Large,56.04,205.85,BULLISH,Strong VCP,AT PIVOT (actionable),Premium,ranging,8/8 (52w high),13,17,20,5,55,TIER 3,A_obv_up:3;A_cci_above0:2;A_ema_aligned:5;A_supertrend_green:3;B_bull_bos:5;B_ob_support:5;B_fvg:4;B_supply_cleared:3;C_valid_vcp:8;C_3rd_leg:7;C_vdu:5;D_above_1x1:5
106,AVALON,Avalon Technologies Limited,NSE,Technology,Mid,68.82,1511.9,BULLISH,Moderate VCP,AT PIVOT (actionable),Premium,bullish (HH/HL),8/8 (52w high),13,17,20,5,55,TIER 3,A_cci_above0:2;A_ema_aligned:5;A_supertrend_green:3;A_atr_expanding:3;B_bull_bos:5;B_ob_support:5;B_fvg:4;B_supply_cleared:3;C_valid_vcp:8;C_3rd_leg:7;C_vdu:5;C_chart_pattern:3;D_above_1x1:5
107,SONAMLTD,SONAM LIMITED,NSE,Consumer Cyclical,,29.61,57.08,BULLISH,No VCP,AT PIVOT (actionable),Premium,ranging,7/8 (exhaustion),21,22,7,5,55,TIER 3,A_rsi_45_65:5;A_obv_up:3;A_cci_above0:2;A_ema_aligned:5;A_supertrend_green:3;A_atr_expanding:3;B_bull_bos:5;B_discount_or_demand:5;B_ob_support:5;B_fvg:4;B_supply_cleared:3;C_3rd_leg:7;D_above_1x1:5
108,MBAPL,Madhya Bharat Agro Products Limited,NSE,Basic Materials,,34.67,543.25,BULLISH,Moderate VCP,AT PIVOT (actionable),Premium,ranging,7/8 (exhaustion),23,12,20,0,55,TIER 3,A_rsi_45_65:5;A_stoch_cross_oversold:3;A_bb_squeeze:4;A_obv_up:3;A_ema_aligned:5;A_supertrend_green:3;B_bull_bos:5;B_fvg:4;B_liq_swept:3;C_valid_vcp:8;C_3rd_leg:7;C_vdu:5;C_chart_pattern:3
109,SGFIN,SG Finserve Limited,NSE,Financial Services,Small,43.16,567.9,NEUTRAL,No VCP,AT PIVOT (actionable),Premium,ranging,6/8 (75%),20,12,12,11,55,TIER 3,A_rsi_45_65:5;A_stoch_cross_oversold:3;A_bb_squeeze:4;A_ema_aligned:5;A_supertrend_green:3;B_ob_support:5;B_fvg:4;B_supply_cleared:3;C_3rd_leg:7;C_vdu:5;D_above_1x1:5;D_octave_key:3;D_room_to_run:3
110,SANSERA,Sansera Engineering Limited,NSE,Consumer Cyclical,Mid,75.63,2953.3,BULLISH,Moderate VCP,AT PIVOT (actionable),Premium,ranging,8/8 (52w high),13,17,20,5,55,TIER 3,A_obv_up:3;A_cci_above0:2;A_ema_aligned:5;A_supertrend_green:3;B_bull_bos:5;B_ob_support:5;B_fvg:4;B_supply_cleared:3;C_valid_vcp:8;C_3rd_leg:7;C_vdu:5;C_chart_pattern:3;D_above_1x1:5
111,LAURUSLABS,Laurus Labs Limited,NSE,Healthcare,Large,36.02,1382.6,BULLISH,Strong VCP,BROKEN OUT (fresh),Premium,bullish (HH/HL),8/8 (52w high),13,17,20,5,55,TIER 3,A_obv_up:3;A_cci_above0:2;A_ema_aligned:5;A_supertrend_green:3;B_bull_bos:5;B_ob_support:5;B_fvg:4;B_supply_cleared:3;C_valid_vcp:8;C_3rd_leg:7;C_vdu:5;C_chart_pattern:3;D_above_1x1:5
112,540252,Viram Suvarn Ltd,BSE,,Micro,37.98,11.88,NEUTRAL,No VCP,AT PIVOT (actionable),Premium,ranging,7/8 (exhaustion),20,14,12,9,55,TIER 3,A_rsi_45_65:5;A_stoch_cross_oversold:3;A_bb_squeeze:4;A_ema_aligned:5;A_atr_expanding:3;B_bull_bos:5;B_ob_support:5;B_fvg:4;C_3rd_leg:7;C_vdu:5;D_above_1x1:5;D_time_cycle:4
113,513502,Baroda Extrusion Ltd,BSE,,Micro,28.19,9.23,BULLISH,No VCP,AT PIVOT (actionable),Discount,bullish (HH/HL),3/8,28,13,7,7,55,TIER 3,A_rsi_45_65:5;A_bb_squeeze:4;A_obv_up:3;A_mfi_rising_low:3;A_cci_above0:2;A_ema_aligned:5;A_supertrend_green:3;A_atr_expanding:3;B_bull_bos:5;B_discount_or_demand:5;B_supply_cleared:3;C_3rd_leg:7;D_time_cycle:4;D_room_to_run:3
114,JNKINDIA,JNK India Limited,NSE,Industrials,Small,61.36,361.4,NEUTRAL,No VCP,forming / still basing,Premium,ranging,7/8 (exhaustion),24,20,5,5,54,TIER 3,A_rsi_45_65:5;A_bb_squeeze:4;A_mfi_rising_low:3;A_ema_aligned:5;A_adx_20_28:4;A_supertrend_green:3;B_bull_bos:5;B_ob_support:5;B_fvg:4;B_liq_swept:3;B_supply_cleared:3;C_vdu:5;D_above_1x1:5
115,ATLANTAELE,Atlanta Electricals Limited,NSE,Industrials,Mid,124.1,1952.5,BULLISH,No VCP,BROKEN OUT (fresh),Premium,bullish (HH/HL),8/8 (52w high),20,17,12,5,54,TIER 3,A_bb_squeeze:4;A_obv_up:3;A_cci_above0:2;A_macd_bull:5;A_supertrend_green:3;A_atr_expanding:3;B_bull_bos:5;B_ob_support:5;B_fvg:4;B_supply_cleared:3;C_3rd_leg:7;C_vdu:5;D_above_1x1:5
116,539669,RGF Capital Markets Ltd,BSE,,Micro,126.47,1.54,BULLISH,Moderate VCP,extended past pivot,Premium,bearish (LH/LL),8/8 (52w high),21,17,11,5,54,TIER 3,A_obv_up:3;A_cci_above0:2;A_macd_bull:5;A_ema_aligned:5;A_supertrend_green:3;A_atr_expanding:3;B_bull_bos:5;B_ob_support:5;B_fvg:4;B_supply_cleared:3;C_valid_vcp:8;C_chart_pattern:3;D_above_1x1:5
117,KRISHANA,Krishana Phoschem Limited,NSE,Basic Materials,,38.44,686.45,BULLISH,Moderate VCP,AT PIVOT (actionable),Premium,bullish (HH/HL),8/8 (52w high),25,9,15,5,54,TIER 3,A_rsi_45_65:5;A_stoch_cross_oversold:3;A_bb_squeeze:4;A_obv_up:3;A_cci_above0:2;A_ema_aligned:5;A_supertrend_green:3;B_bull_bos:5;B_fvg:4;C_valid_vcp:8;C_3rd_leg:7;D_above_1x1:5
118,KRN,KRN Heat Exchanger and Refrigeration Limited,NSE,Technology,Mid,42.13,1104.6,NEUTRAL,No VCP,AT PIVOT (actionable),Premium,bearish (LH/LL),6/8 (75%),24,7,12,11,54,TIER 3,A_rsi_45_65:5;A_bb_squeeze:4;A_obv_up:3;A_mfi_rising_low:3;A_ema_aligned:5;A_adx_20_28:4;B_fvg:4;B_supply_cleared:3;C_3rd_leg:7;C_vdu:5;D_above_1x1:5;D_octave_key:3;D_room_to_run:3
119,OMNI,Omnitech Engineering Limited,NSE,Industrials,Mid,164.49,504.15,BULLISH,No VCP,extended past pivot,Premium,bullish (HH/HL),8/8 (52w high),23,22,0,9,54,TIER 3,A_stoch_cross_oversold:3;A_bb_squeeze:4;A_obv_up:3;A_cci_above0:2;A_macd_bull:5;A_supertrend_green:3;A_atr_expanding:3;B_bull_bos:5;B_discount_or_demand:5;B_ob_support:5;B_fvg:4;B_supply_cleared:3;D_above_1x1:5;D_time_cycle:4
120,HAPPYFORGE,Happy Forgings Limited,NSE,Industrials,Mid,35.64,1409.0,MILD BULLISH,No VCP,AT PIVOT (actionable),Premium,bullish (HH/HL),7/8 (exhaustion),26,12,7,9,54,TIER 3,A_rsi_45_65:5;A_bb_squeeze:4;A_mfi_rising_low:3;A_cci_above0:2;A_ema_aligned:5;A_adx_20_28:4;A_supertrend_green:3;B_bull_bos:5;B_fvg:4;B_supply_cleared:3;C_3rd_leg:7;D_above_1x1:5;D_time_cycle:4
121,DSSL,Dynacons Systems & Solutions Limited,NSE,Technology,Small,67.75,1502.9,BULLISH,No VCP,forming / still basing,Premium,bullish (HH/HL),6/8 (75%),19,17,3,15,54,TIER 3,A_rsi_45_65:5;A_obv_up:3;A_ema_aligned:5;A_supertrend_green:3;A_atr_expanding:3;B_bull_bos:5;B_discount_or_demand:5;B_fvg:4;B_supply_cleared:3;C_chart_pattern:3;D_above_1x1:5;D_time_cycle:4;D_octave_key:3;D_room_to_run:3
122,SPECTRUM,Spectrum Electrical Industries Limited,NSE,Industrials,Small,29.59,1473.7,BULLISH,No VCP,BROKEN OUT (fresh),Premium,ranging,5/8,28,4,10,12,54,TIER 3,A_rsi_45_65:5;A_obv_up:3;A_mfi_rising_low:3;A_cci_above0:2;A_macd_bull:5;A_adx_20_28:4;A_supertrend_green:3;A_atr_expanding:3;B_fvg:4;C_3rd_leg:7;C_chart_pattern:3;D_above_1x1:5;D_time_cycle:4;D_room_to_run:3
123,APCOTEXIND,Apcotex Industries Limited,NSE,Basic Materials,Small,28.71,494.1,MILD BULLISH,No VCP,forming / still basing,Premium,ranging,6/8 (75%),20,14,5,15,54,TIER 3,A_rsi_45_65:5;A_stoch_cross_oversold:3;A_bb_squeeze:4;A_ema_aligned:5;A_supertrend_green:3;B_bull_bos:5;B_ob_support:5;B_fvg:4;C_vdu:5;D_above_1x1:5;D_time_cycle:4;D_octave_key:3;D_room_to_run:3
124,WALCHANNAG,Walchandnagar Industries Limited,NSE,Industrials,Small,49.23,238.75,MILD BULLISH,No VCP,forming / still basing,Premium,bullish (HH/HL),6/8 (75%),27,12,0,15,54,TIER 3,A_rsi_45_65:5;A_bb_squeeze:4;A_obv_up:3;A_ema_aligned:5;A_adx_20_28:4;A_supertrend_green:3;A_atr_expanding:3;B_bull_bos:5;B_fvg:4;B_supply_cleared:3;D_above_1x1:5;D_time_cycle:4;D_octave_key:3;D_room_to_run:3
125,LLOYDSME,Lloyds Metals And Energy Limited,NSE,Basic Materials,Large,49.38,1821.7,BULLISH,No VCP,AT PIVOT (actionable),Premium,ranging,8/8 (52w high),22,17,10,5,54,TIER 3,A_rsi_45_65:5;A_bb_squeeze:4;A_obv_up:3;A_cci_above0:2;A_ema_aligned:5;A_supertrend_green:3;B_bull_bos:5;B_ob_support:5;B_fvg:4;B_supply_cleared:3;C_3rd_leg:7;C_chart_pattern:3;D_above_1x1:5
126,MAYURUNIQ,Mayur Uniquoters Ltd,NSE,Consumer Cyclical,Small,49.06,745.25,BULLISH,Moderate VCP,forming / still basing,Premium,bullish (HH/HL),7/8 (exhaustion),16,17,11,9,53,TIER 3,A_obv_up:3;A_cci_above0:2;A_ema_aligned:5;A_supertrend_green:3;A_atr_expanding:3;B_bull_bos:5;B_ob_support:5;B_fvg:4;B_supply_cleared:3;C_valid_vcp:8;C_chart_pattern:3;D_above_1x1:5;D_time_cycle:4
127,EXICOM,Exicom Tele-Systems Limited,NSE,Industrials,Small,48.81,159.72,BULLISH,No VCP,AT PIVOT (actionable),Premium,ranging,5/8,14,17,10,12,53,TIER 3,A_stoch_cross_oversold:3;A_obv_up:3;A_cci_above0:2;A_supertrend_green:3;A_atr_expanding:3;B_bull_bos:5;B_ob_support:5;B_fvg:4;B_supply_cleared:3;C_3rd_leg:7;C_chart_pattern:3;D_above_1x1:5;D_time_cycle:4;D_room_to_run:3
128,LOKESHMACH,Lokesh Machines Limited,NSE,Industrials,Micro,67.35,248.95,MILD BULLISH,No VCP,forming / still basing,Premium,ranging,6/8 (75%),20,13,5,15,53,TIER 3,A_rsi_45_65:5;A_bb_squeeze:4;A_mfi_rising_low:3;A_ema_aligned:5;A_supertrend_green:3;B_discount_or_demand:5;B_ob_support:5;B_supply_cleared:3;C_vdu:5;D_above_1x1:5;D_time_cycle:4;D_octave_key:3;D_room_to_run:3
129,GAYAPROJ,Gayatri Projects Limited,NSE,Industrials,Micro,78.75,20.61,BULLISH,Moderate VCP,BROKEN OUT (fresh),Premium,bearish (LH/LL),8/8 (52w high),25,12,7,9,53,TIER 3,A_obv_up:3;A_cci_above0:2;A_macd_bull:5;A_ema_aligned:5;A_adx_20_28:4;A_supertrend_green:3;A_atr_expanding:3;B_bull_bos:5;B_fvg:4;B_supply_cleared:3;C_3rd_leg:7;D_above_1x1:5;D_time_cycle:4
130,526775,Valiant Communications Ltd,BSE,,Small,86.45,1264.6,BULLISH,Moderate VCP,extended past pivot,Premium,ranging,8/8 (52w high),21,12,11,9,53,TIER 3,A_obv_up:3;A_cci_above0:2;A_macd_bull:5;A_ema_aligned:5;A_supertrend_green:3;A_atr_expanding:3;B_bull_bos:5;B_fvg:4;B_supply_cleared:3;C_valid_vcp:8;C_chart_pattern:3;D_above_1x1:5;D_time_cycle:4
131,540693,Shish Industries Ltd,BSE,,Small,29.02,12.45,MILD BULLISH,No VCP,BROKEN OUT (fresh),Discount,bearish (LH/LL),4/8 (50%),23,5,15,10,53,TIER 3,A_rsi_45_65:5;A_bb_squeeze:4;A_obv_up:3;A_mfi_rising_low:3;A_macd_bull:5;A_atr_expanding:3;B_discount_or_demand:5;C_3rd_leg:7;C_vdu:5;C_chart_pattern:3;D_time_cycle:4;D_octave_key:3;D_room_to_run:3
132,VIJAYA,Vijaya Diagnostic Centre Limited,NSE,Healthcare,Mid,29.45,1317.0,BULLISH,No VCP,AT PIVOT (actionable),Premium,bullish (HH/HL),8/8 (52w high),25,12,7,9,53,TIER 3,A_rsi_45_65:5;A_stoch_cross_oversold:3;A_bb_squeeze:4;A_cci_above0:2;A_ema_aligned:5;A_supertrend_green:3;A_atr_expanding:3;B_ob_support:5;B_fvg:4;B_supply_cleared:3;C_3rd_leg:7;D_above_1x1:5;D_time_cycle:4
133,DIVGIITTS,Divgi Torqtransfer Systems Limited,NSE,Consumer Cyclical,Small,31.41,789.45,BULLISH,No VCP,BROKEN OUT (fresh),Premium,bearish (LH/LL),7/8 (exhaustion),25,12,7,9,53,TIER 3,A_rsi_45_65:5;A_obv_up:3;A_cci_above0:2;A_ema_aligned:5;A_adx_20_28:4;A_supertrend_green:3;A_atr_expanding:3;B_bull_bos:5;B_fvg:4;B_supply_cleared:3;C_3rd_leg:7;D_above_1x1:5;D_time_cycle:4
134,MENONBE,Menon Bearings Limited,NSE,Consumer Cyclical,Small,33.41,142.28,MILD BULLISH,No VCP,forming / still basing,Premium,bullish (HH/HL),6/8 (75%),17,17,8,11,53,TIER 3,A_rsi_45_65:5;A_bb_squeeze:4;A_ema_aligned:5;A_supertrend_green:3;B_bull_bos:5;B_ob_support:5;B_fvg:4;B_supply_cleared:3;C_vdu:5;C_chart_pattern:3;D_above_1x1:5;D_octave_key:3;D_room_to_run:3
135,MAHABANK,Bank of Maharashtra,NSE,Financial Services,Large,38.56,78.91,NEUTRAL,No VCP,AT PIVOT (actionable),Premium,ranging,7/8 (exhaustion),20,12,12,9,53,TIER 3,A_rsi_45_65:5;A_bb_squeeze:4;A_mfi_rising_low:3;A_ema_aligned:5;A_supertrend_green:3;B_bull_bos:5;B_fvg:4;B_supply_cleared:3;C_3rd_leg:7;C_vdu:5;D_above_1x1:5;D_time_cycle:4
136,GKSL,Gujarat Kidney And Super Speciality Limited,NSE,Healthcare,Small,29.79,134.25,NEUTRAL,No VCP,forming / still basing,Premium,bullish (HH/HL),6/8 (75%),15,17,5,15,52,TIER 3,A_rsi_45_65:5;A_bb_squeeze:4;A_mfi_rising_low:3;A_supertrend_green:3;B_discount_or_demand:5;B_ob_support:5;B_fvg:4;B_supply_cleared:3;C_vdu:5;D_above_1x1:5;D_time_cycle:4;D_octave_key:3;D_room_to_run:3
137,532380,Baba Arts Ltd,BSE,,Micro,119.47,13.98,NEUTRAL,No VCP,BROKEN OUT (fresh),Premium,bearish (LH/LL),6/8 (75%),30,4,7,11,52,TIER 3,A_rsi_45_65:5;A_stoch_cross_oversold:3;A_bb_squeeze:4;A_mfi_rising_low:3;A_cci_above0:2;A_macd_bull:5;A_ema_aligned:5;A_atr_expanding:3;B_fvg:4;C_3rd_leg:7;D_above_1x1:5;D_octave_key:3;D_room_to_run:3
138,GLAND,Gland Pharma Limited,NSE,Healthcare,Large,31.25,2277.0,BULLISH,Moderate VCP,AT PIVOT (actionable),Premium,bullish (HH/HL),7/8 (exhaustion),10,17,20,5,52,TIER 3,A_cci_above0:2;A_ema_aligned:5;A_supertrend_green:3;B_bull_bos:5;B_ob_support:5;B_fvg:4;B_supply_cleared:3;C_valid_vcp:8;C_3rd_leg:7;C_vdu:5;C_chart_pattern:3;D_above_1x1:5
139,521113,Suditi Industries Ltd,BSE,,Micro,55.57,91.01,NEUTRAL,No VCP,forming / still basing,Premium,bearish (LH/LL),6/8 (75%),15,17,5,15,52,TIER 3,A_bb_squeeze:4;A_mfi_rising_low:3;A_ema_aligned:5;A_supertrend_green:3;B_bull_bos:5;B_discount_or_demand:5;B_fvg:4;B_supply_cleared:3;C_vdu:5;D_above_1x1:5;D_time_cycle:4;D_octave_key:3;D_room_to_run:3
140,SAKAR,Sakar Healthcare Limited,NSE,Healthcare,,116.47,834.6,BULLISH,No VCP,BROKEN OUT (fresh),Premium,bullish (HH/HL),8/8 (52w high),16,17,10,9,52,TIER 3,A_obv_up:3;A_cci_above0:2;A_ema_aligned:5;A_supertrend_green:3;A_atr_expanding:3;B_bull_bos:5;B_ob_support:5;B_fvg:4;B_supply_cleared:3;C_3rd_leg:7;C_chart_pattern:3;D_above_1x1:5;D_time_cycle:4
141,531911,Galaxy Agrico Exports Ltd,BSE,,Micro,31.92,61.87,BULLISH,No VCP,BROKEN OUT (fresh),Premium,bullish (HH/HL),8/8 (52w high),28,12,7,5,52,TIER 3,A_stoch_cross_oversold:3;A_bb_squeeze:4;A_obv_up:3;A_cci_above0:2;A_macd_bull:5;A_ema_aligned:5;A_supertrend_green:3;A_atr_expanding:3;B_bull_bos:5;B_fvg:4;B_supply_cleared:3;C_3rd_leg:7;D_above_1x1:5
142,ROLEXRINGS,Rolex Rings Limited,NSE,Industrials,Small,28.8,140.58,BEARISH,No VCP,AT PIVOT (actionable),Equilibrium,bearish (LH/LL),5/8,20,12,12,8,52,TIER 3,A_rsi_45_65:5;A_bb_squeeze:4;A_mfi_rising_low:3;A_ema_aligned:5;A_supertrend_green:3;B_discount_or_demand:5;B_fvg:4;B_supply_cleared:3;C_3rd_leg:7;C_vdu:5;D_above_1x1:5;D_room_to_run:3
143,RISHABH,Rishabh Instruments Limited,NSE,Technology,Small,26.23,516.8,BULLISH,No VCP,forming / still basing,Premium,ranging,7/8 (exhaustion),27,17,3,5,52,TIER 3,A_rsi_45_65:5;A_bb_squeeze:4;A_obv_up:3;A_ema_aligned:5;A_adx_20_28:4;A_supertrend_green:3;A_atr_expanding:3;B_bull_bos:5;B_discount_or_demand:5;B_fvg:4;B_supply_cleared:3;C_chart_pattern:3;D_above_1x1:5
144,544191,Purple Finance Ltd,BSE,,Micro,53.12,66.18,MILD BEARISH,No VCP,forming / still basing,Premium,ranging,7/8 (exhaustion),27,15,5,5,52,TIER 3,A_rsi_45_65:5;A_bb_squeeze:4;A_mfi_rising_low:3;A_ema_aligned:5;A_adx_20_28:4;A_supertrend_green:3;A_atr_expanding:3;B_bull_bos:5;B_fvg:4;B_liq_swept:3;B_supply_cleared:3;C_vdu:5;D_above_1x1:5
145,NETWEB,Netweb Technologies India Limited,NSE,Technology,Large,52.91,4782.8,BULLISH,No VCP,BROKEN OUT (fresh),Premium,ranging,8/8 (52w high),25,17,10,0,52,TIER 3,A_obv_up:3;A_cci_above0:2;A_macd_bull:5;A_ema_aligned:5;A_adx_20_28:4;A_supertrend_green:3;A_atr_expanding:3;B_bull_bos:5;B_ob_support:5;B_fvg:4;B_supply_cleared:3;C_3rd_leg:7;C_chart_pattern:3
146,SIGNPOST,Signpost India Limited,NSE,Communication Services,Small,32.12,275.0,NEUTRAL,No VCP,forming / still basing,Premium,ranging,6/8 (75%),23,14,0,15,52,TIER 3,A_rsi_45_65:5;A_bb_squeeze:4;A_mfi_rising_low:3;A_ema_aligned:5;A_supertrend_green:3;A_atr_expanding:3;B_bull_bos:5;B_discount_or_demand:5;B_fvg:4;D_above_1x1:5;D_time_cycle:4;D_octave_key:3;D_room_to_run:3
147,ROLLT,Rollatainers Limited,NSE,Real Estate,Micro,69.84,2.14,MILD BULLISH,No VCP,forming / still basing,Premium,bullish (HH/HL),6/8 (75%),27,7,3,15,52,TIER 3,A_rsi_45_65:5;A_stoch_cross_oversold:3;A_bb_squeeze:4;A_mfi_rising_low:3;A_ema_aligned:5;A_adx_20_28:4;A_atr_expanding:3;B_fvg:4;B_supply_cleared:3;C_chart_pattern:3;D_above_1x1:5;D_time_cycle:4;D_octave_key:3;D_room_to_run:3
148,CUMMINSIND,Cummins India Limited,NSE,Industrials,Large,27.73,5708.0,BULLISH,No VCP,forming / still basing,Premium,bullish (HH/HL),7/8 (exhaustion),30,19,3,0,52,TIER 3,A_rsi_45_65:5;A_mfi_rising_low:3;A_cci_above0:2;A_macd_bull:5;A_ema_aligned:5;A_adx_20_28:4;A_supertrend_green:3;A_atr_expanding:3;B_bull_bos:5;B_discount_or_demand:5;B_ob_support:5;B_fvg:4;C_chart_pattern:3
149,543542,Kesar India Ltd,BSE,,Small,37.8,1240.2,MILD BULLISH,Moderate VCP,AT PIVOT (actionable),Premium,ranging,8/8 (52w high),26,5,15,5,51,TIER 3,A_rsi_45_65:5;A_bb_squeeze:4;A_obv_up:3;A_mfi_rising_low:3;A_ema_aligned:5;A_supertrend_green:3;A_atr_expanding:3;B_discount_or_demand:5;C_valid_vcp:8;C_3rd_leg:7;D_above_1x1:5
150,ABSLAMC,Aditya Birla Sun Life AMC Limited,NSE,Financial Services,Large,41.39,1027.2,MILD BULLISH,No VCP,AT PIVOT (actionable),Premium,bullish (HH/HL),7/8 (exhaustion),27,7,12,5,51,TIER 3,A_rsi_45_65:5;A_bb_squeeze:4;A_obv_up:3;A_mfi_rising_low:3;A_ema_aligned:5;A_adx_20_28:4;A_supertrend_green:3;B_fvg:4;B_supply_cleared:3;C_3rd_leg:7;C_vdu:5;D_above_1x1:5
151,PIRAMALFIN,Piramal Finance Limited,NSE,Financial Services,Large,27.15,1908.3,NEUTRAL,No VCP,AT PIVOT (actionable),Premium,bearish (LH/LL),7/8 (exhaustion),15,15,12,9,51,TIER 3,A_rsi_45_65:5;A_bb_squeeze:4;A_mfi_rising_low:3;A_supertrend_green:3;B_bull_bos:5;B_fvg:4;B_liq_swept:3;B_supply_cleared:3;C_3rd_leg:7;C_vdu:5;D_above_1x1:5;D_time_cycle:4
152,KOTYARK,Kotyark Industries Limited,NSE,Basic Materials,Micro,64.4,420.45,BULLISH,No VCP,forming / still basing,Premium,bullish (HH/HL),7/8 (exhaustion),24,17,5,5,51,TIER 3,A_rsi_45_65:5;A_bb_squeeze:4;A_obv_up:3;A_ema_aligned:5;A_adx_20_28:4;A_supertrend_green:3;B_bull_bos:5;B_ob_support:5;B_fvg:4;B_supply_cleared:3;C_vdu:5;D_above_1x1:5
153,GVT&D,GE Vernova T&D India Limited,NSE,Industrials,Large,70.44,4781.0,BULLISH,No VCP,AT PIVOT (actionable),Premium,ranging,7/8 (exhaustion),21,14,7,9,51,TIER 3,A_rsi_45_65:5;A_obv_up:3;A_cci_above0:2;A_ema_aligned:5;A_supertrend_green:3;A_atr_expanding:3;B_bull_bos:5;B_ob_support:5;B_fvg:4;C_3rd_leg:7;D_above_1x1:5;D_time_cycle:4
154,ARVIND,Arvind Limited,NSE,Consumer Cyclical,Mid,50.89,500.65,BULLISH,No VCP,AT PIVOT (actionable),Premium,bullish (HH/HL),8/8 (52w high),19,17,10,5,51,TIER 3,A_stoch_cross_oversold:3;A_obv_up:3;A_cci_above0:2;A_ema_aligned:5;A_supertrend_green:3;A_atr_expanding:3;B_bull_bos:5;B_ob_support:5;B_fvg:4;B_supply_cleared:3;C_3rd_leg:7;C_chart_pattern:3;D_above_1x1:5
155,CENTUM,Centum Electronics Limited,NSE,Technology,Mid,60.57,3600.0,BULLISH,No VCP,extended past pivot,Premium,ranging,8/8 (52w high),25,17,0,9,51,TIER 3,A_obv_up:3;A_cci_above0:2;A_macd_bull:5;A_ema_aligned:5;A_adx_20_28:4;A_supertrend_green:3;A_atr_expanding:3;B_bull_bos:5;B_ob_support:5;B_fvg:4;B_supply_cleared:3;D_above_1x1:5;D_time_cycle:4
156,DEEDEV,DEE Development Engineers Limited,NSE,Industrials,Small,218.27,654.2,BULLISH,Moderate VCP,extended past pivot,Premium,bullish (HH/HL),8/8 (52w high),21,12,13,5,51,TIER 3,A_obv_up:3;A_cci_above0:2;A_macd_bull:5;A_ema_aligned:5;A_supertrend_green:3;A_atr_expanding:3;B_bull_bos:5;B_fvg:4;B_supply_cleared:3;C_valid_vcp:8;C_vdu:5;D_above_1x1:5
157,530145,Kisan Mouldings Ltd,BSE,,Micro,25.75,34.77,NEUTRAL,No VCP,forming / still basing,Premium,ranging,5/8,17,17,5,12,51,TIER 3,A_rsi_45_65:5;A_bb_squeeze:4;A_ema_aligned:5;A_supertrend_green:3;B_bull_bos:5;B_ob_support:5;B_fvg:4;B_supply_cleared:3;C_vdu:5;D_above_1x1:5;D_time_cycle:4;D_room_to_run:3
158,PANACEABIO,Panacea Biotec Limited,NSE,Healthcare,Small,25.12,430.6,BULLISH,No VCP,AT PIVOT (actionable),Premium,bullish (HH/HL),5/8,20,9,10,12,51,TIER 3,A_rsi_45_65:5;A_stoch_cross_oversold:3;A_bb_squeeze:4;A_cci_above0:2;A_supertrend_green:3;A_atr_expanding:3;B_bull_bos:5;B_fvg:4;C_3rd_leg:7;C_chart_pattern:3;D_above_1x1:5;D_time_cycle:4;D_room_to_run:3
159,SOUTHWEST,South West Pinnacle Exploration Limited,NSE,Energy,Small,33.21,265.0,BULLISH,Moderate VCP,AT PIVOT (actionable),Premium,ranging,8/8 (52w high),19,7,20,5,51,TIER 3,A_rsi_45_65:5;A_cci_above0:2;A_ema_aligned:5;A_adx_20_28:4;A_supertrend_green:3;B_fvg:4;B_supply_cleared:3;C_valid_vcp:8;C_3rd_leg:7;C_vdu:5;C_chart_pattern:3;D_above_1x1:5
160,WOCKPHARMA,Wockhardt Limited,NSE,Healthcare,Large,47.62,1966.2,BULLISH,No VCP,extended past pivot,Premium,bullish (HH/HL),6/8 (75%),16,17,3,15,51,TIER 3,A_obv_up:3;A_cci_above0:2;A_ema_aligned:5;A_supertrend_green:3;A_atr_expanding:3;B_bull_bos:5;B_ob_support:5;B_fvg:4;B_supply_cleared:3;C_chart_pattern:3;D_above_1x1:5;D_time_cycle:4;D_octave_key:3;D_room_to_run:3
161,GAEL,Gujarat Ambuja Exports Limited,NSE,Consumer Defensive,Mid,31.81,155.62,MILD BULLISH,No VCP,forming / still basing,Premium,ranging,6/8 (75%),27,7,5,11,50,TIER 3,A_rsi_45_65:5;A_stoch_cross_oversold:3;A_bb_squeeze:4;A_mfi_rising_low:3;A_ema_aligned:5;A_adx_20_28:4;A_supertrend_green:3;B_fvg:4;B_supply_cleared:3;C_vdu:5;D_above_1x1:5;D_octave_key:3;D_room_to_run:3
162,HINDZINC,Hindustan Zinc Limited,NSE,Basic Materials,Large,25.84,625.1,MILD BULLISH,No VCP,forming / still basing,Premium,ranging,6/8 (75%),23,12,5,10,50,TIER 3,A_rsi_45_65:5;A_bb_squeeze:4;A_obv_up:3;A_mfi_rising_low:3;A_ema_aligned:5;A_supertrend_green:3;B_bull_bos:5;B_fvg:4;B_liq_swept:3;C_vdu:5;D_time_cycle:4;D_octave_key:3;D_room_to_run:3
163,AVADHSUGAR,Avadh Sugar & Energy Limited,NSE,Consumer Defensive,Small,27.46,456.45,MILD BEARISH,No VCP,forming / still basing,Premium,ranging,5/8,21,12,5,12,50,TIER 3,A_stoch_cross_oversold:3;A_bb_squeeze:4;A_obv_up:3;A_mfi_rising_low:3;A_ema_aligned:5;A_atr_expanding:3;B_ob_support:5;B_fvg:4;B_supply_cleared:3;C_vdu:5;D_above_1x1:5;D_time_cycle:4;D_room_to_run:3
164,ADANIENSOL,Adani Energy Solutions Limited,NSE,Utilities,Large,57.52,1530.6,BULLISH,No VCP,AT PIVOT (actionable),Premium,bullish (HH/HL),8/8 (52w high),22,12,7,9,50,TIER 3,A_obv_up:3;A_cci_above0:2;A_macd_bull:5;A_ema_aligned:5;A_adx_20_28:4;A_supertrend_green:3;B_bull_bos:5;B_fvg:4;B_supply_cleared:3;C_3rd_leg:7;D_above_1x1:5;D_time_cycle:4
165,HFCL,HFCL Limited,NSE,Technology,Large,176.08,189.94,BULLISH,No VCP,extended past pivot,Premium,bullish (HH/HL),8/8 (52w high),21,17,3,9,50,TIER 3,A_obv_up:3;A_cci_above0:2;A_macd_bull:5;A_ema_aligned:5;A_supertrend_green:3;A_atr_expanding:3;B_bull_bos:5;B_ob_support:5;B_fvg:4;B_supply_cleared:3;C_chart_pattern:3;D_above_1x1:5;D_time_cycle:4
166,UTLSOLAR,Fujiyama Power Systems Limited,NSE,Technology,Mid,57.1,319.8,BULLISH,No VCP,extended past pivot,Premium,ranging,8/8 (52w high),24,9,8,9,50,TIER 3,A_bb_squeeze:4;A_obv_up:3;A_cci_above0:2;A_macd_bull:5;A_adx_20_28:4;A_supertrend_green:3;A_atr_expanding:3;B_bull_bos:5;B_fvg:4;C_vdu:5;C_chart_pattern:3;D_above_1x1:5;D_time_cycle:4
167,MCLEODRUSS,Mcleod Russel India Limited,NSE,Consumer Defensive,Small,62.85,75.32,BULLISH,Moderate VCP,extended past pivot,Premium,bullish (HH/HL),8/8 (52w high),13,12,16,9,50,TIER 3,A_obv_up:3;A_cci_above0:2;A_ema_aligned:5;A_supertrend_green:3;B_bull_bos:5;B_fvg:4;B_supply_cleared:3;C_valid_vcp:8;C_vdu:5;C_chart_pattern:3;D_above_1x1:5;D_time_cycle:4
168,STYLAMIND,Stylam Industries Limited,NSE,Consumer Cyclical,Mid,39.39,2957.9,BULLISH,Moderate VCP,BROKEN OUT (fresh),Premium,bullish (HH/HL),8/8 (52w high),16,17,12,5,50,TIER 3,A_obv_up:3;A_cci_above0:2;A_ema_aligned:5;A_supertrend_green:3;A_atr_expanding:3;B_bull_bos:5;B_ob_support:5;B_fvg:4;B_supply_cleared:3;C_3rd_leg:7;C_vdu:5;D_above_1x1:5
169,NINSYS,NINtec Systems Limited,NSE,Technology,Small,79.75,721.35,BULLISH,Strong VCP,extended past pivot,Premium,bullish (HH/HL),8/8 (52w high),16,12,13,9,50,TIER 3,A_obv_up:3;A_cci_above0:2;A_ema_aligned:5;A_supertrend_green:3;A_atr_expanding:3;B_bull_bos:5;B_fvg:4;B_supply_cleared:3;C_valid_vcp:8;C_vdu:5;D_above_1x1:5;D_time_cycle:4
170,GRAPHITE,Graphite India Limited,NSE,Industrials,Mid,33.39,721.35,NEUTRAL,No VCP,forming / still basing,Premium,ranging,6/8 (75%),20,10,5,15,50,TIER 3,A_rsi_45_65:5;A_bb_squeeze:4;A_mfi_rising_low:3;A_ema_aligned:5;A_supertrend_green:3;B_fvg:4;B_liq_swept:3;B_supply_cleared:3;C_vdu:5;D_above_1x1:5;D_time_cycle:4;D_octave_key:3;D_room_to_run:3
171,HINDALCO,Hindalco Industries Limited,NSE,Basic Materials,Large,40.43,1146.3,BULLISH,No VCP,AT PIVOT (actionable),Premium,bullish (HH/HL),8/8 (52w high),16,19,10,5,50,TIER 3,A_obv_up:3;A_mfi_rising_low:3;A_cci_above0:2;A_ema_aligned:5;A_supertrend_green:3;B_bull_bos:5;B_discount_or_demand:5;B_ob_support:5;B_fvg:4;C_3rd_leg:7;C_chart_pattern:3;D_above_1x1:5
172,KERNEX,Kernex Microsystems (India) Limited,NSE,Technology,Small,73.83,1804.7,BULLISH,No VCP,extended past pivot,Premium,bullish (HH/HL),8/8 (52w high),21,17,3,9,50,TIER 3,A_obv_up:3;A_cci_above0:2;A_macd_bull:5;A_ema_aligned:5;A_supertrend_green:3;A_atr_expanding:3;B_bull_bos:5;B_ob_support:5;B_fvg:4;B_supply_cleared:3;C_chart_pattern:3;D_above_1x1:5;D_time_cycle:4
173,HIRECT,Hind Rectifiers Limited,NSE,Industrials,Small,49.02,1109.5,BULLISH,No VCP,forming / still basing,Premium,bearish (LH/LL),7/8 (exhaustion),16,22,3,9,50,TIER 3,A_obv_up:3;A_cci_above0:2;A_ema_aligned:5;A_supertrend_green:3;A_atr_expanding:3;B_bull_bos:5;B_discount_or_demand:5;B_ob_support:5;B_fvg:4;B_supply_cleared:3;C_chart_pattern:3;D_above_1x1:5;D_time_cycle:4
174,RAIN,Rain Industries Limited,NSE,Basic Materials,Mid,89.05,197.9,BULLISH,No VCP,extended past pivot,Premium,bullish (HH/HL),8/8 (52w high),21,17,3,9,50,TIER 3,A_obv_up:3;A_cci_above0:2;A_macd_bull:5;A_ema_aligned:5;A_supertrend_green:3;A_atr_expanding:3;B_bull_bos:5;B_ob_support:5;B_fvg:4;B_supply_cleared:3;C_chart_pattern:3;D_above_1x1:5;D_time_cycle:4
175,NIBE,NIBE Limited,NSE,Industrials,Small,53.64,1541.0,BULLISH,No VCP,BROKEN OUT (fresh),Premium,ranging,5/8,11,17,10,12,50,TIER 3,A_obv_up:3;A_cci_above0:2;A_supertrend_green:3;A_atr_expanding:3;B_bull_bos:5;B_ob_support:5;B_fvg:4;B_supply_cleared:3;C_3rd_leg:7;C_chart_pattern:3;D_above_1x1:5;D_time_cycle:4;D_room_to_run:3
176,SKIPPER,Skipper Limited,NSE,Industrials,Mid,26.76,572.4,BULLISH,No VCP,extended past pivot,Premium,ranging,8/8 (52w high),21,17,3,9,50,TIER 3,A_obv_up:3;A_cci_above0:2;A_macd_bull:5;A_ema_aligned:5;A_supertrend_green:3;A_atr_expanding:3;B_bull_bos:5;B_ob_support:5;B_fvg:4;B_supply_cleared:3;C_chart_pattern:3;D_above_1x1:5;D_time_cycle:4
177,IOLCP,IOL Chemicals and Pharmaceuticals Limited,NSE,Healthcare,Small,55.71,131.42,BULLISH,Moderate VCP,forming / still basing,Premium,bullish (HH/HL),8/8 (52w high),16,12,16,5,49,EXCLUDE,A_obv_up:3;A_cci_above0:2;A_ema_aligned:5;A_supertrend_green:3;A_atr_expanding:3;B_bull_bos:5;B_fvg:4;B_supply_cleared:3;C_valid_vcp:8;C_vdu:5;C_chart_pattern:3;D_above_1x1:5
178,AARTIIND,Aarti Industries Limited,NSE,Basic Materials,Mid,29.39,469.75,NEUTRAL,No VCP,forming / still basing,Premium,ranging,6/8 (75%),20,9,5,15,49,EXCLUDE,A_rsi_45_65:5;A_bb_squeeze:4;A_obv_up:3;A_mfi_rising_low:3;A_ema_aligned:5;B_ob_support:5;B_fvg:4;C_vdu:5;D_above_1x1:5;D_time_cycle:4;D_octave_key:3;D_room_to_run:3
179,UNIVCABLES,Universal Cables Limited,NSE,Industrials,Small,36.59,1239.2,BULLISH,No VCP,AT PIVOT (actionable),Premium,bullish (HH/HL),8/8 (52w high),25,12,7,5,49,EXCLUDE,A_bb_squeeze:4;A_obv_up:3;A_cci_above0:2;A_macd_bull:5;A_ema_aligned:5;A_supertrend_green:3;A_atr_expanding:3;B_bull_bos:5;B_fvg:4;B_supply_cleared:3;C_3rd_leg:7;D_above_1x1:5
180,CEIGALL,Ceigall India Limited,NSE,Industrials,Mid,49.33,347.8,BULLISH,No VCP,forming / still basing,Premium,ranging,7/8 (exhaustion),20,12,8,9,49,EXCLUDE,A_rsi_45_65:5;A_stoch_cross_oversold:3;A_bb_squeeze:4;A_obv_up:3;A_ema_aligned:5;B_bull_bos:5;B_fvg:4;B_supply_cleared:3;C_vdu:5;C_chart_pattern:3;D_above_1x1:5;D_time_cycle:4
181,ACMESOLAR,Acme Solar Holdings Limited,NSE,Utilities,Large,54.13,334.75,BULLISH,No VCP,BROKEN OUT (fresh),Premium,ranging,8/8 (52w high),21,12,7,9,49,EXCLUDE,A_obv_up:3;A_cci_above0:2;A_macd_bull:5;A_ema_aligned:5;A_supertrend_green:3;A_atr_expanding:3;B_bull_bos:5;B_fvg:4;B_supply_cleared:3;C_3rd_leg:7;D_above_1x1:5;D_time_cycle:4
182,BHARATFORG,Bharat Forge Limited,NSE,Consumer Cyclical,Large,36.48,1902.9,BULLISH,No VCP,forming / still basing,Premium,bullish (HH/HL),7/8 (exhaustion),20,17,3,9,49,EXCLUDE,A_rsi_45_65:5;A_bb_squeeze:4;A_obv_up:3;A_ema_aligned:5;A_supertrend_green:3;B_bull_bos:5;B_discount_or_demand:5;B_fvg:4;B_supply_cleared:3;C_chart_pattern:3;D_above_1x1:5;D_time_cycle:4
183,VIVIMEDLAB,Vivimed Labs Limited,NSE,Healthcare,Micro,30.3,6.45,BEARISH,No VCP,forming / still basing,Discount,bearish (LH/LL),1/8,20,14,8,7,49,EXCLUDE,A_rsi_45_65:5;A_stoch_cross_oversold:3;A_bb_squeeze:4;A_macd_bull:5;A_atr_expanding:3;B_discount_or_demand:5;B_ob_support:5;B_fvg:4;C_vdu:5;C_chart_pattern:3;D_time_cycle:4;D_room_to_run:3
184,538668,Meghna Infracon Infrastructure Ltd,BSE,,Small,45.91,774.1,BULLISH,No VCP,BROKEN OUT (fresh),Premium,bullish (HH/HL),8/8 (52w high),17,17,10,5,49,EXCLUDE,A_bb_squeeze:4;A_obv_up:3;A_cci_above0:2;A_ema_aligned:5;A_supertrend_green:3;B_bull_bos:5;B_ob_support:5;B_fvg:4;B_supply_cleared:3;C_3rd_leg:7;C_chart_pattern:3;D_above_1x1:5
185,INDSWFTLAB,Ind-Swift Laboratories Limited,NSE,Healthcare,Small,73.96,162.1,BULLISH,No VCP,extended past pivot,Premium,ranging,8/8 (52w high),21,20,3,5,49,EXCLUDE,A_obv_up:3;A_cci_above0:2;A_macd_bull:5;A_ema_aligned:5;A_supertrend_green:3;A_atr_expanding:3;B_bull_bos:5;B_ob_support:5;B_fvg:4;B_liq_swept:3;B_supply_cleared:3;C_chart_pattern:3;D_above_1x1:5
186,IDEA,Vodafone Idea Limited,NSE,Communication Services,Large,32.58,14.16,BULLISH,No VCP,AT PIVOT (actionable),Premium,ranging,8/8 (52w high),13,17,10,9,49,EXCLUDE,A_obv_up:3;A_cci_above0:2;A_ema_aligned:5;A_supertrend_green:3;B_bull_bos:5;B_ob_support:5;B_fvg:4;B_supply_cleared:3;C_3rd_leg:7;C_chart_pattern:3;D_above_1x1:5;D_time_cycle:4
187,KSHITIJPOL,Kshitij Polyline Limited,NSE,Industrials,,127.63,5.19,BULLISH,No VCP,extended past pivot,Premium,bullish (HH/HL),8/8 (52w high),25,12,3,9,49,EXCLUDE,A_bb_squeeze:4;A_obv_up:3;A_cci_above0:2;A_macd_bull:5;A_ema_aligned:5;A_supertrend_green:3;A_atr_expanding:3;B_bull_bos:5;B_fvg:4;B_supply_cleared:3;C_chart_pattern:3;D_above_1x1:5;D_time_cycle:4
188,BIRLACABLE,Birla Cable Limited,NSE,Technology,Small,54.49,213.78,BULLISH,No VCP,extended past pivot,Premium,ranging,8/8 (52w high),25,12,3,9,49,EXCLUDE,A_obv_up:3;A_cci_above0:2;A_macd_bull:5;A_ema_aligned:5;A_adx_20_28:4;A_supertrend_green:3;A_atr_expanding:3;B_bull_bos:5;B_fvg:4;B_supply_cleared:3;C_chart_pattern:3;D_above_1x1:5;D_time_cycle:4
189,GRANULES,Granules India Limited,NSE,Healthcare,Mid,38.64,777.55,BULLISH,No VCP,AT PIVOT (actionable),Premium,bullish (HH/HL),8/8 (52w high),20,17,7,5,49,EXCLUDE,A_bb_squeeze:4;A_obv_up:3;A_cci_above0:2;A_ema_aligned:5;A_supertrend_green:3;A_atr_expanding:3;B_bull_bos:5;B_ob_support:5;B_fvg:4;B_supply_cleared:3;C_3rd_leg:7;D_above_1x1:5
190,543916,Hemant Surgical Industries Ltd,BSE,,Small,32.49,386.6,BULLISH,No VCP,forming / still basing,Premium,bullish (HH/HL),7/8 (exhaustion),18,17,5,9,49,EXCLUDE,A_rsi_45_65:5;A_obv_up:3;A_cci_above0:2;A_ema_aligned:5;A_supertrend_green:3;B_bull_bos:5;B_ob_support:5;B_fvg:4;B_supply_cleared:3;C_vdu:5;D_above_1x1:5;D_time_cycle:4
191,526570,Midwest Gold Ltd,BSE,,Mid,35.35,4616.9,BULLISH,No VCP,BROKEN OUT (fresh),Equilibrium,bullish (HH/HL),7/8 (exhaustion),25,13,10,0,48,EXCLUDE,A_rsi_45_65:5;A_bb_squeeze:4;A_obv_up:3;A_cci_above0:2;A_ema_aligned:5;A_supertrend_green:3;A_atr_expanding:3;B_bull_bos:5;B_ob_support:5;B_supply_cleared:3;C_3rd_leg:7;C_chart_pattern:3
192,MCL,Madhav Copper Limited,NSE,Basic Materials,,34.42,61.59,MILD BEARISH,No VCP,AT PIVOT (actionable),Discount,ranging,4/8 (50%),18,17,7,6,48,EXCLUDE,A_rsi_45_65:5;A_stoch_cross_oversold:3;A_bb_squeeze:4;A_mfi_rising_low:3;A_atr_expanding:3;B_bull_bos:5;B_discount_or_demand:5;B_fvg:4;B_liq_swept:3;C_3rd_leg:7;D_octave_key:3;D_room_to_run:3
193,NATIONALUM,National Aluminium Company Limited,NSE,Basic Materials,Large,61.88,434.4,BULLISH,No VCP,BROKEN OUT (fresh),Premium,bearish (LH/LL),8/8 (52w high),27,9,7,5,48,EXCLUDE,A_rsi_45_65:5;A_bb_squeeze:4;A_mfi_rising_low:3;A_cci_above0:2;A_macd_bull:5;A_ema_aligned:5;A_atr_expanding:3;B_bull_bos:5;B_fvg:4;C_3rd_leg:7;D_above_1x1:5
194,TATASTEEL,Tata Steel Limited,NSE,Basic Materials,Large,26.28,210.6,MILD BEARISH,No VCP,AT PIVOT (actionable),Premium,bearish (LH/LL),7/8 (exhaustion),20,12,7,9,48,EXCLUDE,A_rsi_45_65:5;A_bb_squeeze:4;A_obv_up:3;A_mfi_rising_low:3;A_ema_aligned:5;B_discount_or_demand:5;B_fvg:4;B_liq_swept:3;C_3rd_leg:7;D_above_1x1:5;D_time_cycle:4
195,HINDCOPPER,Hindustan Copper Limited,NSE,Basic Materials,Large,50.26,546.2,MILD BEARISH,No VCP,AT PIVOT (actionable),Equilibrium,bullish (HH/HL),5/8,14,12,15,7,48,EXCLUDE,A_rsi_45_65:5;A_bb_squeeze:4;A_ema_aligned:5;B_bull_bos:5;B_fvg:4;B_supply_cleared:3;C_3rd_leg:7;C_vdu:5;C_chart_pattern:3;D_time_cycle:4;D_room_to_run:3
196,STEELCAS,Steelcast Limited,NSE,Basic Materials,Small,26.6,273.5,MILD BEARISH,No VCP,forming / still basing,Premium,ranging,6/8 (75%),27,10,0,11,48,EXCLUDE,A_rsi_45_65:5;A_bb_squeeze:4;A_mfi_rising_low:3;A_ema_aligned:5;A_adx_20_28:4;A_supertrend_green:3;A_atr_expanding:3;B_fvg:4;B_liq_swept:3;B_supply_cleared:3;D_above_1x1:5;D_octave_key:3;D_room_to_run:3
197,SCHNEIDER,Schneider Electric Infrastructure Limited,NSE,Industrials,Large,56.79,1181.3,MILD BEARISH,No VCP,forming / still basing,Premium,bullish (HH/HL),6/8 (75%),16,17,0,15,48,EXCLUDE,A_bb_squeeze:4;A_obv_up:3;A_ema_aligned:5;A_adx_20_28:4;B_bull_bos:5;B_ob_support:5;B_fvg:4;B_supply_cleared:3;D_above_1x1:5;D_time_cycle:4;D_octave_key:3;D_room_to_run:3
198,SCI,Shipping Corporation Of India Limited,NSE,Industrials,Mid,32.52,302.7,MILD BEARISH,No VCP,forming / still basing,Premium,ranging,5/8,24,7,5,12,48,EXCLUDE,A_rsi_45_65:5;A_stoch_cross_oversold:3;A_bb_squeeze:4;A_mfi_rising_low:3;A_ema_aligned:5;A_adx_20_28:4;B_fvg:4;B_supply_cleared:3;C_vdu:5;D_above_1x1:5;D_time_cycle:4;D_room_to_run:3
199,POWERICA,Powerica Limited,NSE,Industrials,Mid,37.66,543.75,NEUTRAL,No VCP,forming / still basing,Premium,bullish (HH/HL),7/8 (exhaustion),17,17,5,9,48,EXCLUDE,A_rsi_45_65:5;A_bb_squeeze:4;A_cci_above0:2;A_supertrend_green:3;A_atr_expanding:3;B_bull_bos:5;B_ob_support:5;B_fvg:4;B_supply_cleared:3;C_vdu:5;D_above_1x1:5;D_time_cycle:4
200,YASHO,Yasho Industries Limited,NSE,Basic Materials,Small,37.34,2168.0,BULLISH,Moderate VCP,forming / still basing,Premium,bullish (HH/HL),8/8 (52w high),16,12,11,9,48,EXCLUDE,A_obv_up:3;A_cci_above0:2;A_ema_aligned:5;A_supertrend_green:3;A_atr_expanding:3;B_bull_bos:5;B_fvg:4;B_supply_cleared:3;C_valid_vcp:8;C_chart_pattern:3;D_above_1x1:5;D_time_cycle:4
201,ADFFOODS,ADF Foods Limited,NSE,Consumer Defensive,Small,34.06,273.15,MILD BULLISH,No VCP,forming / still basing,Premium,ranging,7/8 (exhaustion),19,15,5,9,48,EXCLUDE,A_rsi_45_65:5;A_bb_squeeze:4;A_cci_above0:2;A_ema_aligned:5;A_supertrend_green:3;B_bull_bos:5;B_fvg:4;B_liq_swept:3;B_supply_cleared:3;C_vdu:5;D_above_1x1:5;D_time_cycle:4
202,SIS,SIS LIMITED,NSE,Industrials,Mid,25.42,412.5,BULLISH,No VCP,BROKEN OUT (fresh),Premium,ranging,8/8 (52w high),20,12,7,9,48,EXCLUDE,A_bb_squeeze:4;A_obv_up:3;A_cci_above0:2;A_ema_aligned:5;A_supertrend_green:3;A_atr_expanding:3;B_bull_bos:5;B_fvg:4;B_supply_cleared:3;C_3rd_leg:7;D_above_1x1:5;D_time_cycle:4
203,ASTRAMICRO,Astra Microwave Products Limited,NSE,Technology,Mid,47.11,1323.8,BULLISH,No VCP,extended past pivot,Premium,ranging,7/8 (exhaustion),20,19,0,9,48,EXCLUDE,A_obv_up:3;A_cci_above0:2;A_ema_aligned:5;A_adx_20_28:4;A_supertrend_green:3;A_atr_expanding:3;B_bull_bos:5;B_discount_or_demand:5;B_ob_support:5;B_fvg:4;D_above_1x1:5;D_time_cycle:4
204,JINDALPOLY,Jindal Poly Films Limited,NSE,Consumer Cyclical,Small,28.56,655.15,BEARISH,No VCP,forming / still basing,Discount,ranging,4/8 (50%),10,15,8,15,48,EXCLUDE,A_bb_squeeze:4;A_mfi_rising_low:3;A_atr_expanding:3;B_discount_or_demand:5;B_fvg:4;B_liq_swept:3;B_supply_cleared:3;C_vdu:5;C_chart_pattern:3;D_above_1x1:5;D_time_cycle:4;D_octave_key:3;D_room_to_run:3
205,SKYGOLD,SKY GOLD AND DIAMONDS LIMITED,NSE,Consumer Cyclical,Mid,66.85,559.7,BULLISH,No VCP,BROKEN OUT (fresh),Premium,bullish (HH/HL),8/8 (52w high),21,12,10,5,48,EXCLUDE,A_obv_up:3;A_cci_above0:2;A_macd_bull:5;A_ema_aligned:5;A_supertrend_green:3;A_atr_expanding:3;B_bull_bos:5;B_fvg:4;B_supply_cleared:3;C_3rd_leg:7;C_chart_pattern:3;D_above_1x1:5
206,ELECTHERM,Electrotherm (India) Limited,NSE,Basic Materials,Small,25.61,1028.3,BULLISH,No VCP,extended past pivot,Premium,bearish (LH/LL),6/8 (75%),16,17,0,15,48,EXCLUDE,A_obv_up:3;A_cci_above0:2;A_macd_bull:5;A_supertrend_green:3;A_atr_expanding:3;B_bull_bos:5;B_ob_support:5;B_fvg:4;B_liq_swept:3;D_above_1x1:5;D_time_cycle:4;D_octave_key:3;D_room_to_run:3
207,SWANDEF,Swan Defence and Heavy Industries Limited,NSE,Industrials,Mid,78.45,2038.3,BULLISH,No VCP,BROKEN OUT (fresh),Premium,ranging,7/8 (exhaustion),25,12,7,4,48,EXCLUDE,A_rsi_45_65:5;A_bb_squeeze:4;A_obv_up:3;A_cci_above0:2;A_ema_aligned:5;A_supertrend_green:3;A_atr_expanding:3;B_bull_bos:5;B_fvg:4;B_supply_cleared:3;C_3rd_leg:7;D_time_cycle:4
208,ADANIPOWER,Adani Power Limited,NSE,Utilities,Large,65.3,235.93,BULLISH,No VCP,forming / still basing,Premium,ranging,8/8 (52w high),25,14,0,9,48,EXCLUDE,A_rsi_45_65:5;A_bb_squeeze:4;A_obv_up:3;A_cci_above0:2;A_ema_aligned:5;A_supertrend_green:3;A_atr_expanding:3;B_bull_bos:5;B_ob_support:5;B_fvg:4;D_above_1x1:5;D_time_cycle:4
209,PARKHOSPS,Park Medi World Limited,NSE,Healthcare,Mid,82.48,282.65,BULLISH,No VCP,BROKEN OUT (fresh),Premium,bullish (HH/HL),8/8 (52w high),11,17,15,5,48,EXCLUDE,A_obv_up:3;A_cci_above0:2;A_supertrend_green:3;A_atr_expanding:3;B_bull_bos:5;B_ob_support:5;B_fvg:4;B_supply_cleared:3;C_3rd_leg:7;C_vdu:5;C_chart_pattern:3;D_above_1x1:5
210,MODISONLTD,MODISON LIMITED,NSE,Industrials,Small,107.2,313.7,BULLISH,No VCP,extended past pivot,Premium,ranging,8/8 (52w high),21,17,0,9,47,EXCLUDE,A_obv_up:3;A_cci_above0:2;A_macd_bull:5;A_ema_aligned:5;A_supertrend_green:3;A_atr_expanding:3;B_bull_bos:5;B_ob_support:5;B_fvg:4;B_supply_cleared:3;D_above_1x1:5;D_time_cycle:4
211,INDOTECH,Indo Tech Transformers Limited,NSE,Industrials,Small,70.98,2722.8,MILD BULLISH,No VCP,AT PIVOT (actionable),Premium,ranging,7/8 (exhaustion),19,7,12,9,47,EXCLUDE,A_rsi_45_65:5;A_bb_squeeze:4;A_cci_above0:2;A_ema_aligned:5;A_atr_expanding:3;B_fvg:4;B_supply_cleared:3;C_3rd_leg:7;C_vdu:5;D_above_1x1:5;D_time_cycle:4
212,STEELXIND,STEEL EXCHANGE INDIA LIMITED,NSE,Basic Materials,Small,41.49,12.14,BULLISH,No VCP,extended past pivot,Premium,bullish (HH/HL),7/8 (exhaustion),21,17,0,9,47,EXCLUDE,A_obv_up:3;A_cci_above0:2;A_macd_bull:5;A_ema_aligned:5;A_supertrend_green:3;A_atr_expanding:3;B_bull_bos:5;B_ob_support:5;B_fvg:4;B_supply_cleared:3;D_above_1x1:5;D_time_cycle:4
213,500449,Hindustan Organic Chemicals Ltd,BSE,,Micro,36.35,41.26,BULLISH,No VCP,extended past pivot,Premium,bullish (HH/HL),7/8 (exhaustion),16,22,0,9,47,EXCLUDE,A_obv_up:3;A_cci_above0:2;A_ema_aligned:5;A_supertrend_green:3;A_atr_expanding:3;B_bull_bos:5;B_discount_or_demand:5;B_ob_support:5;B_fvg:4;B_supply_cleared:3;D_above_1x1:5;D_time_cycle:4
214,519477,CIAN Agro Industries & Infrastructure Ltd,BSE,,Small,33.0,1492.55,BULLISH,No VCP,forming / still basing,Premium,bullish (HH/HL),3/8,27,9,3,8,47,EXCLUDE,A_rsi_45_65:5;A_bb_squeeze:4;A_obv_up:3;A_ema_aligned:5;A_adx_20_28:4;A_supertrend_green:3;A_atr_expanding:3;B_bull_bos:5;B_fvg:4;C_chart_pattern:3;D_above_1x1:5;D_room_to_run:3
215,NSLNISP,NMDC Steel Limited,NSE,Basic Materials,Mid,27.77,52.55,BULLISH,No VCP,extended past pivot,Premium,bullish (HH/HL),8/8 (52w high),21,17,0,9,47,EXCLUDE,A_obv_up:3;A_cci_above0:2;A_macd_bull:5;A_ema_aligned:5;A_supertrend_green:3;A_atr_expanding:3;B_bull_bos:5;B_ob_support:5;B_fvg:4;B_supply_cleared:3;D_above_1x1:5;D_time_cycle:4
216,PRECWIRE,Precision Wires India Limited,NSE,Industrials,Mid,79.76,428.45,BULLISH,No VCP,forming / still basing,Premium,bullish (HH/HL),7/8 (exhaustion),29,4,5,9,47,EXCLUDE,A_rsi_45_65:5;A_bb_squeeze:4;A_obv_up:3;A_cci_above0:2;A_ema_aligned:5;A_adx_20_28:4;A_supertrend_green:3;A_atr_expanding:3;B_fvg:4;C_vdu:5;D_above_1x1:5;D_time_cycle:4
217,DREDGECORP,Dredging Corporation of India Limited,NSE,Industrials,Small,38.92,1223.3,BULLISH,No VCP,extended past pivot,Premium,bearish (LH/LL),8/8 (52w high),25,17,0,5,47,EXCLUDE,A_obv_up:3;A_cci_above0:2;A_macd_bull:5;A_ema_aligned:5;A_adx_20_28:4;A_supertrend_green:3;A_atr_expanding:3;B_bull_bos:5;B_ob_support:5;B_fvg:4;B_supply_cleared:3;D_above_1x1:5
218,GULPOLY,Gulshan Polyols Limited,NSE,Basic Materials,Small,31.26,183.03,MILD BULLISH,No VCP,forming / still basing,Premium,bullish (HH/HL),6/8 (75%),20,7,8,11,46,EXCLUDE,A_rsi_45_65:5;A_stoch_cross_oversold:3;A_bb_squeeze:4;A_mfi_rising_low:3;A_ema_aligned:5;B_fvg:4;B_liq_swept:3;C_vdu:5;C_chart_pattern:3;D_above_1x1:5;D_octave_key:3;D_room_to_run:3
219,539132,Wardwizard Foods and Beverages Ltd,BSE,,Micro,30.97,11.8,MILD BULLISH,No VCP,forming / still basing,Premium,bullish (HH/HL),7/8 (exhaustion),20,17,5,4,46,EXCLUDE,A_rsi_45_65:5;A_bb_squeeze:4;A_mfi_rising_low:3;A_ema_aligned:5;A_supertrend_green:3;B_bull_bos:5;B_ob_support:5;B_fvg:4;B_supply_cleared:3;C_vdu:5;D_time_cycle:4
220,NITTAGELA,Nitta Gelatin India Limited,NSE,Basic Materials,Small,77.43,1642.0,NEUTRAL,No VCP,AT PIVOT (actionable),Premium,ranging,8/8 (52w high),13,17,7,9,46,EXCLUDE,A_bb_squeeze:4;A_obv_up:3;A_supertrend_green:3;A_atr_expanding:3;B_bull_bos:5;B_ob_support:5;B_fvg:4;B_supply_cleared:3;C_3rd_leg:7;D_above_1x1:5;D_time_cycle:4
221,WHEELS,Wheels India Limited,NSE,Consumer Cyclical,Small,83.24,1517.9,BULLISH,No VCP,forming / still basing,Premium,bullish (HH/HL),7/8 (exhaustion),21,12,8,5,46,EXCLUDE,A_rsi_45_65:5;A_obv_up:3;A_cci_above0:2;A_ema_aligned:5;A_supertrend_green:3;A_atr_expanding:3;B_bull_bos:5;B_fvg:4;B_supply_cleared:3;C_vdu:5;C_chart_pattern:3;D_above_1x1:5
222,SBC,SBC Exports Limited,NSE,Industrials,Small,35.83,36.81,BULLISH,No VCP,forming / still basing,Premium,bullish (HH/HL),7/8 (exhaustion),25,14,3,4,46,EXCLUDE,A_rsi_45_65:5;A_mfi_rising_low:3;A_cci_above0:2;A_ema_aligned:5;A_adx_20_28:4;A_supertrend_green:3;A_atr_expanding:3;B_bull_bos:5;B_discount_or_demand:5;B_fvg:4;C_chart_pattern:3;D_time_cycle:4
223,CALSOFT,California Software Company Limited,NSE,Technology,Micro,34.71,22.12,BULLISH,No VCP,forming / still basing,Premium,bullish (HH/HL),6/8 (75%),23,9,3,11,46,EXCLUDE,A_rsi_45_65:5;A_stoch_cross_oversold:3;A_bb_squeeze:4;A_mfi_rising_low:3;A_ema_aligned:5;A_atr_expanding:3;B_bull_bos:5;B_fvg:4;C_chart_pattern:3;D_above_1x1:5;D_octave_key:3;D_room_to_run:3
224,ONELIFECAP,Onelife Capital Advisors Limited,NSE,Financial Services,Micro,85.39,27.53,BULLISH,No VCP,forming / still basing,Premium,bullish (HH/HL),7/8 (exhaustion),16,17,8,5,46,EXCLUDE,A_obv_up:3;A_cci_above0:2;A_ema_aligned:5;A_supertrend_green:3;A_atr_expanding:3;B_bull_bos:5;B_discount_or_demand:5;B_fvg:4;B_supply_cleared:3;C_vdu:5;C_chart_pattern:3;D_above_1x1:5
225,IFCI,IFCI Limited,NSE,Financial Services,Mid,45.08,71.64,BULLISH,No VCP,extended past pivot,Premium,bullish (HH/HL),8/8 (52w high),21,17,3,5,46,EXCLUDE,A_obv_up:3;A_cci_above0:2;A_macd_bull:5;A_ema_aligned:5;A_supertrend_green:3;A_atr_expanding:3;B_bull_bos:5;B_ob_support:5;B_fvg:4;B_supply_cleared:3;C_chart_pattern:3;D_above_1x1:5
226,SANSTAR,Sanstar Limited,NSE,Basic Materials,Small,30.37,115.77,BULLISH,No VCP,AT PIVOT (actionable),Premium,bullish (HH/HL),7/8 (exhaustion),21,9,7,9,46,EXCLUDE,A_rsi_45_65:5;A_obv_up:3;A_cci_above0:2;A_ema_aligned:5;A_supertrend_green:3;A_atr_expanding:3;B_bull_bos:5;B_fvg:4;C_3rd_leg:7;D_above_1x1:5;D_time_cycle:4
227,WELCORP,Welspun Corp Limited,NSE,Basic Materials,Large,67.77,1386.8,BULLISH,No VCP,BROKEN OUT (fresh),Premium,bullish (HH/HL),8/8 (52w high),20,14,7,5,46,EXCLUDE,A_bb_squeeze:4;A_obv_up:3;A_mfi_rising_low:3;A_cci_above0:2;A_ema_aligned:5;A_supertrend_green:3;B_bull_bos:5;B_ob_support:5;B_fvg:4;C_3rd_leg:7;D_above_1x1:5
228,THANGAMAYL,Thangamayil Jewellery Limited,NSE,Consumer Cyclical,Mid,41.64,4590.7,BULLISH,No VCP,extended past pivot,Premium,bearish (LH/LL),8/8 (52w high),21,17,3,5,46,EXCLUDE,A_obv_up:3;A_cci_above0:2;A_macd_bull:5;A_ema_aligned:5;A_supertrend_green:3;A_atr_expanding:3;B_bull_bos:5;B_ob_support:5;B_fvg:4;B_supply_cleared:3;C_chart_pattern:3;D_above_1x1:5
229,HARDWYN,Hardwyn India Limited,NSE,Industrials,Small,48.95,25.44,MILD BULLISH,No VCP,AT PIVOT (actionable),Premium,ranging,7/8 (exhaustion),19,14,7,5,45,EXCLUDE,A_rsi_45_65:5;A_bb_squeeze:4;A_cci_above0:2;A_ema_aligned:5;A_atr_expanding:3;B_bull_bos:5;B_ob_support:5;B_fvg:4;C_3rd_leg:7;D_above_1x1:5
230,542046,Vivid Mercantile Ltd,BSE,,Micro,41.4,7.07,BEARISH,No VCP,AT PIVOT (actionable),Premium,bearish (LH/LL),6/8 (75%),19,3,12,11,45,EXCLUDE,A_rsi_45_65:5;A_bb_squeeze:4;A_mfi_rising_low:3;A_adx_20_28:4;A_atr_expanding:3;B_liq_swept:3;C_3rd_leg:7;C_vdu:5;D_above_1x1:5;D_octave_key:3;D_room_to_run:3
231,SUVEN,Suven Life Sciences Limited,NSE,Healthcare,Mid,61.71,275.2,BULLISH,No VCP,extended past pivot,Premium,ranging,7/8 (exhaustion),19,17,0,9,45,EXCLUDE,A_stoch_cross_oversold:3;A_obv_up:3;A_cci_above0:2;A_ema_aligned:5;A_supertrend_green:3;A_atr_expanding:3;B_bull_bos:5;B_ob_support:5;B_fvg:4;B_supply_cleared:3;D_above_1x1:5;D_time_cycle:4
232,VIDYAWIRES,Vidya Wires Limited,NSE,Industrials,Small,106.55,109.16,BULLISH,No VCP,extended past pivot,Premium,bullish (HH/HL),8/8 (52w high),16,17,3,9,45,EXCLUDE,A_obv_up:3;A_cci_above0:2;A_macd_bull:5;A_supertrend_green:3;A_atr_expanding:3;B_bull_bos:5;B_ob_support:5;B_fvg:4;B_supply_cleared:3;C_chart_pattern:3;D_above_1x1:5;D_time_cycle:4
233,SIGMAADV,SIGMA ADVANCED SYSTEMS LIMITED,NSE,Industrials,Mid,113.52,416.1,BULLISH,Moderate VCP,extended past pivot,Premium,bullish (HH/HL),8/8 (52w high),16,12,8,9,45,EXCLUDE,A_obv_up:3;A_cci_above0:2;A_ema_aligned:5;A_supertrend_green:3;A_atr_expanding:3;B_bull_bos:5;B_fvg:4;B_supply_cleared:3;C_valid_vcp:8;D_above_1x1:5;D_time_cycle:4
234,KPL,Kwality Pharmaceuticals Limited,NSE,,Small,40.02,2298.8,NEUTRAL,No VCP,extended past pivot,Premium,ranging,8/8 (52w high),14,17,5,9,45,EXCLUDE,A_rsi_45_65:5;A_obv_up:3;A_supertrend_green:3;A_atr_expanding:3;B_bull_bos:5;B_ob_support:5;B_fvg:4;B_supply_cleared:3;C_vdu:5;D_above_1x1:5;D_time_cycle:4
235,VINDHYATEL,Vindhya Telelinks Limited,NSE,Industrials,Small,43.95,2117.9,BULLISH,No VCP,extended past pivot,Premium,bullish (HH/HL),7/8 (exhaustion),16,17,3,9,45,EXCLUDE,A_obv_up:3;A_cci_above0:2;A_ema_aligned:5;A_supertrend_green:3;A_atr_expanding:3;B_bull_bos:5;B_ob_support:5;B_fvg:4;B_supply_cleared:3;C_chart_pattern:3;D_above_1x1:5;D_time_cycle:4
236,PREMIERPOL,Premier Polyfilm Limited,NSE,Basic Materials,Small,25.31,55.85,BULLISH,No VCP,forming / still basing,Premium,bullish (HH/HL),5/8,30,7,0,8,45,EXCLUDE,A_rsi_45_65:5;A_stoch_cross_oversold:3;A_bb_squeeze:4;A_mfi_rising_low:3;A_cci_above0:2;A_macd_bull:5;A_ema_aligned:5;A_supertrend_green:3;B_fvg:4;B_supply_cleared:3;D_above_1x1:5;D_room_to_run:3
237,PARACABLES,Paramount Communications Limited,NSE,Technology,Small,81.74,65.9,BULLISH,No VCP,forming / still basing,Premium,bullish (HH/HL),8/8 (52w high),16,17,3,9,45,EXCLUDE,A_obv_up:3;A_cci_above0:2;A_ema_aligned:5;A_supertrend_green:3;A_atr_expanding:3;B_bull_bos:5;B_ob_support:5;B_fvg:4;B_supply_cleared:3;C_chart_pattern:3;D_above_1x1:5;D_time_cycle:4
238,AGIIL,Agi Infra Limited,NSE,Real Estate,Small,40.99,381.6,BULLISH,No VCP,AT PIVOT (actionable),Premium,ranging,7/8 (exhaustion),23,7,15,0,45,EXCLUDE,A_rsi_45_65:5;A_stoch_cross_oversold:3;A_bb_squeeze:4;A_mfi_rising_low:3;A_ema_aligned:5;A_supertrend_green:3;B_fvg:4;B_liq_swept:3;C_3rd_leg:7;C_vdu:5;C_chart_pattern:3
239,GROWW,Billionbrains Garage Ventures Limited,NSE,Financial Services,Large,26.21,190.81,BEARISH,No VCP,AT PIVOT (actionable),Premium,ranging,6/8 (75%),12,7,15,11,45,EXCLUDE,A_rsi_45_65:5;A_bb_squeeze:4;A_mfi_rising_low:3;B_fvg:4;B_supply_cleared:3;C_3rd_leg:7;C_vdu:5;C_chart_pattern:3;D_above_1x1:5;D_octave_key:3;D_room_to_run:3
240,GUJALKALI,Gujarat Alkalies and Chemicals Limited,NSE,Basic Materials,Small,28.65,664.85,BEARISH,No VCP,forming / still basing,Premium,bearish (LH/LL),6/8 (75%),19,7,8,11,45,EXCLUDE,A_stoch_cross_oversold:3;A_bb_squeeze:4;A_mfi_rising_low:3;A_ema_aligned:5;A_adx_20_28:4;B_fvg:4;B_supply_cleared:3;C_vdu:5;C_chart_pattern:3;D_above_1x1:5;D_octave_key:3;D_room_to_run:3
241,FCL,Fineotex Chemical Limited,NSE,Basic Materials,Small,69.78,42.36,BULLISH,No VCP,extended past pivot,Premium,bullish (HH/HL),8/8 (52w high),16,17,3,9,45,EXCLUDE,A_obv_up:3;A_cci_above0:2;A_ema_aligned:5;A_supertrend_green:3;A_atr_expanding:3;B_bull_bos:5;B_ob_support:5;B_fvg:4;B_supply_cleared:3;C_chart_pattern:3;D_above_1x1:5;D_time_cycle:4
242,E2E,E2E Networks Limited,NSE,Technology,,101.85,4324.4,BULLISH,No VCP,extended past pivot,Premium,bullish (HH/HL),8/8 (52w high),21,12,3,9,45,EXCLUDE,A_obv_up:3;A_cci_above0:2;A_macd_bull:5;A_ema_aligned:5;A_supertrend_green:3;A_atr_expanding:3;B_bull_bos:5;B_fvg:4;B_supply_cleared:3;C_chart_pattern:3;D_above_1x1:5;D_time_cycle:4
243,MANAKALUCO,Manaksia Aluminium Company Limited,NSE,Basic Materials,Micro,47.22,35.42,NEUTRAL,No VCP,forming / still basing,Discount,bearish (LH/LL),3/8,23,9,0,12,44,EXCLUDE,A_rsi_45_65:5;A_bb_squeeze:4;A_obv_up:3;A_cci_above0:2;A_ema_aligned:5;A_adx_20_28:4;B_discount_or_demand:5;B_fvg:4;D_above_1x1:5;D_time_cycle:4;D_room_to_run:3
244,KRISHNADEF,Krishna Defence And Allied Industries Limited,NSE,Industrials,,54.89,1148.8,BULLISH,No VCP,forming / still basing,Premium,ranging,6/8 (75%),21,9,3,11,44,EXCLUDE,A_rsi_45_65:5;A_bb_squeeze:4;A_ema_aligned:5;A_adx_20_28:4;A_supertrend_green:3;B_bull_bos:5;B_fvg:4;C_chart_pattern:3;D_above_1x1:5;D_octave_key:3;D_room_to_run:3
245,544023,Kalyani Cast-Tech Ltd,BSE,,Micro,27.67,605.2,BEARISH,No VCP,forming / still basing,Premium,ranging,6/8 (75%),22,7,0,15,44,EXCLUDE,A_bb_squeeze:4;A_mfi_rising_low:3;A_ema_aligned:5;A_adx_20_28:4;A_supertrend_green:3;A_atr_expanding:3;B_fvg:4;B_supply_cleared:3;D_above_1x1:5;D_time_cycle:4;D_octave_key:3;D_room_to_run:3
246,HALDYNGL,Haldyn Glass Limited,NSE,,Small,26.41,111.62,NEUTRAL,No VCP,forming / still basing,Premium,ranging,7/8 (exhaustion),18,12,5,9,44,EXCLUDE,A_rsi_45_65:5;A_bb_squeeze:4;A_obv_up:3;A_supertrend_green:3;A_atr_expanding:3;B_ob_support:5;B_fvg:4;B_supply_cleared:3;C_vdu:5;D_above_1x1:5;D_time_cycle:4
247,RRKABEL,R R Kabel Limited,NSE,Industrials,Large,46.13,2023.8,BULLISH,No VCP,BROKEN OUT (fresh),Premium,bullish (HH/HL),8/8 (52w high),20,12,7,5,44,EXCLUDE,A_stoch_cross_oversold:3;A_bb_squeeze:4;A_cci_above0:2;A_ema_aligned:5;A_supertrend_green:3;A_atr_expanding:3;B_bull_bos:5;B_fvg:4;B_supply_cleared:3;C_3rd_leg:7;D_above_1x1:5
248,NRBBEARING,NRB Bearing Limited,NSE,Consumer Cyclical,Small,26.76,356.45,BULLISH,No VCP,forming / still basing,Premium,bullish (HH/HL),7/8 (exhaustion),15,12,8,9,44,EXCLUDE,A_rsi_45_65:5;A_cci_above0:2;A_ema_aligned:5;A_supertrend_green:3;B_bull_bos:5;B_fvg:4;B_supply_cleared:3;C_vdu:5;C_chart_pattern:3;D_above_1x1:5;D_time_cycle:4
249,539730,Fredun Pharmaceuticals Ltd,BSE,,Small,27.87,2396.35,MILD BULLISH,No VCP,forming / still basing,Premium,bullish (HH/HL),8/8 (52w high),32,12,0,0,44,EXCLUDE,A_rsi_45_65:5;A_stoch_cross_oversold:3;A_bb_squeeze:4;A_mfi_rising_low:3;A_cci_above0:2;A_ema_aligned:5;A_adx_20_28:4;A_supertrend_green:3;A_atr_expanding:3;B_bull_bos:5;B_fvg:4;B_supply_cleared:3
250,MTARTECH,Mtar Technologies Limited,NSE,Industrials,Large,202.7,7216.0,MILD BULLISH,No VCP,forming / still basing,Premium,bullish (HH/HL),7/8 (exhaustion),23,12,0,9,44,EXCLUDE,A_rsi_45_65:5;A_bb_squeeze:4;A_mfi_rising_low:3;A_ema_aligned:5;A_supertrend_green:3;A_atr_expanding:3;B_bull_bos:5;B_fvg:4;B_supply_cleared:3;D_above_1x1:5;D_time_cycle:4
251,DIACABS,Diamond Power Infrastructure Limited,NSE,Industrials,Mid,35.92,194.65,MILD BULLISH,No VCP,forming / still basing,Premium,bullish (HH/HL),7/8 (exhaustion),22,17,0,5,44,EXCLUDE,A_rsi_45_65:5;A_bb_squeeze:4;A_cci_above0:2;A_ema_aligned:5;A_supertrend_green:3;A_atr_expanding:3;B_discount_or_demand:5;B_ob_support:5;B_fvg:4;B_supply_cleared:3;D_above_1x1:5
252,AETHER,Aether Industries Limited,NSE,Basic Materials,Mid,29.37,1098.7,NEUTRAL,No VCP,forming / still basing,Premium,ranging,6/8 (75%),20,12,5,6,43,EXCLUDE,A_rsi_45_65:5;A_obv_up:3;A_mfi_rising_low:3;A_ema_aligned:5;A_adx_20_28:4;B_bull_bos:5;B_fvg:4;B_supply_cleared:3;C_vdu:5;D_octave_key:3;D_room_to_run:3
253,APEX,Apex Frozen Foods Limited,NSE,Consumer Defensive,Small,65.34,441.2,NEUTRAL,No VCP,forming / still basing,Premium,bearish (LH/LL),7/8 (exhaustion),26,7,5,5,43,EXCLUDE,A_rsi_45_65:5;A_stoch_cross_oversold:3;A_bb_squeeze:4;A_obv_up:3;A_mfi_rising_low:3;A_ema_aligned:5;A_supertrend_green:3;B_fvg:4;B_supply_cleared:3;C_vdu:5;D_above_1x1:5
254,DECNGOLD,Deccan Gold Mines Limited,NSE,,Small,37.94,165.8,BULLISH,No VCP,forming / still basing,Premium,ranging,7/8 (exhaustion),9,22,3,9,43,EXCLUDE,A_obv_up:3;A_supertrend_green:3;A_atr_expanding:3;B_bull_bos:5;B_discount_or_demand:5;B_ob_support:5;B_fvg:4;B_supply_cleared:3;C_chart_pattern:3;D_above_1x1:5;D_time_cycle:4
255,VENUSREM,Venus Remedies Limited,NSE,Healthcare,Small,84.99,1411.3,BULLISH,No VCP,extended past pivot,Premium,bearish (LH/LL),8/8 (52w high),21,17,0,5,43,EXCLUDE,A_obv_up:3;A_cci_above0:2;A_macd_bull:5;A_ema_aligned:5;A_supertrend_green:3;A_atr_expanding:3;B_bull_bos:5;B_ob_support:5;B_fvg:4;B_supply_cleared:3;D_above_1x1:5
256,CPPLUS,Aditya Infotech Limited,NSE,Industrials,Large,112.56,3213.7,BULLISH,No VCP,extended past pivot,Premium,ranging,8/8 (52w high),21,17,0,5,43,EXCLUDE,A_obv_up:3;A_cci_above0:2;A_macd_bull:5;A_ema_aligned:5;A_supertrend_green:3;A_atr_expanding:3;B_bull_bos:5;B_ob_support:5;B_fvg:4;B_supply_cleared:3;D_above_1x1:5
257,ELPROINTL,Elpro International Limited,NSE,,Small,55.94,167.65,NEUTRAL,No VCP,AT PIVOT (actionable),Premium,ranging,7/8 (exhaustion),10,12,12,9,43,EXCLUDE,A_bb_squeeze:4;A_obv_up:3;A_supertrend_green:3;B_bull_bos:5;B_fvg:4;B_supply_cleared:3;C_3rd_leg:7;C_vdu:5;D_above_1x1:5;D_time_cycle:4
258,SGMART,SG Mart Limited,NSE,Industrials,Mid,68.3,578.2,MILD BEARISH,No VCP,forming / still basing,Premium,bullish (HH/HL),7/8 (exhaustion),12,17,5,9,43,EXCLUDE,A_rsi_45_65:5;A_bb_squeeze:4;A_supertrend_green:3;B_discount_or_demand:5;B_ob_support:5;B_fvg:4;B_supply_cleared:3;C_vdu:5;D_above_1x1:5;D_time_cycle:4
259,NLCINDIA,NLC India Limited,NSE,Utilities,Large,45.93,349.1,BULLISH,No VCP,AT PIVOT (actionable),Premium,bullish (HH/HL),7/8 (exhaustion),15,7,12,9,43,EXCLUDE,A_rsi_45_65:5;A_cci_above0:2;A_ema_aligned:5;A_supertrend_green:3;B_fvg:4;B_supply_cleared:3;C_3rd_leg:7;C_vdu:5;D_above_1x1:5;D_time_cycle:4
260,ARFIN,Arfin India Limited,NSE,Basic Materials,Small,49.5,90.85,NEUTRAL,No VCP,forming / still basing,Premium,bearish (LH/LL),7/8 (exhaustion),27,7,0,9,43,EXCLUDE,A_rsi_45_65:5;A_bb_squeeze:4;A_obv_up:3;A_mfi_rising_low:3;A_ema_aligned:5;A_adx_20_28:4;A_supertrend_green:3;B_fvg:4;B_supply_cleared:3;D_above_1x1:5;D_time_cycle:4
261,524520,KMC Speciality Hospitals (India) Ltd,BSE,,Small,53.42,115.0,BULLISH,No VCP,extended past pivot,Premium,bullish (HH/HL),8/8 (52w high),21,17,0,5,43,EXCLUDE,A_obv_up:3;A_cci_above0:2;A_macd_bull:5;A_ema_aligned:5;A_supertrend_green:3;A_atr_expanding:3;B_bull_bos:5;B_ob_support:5;B_fvg:4;B_supply_cleared:3;D_above_1x1:5
262,BLISSGVS,Bliss GVS Pharma Limited,NSE,Healthcare,Small,167.86,434.45,BULLISH,No VCP,extended past pivot,Premium,bullish (HH/HL),8/8 (52w high),21,17,0,5,43,EXCLUDE,A_obv_up:3;A_cci_above0:2;A_macd_bull:5;A_ema_aligned:5;A_supertrend_green:3;A_atr_expanding:3;B_bull_bos:5;B_ob_support:5;B_fvg:4;B_supply_cleared:3;D_above_1x1:5
263,APOLLOPIPE,Apollo Pipes Limited,NSE,Industrials,Small,63.77,478.85,MILD BULLISH,No VCP,forming / still basing,Premium,bullish (HH/HL),7/8 (exhaustion),17,12,5,9,43,EXCLUDE,A_rsi_45_65:5;A_bb_squeeze:4;A_ema_aligned:5;A_supertrend_green:3;B_bull_bos:5;B_fvg:4;B_supply_cleared:3;C_vdu:5;D_above_1x1:5;D_time_cycle:4
264,CMPDI,Central Mine Planning & Design Institute Limited,NSE,Basic Materials,Mid,51.0,235.55,NEUTRAL,No VCP,forming / still basing,Premium,ranging,7/8 (exhaustion),20,12,5,5,42,EXCLUDE,A_rsi_45_65:5;A_bb_squeeze:4;A_obv_up:3;A_mfi_rising_low:3;A_cci_above0:2;A_supertrend_green:3;B_bull_bos:5;B_fvg:4;B_supply_cleared:3;C_vdu:5;D_above_1x1:5
265,ADVAIT,Advait Energy Transitions Limited,NSE,Industrials,Small,41.19,1972.4,MILD BEARISH,No VCP,forming / still basing,Premium,bullish (HH/HL),6/8 (75%),19,8,0,15,42,EXCLUDE,A_rsi_45_65:5;A_bb_squeeze:4;A_mfi_rising_low:3;A_adx_20_28:4;A_supertrend_green:3;B_ob_support:5;B_supply_cleared:3;D_above_1x1:5;D_time_cycle:4;D_octave_key:3;D_room_to_run:3
266,SBCL,Shivalik Bimetal Controls Limited,NSE,Industrials,Small,67.17,734.55,BULLISH,No VCP,forming / still basing,Premium,bullish (HH/HL),7/8 (exhaustion),13,17,3,9,42,EXCLUDE,A_obv_up:3;A_cci_above0:2;A_ema_aligned:5;A_supertrend_green:3;B_bull_bos:5;B_ob_support:5;B_fvg:4;B_supply_cleared:3;C_chart_pattern:3;D_above_1x1:5;D_time_cycle:4
267,KSHINTL,KSH International Limited,NSE,Industrials,Mid,137.26,814.75,BULLISH,No VCP,AT PIVOT (actionable),Premium,ranging,8/8 (52w high),11,12,10,9,42,EXCLUDE,A_obv_up:3;A_cci_above0:2;A_supertrend_green:3;A_atr_expanding:3;B_bull_bos:5;B_fvg:4;B_supply_cleared:3;C_3rd_leg:7;C_chart_pattern:3;D_above_1x1:5;D_time_cycle:4
268,EBGNG,GNG Electronics Limited,NSE,Technology,Mid,40.04,441.4,MILD BULLISH,No VCP,forming / still basing,Premium,ranging,7/8 (exhaustion),19,9,5,9,42,EXCLUDE,A_rsi_45_65:5;A_bb_squeeze:4;A_cci_above0:2;A_ema_aligned:5;A_supertrend_green:3;B_bull_bos:5;B_fvg:4;C_vdu:5;D_above_1x1:5;D_time_cycle:4
269,TDPOWERSYS,TD Power Systems Limited,NSE,Industrials,Mid,77.26,1235.0,NEUTRAL,No VCP,forming / still basing,Premium,bullish (HH/HL),7/8 (exhaustion),20,17,0,5,42,EXCLUDE,A_rsi_45_65:5;A_bb_squeeze:4;A_ema_aligned:5;A_supertrend_green:3;A_atr_expanding:3;B_bull_bos:5;B_discount_or_demand:5;B_fvg:4;B_supply_cleared:3;D_above_1x1:5
270,GAUDIUMIVF,Gaudium IVF and Women Health Limited,NSE,Healthcare,Small,39.13,112.39,BEARISH,No VCP,forming / still basing,Premium,bearish (LH/LL),6/8 (75%),15,7,5,15,42,EXCLUDE,A_rsi_45_65:5;A_bb_squeeze:4;A_obv_up:3;A_supertrend_green:3;B_fvg:4;B_supply_cleared:3;C_vdu:5;D_above_1x1:5;D_time_cycle:4;D_octave_key:3;D_room_to_run:3
271,RUBICON,Rubicon Research Limited,NSE,Healthcare,Large,106.48,1302.6,BULLISH,No VCP,extended past pivot,Premium,bullish (HH/HL),8/8 (52w high),16,17,0,9,42,EXCLUDE,A_obv_up:3;A_cci_above0:2;A_macd_bull:5;A_supertrend_green:3;A_atr_expanding:3;B_bull_bos:5;B_ob_support:5;B_fvg:4;B_supply_cleared:3;D_above_1x1:5;D_time_cycle:4
272,SOLARINDS,Solar Industries India Limited,NSE,Basic Materials,Large,43.43,18386.0,BULLISH,No VCP,AT PIVOT (actionable),Premium,ranging,8/8 (52w high),10,17,10,5,42,EXCLUDE,A_cci_above0:2;A_ema_aligned:5;A_supertrend_green:3;B_bull_bos:5;B_ob_support:5;B_fvg:4;B_supply_cleared:3;C_3rd_leg:7;C_chart_pattern:3;D_above_1x1:5
273,LENSKART,Lenskart Solutions Limited,NSE,Healthcare,Large,28.34,524.2,MILD BULLISH,No VCP,AT PIVOT (actionable),Premium,ranging,7/8 (exhaustion),13,7,12,9,41,EXCLUDE,A_rsi_45_65:5;A_obv_up:3;A_cci_above0:2;A_supertrend_green:3;B_fvg:4;B_supply_cleared:3;C_3rd_leg:7;C_vdu:5;D_above_1x1:5;D_time_cycle:4
274,AYE,Aye Finance Limited,NSE,Financial Services,Small,26.45,163.98,BULLISH,No VCP,extended past pivot,Premium,ranging,8/8 (52w high),20,12,0,9,41,EXCLUDE,A_bb_squeeze:4;A_obv_up:3;A_cci_above0:2;A_macd_bull:5;A_supertrend_green:3;A_atr_expanding:3;B_bull_bos:5;B_fvg:4;B_supply_cleared:3;D_above_1x1:5;D_time_cycle:4
275,CLEANMAX,Clean Max Enviro Energy Solutions Limited,NSE,Utilities,Mid,31.06,1123.8,MILD BEARISH,No VCP,forming / still basing,Premium,ranging,5/8,9,12,8,12,41,EXCLUDE,A_rsi_45_65:5;A_bb_squeeze:4;B_bull_bos:5;B_fvg:4;B_supply_cleared:3;C_vdu:5;C_chart_pattern:3;D_above_1x1:5;D_time_cycle:4;D_room_to_run:3
276,KOVAI,Kovai Medical Center & Hospital Limited,NSE,Healthcare,Mid,107.32,5342.0,MILD BEARISH,No VCP,AT PIVOT (actionable),Premium,bearish (LH/LL),7/8 (exhaustion),15,10,7,9,41,EXCLUDE,A_rsi_45_65:5;A_bb_squeeze:4;A_mfi_rising_low:3;A_supertrend_green:3;B_fvg:4;B_liq_swept:3;B_supply_cleared:3;C_3rd_leg:7;D_above_1x1:5;D_time_cycle:4
277,534755,Trio Mercantile & Trading Ltd,BSE,,Micro,158.57,1.81,BULLISH,No VCP,extended past pivot,Premium,ranging,8/8 (52w high),21,12,3,5,41,EXCLUDE,A_obv_up:3;A_cci_above0:2;A_macd_bull:5;A_ema_aligned:5;A_supertrend_green:3;A_atr_expanding:3;B_bull_bos:5;B_fvg:4;B_supply_cleared:3;C_chart_pattern:3;D_above_1x1:5
278,NELCAST,Nelcast Limited,NSE,Industrials,Small,29.62,139.87,BULLISH,No VCP,forming / still basing,Premium,bullish (HH/HL),5/8,23,10,0,8,41,EXCLUDE,A_rsi_45_65:5;A_bb_squeeze:4;A_obv_up:3;A_mfi_rising_low:3;A_ema_aligned:5;A_supertrend_green:3;B_fvg:4;B_liq_swept:3;B_supply_cleared:3;D_above_1x1:5;D_room_to_run:3
279,TARIL,Transformers And Rectifiers (India) Limited,NSE,Industrials,Mid,27.8,312.35,MILD BULLISH,No VCP,forming / still basing,Premium,ranging,2/8 (25%),20,7,8,6,41,EXCLUDE,A_rsi_45_65:5;A_bb_squeeze:4;A_obv_up:3;A_macd_bull:5;A_supertrend_green:3;B_fvg:4;B_liq_swept:3;C_vdu:5;C_chart_pattern:3;D_octave_key:3;D_room_to_run:3
280,NARMADA,Narmada Agrobase Limited,NSE,Basic Materials,Micro,60.83,36.54,BULLISH,No VCP,forming / still basing,Premium,ranging,7/8 (exhaustion),23,12,0,5,40,EXCLUDE,A_rsi_45_65:5;A_bb_squeeze:4;A_obv_up:3;A_ema_aligned:5;A_supertrend_green:3;A_atr_expanding:3;B_bull_bos:5;B_fvg:4;B_supply_cleared:3;D_above_1x1:5
281,FINCABLES,Finolex Cables Limited,NSE,Industrials,Mid,36.05,1002.1,BEARISH,No VCP,forming / still basing,Premium,bullish (HH/HL),5/8,23,9,0,8,40,EXCLUDE,A_rsi_45_65:5;A_bb_squeeze:4;A_obv_up:3;A_mfi_rising_low:3;A_ema_aligned:5;A_atr_expanding:3;B_discount_or_demand:5;B_fvg:4;D_above_1x1:5;D_room_to_run:3
282,SHADOWFAX,Shadowfax Technologies Limited,NSE,Industrials,Mid,79.17,191.03,MILD BULLISH,No VCP,forming / still basing,Premium,bullish (HH/HL),7/8 (exhaustion),10,17,8,5,40,EXCLUDE,A_rsi_45_65:5;A_cci_above0:2;A_supertrend_green:3;B_bull_bos:5;B_ob_support:5;B_fvg:4;B_supply_cleared:3;C_vdu:5;C_chart_pattern:3;D_above_1x1:5
283,KESORAMIND,Kesoram Industries Limited,NSE,Basic Materials,Micro,83.18,11.98,MILD BEARISH,No VCP,forming / still basing,Premium,ranging,7/8 (exhaustion),18,12,5,5,40,EXCLUDE,A_rsi_45_65:5;A_bb_squeeze:4;A_obv_up:3;A_supertrend_green:3;A_atr_expanding:3;B_bull_bos:5;B_fvg:4;B_supply_cleared:3;C_vdu:5;D_above_1x1:5
284,SEDEMAC,SEDEMAC Mechatronics Limited,NSE,Consumer Cyclical,Mid,60.29,2326.0,BULLISH,No VCP,extended past pivot,Premium,bullish (HH/HL),8/8 (52w high),17,17,0,5,39,EXCLUDE,A_bb_squeeze:4;A_obv_up:3;A_cci_above0:2;A_macd_bull:5;A_supertrend_green:3;B_bull_bos:5;B_ob_support:5;B_fvg:4;B_supply_cleared:3;D_above_1x1:5
285,BSE,BSE Limited,NSE,Financial Services,,42.2,3931.9,NEUTRAL,No VCP,forming / still basing,Premium,bullish (HH/HL),7/8 (exhaustion),17,12,5,5,39,EXCLUDE,A_rsi_45_65:5;A_bb_squeeze:4;A_ema_aligned:5;A_atr_expanding:3;B_bull_bos:5;B_fvg:4;B_supply_cleared:3;C_vdu:5;D_above_1x1:5
286,SHREEJISPG,Shreeji Shipping Global Limited,NSE,Industrials,Mid,39.4,465.65,BULLISH,No VCP,BROKEN OUT (fresh),Premium,bullish (HH/HL),8/8 (52w high),12,12,10,5,39,EXCLUDE,A_bb_squeeze:4;A_obv_up:3;A_cci_above0:2;A_supertrend_green:3;B_bull_bos:5;B_fvg:4;B_supply_cleared:3;C_3rd_leg:7;C_chart_pattern:3;D_above_1x1:5
287,531626,Orosil Smiths India Ltd,BSE,,Micro,27.33,5.87,MILD BEARISH,No VCP,forming / still basing,Premium,bullish (HH/HL),6/8 (75%),20,7,0,11,38,EXCLUDE,A_rsi_45_65:5;A_bb_squeeze:4;A_mfi_rising_low:3;A_ema_aligned:5;A_supertrend_green:3;B_fvg:4;B_liq_swept:3;D_above_1x1:5;D_octave_key:3;D_room_to_run:3
288,SASKEN,Sasken Technologies Limited,NSE,Technology,Small,86.54,2338.5,BULLISH,No VCP,extended past pivot,Premium,bullish (HH/HL),8/8 (52w high),21,12,0,5,38,EXCLUDE,A_obv_up:3;A_cci_above0:2;A_macd_bull:5;A_ema_aligned:5;A_supertrend_green:3;A_atr_expanding:3;B_bull_bos:5;B_fvg:4;B_supply_cleared:3;D_above_1x1:5
289,NGLFINE,NGL Fine-Chem Limited,NSE,Healthcare,Small,104.27,2654.5,BULLISH,No VCP,forming / still basing,Premium,ranging,7/8 (exhaustion),21,9,3,5,38,EXCLUDE,A_rsi_45_65:5;A_obv_up:3;A_cci_above0:2;A_ema_aligned:5;A_supertrend_green:3;A_atr_expanding:3;B_bull_bos:5;B_fvg:4;C_chart_pattern:3;D_above_1x1:5
290,DBOL,Dhampur Bio Organics Limited,NSE,Consumer Defensive,Small,46.41,112.72,NEUTRAL,No VCP,forming / still basing,Premium,ranging,6/8 (75%),10,12,5,11,38,EXCLUDE,A_rsi_45_65:5;A_ema_aligned:5;B_discount_or_demand:5;B_fvg:4;B_supply_cleared:3;C_vdu:5;D_above_1x1:5;D_octave_key:3;D_room_to_run:3
291,SENORES,Senores Pharmaceuticals Limited,NSE,Healthcare,Small,33.05,1033.5,NEUTRAL,No VCP,forming / still basing,Premium,ranging,7/8 (exhaustion),16,22,0,0,38,EXCLUDE,A_rsi_45_65:5;A_ema_aligned:5;A_supertrend_green:3;A_atr_expanding:3;B_bull_bos:5;B_discount_or_demand:5;B_ob_support:5;B_fvg:4;B_supply_cleared:3
292,GMDCLTD,Gujarat Mineral Development Corporation Limited,NSE,Energy,Large,29.94,668.4,NEUTRAL,No VCP,forming / still basing,Premium,bearish (LH/LL),7/8 (exhaustion),17,12,8,0,37,EXCLUDE,A_rsi_45_65:5;A_bb_squeeze:4;A_obv_up:3;A_ema_aligned:5;B_discount_or_demand:5;B_fvg:4;B_supply_cleared:3;C_vdu:5;C_chart_pattern:3
293,RAMRAT,Ram Ratna Wires Limited,NSE,Industrials,Small,29.8,395.9,NEUTRAL,No VCP,forming / still basing,Equilibrium,bullish (HH/HL),5/8,16,9,0,12,37,EXCLUDE,A_bb_squeeze:4;A_ema_aligned:5;A_adx_20_28:4;A_atr_expanding:3;B_discount_or_demand:5;B_fvg:4;D_above_1x1:5;D_time_cycle:4;D_room_to_run:3
294,GVPIL,GE Power India Limited,NSE,Industrials,Mid,159.62,858.95,BULLISH,No VCP,extended past pivot,Premium,bullish (HH/HL),8/8 (52w high),16,9,3,9,37,EXCLUDE,A_obv_up:3;A_cci_above0:2;A_ema_aligned:5;A_supertrend_green:3;A_atr_expanding:3;B_bull_bos:5;B_fvg:4;C_chart_pattern:3;D_above_1x1:5;D_time_cycle:4
295,544141,Pune E - Stock Broking Ltd,BSE,,Micro,27.73,276.4,NEUTRAL,No VCP,forming / still basing,Premium,ranging,6/8 (75%),15,7,5,10,37,EXCLUDE,A_bb_squeeze:4;A_mfi_rising_low:3;A_ema_aligned:5;A_supertrend_green:3;B_fvg:4;B_supply_cleared:3;C_vdu:5;D_time_cycle:4;D_octave_key:3;D_room_to_run:3
296,JAYNECOIND,Jayaswal Neco Industries Limited,NSE,Basic Materials,Mid,44.13,99.52,MILD BEARISH,No VCP,forming / still basing,Premium,ranging,7/8 (exhaustion),17,7,8,4,36,EXCLUDE,A_rsi_45_65:5;A_bb_squeeze:4;A_mfi_rising_low:3;A_ema_aligned:5;B_fvg:4;B_supply_cleared:3;C_vdu:5;C_chart_pattern:3;D_time_cycle:4
297,540545,Guru Krupa Gems and Jewellery Ltd,BSE,,Micro,25.95,36.5,NEUTRAL,No VCP,forming / still basing,Discount,bullish (HH/HL),6/8 (75%),14,11,5,6,36,EXCLUDE,A_obv_up:3;A_mfi_rising_low:3;A_ema_aligned:5;A_atr_expanding:3;B_discount_or_demand:5;B_liq_swept:3;B_supply_cleared:3;C_vdu:5;D_octave_key:3;D_room_to_run:3
298,COCKERILL,John Cockerill India Limited,NSE,Industrials,Small,45.64,7593.5,NEUTRAL,No VCP,extended past pivot,Premium,ranging,7/8 (exhaustion),9,17,0,9,35,EXCLUDE,A_obv_up:3;A_supertrend_green:3;A_atr_expanding:3;B_bull_bos:5;B_ob_support:5;B_fvg:4;B_supply_cleared:3;D_above_1x1:5;D_time_cycle:4
299,MMFL,MM Forgings Limited,NSE,Industrials,Small,25.69,442.55,MILD BEARISH,No VCP,forming / still basing,Equilibrium,bearish (LH/LL),6/8 (75%),12,4,8,11,35,EXCLUDE,A_bb_squeeze:4;A_obv_up:3;A_ema_aligned:5;B_fvg:4;C_vdu:5;C_chart_pattern:3;D_above_1x1:5;D_octave_key:3;D_room_to_run:3
300,NOVARTIND,Novartis India Limited,NSE,Healthcare,Small,118.0,1465.5,MILD BULLISH,No VCP,extended past pivot,Premium,ranging,7/8 (exhaustion),9,17,0,9,35,EXCLUDE,A_obv_up:3;A_supertrend_green:3;A_atr_expanding:3;B_bull_bos:5;B_ob_support:5;B_fvg:4;B_supply_cleared:3;D_above_1x1:5;D_time_cycle:4
301,TIMEX,Timex Group India Limited,NSE,Consumer Cyclical,Small,27.41,435.6,MILD BULLISH,No VCP,extended past pivot,Premium,ranging,7/8 (exhaustion),9,17,0,9,35,EXCLUDE,A_obv_up:3;A_supertrend_green:3;A_atr_expanding:3;B_bull_bos:5;B_ob_support:5;B_fvg:4;B_supply_cleared:3;D_above_1x1:5;D_time_cycle:4
302,EMMVEE,Emmvee Photovoltaic Power Limited,NSE,Technology,Large,46.13,310.75,BULLISH,No VCP,extended past pivot,Premium,bearish (LH/LL),7/8 (exhaustion),11,14,3,5,33,EXCLUDE,A_obv_up:3;A_cci_above0:2;A_supertrend_green:3;A_atr_expanding:3;B_bull_bos:5;B_ob_support:5;B_fvg:4;C_chart_pattern:3;D_above_1x1:5
303,MCX,Multi Commodity Exchange of India Limited,NSE,Financial Services,Large,41.35,2878.7,MILD BULLISH,No VCP,forming / still basing,Premium,bullish (HH/HL),6/8 (75%),11,9,3,10,33,EXCLUDE,A_mfi_rising_low:3;A_ema_aligned:5;A_atr_expanding:3;B_bull_bos:5;B_fvg:4;C_chart_pattern:3;D_time_cycle:4;D_octave_key:3;D_room_to_run:3
304,EMPOWER,Empower India Limited,NSE,,Micro,48.0,2.22,BEARISH,No VCP,forming / still basing,Premium,ranging,5/8,9,7,5,12,33,EXCLUDE,A_rsi_45_65:5;A_bb_squeeze:4;B_fvg:4;B_supply_cleared:3;C_vdu:5;D_above_1x1:5;D_time_cycle:4;D_room_to_run:3
305,MMWL,Media Matrix Worldwide Limited,NSE,Communication Services,Small,30.97,13.49,NEUTRAL,No VCP,forming / still basing,Premium,ranging,5/8,18,7,0,8,33,EXCLUDE,A_rsi_45_65:5;A_stoch_cross_oversold:3;A_bb_squeeze:4;A_obv_up:3;A_supertrend_green:3;B_fvg:4;B_supply_cleared:3;D_above_1x1:5;D_room_to_run:3
306,RHETAN,Rhetan TMT Limited,NSE,Basic Materials,Small,26.47,30.34,BULLISH,No VCP,AT PIVOT (actionable),Premium,ranging,8/8 (52w high),12,4,10,5,31,EXCLUDE,A_obv_up:3;A_cci_above0:2;A_adx_20_28:4;A_supertrend_green:3;B_fvg:4;C_3rd_leg:7;C_chart_pattern:3;D_above_1x1:5
307,GESHIP,The Great Eastern Shipping Company Limited,NSE,Industrials,Large,39.07,1517.2,NEUTRAL,No VCP,forming / still basing,Premium,bullish (HH/HL),6/8 (75%),17,4,3,6,30,EXCLUDE,A_rsi_45_65:5;A_stoch_cross_oversold:3;A_ema_aligned:5;A_adx_20_28:4;B_fvg:4;C_chart_pattern:3;D_octave_key:3;D_room_to_run:3
308,QPOWER,Quality Power Electrical Equipments Limited,NSE,Industrials,Mid,45.08,1040.5,BEARISH,No VCP,forming / still basing,Equilibrium,bearish (LH/LL),5/8,12,4,5,8,29,EXCLUDE,A_bb_squeeze:4;A_mfi_rising_low:3;A_ema_aligned:5;B_fvg:4;C_vdu:5;D_above_1x1:5;D_room_to_run:3
309,540492,Starlineps Enterprises Ltd,BSE,,Micro,206.29,10.72,BEARISH,No VCP,forming / still basing,Premium,bearish (LH/LL),6/8 (75%),6,4,5,11,26,EXCLUDE,A_mfi_rising_low:3;A_atr_expanding:3;B_fvg:4;C_vdu:5;D_above_1x1:5;D_octave_key:3;D_room_to_run:3
310,KSR,KSR Footwear Limited,NSE,Consumer Cyclical,Micro,43.08,33.91,BEARISH,No VCP,forming / still basing,Premium,bullish (HH/HL),7/8 (exhaustion),10,7,0,5,22,EXCLUDE,A_stoch_cross_oversold:3;A_bb_squeeze:4;A_atr_expanding:3;B_fvg:4;B_supply_cleared:3;D_above_1x1:5
311,AVANTIFEED,Avanti Feeds Limited,NSE,Consumer Defensive,Mid,41.6,1158.6,BEARISH,No VCP,forming / still basing,Equilibrium,bearish (LH/LL),5/8,3,10,0,3,16,EXCLUDE,A_mfi_rising_low:3;B_fvg:4;B_liq_swept:3;B_supply_cleared:3;D_room_to_run:3
