ta_rank,symbol,name,exchange,sector,return_pct_final,close,cap_bucket,bars,leading_score,lagging_score,candle_score,price_action_score,total_score,scorecard,confluence_confidence,rsi,rsi_state,stoch_k,stoch_d,macd_pos,ema_alignment,px_vs_e200,ema200_slope,adx,adx_regime,di,supertrend,supertrend_flip,ichi_price_cloud,cci,mfi,candle_bias,bullish_candles,bearish_candles,trend_structure,chart_pattern,breakout_level,target,volume_confirm,bb_squeeze,atr_pct
1,COMSYN,Commercial Syn Bags Limited,NSE,Consumer Cyclical,31.25,200.31,Small,353,4.2,9.0,1.0,2.5,16.7,BULLISH,high,74.9,overbought,67.5,51.9,above_signal,bullish,above,rising,38.5,trending,+DI>-DI,green_buy,none,above,272.1,96.8,bullish,11,9,Uptrend (HH/HL),Double Bottom,170.84,188.68,yes,False,5.35
2,FUSION,Fusion Finance Limited,NSE,Financial Services,35.0,229.4,Small,353,3.9,8.5,1.0,2.5,15.9,BULLISH,high,77.2,overbought,90.6,84.0,above_signal,bullish,above,rising,25.6,trending,+DI>-DI,green_buy,none,above,229.4,91.5,bullish,11,5,Uptrend (HH/HL),Inverse Head & Shoulders,181.38,199.68,yes,False,4.4
3,ACUTAAS,Acutaas Chemicals Limited,NSE,Basic Materials,110.16,3694.8,Large,354,3.4,9.0,1.0,2.5,15.9,BULLISH,high,76.5,overbought,94.8,93.1,above_signal,bullish,above,rising,50.0,trending,+DI>-DI,green_buy,none,above,151.4,87.9,bullish,12,5,Uptrend (HH/HL),Rounding Bottom (saucer),3694.8,,no,False,3.42
4,THANGAMAYL,Thangamayil Jewellery Limited,NSE,Consumer Cyclical,84.58,6159.5,Mid,354,3.8,8.5,1.0,2.5,15.8,BULLISH,high,65.8,neutral,67.0,72.0,above_signal,bullish,above,rising,52.7,trending,+DI>-DI,green_buy,none,above,55.2,70.3,bullish,7,5,Uptrend (HH/HL),Double Bottom,5632.7,5850.0,weak,True,5.6
5,KAMDHENU,Kamdhenu Limited,NSE,Basic Materials,25.05,31.25,Small,353,5.2,8.0,0.0,2.5,15.7,BULLISH,medium,67.7,neutral,84.8,77.3,above_signal,bullish,above,rising,21.5,transitional,+DI>-DI,green_buy,none,above,60.4,70.0,neutral,7,7,Uptrend (HH/HL),Double Bottom,29.08,29.33,no,True,4.51
6,ADOR,Ador Welding Limited,NSE,Industrials,27.13,1317.8,Small,354,3.5,8.5,1.0,2.5,15.5,BULLISH,high,74.1,overbought,82.4,85.9,above_signal,bullish,above,rising,35.6,trending,+DI>-DI,green_buy,none,above,136.1,79.9,bullish,7,6,Uptrend (HH/HL),Double Bottom,1141.1,1180.8,yes,False,3.12
7,KAPSTON,Kapston Services Limited,NSE,Industrials,26.54,379.95,,353,4.8,7.0,1.0,2.5,15.3,BULLISH,high,71.2,overbought,76.2,70.5,above_signal,bullish,above,rising,20.2,transitional,+DI>-DI,green_buy,none,above,158.0,69.1,bullish,9,6,Uptrend (HH/HL),Inverse Head & Shoulders,349.65,383.0,weak,False,3.64
8,RATEGAIN,Rategain Travel Technologies Limited,NSE,Technology,35.63,941.05,Mid,353,2.7,9.0,1.0,2.5,15.2,BULLISH,high,75.1,overbought,90.9,91.2,above_signal,bullish,above,rising,57.1,trending,+DI>-DI,green_buy,none,above,94.3,74.4,bullish,7,5,Uptrend (HH/HL),Rounding Bottom (saucer),945.2,,weak,False,3.55
9,SATIN,Satin Creditcare Network Limited,NSE,Financial Services,74.54,254.8,Small,352,4.5,9.0,-1.0,2.5,15.0,BULLISH,medium,64.8,neutral,87.7,87.5,above_signal,bullish,above,rising,32.0,trending,+DI>-DI,green_buy,none,above,152.6,77.8,bearish,6,9,Uptrend (HH/HL),Rounding Bottom (saucer),259.68,,weak,True,4.2
10,KRISHANA,Krishana Phoschem Limited,NSE,Basic Materials,45.34,151.85,,354,4.2,8.8,1.0,1.0,15.0,BULLISH,high,68.0,neutral,66.9,48.8,above_signal,bullish,above,rising,25.0,trending,+DI>-DI,green_buy,none,above,244.3,80.5,bullish,12,6,Sideways / range-bound,Double Bottom,146.79,161.39,no,True,3.78
11,544037,Amic Forging Ltd,BSE,,26.65,1832.2,Small,350,6.0,7.0,1.0,1.0,15.0,BULLISH,high,64.7,neutral,62.6,61.4,above_signal,bullish,above,rising,21.8,transitional,+DI>-DI,green_buy,none,above,113.2,80.3,bullish,12,10,Sideways / range-bound,Double Bottom,1736.45,1805.0,weak,True,3.72
12,RISHABH,Rishabh Instruments Limited,NSE,Technology,59.57,649.45,Small,352,4.5,9.0,1.0,0.5,15.0,BULLISH,high,74.8,overbought,79.5,72.1,above_signal,bullish,above,rising,33.2,trending,+DI>-DI,green_buy,none,above,176.9,90.1,bullish,8,6,Uptrend (HH/HL),Rising Wedge (bearish),592.37,,yes,False,4.24
13,SANSERA,Sansera Engineering Limited,NSE,Consumer Cyclical,68.9,3251.5,Large,354,3.4,8.0,1.0,2.5,14.9,BULLISH,high,73.0,overbought,87.0,82.4,above_signal,bullish,above,rising,31.7,trending,+DI>-DI,green_buy,none,above,104.1,80.8,bullish,10,8,Uptrend (HH/HL),Rounding Bottom (saucer),3251.5,,no,True,3.08
14,XPROINDIA,Xpro India Limited,NSE,Basic Materials,59.33,1495.0,Small,354,3.7,8.5,0.0,2.5,14.7,BULLISH,medium,75.8,overbought,83.8,79.0,above_signal,bullish,above,rising,49.0,trending,+DI>-DI,green_buy,none,above,116.4,93.8,neutral,6,6,Uptrend (HH/HL),Rounding Bottom (saucer),1503.6,,no,False,4.68
15,IBULLSLTD,Indiabulls Limited,NSE,Real Estate,87.22,29.3,Mid,354,2.4,8.8,1.0,2.5,14.7,BULLISH,high,76.6,overbought,90.5,85.7,above_signal,bullish,above,rising,40.9,trending,+DI>-DI,green_buy,none,above,79.0,89.4,bullish,9,7,Uptrend (HH/HL),Rounding Bottom (saucer),29.3,,yes,True,4.34
16,DIFFNKG,Diffusion Engineers Limited,NSE,Industrials,26.32,416.35,Small,352,3.3,7.8,1.0,2.5,14.6,BULLISH,high,72.4,overbought,78.1,81.7,above_signal,bullish,above,rising,50.6,trending,+DI>-DI,green_buy,none,above,76.0,77.3,bullish,7,5,Uptrend (HH/HL),Rounding Bottom (saucer),425.35,,no,False,4.04
17,NAM-INDIA,Nippon Life India Asset Management Limited,NSE,Financial Services,36.52,1218.2,Large,354,3.9,9.0,-1.0,2.5,14.4,BULLISH,medium,66.9,neutral,89.1,87.6,above_signal,bullish,above,rising,31.0,trending,+DI>-DI,green_buy,none,above,114.6,82.1,bearish,7,13,Uptrend (HH/HL),Inverse Head & Shoulders,1188.4,1335.2,no,False,2.73
18,511523,Veerhealth Care Ltd,BSE,,71.78,32.57,Micro,350,2.7,8.0,1.0,2.5,14.2,BULLISH,high,95.4,overbought,99.0,99.2,above_signal,bullish,above,rising,49.0,trending,+DI>-DI,green_buy,none,above,91.0,,bullish,25,14,Uptrend (HH/HL),Bull Flag / Pennant,32.57,41.66,no,False,2.89
19,RML,Rane (Madras) Limited,NSE,Consumer Cyclical,47.7,1206.8,Small,354,2.9,7.8,1.0,2.5,14.2,BULLISH,high,75.4,overbought,81.5,84.1,above_signal,bullish,above,rising,48.4,trending,+DI>-DI,green_buy,none,above,132.9,94.2,bullish,13,6,Uptrend (HH/HL),Rounding Bottom (saucer),1206.8,,no,False,4.14
20,SANGHVIMOV,Sanghvi Movers Limited,NSE,Industrials,33.27,463.25,Small,354,3.7,9.0,1.0,0.5,14.2,BULLISH,high,73.8,overbought,94.4,90.7,above_signal,bullish,above,rising,46.9,trending,+DI>-DI,green_buy,none,above,90.5,66.2,bullish,8,7,Uptrend (HH/HL),Double Top,412.3,402.55,no,True,3.84
21,SIGNPOST,Signpost India Limited,NSE,Communication Services,37.26,299.7,Small,352,3.5,8.5,1.0,1.0,14.0,BULLISH,high,63.3,neutral,76.4,71.7,above_signal,bullish,above,rising,24.4,transitional,+DI>-DI,green_buy,buy_flip,above,115.7,96.0,bullish,7,4,Sideways / range-bound,Double Bottom,257.2,268.35,no,False,5.99
22,EMIL,Electronics Mart India Limited,NSE,Consumer Cyclical,36.45,140.68,Mid,354,3.9,8.5,1.0,0.5,13.9,BULLISH,high,75.6,overbought,92.6,88.7,above_signal,bullish,above,rising,26.5,trending,+DI>-DI,green_buy,none,above,179.3,94.9,bullish,8,5,Uptrend (HH/HL),Double Top,101.56,82.47,yes,False,4.02
23,ONELIFECAP,Onelife Capital Advisors Limited,NSE,Financial Services,140.35,38.6,Micro,352,3.4,8.5,1.0,1.0,13.9,BULLISH,high,83.8,overbought,96.8,96.6,above_signal,bullish,above,rising,57.1,trending,+DI>-DI,green_buy,none,above,146.3,95.7,bullish,13,7,Sideways / range-bound,Rounding Bottom (saucer),38.6,,yes,False,4.9
24,VTL,Vardhman Textiles Limited,NSE,Consumer Cyclical,53.11,666.25,Mid,354,4.5,7.8,-1.0,2.5,13.8,BULLISH,medium,65.1,neutral,74.7,62.0,above_signal,bullish,above,rising,14.5,choppy,+DI>-DI,green_buy,none,above,105.1,74.4,bearish,7,14,Uptrend (HH/HL),Double Bottom,661.4,696.65,weak,True,3.08
25,OFSS,Oracle Financial Services Software Limited,NSE,Technology,46.32,11248.0,Large,354,4.2,8.0,1.0,0.5,13.7,BULLISH,high,74.2,overbought,90.6,88.3,above_signal,bullish,above,rising,27.3,trending,+DI>-DI,green_buy,none,above,134.2,79.2,bullish,11,8,Uptrend (HH/HL),Rising Wedge (bearish),10598.25,,weak,False,3.05
26,SHREEJISPG,Shreeji Shipping Global Limited,NSE,Industrials,38.12,520.8,Mid,213,2.7,8.5,0.0,2.5,13.7,BULLISH,medium,71.8,overbought,93.3,84.2,above_signal,bullish,above,flat,45.9,trending,+DI>-DI,green_buy,none,above,143.8,72.6,neutral,7,7,Uptrend (HH/HL),Inverse Head & Shoulders,500.6,550.5,no,True,2.73
27,SURYODAY,Suryoday Small Finance Bank Limited,NSE,Financial Services,26.53,182.15,Small,353,3.0,9.0,1.0,0.5,13.5,BULLISH,high,66.1,neutral,80.3,78.8,above_signal,bullish,above,rising,37.4,trending,+DI>-DI,green_buy,none,above,126.0,75.5,bullish,11,6,Uptrend (HH/HL),Double Top,164.85,154.73,weak,True,3.58
28,526433,ASM Technologies Ltd,BSE,,26.56,4031.55,Mid,350,2.5,7.5,1.0,2.5,13.5,BULLISH,high,66.5,neutral,83.6,85.0,above_signal,bullish,above,rising,38.9,trending,+DI>-DI,green_buy,none,above,50.9,76.5,bullish,6,4,Uptrend (HH/HL),Bull Flag / Pennant,4132.15,5191.52,no,False,4.45
29,540786,Sharika Enterprises Ltd,BSE,,35.44,18.88,Micro,350,3.0,7.0,1.0,2.5,13.5,BULLISH,high,60.1,neutral,64.5,70.1,above_signal,bullish,above,rising,38.7,trending,+DI>-DI,green_buy,none,above,54.8,83.6,bullish,12,11,Uptrend (HH/HL),Rounding Bottom (saucer),21.93,,no,False,5.89
30,MACPOWER,Macpower CNC Machines Limited,NSE,Industrials,41.74,1422.2,,353,3.4,8.5,-1.0,2.5,13.4,BULLISH,medium,78.0,overbought,92.8,92.7,above_signal,bullish,above,rising,36.1,trending,+DI>-DI,green_buy,none,above,146.1,95.6,bearish,8,14,Uptrend (HH/HL),Ascending Triangle,1107.07,1217.78,no,False,4.74
31,GHCLTEXTIL,GHCL Textiles Limited,NSE,Consumer Cyclical,42.77,106.75,Small,353,3.9,8.0,1.0,0.5,13.4,BULLISH,high,67.3,neutral,85.2,78.1,above_signal,bullish,above,rising,23.0,transitional,+DI>-DI,green_buy,none,above,272.2,85.0,bullish,11,9,Uptrend (HH/HL),Double Top,90.57,82.37,yes,True,3.97
32,KERNEX,Kernex Microsystems (India) Limited,NSE,Technology,83.27,2378.8,Small,354,2.9,9.0,1.0,0.5,13.4,BULLISH,high,81.3,overbought,93.6,90.0,above_signal,bullish,above,rising,49.5,trending,+DI>-DI,green_buy,none,above,95.6,82.2,bullish,8,7,Uptrend (HH/HL),Rising Wedge (bearish),2101.33,,weak,True,4.16
33,VIYASH,Viyash Scientific Limited,NSE,Healthcare,41.16,294.15,Mid,354,4.4,8.5,1.0,-0.5,13.4,BULLISH,medium,75.6,overbought,93.2,91.1,above_signal,bullish,above,rising,62.6,trending,+DI>-DI,green_buy,none,above,165.7,88.9,bullish,10,7,Downtrend (LH/LL),Double Bottom,257.4,266.8,no,False,3.71
34,NINSYS,NINtec Systems Limited,NSE,Technology,120.47,876.6,Small,352,3.4,8.5,1.0,0.5,13.4,BULLISH,high,86.9,overbought,95.0,94.8,above_signal,bullish,above,rising,61.0,trending,+DI>-DI,green_buy,none,above,162.4,89.9,bullish,12,7,Uptrend (HH/HL),Double Top,715.55,696.5,weak,True,4.59
35,REFEX,Refex Industries Limited,NSE,Energy,38.01,358.4,Small,353,4.0,7.8,-1.0,2.5,13.3,BULLISH,medium,69.3,neutral,84.4,86.4,above_signal,bullish,above,rising,46.0,trending,+DI>-DI,green_buy,none,above,97.2,78.4,bearish,6,9,Uptrend (HH/HL),Double Bottom,316.95,326.2,no,False,3.84
36,BAJAJCON,Bajaj Consumer Care Limited,NSE,Consumer Defensive,122.74,616.2,Mid,354,4.3,5.5,1.0,2.5,13.3,BULLISH,high,62.5,neutral,73.4,65.9,below_signal,bullish,above,rising,42.9,trending,+DI>-DI,green_buy,none,above,65.0,52.3,bullish,9,6,Uptrend (HH/HL),Inverse Head & Shoulders,625.25,698.45,no,True,3.75
37,ARVIND,Arvind Limited,NSE,Consumer Cyclical,79.09,569.05,Mid,354,4.3,7.5,-1.0,2.5,13.3,BULLISH,medium,68.1,neutral,71.4,75.2,above_signal,bullish,above,rising,50.7,trending,+DI>-DI,green_buy,none,above,111.7,77.2,bearish,4,6,Uptrend (HH/HL),Double Bottom,491.85,503.35,no,False,3.81
38,WSTCSTPAPR,West Coast Paper Mills Limited,NSE,Basic Materials,27.32,529.4,Small,353,3.8,8.0,1.0,0.5,13.3,BULLISH,high,59.6,neutral,62.4,66.5,above_signal,bullish,above,rising,18.1,choppy,+DI>-DI,green_buy,none,above,128.9,75.8,bullish,7,4,Uptrend (HH/HL),Double Top,495.65,470.45,no,True,3.33
39,GALAPREC,Gala Precision Engineering Limited,NSE,Industrials,53.87,1183.4,Small,352,3.4,8.3,-1.0,2.5,13.2,BULLISH,medium,69.5,neutral,82.5,76.0,above_signal,bullish,above,rising,52.2,trending,+DI>-DI,green_buy,none,above,105.0,86.3,bearish,2,7,Uptrend (HH/HL),Rounding Bottom (saucer),1183.4,,no,False,5.03
40,STOVEKRAFT,Stove Kraft Limited,NSE,Consumer Cyclical,33.89,781.85,Small,353,3.7,7.5,1.0,1.0,13.2,BULLISH,high,76.9,overbought,81.1,80.6,above_signal,bullish,above,rising,56.4,trending,+DI>-DI,green_buy,none,above,65.1,79.6,bullish,12,7,Sideways / range-bound,Double Bottom,563.45,598.15,weak,False,3.52
41,LOKESHMACH,Lokesh Machines Limited,NSE,Industrials,74.4,314.9,Small,353,2.7,9.0,-1.0,2.5,13.2,BULLISH,medium,71.5,overbought,89.1,68.0,above_signal,bullish,above,rising,34.6,trending,+DI>-DI,green_buy,none,above,182.7,67.1,bearish,6,12,Uptrend (HH/HL),Double Bottom,297.7,325.15,no,True,3.95
42,ADANIENT,Adani Enterprises Limited,NSE,Energy,41.25,3212.1,Large,354,2.7,9.0,1.0,0.5,13.2,BULLISH,high,69.2,neutral,91.5,80.5,above_signal,bullish,above,rising,38.8,trending,+DI>-DI,green_buy,none,above,141.3,74.9,bullish,10,9,Uptrend (HH/HL),Double Top,2908.8,2769.4,weak,True,2.67
43,CUPID,Cupid Limited,NSE,Consumer Defensive,131.78,198.84,Large,354,1.2,8.5,1.0,2.5,13.2,BULLISH,high,89.1,overbought,96.2,96.9,above_signal,bullish,above,rising,40.4,trending,+DI>-DI,green_buy,none,above,64.7,75.2,bullish,20,11,Uptrend (HH/HL),Rounding Bottom (saucer),198.84,,weak,False,3.03
44,MOREPENLAB,Morepen Laboratories Limited,NSE,Healthcare,43.17,59.07,Small,354,3.5,8.0,-1.0,2.5,13.0,BULLISH,medium,67.9,neutral,80.5,87.2,above_signal,bullish,above,rising,42.0,trending,+DI>-DI,green_buy,none,above,90.3,79.3,bearish,3,9,Uptrend (HH/HL),Rounding Bottom (saucer),62.68,,no,False,4.61
45,TIPSMUSIC,Tips Music Limited,NSE,Communication Services,25.74,684.65,Mid,354,4.5,8.0,1.0,-0.5,13.0,BULLISH,medium,63.0,neutral,79.5,55.2,above_signal,bullish,above,rising,18.4,choppy,+DI>-DI,green_buy,none,above,152.1,74.7,bullish,8,7,Downtrend (LH/LL),Double Bottom,653.0,670.9,no,True,3.17
46,PIXTRANS,Pix Transmissions Limited,NSE,Industrials,31.92,1810.6,Small,351,4.0,7.5,-1.0,2.5,13.0,BULLISH,medium,68.1,neutral,69.0,72.3,above_signal,bullish,above,rising,44.5,trending,+DI>-DI,green_buy,none,above,133.3,94.2,bearish,3,12,Uptrend (HH/HL),Double Bottom,1640.6,1700.6,no,False,3.59
47,KIMS,Krishna Institute of Medical Sciences Limited,NSE,Healthcare,35.23,850.65,Large,354,2.4,9.0,1.0,0.5,12.9,BULLISH,high,70.8,overbought,90.6,84.5,above_signal,bullish,above,rising,33.5,trending,+DI>-DI,green_buy,none,above,138.4,86.0,bullish,10,9,Uptrend (HH/HL),Double Top,763.15,725.1,no,True,2.65
48,VIPULLTD,Vipul Limited,NSE,Real Estate,33.16,15.34,Micro,353,3.4,8.0,-1.0,2.5,12.9,BULLISH,medium,87.0,overbought,95.4,97.6,above_signal,bullish,above,rising,41.4,trending,+DI>-DI,green_buy,none,above,139.7,96.1,bearish,8,13,Uptrend (HH/HL),Inverse Head & Shoulders,10.12,11.59,yes,False,5.08
49,IPCALAB,IPCA Laboratories Limited,NSE,Healthcare,25.9,1778.9,Large,352,3.9,9.0,1.0,-1.0,12.9,BULLISH,medium,75.4,overbought,82.2,79.7,above_signal,bullish,above,rising,28.9,trending,+DI>-DI,green_buy,buy_flip,above,185.9,80.1,bullish,12,9,Sideways / range-bound,Double Top,1490.4,1324.6,yes,False,2.96
50,SKMEGGPROD,SKM Egg Products Export (India) Limited,NSE,Consumer Defensive,67.83,314.6,Small,354,3.4,8.0,-1.0,2.5,12.9,BULLISH,medium,75.7,overbought,91.4,89.9,above_signal,bullish,above,rising,63.7,trending,+DI>-DI,green_buy,none,above,94.3,90.1,bearish,6,12,Uptrend (HH/HL),Double Bottom,244.31,260.09,no,False,5.72
51,GRANULES,Granules India Limited,NSE,Healthcare,36.2,833.8,Large,352,4.2,9.0,-1.0,0.5,12.7,BULLISH,medium,69.1,neutral,90.5,89.5,above_signal,bullish,above,rising,28.9,trending,+DI>-DI,green_buy,none,above,209.3,70.1,bearish,3,14,Uptrend (HH/HL),Double Top,760.8,727.8,weak,True,2.92
52,ICIL,Indo Count Industries Limited,NSE,Consumer Cyclical,53.22,426.5,Mid,354,1.7,7.5,1.0,2.5,12.7,BULLISH,high,67.6,neutral,85.5,89.8,above_signal,bullish,above,rising,48.6,trending,+DI>-DI,green_buy,none,above,82.1,86.1,bullish,6,5,Uptrend (HH/HL),Bull Flag / Pennant,441.05,602.58,no,False,4.81
53,530249,Bridge Securities Ltd,BSE,,30.7,16.39,Micro,350,4.7,7.8,1.0,-1.0,12.5,BULLISH,medium,69.0,neutral,83.4,73.2,above_signal,bullish,above,rising,19.4,choppy,+DI>-DI,green_buy,buy_flip,above,190.9,63.9,bullish,15,7,Sideways / range-bound,Double Top,13.77,12.73,weak,False,6.32
54,SFL,Sheela Foam Limited,NSE,Consumer Cyclical,30.29,766.55,Mid,354,2.2,8.8,-1.0,2.5,12.5,BULLISH,medium,73.1,overbought,87.7,85.2,above_signal,bullish,above,rising,47.2,trending,+DI>-DI,green_buy,none,above,53.8,71.9,bearish,8,10,Uptrend (HH/HL),Double Bottom,741.75,782.85,no,True,3.11
55,RAMCOSYS,Ramco Systems Limited,NSE,Technology,47.96,799.6,Small,354,3.2,7.8,-1.0,2.5,12.5,BULLISH,medium,79.4,overbought,79.7,82.7,above_signal,bullish,above,rising,53.8,trending,+DI>-DI,green_buy,none,above,96.9,83.9,bearish,8,9,Uptrend (HH/HL),Rounding Bottom (saucer),836.05,,no,False,5.63
56,SUYOG,Suyog Telematics Limited,NSE,Communication Services,42.89,876.85,Small,352,3.7,7.3,-1.0,2.5,12.5,BULLISH,medium,70.6,overbought,95.2,92.2,above_signal,bullish,above,rising,19.6,choppy,+DI>-DI,green_buy,none,above,104.1,76.7,bearish,7,11,Uptrend (HH/HL),Inverse Head & Shoulders,824.3,975.4,yes,False,4.39
57,PRIVISCL,Privi Speciality Chemicals Limited,NSE,Basic Materials,34.33,3694.9,Mid,352,2.7,7.8,1.0,1.0,12.5,BULLISH,high,65.6,neutral,91.2,91.7,above_signal,bullish,above,rising,29.9,trending,+DI>-DI,green_buy,none,above,91.0,76.9,bullish,12,9,Sideways / range-bound,Rounding Bottom (saucer),3750.8,,no,False,2.82
58,GLAND,Gland Pharma Limited,NSE,Healthcare,44.13,2462.3,Large,353,3.7,8.3,1.0,-0.5,12.5,BULLISH,medium,68.6,neutral,80.5,83.9,above_signal,bullish,above,rising,42.6,trending,+DI>-DI,green_buy,none,above,138.8,72.6,bullish,12,9,Downtrend (LH/LL),Double Bottom,2202.2,2225.7,no,True,3.21
59,FAZE3Q,Faze Three Limited,NSE,Consumer Cyclical,52.17,614.25,Small,352,3.5,7.5,-1.0,2.5,12.5,BULLISH,medium,67.0,neutral,70.3,67.9,above_signal,bullish,above,rising,42.2,trending,+DI>-DI,green_buy,none,above,61.8,82.3,bearish,6,11,Uptrend (HH/HL),Rounding Bottom (saucer),621.85,,no,False,4.29
60,SBC,SBC Exports Limited,NSE,Industrials,46.52,42.14,Small,353,3.5,7.5,-1.0,2.5,12.5,BULLISH,medium,66.2,neutral,64.6,62.8,above_signal,bullish,above,rising,27.0,trending,+DI>-DI,green_buy,none,above,90.0,84.9,bearish,9,10,Uptrend (HH/HL),Rounding Bottom (saucer),44.09,,no,False,2.95
61,ANANDRATHI,Anand Rathi Wealth Limited,NSE,Financial Services,32.01,2061.7,Large,354,3.9,8.5,1.0,-1.0,12.4,BULLISH,medium,80.3,overbought,84.8,83.6,above_signal,bullish,above,rising,32.8,trending,+DI>-DI,green_buy,none,above,149.5,91.8,bullish,11,8,Sideways / range-bound,Double Top,1725.35,1642.05,weak,False,2.73
62,WELSPUNLIV,Welspun Living Limited,NSE,Consumer Cyclical,29.77,170.93,Mid,354,3.4,8.0,0.0,1.0,12.4,BULLISH,medium,69.5,neutral,89.0,81.5,above_signal,bullish,above,rising,30.1,trending,+DI>-DI,green_buy,none,above,92.1,92.6,neutral,7,7,Sideways / range-bound,Double Bottom,169.84,178.0,no,False,3.25
63,QUADFUTURE,Quadrant Future Tek Limited,NSE,Industrials,39.43,469.8,Small,354,0.9,8.0,1.0,2.5,12.4,BULLISH,high,74.0,overbought,88.7,84.3,above_signal,bullish,above,rising,54.9,trending,+DI>-DI,green_buy,none,above,65.8,88.7,bullish,9,8,Uptrend (HH/HL),Rounding Bottom (saucer),469.8,,no,False,4.68
64,RAYMONDREL,Raymond Realty Limited,NSE,Real Estate,30.35,676.0,Small,252,4.0,8.8,-1.0,0.5,12.3,BULLISH,medium,65.4,neutral,58.2,52.8,above_signal,bullish,above,rising,36.1,trending,+DI>-DI,green_buy,none,above,132.1,80.5,bearish,2,4,Uptrend (HH/HL),Rising Wedge (bearish),623.77,,yes,True,4.75
65,AVL,Aditya Vision Limited,NSE,Consumer Cyclical,30.3,638.55,Mid,351,3.3,7.5,-1.0,2.5,12.3,BULLISH,medium,64.3,neutral,63.9,69.5,above_signal,bullish,above,rising,31.3,trending,+DI>-DI,green_buy,none,above,54.9,73.2,bearish,9,16,Uptrend (HH/HL),Double Bottom,551.2,594.2,no,False,4.0
66,NEULANDLAB,Neuland Laboratories Limited,NSE,Healthcare,25.79,18944.0,Large,354,4.4,7.8,-1.0,1.0,12.2,BULLISH,medium,74.6,overbought,89.7,87.3,above_signal,bullish,above,rising,33.8,trending,+DI>-DI,green_buy,none,above,152.9,88.3,bearish,6,11,Sideways / range-bound,Double Bottom,17198.0,17585.0,yes,True,2.81
67,WABAG,VA Tech Wabag Limited,NSE,Industrials,62.04,2080.9,Mid,354,3.2,7.5,1.0,0.5,12.2,BULLISH,high,66.8,neutral,85.9,82.4,above_signal,bullish,above,rising,45.2,trending,+DI>-DI,green_buy,none,above,69.2,80.2,bullish,11,10,Uptrend (HH/HL),Rising Wedge (bearish),1988.18,,weak,False,4.18
68,SWANDEF,Swan Defence and Heavy Industries Limited,NSE,Industrials,45.61,2339.8,Mid,351,3.4,7.3,-1.0,2.5,12.2,BULLISH,medium,77.1,overbought,90.4,89.6,above_signal,bullish,above,rising,24.8,transitional,+DI>-DI,green_buy,none,above,184.9,91.8,bearish,11,13,Uptrend (HH/HL),Double Bottom,2022.9,2074.2,yes,False,3.96
69,SETL,Standard Engineering Technology Limited,NSE,Industrials,94.75,281.75,Mid,353,2.7,8.0,1.0,0.5,12.2,BULLISH,high,81.1,overbought,94.3,97.8,above_signal,bullish,above,rising,57.1,trending,+DI>-DI,green_buy,none,above,136.0,73.7,bullish,13,8,Uptrend (HH/HL),Double Top,132.59,127.33,weak,False,5.03
70,ATHERENERG,Ather Energy Limited,NSE,Consumer Cyclical,62.72,1130.0,Large,292,4.0,8.5,-1.0,0.5,12.0,BULLISH,medium,68.2,neutral,81.5,85.9,above_signal,bullish,above,rising,45.9,trending,+DI>-DI,green_buy,none,above,136.5,68.0,bearish,4,11,Uptrend (HH/HL),Double Top,960.6,879.2,no,False,4.09
71,LIKHITHA,Likhitha Infrastructure Limited,NSE,Energy,39.73,262.3,Small,353,2.5,7.5,1.0,1.0,12.0,BULLISH,high,67.5,neutral,85.6,88.4,above_signal,bullish,above,rising,35.6,trending,+DI>-DI,green_buy,none,above,45.4,60.8,bullish,10,8,Sideways / range-bound,Double Bottom,210.18,224.52,no,True,4.31
72,ONIDA,Onida Electronics Limited,NSE,Consumer Cyclical,39.89,44.36,Small,353,4.7,7.3,1.0,-1.0,12.0,BULLISH,medium,65.1,neutral,91.4,81.2,above_signal,bullish,above,rising,20.0,transitional,+DI>-DI,green_buy,none,above,133.3,69.4,bullish,12,11,Sideways / range-bound,Double Top,35.75,30.16,weak,True,4.66
73,NELCO,NELCO Limited,NSE,Technology,29.27,929.55,Small,354,3.0,7.5,-1.0,2.5,12.0,BULLISH,medium,71.9,overbought,78.4,77.3,above_signal,bullish,above,rising,46.0,trending,+DI>-DI,green_buy,none,above,81.9,93.6,bearish,4,12,Uptrend (HH/HL),Rounding Bottom (saucer),941.15,,no,False,4.31
74,ACMESOLAR,Acme Solar Holdings Limited,NSE,Utilities,61.14,383.25,Large,354,4.5,8.0,-1.0,0.5,12.0,BULLISH,medium,69.6,neutral,89.0,91.8,above_signal,bullish,above,rising,48.7,trending,+DI>-DI,green_buy,none,above,86.4,74.4,bearish,6,13,Uptrend (HH/HL),Double Top,334.45,312.25,no,False,3.9
75,DENORA,De Nora India Limited,NSE,Industrials,27.51,879.05,Micro,352,3.0,7.5,-1.0,2.5,12.0,BULLISH,medium,60.0,neutral,59.5,64.1,above_signal,bullish,above,rising,34.5,trending,+DI>-DI,green_buy,none,above,37.0,89.0,bearish,6,9,Uptrend (HH/HL),Inverse Head & Shoulders,767.1,831.1,no,False,4.72
76,SUVEN,Suven Life Sciences Limited,NSE,Healthcare,98.77,327.6,Mid,354,4.5,9.5,-1.0,-1.0,12.0,BULLISH,low,74.6,overbought,79.2,76.1,above_signal,bullish,above,rising,28.5,trending,+DI>-DI,green_buy,buy_flip,above,395.4,73.7,bearish,4,9,Sideways / range-bound,Double Top,233.55,187.76,yes,True,5.31
77,GINNIFILA,Ginni Filaments Limited,NSE,Consumer Cyclical,27.93,54.65,Micro,352,4.2,8.3,-1.0,0.5,12.0,BULLISH,medium,69.6,neutral,79.7,70.5,above_signal,bullish,above,rising,25.6,trending,+DI>-DI,green_buy,none,above,174.8,86.1,bearish,8,9,Uptrend (HH/HL),Rising Wedge (bearish),48.36,,yes,False,5.28
78,UFBL,United Foodbrands Limited,NSE,Consumer Cyclical,225.36,706.45,Small,352,3.5,5.0,1.0,2.5,12.0,BULLISH,high,69.2,neutral,64.2,57.8,below_signal,bullish,above,rising,37.6,trending,+DI>-DI,green_buy,none,above,45.7,77.8,bullish,10,8,Uptrend (HH/HL),Rounding Bottom (saucer),727.2,,no,True,5.09
79,AVADHSUGAR,Avadh Sugar & Energy Limited,NSE,Consumer Defensive,39.1,511.9,Small,352,3.4,8.5,1.0,-1.0,11.9,BULLISH,medium,70.3,overbought,96.2,85.5,above_signal,bullish,above,rising,19.4,choppy,+DI>-DI,green_buy,buy_flip,above,339.7,81.4,bullish,13,11,Sideways / range-bound,Double Top,448.45,437.3,yes,True,3.49
80,MANCREDIT,Mangal Credit and Fincorp Limited,NSE,Financial Services,48.04,245.33,Small,352,2.3,8.0,-1.0,2.5,11.8,BULLISH,medium,74.5,overbought,72.3,81.7,above_signal,bullish,above,rising,48.6,trending,+DI>-DI,green_buy,none,above,87.5,54.6,bearish,2,13,Uptrend (HH/HL),Rounding Bottom (saucer),245.33,,yes,False,5.17
81,SBCL,Shivalik Bimetal Controls Limited,NSE,Industrials,86.18,794.05,Small,353,2.5,5.8,1.0,2.5,11.8,BULLISH,high,66.3,neutral,77.7,73.2,below_signal,bullish,above,rising,32.9,trending,+DI>-DI,green_buy,none,above,126.5,68.8,bullish,8,6,Uptrend (HH/HL),Inverse Head & Shoulders,776.3,884.25,yes,True,4.2
82,AKUMS,Akums Drugs and Pharmaceuticals Limited,NSE,Healthcare,40.11,626.8,Mid,350,2.8,7.5,-1.0,2.5,11.8,BULLISH,medium,64.7,neutral,78.8,80.8,above_signal,bullish,above,rising,37.1,trending,+DI>-DI,green_buy,none,above,41.7,52.6,bearish,8,13,Uptrend (HH/HL),Double Bottom,619.15,646.75,no,False,3.23
83,SKYGOLD,SKY GOLD AND DIAMONDS LIMITED,NSE,Consumer Cyclical,67.59,560.0,Mid,354,3.8,8.0,-1.0,1.0,11.8,BULLISH,medium,63.8,neutral,79.4,75.2,above_signal,bullish,above,rising,23.9,transitional,+DI>-DI,green_buy,none,above,198.1,60.5,bearish,4,8,Sideways / range-bound,Double Bottom,533.65,576.55,weak,True,4.42
84,NDLVENTURE,NDL Ventures Limited,NSE,Communication Services,45.14,133.37,Micro,350,3.8,8.5,-1.0,0.5,11.8,BULLISH,medium,59.8,neutral,52.3,48.6,above_signal,bullish,above,rising,26.1,trending,+DI>-DI,green_buy,none,above,100.0,72.3,bearish,5,13,Uptrend (HH/HL),Double Top,128.33,127.02,no,True,3.95
85,DEEPAKFERT,Deepak Fertilizers and Petrochemicals Corporation Limited,NSE,Basic Materials,32.6,1649.3,Large,354,1.4,8.8,1.0,0.5,11.7,BULLISH,high,67.6,neutral,85.8,75.5,above_signal,bullish,above,rising,36.3,trending,+DI>-DI,green_buy,none,above,78.6,81.4,bullish,8,7,Uptrend (HH/HL),Double Top,1508.3,1462.0,no,True,3.05
86,GCSL,Gretex Corporate Services Limited,NSE,Financial Services,44.23,490.45,Small,204,4.7,7.5,-1.0,0.5,11.7,BULLISH,medium,77.6,overbought,82.5,71.0,above_signal,bullish,above,flat,19.5,choppy,+DI>-DI,green_buy,none,above,226.2,70.3,bearish,3,9,Uptrend (HH/HL),Double Top,428.15,424.65,yes,False,3.72
87,544023,Kalyani Cast-Tech Ltd,BSE,,63.04,757.55,Small,350,4.2,7.5,1.0,-1.0,11.7,BULLISH,medium,74.7,overbought,95.1,94.4,above_signal,bullish,above,rising,22.1,transitional,+DI>-DI,green_buy,none,above,175.3,74.5,bullish,13,10,Sideways / range-bound,Double Top,530.0,415.0,weak,False,3.99
88,SANGINITA,Sanginita Chemicals Limited,NSE,Basic Materials,349.07,45.85,,352,1.7,8.5,1.0,0.5,11.7,BULLISH,high,97.8,overbought,100.0,100.0,above_signal,bullish,above,rising,81.6,trending,+DI>-DI,green_buy,none,above,82.2,,bullish,8,2,Uptrend (HH/HL),Rising Wedge (bearish),32.14,,no,False,1.67
89,NACLIND,NACL Industries Limited,NSE,Basic Materials,27.01,218.4,Mid,354,2.5,7.5,-1.0,2.5,11.5,BULLISH,medium,67.4,neutral,73.2,74.6,above_signal,bullish,above,rising,29.0,trending,+DI>-DI,green_buy,none,above,91.6,85.6,bearish,4,12,Uptrend (HH/HL),Inverse Head & Shoulders,171.42,190.31,no,False,6.05
90,KDDL,KDDL Limited,NSE,Consumer Cyclical,35.26,3244.0,Small,352,2.5,7.5,1.0,0.5,11.5,BULLISH,high,64.2,neutral,77.1,73.8,above_signal,bullish,above,rising,51.9,trending,+DI>-DI,green_buy,none,above,72.0,84.5,bullish,9,7,Uptrend (HH/HL),Rising Wedge (bearish),3205.49,,no,True,4.07
91,AAREYDRUGS,Aarey Drugs & Pharmaceuticals Limited,NSE,Healthcare,25.64,84.87,Micro,351,2.0,6.0,1.0,2.5,11.5,BULLISH,high,50.5,neutral,65.0,75.3,above_signal,bullish,above,rising,23.1,transitional,-DI>+DI,green_buy,none,inside,19.2,89.3,bullish,15,11,Uptrend (HH/HL),Double Bottom,80.24,84.88,no,True,4.03
92,ABSLAMC,Aditya Birla Sun Life AMC Limited,NSE,Financial Services,38.64,1178.4,Large,353,3.5,4.5,1.0,2.5,11.5,BULLISH,high,59.0,neutral,64.7,62.2,below_signal,bullish,above,rising,39.3,trending,+DI>-DI,green_buy,none,above,49.5,80.5,bullish,6,5,Uptrend (HH/HL),Double Bottom,1199.0,1300.1,no,False,4.06
93,INDOTECH,Indo Tech Transformers Limited,NSE,Industrials,98.4,3136.7,Small,353,3.7,7.8,-1.0,1.0,11.5,BULLISH,medium,67.3,neutral,86.7,92.6,above_signal,bullish,above,rising,32.4,trending,+DI>-DI,green_buy,none,above,130.2,80.9,bearish,5,11,Sideways / range-bound,Double Bottom,2676.5,2829.7,weak,True,4.37
94,GOODLUCK,Goodluck India Limited,NSE,Basic Materials,38.69,1490.2,Small,352,3.2,6.8,1.0,0.5,11.5,BULLISH,high,64.5,neutral,81.9,82.9,above_signal,bullish,above,rising,20.7,transitional,+DI>-DI,green_buy,none,above,119.2,89.0,bullish,9,6,Uptrend (HH/HL),Rising Wedge (bearish),1415.68,,no,False,3.77
95,SMSPHARMA,SMS Pharmaceuticals Limited,NSE,Healthcare,25.54,421.45,Small,353,4.5,9.0,-1.0,-1.0,11.5,BULLISH,low,69.4,neutral,67.2,62.7,above_signal,bullish,above,rising,26.5,trending,+DI>-DI,green_buy,buy_flip,above,224.6,92.5,bearish,6,13,Sideways / range-bound,Double Top,374.15,364.85,no,False,3.88
96,JBCHEPHARM,JB Chemicals & Pharmaceuticals Limited,NSE,Healthcare,27.79,2364.6,Large,353,1.4,8.5,1.0,0.5,11.4,BULLISH,high,75.0,overbought,90.0,87.5,above_signal,bullish,above,rising,27.9,trending,+DI>-DI,green_buy,none,above,172.8,81.1,bullish,12,8,Uptrend (HH/HL),Double Top,2129.6,2030.8,no,False,2.23
97,BLUSPRING,Bluspring Enterprises Limited,NSE,Industrials,88.6,123.61,Small,265,2.9,9.0,-1.0,0.5,11.4,BULLISH,medium,75.2,overbought,83.0,80.1,above_signal,bullish,above,rising,57.0,trending,+DI>-DI,green_buy,none,above,86.7,93.0,bearish,5,15,Uptrend (HH/HL),Double Top,108.03,101.77,yes,False,6.13
98,SINDHUTRAD,Sindhu Trade Links Limited,NSE,Industrials,38.72,27.66,Small,353,3.3,8.0,1.0,-1.0,11.3,BULLISH,medium,69.3,neutral,63.3,45.7,above_signal,bullish,above,rising,19.0,choppy,+DI>-DI,green_buy,none,above,249.6,60.2,bullish,4,2,Sideways / range-bound,Double Top,24.98,23.99,yes,True,3.91
99,VIJAYA,Vijaya Diagnostic Centre Limited,NSE,Healthcare,30.18,1365.2,Mid,353,3.8,8.0,-1.0,0.5,11.3,BULLISH,medium,56.7,neutral,74.6,69.2,above_signal,bullish,above,rising,32.7,trending,+DI>-DI,green_buy,none,above,130.0,74.9,bearish,12,16,Uptrend (HH/HL),Double Top,1294.6,1225.0,no,True,4.12
100,ALIVUS,Alivus Life Sciences Limited,NSE,Healthcare,27.56,1157.7,Mid,352,4.5,8.3,1.0,-2.5,11.3,BULLISH,medium,68.2,neutral,77.3,80.3,above_signal,bullish,above,rising,26.8,trending,+DI>-DI,green_buy,buy_flip,above,139.3,81.4,bullish,9,6,Downtrend (LH/LL),Double Top,1039.0,952.0,no,False,3.35
101,SOMANYCERA,Somany Ceramics Limited,NSE,Industrials,33.02,537.2,Small,351,3.0,8.8,-1.0,0.5,11.3,BULLISH,medium,62.9,neutral,75.0,72.6,above_signal,bullish,above,rising,33.2,trending,+DI>-DI,green_buy,none,above,152.4,84.7,bearish,9,18,Uptrend (HH/HL),Double Top,495.6,465.2,weak,True,3.77
102,RPTECH,Rashi Peripherals Limited,NSE,Technology,99.49,757.95,Small,354,2.2,7.5,-1.0,2.5,11.2,BULLISH,medium,66.1,neutral,88.2,89.3,above_signal,bullish,above,rising,47.3,trending,+DI>-DI,green_buy,none,above,53.3,94.0,bearish,6,14,Uptrend (HH/HL),Bull Flag / Pennant,797.2,1146.26,no,False,5.17
103,SCPL,Sheetal Cool Products Limited,NSE,Consumer Defensive,75.01,561.35,Small,351,4.2,9.0,-1.0,-1.0,11.2,BULLISH,low,70.7,overbought,83.6,75.1,above_signal,bullish,above,rising,35.0,trending,+DI>-DI,green_buy,none,above,184.6,85.6,bearish,4,14,Sideways / range-bound,Head & Shoulders,445.1,374.9,yes,False,5.78
104,BHARATSE,Bharat Seats Limited,NSE,Consumer Cyclical,38.28,239.73,Small,317,3.7,8.0,-1.0,0.5,11.2,BULLISH,medium,79.9,overbought,86.1,83.8,above_signal,bullish,above,rising,23.1,transitional,+DI>-DI,green_buy,buy_flip,above,360.6,98.9,bearish,5,7,Uptrend (HH/HL),Double Top,172.54,157.11,yes,False,4.91
105,UTLSOLAR,Fujiyama Power Systems Limited,NSE,Technology,53.42,342.75,Mid,155,4.5,4.5,1.0,1.0,11.0,BULLISH,high,64.2,neutral,86.3,84.4,above_signal,n/a (short),,,17.0,choppy,+DI>-DI,green_buy,none,above,180.8,77.8,bullish,10,8,Sideways / range-bound,Double Bottom,319.6,334.8,weak,True,4.5
106,JTLIND,JTL INDUSTRIES LIMITED,NSE,Basic Materials,39.78,82.29,Small,353,3.7,7.3,-1.0,1.0,11.0,BULLISH,medium,65.3,neutral,76.4,74.1,above_signal,bullish,above,rising,24.6,transitional,+DI>-DI,green_buy,none,above,84.2,88.1,bearish,8,9,Sideways / range-bound,Ascending Triangle,78.95,86.85,yes,True,4.57
107,SGFIN,SG Finserve Limited,NSE,Financial Services,61.83,673.8,Small,227,4.0,9.0,-1.0,-1.0,11.0,BULLISH,low,75.1,overbought,70.9,70.7,above_signal,bullish,above,rising,39.9,trending,+DI>-DI,green_buy,none,above,226.4,89.4,bearish,3,8,Sideways / range-bound,Double Top,581.1,550.45,no,True,4.01
108,KIRLOSIND,Kirloskar Industries Limited,NSE,Industrials,28.28,4099.9,Small,353,1.5,7.5,1.0,1.0,11.0,BULLISH,high,66.5,neutral,63.5,61.2,above_signal,bullish,above,rising,45.3,trending,+DI>-DI,green_buy,none,above,69.3,93.6,bullish,8,4,Sideways / range-bound,Bull Flag / Pennant,4099.9,5130.65,no,False,4.87
109,PAISALO,Paisalo Digital Limited,NSE,Financial Services,101.94,71.87,Mid,354,2.4,9.0,-1.0,0.5,10.9,BULLISH,medium,84.0,overbought,88.0,78.3,above_signal,bullish,above,rising,57.9,trending,+DI>-DI,green_buy,none,above,135.6,81.9,bearish,5,13,Uptrend (HH/HL),Double Top,58.25,57.09,weak,False,3.63
110,AETHER,Aether Industries Limited,NSE,Basic Materials,43.61,1359.6,Mid,354,3.4,7.5,-1.0,1.0,10.9,BULLISH,medium,69.6,neutral,84.6,83.7,above_signal,bullish,above,rising,39.9,trending,+DI>-DI,green_buy,none,above,99.6,92.1,bearish,7,16,Sideways / range-bound,Inverse Head & Shoulders,1252.0,1452.7,no,False,3.74
111,GOLDTECH,AION-TECH SOLUTIONS LIMITED,NSE,Technology,27.61,64.47,Micro,353,3.9,5.0,1.0,1.0,10.9,BULLISH,high,72.1,overbought,91.7,89.8,above_signal,mixed,above,falling,34.2,trending,+DI>-DI,green_buy,none,above,248.0,92.5,bullish,11,8,Sideways / range-bound,Double Bottom,44.53,47.99,no,False,6.53
112,QUESS,Quess Corp Limited,NSE,Industrials,35.25,290.85,Small,354,3.9,7.0,-1.0,1.0,10.9,BULLISH,medium,85.5,overbought,91.3,88.7,above_signal,mixed,above,rising,52.0,trending,+DI>-DI,green_buy,none,above,105.3,91.8,bearish,8,9,Sideways / range-bound,Double Bottom,251.1,256.32,no,False,3.86
113,SONACOMS,Sona BLW Precision Forgings Limited,NSE,Consumer Cyclical,38.55,660.1,Large,354,2.4,8.5,1.0,-1.0,10.9,BULLISH,medium,74.2,overbought,81.7,78.5,above_signal,bullish,above,rising,27.2,trending,+DI>-DI,green_buy,none,above,265.7,91.6,bullish,5,4,Sideways / range-bound,Double Top,585.1,551.5,no,False,2.52
114,539730,Fredun Pharmaceuticals Ltd,BSE,,68.51,2588.8,Small,350,2.3,6.5,1.0,1.0,10.8,BULLISH,high,53.6,neutral,72.4,84.1,above_signal,bullish,above,rising,15.7,choppy,+DI>-DI,green_buy,none,above,48.1,58.2,bullish,8,7,Sideways / range-bound,Inverse Head & Shoulders,2619.7,2989.85,yes,False,5.77
115,ADFFOODS,ADF Foods Limited,NSE,Consumer Defensive,56.95,320.4,Small,353,2.5,8.8,-1.0,0.5,10.8,BULLISH,medium,65.9,neutral,65.6,71.8,above_signal,bullish,above,rising,46.0,trending,+DI>-DI,green_buy,none,above,97.4,90.6,bearish,5,10,Uptrend (HH/HL),Rising Wedge (bearish),307.47,,weak,True,4.9
116,LLOYDSME,Lloyds Metals And Energy Limited,NSE,Basic Materials,32.85,1777.0,Large,354,4.3,5.0,1.0,0.5,10.8,BULLISH,high,52.8,neutral,71.5,80.4,above_signal,bullish,above,rising,19.8,choppy,+DI>-DI,red_sell,none,above,85.6,58.8,bullish,7,5,Uptrend (HH/HL),Double Top,1754.3,1740.7,weak,True,3.08
117,J&KBANK,The Jammu & Kashmir Bank Limited,NSE,Financial Services,59.63,165.2,Mid,354,3.5,5.8,-1.0,2.5,10.8,BULLISH,medium,67.1,neutral,68.9,50.4,below_signal,bullish,above,rising,32.3,trending,+DI>-DI,green_buy,none,above,41.6,54.4,bearish,10,12,Uptrend (HH/HL),Rounding Bottom (saucer),165.2,,weak,True,3.11
118,PARACABLES,Paramount Communications Limited,NSE,Technology,84.78,71.12,Small,354,4.3,4.0,0.0,2.5,10.8,BULLISH,medium,57.7,neutral,74.3,73.0,below_signal,bullish,above,rising,21.1,transitional,+DI>-DI,green_buy,none,above,71.3,75.6,neutral,3,3,Uptrend (HH/HL),Double Bottom,70.34,72.54,no,True,5.68
119,SHILPAMED,Shilpa Medicare Limited,NSE,Healthcare,91.4,608.95,Mid,354,2.5,8.8,-1.0,0.5,10.8,BULLISH,medium,65.2,neutral,76.4,71.8,above_signal,bullish,above,rising,60.2,trending,+DI>-DI,green_buy,none,above,74.4,75.5,bearish,1,7,Uptrend (HH/HL),Double Top,545.6,518.8,no,True,4.42
120,MAYURUNIQ,Mayur Uniquoters Ltd,NSE,Consumer Cyclical,79.41,882.15,Small,352,2.2,9.0,-1.0,0.5,10.7,BULLISH,medium,71.7,overbought,82.1,78.7,above_signal,bullish,above,rising,42.9,trending,+DI>-DI,green_buy,none,above,97.3,75.4,bearish,7,12,Uptrend (HH/HL),Double Top,793.1,774.95,no,True,4.0
121,MEGASTAR,Megastar Foods Limited,NSE,Consumer Defensive,58.4,366.7,Micro,353,2.9,7.8,-1.0,1.0,10.7,BULLISH,medium,68.7,neutral,92.6,93.8,above_signal,bullish,above,rising,34.9,trending,+DI>-DI,green_buy,none,above,92.0,87.0,bearish,6,14,Sideways / range-bound,Inverse Head & Shoulders,318.25,356.2,no,False,4.4
122,SCHNEIDER,Schneider Electric Infrastructure Limited,NSE,Industrials,108.63,1481.6,Large,354,2.4,8.3,1.0,-1.0,10.7,BULLISH,medium,63.4,neutral,90.7,85.4,above_signal,bullish,above,rising,29.5,trending,+DI>-DI,green_buy,none,above,93.8,82.3,bullish,12,5,Sideways / range-bound,Rising Wedge (bearish),1278.43,,weak,False,4.98
123,LAURUSLABS,Laurus Labs Limited,NSE,Healthcare,38.9,1542.3,Large,354,2.2,9.0,-1.0,0.5,10.7,BULLISH,medium,71.9,overbought,90.7,88.8,above_signal,bullish,above,rising,41.0,trending,+DI>-DI,green_buy,none,above,150.9,72.5,bearish,4,9,Uptrend (HH/HL),Double Top,1368.8,1290.8,weak,True,2.56
124,BALRAMCHIN,Balrampur Chini Mills Limited,NSE,Consumer Defensive,28.33,562.45,Mid,354,4.5,8.0,-1.0,-1.0,10.5,BULLISH,low,58.7,neutral,74.5,62.1,above_signal,bullish,above,rising,22.9,transitional,+DI>-DI,green_buy,none,above,151.0,60.0,bearish,7,11,Sideways / range-bound,Double Top,531.6,504.15,no,True,3.0
125,BOROSCI,Borosil Scientific Limited,NSE,Consumer Cyclical,39.2,166.45,Small,353,3.5,7.5,-1.0,0.5,10.5,BULLISH,medium,67.6,neutral,56.1,63.6,above_signal,bullish,above,rising,59.3,trending,+DI>-DI,green_buy,none,above,78.5,90.6,bearish,6,13,Uptrend (HH/HL),Rising Wedge (bearish),192.75,,no,True,4.03
126,543828,Sudarshan Pharma Industries Ltd,BSE,,50.5,39.49,Small,350,3.0,4.0,1.0,2.5,10.5,BULLISH,high,64.4,neutral,66.7,61.4,below_signal,bullish,above,rising,18.8,choppy,+DI>-DI,green_buy,none,above,60.3,68.5,bullish,16,11,Uptrend (HH/HL),Double Bottom,39.95,43.19,yes,True,4.75
127,AYMSYNTEX,AYM Syntex Limited,NSE,Consumer Cyclical,55.24,262.64,Small,353,4.0,9.0,0.0,-2.5,10.5,BULLISH,low,73.7,overbought,76.3,73.9,above_signal,bullish,above,rising,39.1,trending,+DI>-DI,green_buy,none,above,338.6,97.7,neutral,7,7,Downtrend (LH/LL),Double Top,215.11,205.15,yes,False,5.04
128,ELECTHERM,Electrotherm (India) Limited,NSE,Basic Materials,30.4,1200.3,Small,352,4.5,5.5,0.0,0.5,10.5,BULLISH,medium,65.2,neutral,48.8,45.8,below_signal,bullish,above,rising,35.0,trending,+DI>-DI,green_buy,none,above,34.1,48.5,neutral,9,9,Uptrend (HH/HL),Double Top,1052.7,915.3,no,True,7.4
129,AEGISLOG,Aegis Logistics Limited,NSE,Energy,81.05,1325.4,Large,352,2.4,8.5,-1.0,0.5,10.4,BULLISH,medium,93.2,overbought,95.2,95.2,above_signal,bullish,above,rising,63.8,trending,+DI>-DI,green_buy,none,above,97.0,97.2,bearish,6,9,Uptrend (HH/HL),Rising Wedge (bearish),866.66,,no,False,4.45
130,CCL,CCL Products (India) Limited,NSE,Consumer Defensive,26.94,1173.0,Mid,354,4.8,7.5,-1.0,-1.0,10.3,BULLISH,low,59.0,neutral,64.6,63.6,above_signal,bullish,above,rising,40.3,trending,+DI>-DI,green_buy,none,above,25.2,71.5,bearish,5,9,Sideways / range-bound,Double Top,1114.6,1035.8,no,True,3.12
131,AMBIKCO,Ambika Cotton Mills Limited,NSE,Consumer Cyclical,39.47,1735.6,Small,353,3.3,7.5,-1.0,0.5,10.3,BULLISH,medium,59.5,neutral,64.4,67.1,above_signal,bullish,above,rising,41.5,trending,+DI>-DI,green_buy,none,above,106.0,79.9,bearish,7,11,Uptrend (HH/HL),Double Top,1702.6,1634.7,no,True,3.43
132,MBAPL,Madhya Bharat Agro Products Limited,NSE,Basic Materials,44.3,125.15,,354,2.7,8.0,-1.0,0.5,10.2,BULLISH,medium,74.5,overbought,91.0,74.7,above_signal,bullish,above,rising,23.1,transitional,+DI>-DI,green_buy,none,above,177.5,56.9,bearish,7,12,Uptrend (HH/HL),Double Top,110.09,106.85,weak,True,3.74
133,HONASA,Honasa Consumer Limited,NSE,Consumer Defensive,57.73,461.75,Mid,353,2.7,8.5,0.0,-1.0,10.2,BULLISH,low,73.5,overbought,90.1,91.3,above_signal,bullish,above,rising,39.5,trending,+DI>-DI,green_buy,none,above,138.0,78.8,neutral,10,10,Sideways / range-bound,Double Top,400.4,383.15,no,False,3.29
134,PREMIERPOL,Premier Polyfilm Limited,NSE,Basic Materials,62.54,68.3,Small,352,2.4,7.8,1.0,-1.0,10.2,BULLISH,medium,71.1,overbought,90.7,93.8,above_signal,bullish,above,rising,29.8,trending,+DI>-DI,green_buy,none,above,125.5,83.8,bullish,7,6,Sideways / range-bound,Rising Wedge (bearish),62.75,,no,False,3.91
135,NRL,Nupur Recyclers Limited,NSE,Industrials,62.92,92.57,,352,3.7,8.5,-1.0,-1.0,10.2,BULLISH,low,84.8,overbought,97.0,94.2,above_signal,bullish,above,rising,46.3,trending,+DI>-DI,green_buy,none,above,79.0,76.9,bearish,4,10,Sideways / range-bound,Rising Wedge (bearish),86.57,,yes,False,4.03
136,DIVGIITTS,Divgi Torqtransfer Systems Limited,NSE,Consumer Cyclical,66.5,1021.5,Small,352,3.2,9.0,-1.0,-1.0,10.2,BULLISH,low,79.0,overbought,72.4,76.0,above_signal,bullish,above,rising,36.9,trending,+DI>-DI,green_buy,none,above,151.9,96.7,bearish,3,9,Sideways / range-bound,Double Top,844.85,820.5,no,False,4.55
137,TIRUPATIFL,Tirupati Forge Limited,NSE,Industrials,75.33,66.82,,352,2.7,8.0,-1.0,0.5,10.2,BULLISH,medium,79.6,overbought,84.9,88.2,above_signal,bullish,above,rising,39.3,trending,+DI>-DI,green_buy,none,above,209.2,87.9,bearish,7,10,Uptrend (HH/HL),Rising Wedge (bearish),45.96,,yes,False,5.62
138,GRWRHITECH,Garware Hi-Tech Films Limited,NSE,Basic Materials,116.94,6875.0,Mid,353,3.5,5.0,-1.0,2.5,10.0,BULLISH,medium,67.6,neutral,81.3,75.3,below_signal,bullish,above,rising,44.4,trending,+DI>-DI,green_buy,none,above,50.0,73.0,bearish,4,11,Uptrend (HH/HL),Rounding Bottom (saucer),6968.5,,no,True,4.0
139,HAPPYFORGE,Happy Forgings Limited,NSE,Industrials,28.07,1499.1,Mid,354,0.5,7.5,1.0,1.0,10.0,BULLISH,high,57.0,neutral,74.5,77.6,above_signal,bullish,above,rising,29.9,trending,+DI>-DI,green_buy,none,above,51.7,87.9,bullish,11,8,Sideways / range-bound,Rounding Bottom (saucer),1554.8,,no,False,3.3
140,BLSE,BLS E-Services Limited,NSE,Industrials,36.34,265.11,Small,354,2.9,9.0,-1.0,-1.0,9.9,BULLISH,low,80.6,overbought,85.0,82.2,above_signal,bullish,above,rising,52.1,trending,+DI>-DI,green_buy,none,above,217.8,96.8,bearish,9,12,Sideways / range-bound,Double Top,225.19,219.15,yes,True,3.56
141,TPLPLASTEH,TPL Plastech Limited,NSE,Consumer Cyclical,31.52,87.16,Small,353,3.9,6.5,-1.0,0.5,9.9,BULLISH,medium,80.0,overbought,83.1,77.2,above_signal,mixed,above,rising,30.2,trending,+DI>-DI,green_buy,none,above,337.2,93.1,bearish,6,7,Uptrend (HH/HL),Rising Wedge (bearish),71.0,,yes,False,4.59
142,ONMOBILE,OnMobile Global Limited,NSE,Communication Services,35.69,80.03,Small,354,2.9,8.5,1.0,-2.5,9.9,BULLISH,medium,91.2,overbought,93.9,94.1,above_signal,bullish,above,rising,40.7,trending,+DI>-DI,green_buy,none,above,315.7,97.7,bullish,7,4,Downtrend (LH/LL),Double Top,48.46,45.37,yes,False,4.4
143,CONFIPET,Confidence Petroleum India Limited,NSE,Energy,104.44,74.17,Small,354,3.8,8.0,-1.0,-1.0,9.8,BULLISH,low,57.8,neutral,75.5,75.9,above_signal,bullish,above,rising,27.3,trending,+DI>-DI,green_buy,none,above,47.2,70.6,bearish,6,11,Sideways / range-bound,Rising Wedge (bearish),72.8,,weak,True,5.95
144,SAKAR,Sakar Healthcare Limited,NSE,Healthcare,108.78,848.8,,354,2.8,5.5,1.0,0.5,9.8,BULLISH,high,60.2,neutral,45.3,43.1,below_signal,bullish,above,rising,31.9,trending,+DI>-DI,green_buy,none,above,115.9,78.5,bullish,12,9,Uptrend (HH/HL),Double Top,767.6,699.5,yes,True,5.04
145,532380,Baba Arts Ltd-$,BSE,,65.71,15.08,Micro,350,3.8,6.0,-1.0,1.0,9.8,BULLISH,medium,57.3,neutral,48.4,54.1,above_signal,bullish,above,rising,20.3,transitional,+DI>-DI,green_buy,none,above,52.6,78.8,bearish,5,9,Sideways / range-bound,Double Bottom,14.55,14.9,no,True,7.69
146,SPARC,Sun Pharma Advanced Research Company Limited,NSE,Healthcare,76.37,239.37,Mid,354,2.8,5.5,1.0,0.5,9.8,BULLISH,high,65.1,neutral,61.1,62.2,below_signal,bullish,above,rising,37.9,trending,+DI>-DI,green_buy,none,above,55.2,57.9,bullish,11,9,Uptrend (HH/HL),Rising Wedge (bearish),234.38,,no,True,4.47
147,BHARATFORG,Bharat Forge Limited,NSE,Consumer Cyclical,44.65,2136.7,Large,353,2.8,7.5,-1.0,0.5,9.8,BULLISH,medium,63.2,neutral,62.0,66.6,above_signal,bullish,above,rising,30.4,trending,+DI>-DI,green_buy,none,above,70.0,79.7,bearish,4,10,Uptrend (HH/HL),Double Top,2122.8,2093.3,no,False,2.84
148,524520,KMC Speciality Hospitals (India) Ltd,BSE,,54.05,133.65,Small,350,2.3,8.0,-1.0,0.5,9.8,BULLISH,medium,67.7,neutral,76.6,83.8,above_signal,bullish,above,rising,37.2,trending,+DI>-DI,green_buy,none,above,70.8,79.6,bearish,3,8,Uptrend (HH/HL),Double Top,112.55,106.2,no,False,4.61
149,GNA,GNA Axles Limited,NSE,Consumer Cyclical,35.15,466.0,Small,354,3.9,7.8,-1.0,-1.0,9.7,BULLISH,low,74.2,overbought,86.6,85.0,above_signal,bullish,above,rising,39.1,trending,+DI>-DI,green_buy,none,above,127.8,93.7,bearish,5,10,Sideways / range-bound,Double Top,366.7,351.0,no,False,4.27
150,AUROPHARMA,Aurobindo Pharma Limited,NSE,Healthcare,33.33,1620.5,Large,353,3.4,8.3,-1.0,-1.0,9.7,BULLISH,low,71.2,overbought,87.0,86.7,above_signal,bullish,above,rising,27.9,trending,+DI>-DI,green_buy,none,above,141.2,90.5,bearish,5,8,Sideways / range-bound,Double Top,1449.0,1434.4,weak,False,2.32
151,NUVAMA,Nuvama Wealth Management Limited,NSE,Financial Services,27.66,1887.5,Large,354,3.2,8.5,-1.0,-1.0,9.7,BULLISH,low,79.5,overbought,88.2,91.2,above_signal,bullish,above,rising,46.2,trending,+DI>-DI,green_buy,none,above,119.3,82.7,bearish,8,10,Sideways / range-bound,Double Top,1439.6,1247.7,yes,False,2.99
152,AARTIIND,Aarti Industries Limited,NSE,Basic Materials,29.81,487.7,Mid,354,1.8,7.8,1.0,-1.0,9.6,BULLISH,medium,57.9,neutral,60.5,52.3,above_signal,bullish,above,rising,15.5,choppy,+DI>-DI,green_buy,none,above,76.7,55.5,bullish,9,7,Sideways / range-bound,Double Top,427.85,354.95,no,False,3.02
153,ANGELONE,Angel One Limited,NSE,Financial Services,46.65,352.25,Large,354,3.3,4.8,1.0,0.5,9.6,BULLISH,high,60.1,neutral,58.6,42.7,below_signal,bullish,above,rising,17.3,choppy,+DI>-DI,green_buy,none,above,95.3,51.0,bullish,11,9,Uptrend (HH/HL),Double Top,323.75,304.85,weak,True,3.1
154,PARAS,Paras Defence and Space Technologies Limited,NSE,Industrials,86.94,1294.0,Mid,354,1.5,4.5,1.0,2.5,9.5,BULLISH,high,62.2,neutral,65.7,64.1,below_signal,bullish,above,rising,40.8,trending,+DI>-DI,green_buy,none,above,34.6,84.5,bullish,7,5,Uptrend (HH/HL),Rounding Bottom (saucer),1408.65,,no,False,5.47
155,HESTERBIO,Hester Biosciences Limited,NSE,Healthcare,37.91,2198.4,Small,352,3.5,4.5,-1.0,2.5,9.5,BULLISH,medium,64.9,neutral,66.3,66.2,below_signal,bullish,above,rising,64.2,trending,+DI>-DI,green_buy,none,above,93.5,82.4,bearish,7,10,Uptrend (HH/HL),Rounding Bottom (saucer),2239.9,,weak,True,4.41
156,ASTRAMICRO,Astra Microwave Products Limited,NSE,Technology,87.15,1848.5,Mid,353,1.4,8.5,-1.0,0.5,9.4,BULLISH,medium,83.2,overbought,96.1,94.8,above_signal,bullish,above,rising,48.1,trending,+DI>-DI,green_buy,none,above,77.5,83.1,bearish,6,11,Uptrend (HH/HL),Double Top,1316.2,1230.7,no,False,3.71
157,EBGNG,GNG Electronics Limited,NSE,Technology,107.02,641.15,Mid,230,2.9,8.0,1.0,-2.5,9.4,BULLISH,medium,73.8,overbought,91.6,95.7,above_signal,bullish,above,rising,46.0,trending,+DI>-DI,green_buy,none,above,133.0,88.9,bullish,8,7,Downtrend (LH/LL),Double Top,428.75,408.5,no,False,4.69
158,CEMPRO,Cemindia Projects Limited,NSE,Industrials,91.55,1449.0,Large,354,0.9,9.0,-1.0,0.5,9.4,BULLISH,medium,77.9,overbought,97.3,94.7,above_signal,bullish,above,rising,53.7,trending,+DI>-DI,green_buy,none,above,103.0,84.1,bearish,8,11,Uptrend (HH/HL),Double Top,1122.4,1007.7,weak,True,4.01
159,WELCORP,Welspun Corp Limited,NSE,Basic Materials,80.06,1439.3,Large,354,3.3,4.5,-1.0,2.5,9.3,BULLISH,medium,54.4,neutral,60.3,74.9,below_signal,bullish,above,rising,30.9,trending,+DI>-DI,green_buy,none,above,43.1,70.8,bearish,8,13,Uptrend (HH/HL),Double Bottom,1411.6,1476.6,yes,True,3.36
160,RPEL,Raghav Productivity Enhancers Limited,NSE,Basic Materials,34.17,1261.5,Mid,353,4.0,5.8,-1.0,0.5,9.3,BULLISH,medium,71.0,overbought,86.2,80.5,below_signal,bullish,above,rising,42.7,trending,+DI>-DI,green_buy,none,above,48.2,48.2,bearish,6,11,Uptrend (HH/HL),Double Top,1189.75,1172.85,no,True,3.71
161,PARKHOSPS,Park Medi World Limited,NSE,Healthcare,96.89,294.8,Mid,135,3.5,5.8,1.0,-1.0,9.3,BULLISH,medium,59.9,neutral,77.2,81.3,above_signal,n/a (short),,,27.5,trending,+DI>-DI,green_buy,buy_flip,above,67.3,58.6,bullish,8,7,Sideways / range-bound,Double Top,285.5,281.75,yes,True,4.01
162,MARINE,Marine Electricals (India) Limited,NSE,Industrials,31.21,280.3,,354,2.3,7.5,-1.0,0.5,9.3,BULLISH,medium,61.7,neutral,77.0,78.1,above_signal,bullish,above,rising,40.3,trending,+DI>-DI,green_buy,none,above,85.8,79.0,bearish,1,8,Uptrend (HH/HL),Double Top,231.95,194.96,no,False,4.96
163,ASHIANA,Ashiana Housing Limited,NSE,Real Estate,37.6,389.9,Small,353,3.3,6.5,-1.0,0.5,9.3,BULLISH,medium,58.9,neutral,67.5,72.8,above_signal,bullish,above,rising,22.3,transitional,+DI>-DI,green_buy,none,above,64.3,78.8,bearish,11,14,Uptrend (HH/HL),Double Top,379.6,370.1,no,False,3.83
164,INDSWFTLAB,Ind-Swift Laboratories Limited,NSE,Healthcare,136.67,214.16,Small,353,2.9,8.3,-1.0,-1.0,9.2,BULLISH,low,82.7,overbought,89.0,86.7,above_signal,bullish,above,rising,51.4,trending,+DI>-DI,green_buy,none,above,89.8,91.4,bearish,2,14,Sideways / range-bound,Double Top,156.69,149.19,weak,False,4.02
165,GOLDIAM,Goldiam International Limited,NSE,Consumer Cyclical,31.78,480.4,Mid,354,1.8,5.8,-1.0,2.5,9.1,BULLISH,medium,62.6,neutral,41.5,33.7,below_signal,bullish,above,rising,29.1,trending,+DI>-DI,green_buy,none,above,26.2,55.3,bearish,6,13,Uptrend (HH/HL),Rounding Bottom (saucer),500.0,,weak,True,4.45
166,544141,Pune E - Stock Broking Ltd,BSE,,38.4,284.0,Micro,351,1.3,7.3,1.0,-0.5,9.1,BULLISH,medium,54.9,neutral,74.6,65.5,above_signal,bullish,above,rising,15.3,choppy,+DI>-DI,green_buy,buy_flip,inside,71.2,53.9,bullish,15,9,Downtrend (LH/LL),Double Bottom,281.6,291.2,no,True,2.45
167,NAHARSPING,Nahar Spinning Mills Limited,NSE,Consumer Cyclical,37.04,265.85,Small,352,3.3,4.8,0.0,1.0,9.1,BULLISH,medium,56.4,neutral,57.8,51.3,above_signal,bullish,above,rising,19.0,choppy,+DI>-DI,red_sell,none,above,32.1,49.2,neutral,7,7,Sideways / range-bound,Double Bottom,261.3,275.4,weak,True,3.35
168,SUPRIYA,Supriya Lifescience Limited,NSE,Healthcare,30.42,978.9,Mid,353,3.8,5.3,-1.0,1.0,9.1,BULLISH,medium,58.8,neutral,64.3,70.4,below_signal,bullish,above,rising,43.3,trending,+DI>-DI,green_buy,none,above,39.0,65.3,bearish,5,10,Sideways / range-bound,Double Bottom,977.15,1053.35,no,True,4.94
169,MAHABANK,Bank of Maharashtra,NSE,Financial Services,38.48,88.53,Large,354,3.1,4.5,-1.0,2.5,9.1,BULLISH,medium,55.0,neutral,47.4,64.0,below_signal,bullish,above,rising,28.4,trending,+DI>-DI,green_buy,none,above,17.0,57.4,bearish,1,10,Uptrend (HH/HL),Rounding Bottom (saucer),93.85,,no,True,2.88
170,AYE,Aye Finance Limited,NSE,Financial Services,35.76,176.06,Small,95,3.2,4.3,1.0,0.5,9.0,BULLISH,high,61.7,neutral,80.9,83.5,above_signal,n/a (short),,,44.5,trending,+DI>-DI,green_buy,none,above,96.3,82.1,bullish,8,3,Uptrend (HH/HL),Rising Wedge (bearish),167.6,,no,True,5.26
171,EMMVEE,Emmvee Photovoltaic Power Limited,NSE,Technology,90.06,358.95,Large,157,4.0,5.5,-1.0,0.5,9.0,BULLISH,medium,67.2,neutral,83.0,76.6,above_signal,n/a (short),,,34.2,trending,+DI>-DI,green_buy,none,above,83.4,70.8,bearish,5,7,Uptrend (HH/HL),Double Top,325.8,308.05,no,True,4.0
172,JAYBARMARU,Jay Bharat Maruti Limited,NSE,Consumer Cyclical,67.63,171.55,Small,353,3.0,4.5,-1.0,2.5,9.0,BULLISH,medium,70.5,overbought,74.3,79.5,below_signal,bullish,above,rising,55.8,trending,+DI>-DI,green_buy,none,above,37.1,92.2,bearish,5,13,Uptrend (HH/HL),Bull Flag / Pennant,171.55,255.5,no,True,4.93
173,ZIMLAB,Zim Laboratories Limited,NSE,Healthcare,73.48,122.01,Small,352,3.0,4.5,-1.0,2.5,9.0,BULLISH,medium,61.1,neutral,59.8,61.5,below_signal,bullish,above,rising,40.1,trending,+DI>-DI,green_buy,none,above,46.6,84.2,bearish,9,14,Uptrend (HH/HL),Bull Flag / Pennant,124.9,152.75,no,True,4.73
174,GAUDIUMIVF,Gaudium IVF and Women Health Limited,NSE,Healthcare,44.71,116.9,Small,85,3.9,4.0,1.0,0.0,8.9,BULLISH,medium,61.4,neutral,98.6,97.5,above_signal,n/a (short),,,15.4,choppy,+DI>-DI,green_buy,none,above,101.4,80.3,bullish,6,5,Sideways / range-bound,Symmetrical Triangle,111.29,,no,True,2.32
175,ADANIPORTS,Adani Ports and Special Economic Zone Limited,NSE,Industrials,26.54,1874.2,Large,354,2.9,8.0,-1.0,-1.0,8.9,BULLISH,low,62.3,neutral,83.9,66.0,above_signal,bullish,above,rising,15.6,choppy,+DI>-DI,green_buy,none,above,189.9,80.2,bearish,13,14,Sideways / range-bound,Double Top,1787.1,1747.8,no,True,2.07
176,ORIENTHOT,Oriental Hotels Limited,NSE,Consumer Cyclical,28.24,139.26,Small,354,1.4,7.5,-1.0,1.0,8.9,BULLISH,medium,70.3,overbought,82.8,85.1,above_signal,bullish,above,rising,39.3,trending,+DI>-DI,green_buy,none,above,62.2,97.2,bearish,5,9,Sideways / range-bound,Inverse Head & Shoulders,105.01,114.48,no,False,4.63
177,UNIMECH,Unimech Aerospace and Manufacturing Limited,NSE,Industrials,27.33,1155.4,Mid,352,2.8,5.0,0.0,1.0,8.8,BULLISH,medium,55.8,neutral,53.4,50.9,below_signal,bullish,above,rising,25.8,trending,+DI>-DI,green_buy,none,above,15.0,63.2,neutral,5,5,Sideways / range-bound,Double Bottom,1197.65,1261.65,no,True,5.22
178,SYRMA,Syrma SGS Technology Limited,NSE,Technology,83.61,1376.0,Large,354,2.8,4.5,-1.0,2.5,8.8,BULLISH,medium,62.3,neutral,51.6,56.1,below_signal,bullish,above,rising,54.6,trending,+DI>-DI,green_buy,none,above,21.8,74.1,bearish,6,15,Uptrend (HH/HL),Bull Flag / Pennant,1440.5,1906.24,no,True,3.81
179,BETA,Beta Drugs Limited,NSE,Healthcare,27.25,2090.5,,353,2.8,4.5,-1.0,2.5,8.8,BULLISH,medium,67.0,neutral,77.0,85.0,below_signal,bullish,above,rising,45.5,trending,+DI>-DI,green_buy,none,above,39.5,71.1,bearish,4,11,Uptrend (HH/HL),Double Bottom,1471.7,1527.3,no,False,5.39
180,SPECTRUM,Spectrum Electrical Industries Limited,NSE,Industrials,55.78,1853.2,Small,351,1.8,7.5,-1.0,0.5,8.8,BULLISH,medium,64.9,neutral,79.9,81.8,above_signal,bullish,above,rising,43.9,trending,+DI>-DI,green_buy,none,above,57.6,68.6,bearish,4,8,Uptrend (HH/HL),Double Top,1564.2,1359.3,no,True,5.41
181,SIGMAADV,SIGMA ADVANCED SYSTEMS LIMITED,NSE,Industrials,170.08,548.4,Mid,353,3.3,4.0,-1.0,2.5,8.8,BULLISH,medium,60.0,neutral,61.5,64.1,below_signal,bullish,above,rising,59.2,trending,+DI>-DI,green_buy,none,above,22.3,73.9,bearish,6,7,Uptrend (HH/HL),Rounding Bottom (saucer),615.05,,no,True,5.06
182,TALBROAUTO,Talbros Automotive Components Limited,NSE,Consumer Cyclical,50.46,412.1,Small,354,1.7,7.5,-1.0,0.5,8.7,BULLISH,medium,67.7,neutral,86.5,88.6,above_signal,bullish,above,rising,54.7,trending,+DI>-DI,green_buy,none,above,99.1,88.8,bearish,7,10,Uptrend (HH/HL),Double Top,351.7,340.9,no,False,4.57
183,VENUSPIPES,Venus Pipes & Tubes Limited,NSE,Basic Materials,51.99,1783.2,Small,353,2.9,7.8,-1.0,-1.0,8.7,BULLISH,low,75.9,overbought,93.7,93.3,above_signal,bullish,above,rising,33.0,trending,+DI>-DI,green_buy,none,above,114.4,95.4,bearish,6,10,Sideways / range-bound,Double Top,1373.2,1296.3,no,False,3.45
184,NEOGEN,Neogen Chemicals Limited,NSE,Basic Materials,71.93,1968.3,Mid,354,3.3,4.8,-1.0,1.5,8.6,BULLISH,medium,56.8,neutral,56.8,57.9,below_signal,bullish,above,rising,25.8,trending,+DI>-DI,green_buy,none,above,13.2,64.9,bearish,10,11,Uptrend (HH/HL),Symmetrical Triangle,1962.73,,no,True,4.1
185,STEELCAS,Steelcast Limited,NSE,Basic Materials,47.66,310.55,Small,353,2.0,7.0,-1.0,0.5,8.5,BULLISH,medium,62.8,neutral,33.8,35.6,above_signal,bullish,above,rising,32.4,trending,+DI>-DI,green_buy,none,above,87.8,90.1,bearish,4,9,Uptrend (HH/HL),Rising Wedge (bearish),307.39,,no,True,4.77
186,STARHEALTH,Star Health and Allied Insurance Company Limited,NSE,Financial Services,26.48,580.3,Large,354,1.5,7.5,-1.0,0.5,8.5,BULLISH,medium,66.2,neutral,76.2,80.9,above_signal,bullish,above,rising,50.3,trending,+DI>-DI,green_buy,none,above,66.2,86.0,bearish,9,12,Uptrend (HH/HL),Double Top,574.3,565.0,no,False,2.91
187,BHAGCHEM,Bhagiradha Chemicals & Industries Limited,NSE,Basic Materials,30.61,283.4,Small,352,1.5,7.5,-1.0,0.5,8.5,BULLISH,medium,58.9,neutral,75.9,79.1,above_signal,bullish,above,rising,42.7,trending,+DI>-DI,green_buy,none,above,48.8,92.2,bearish,2,10,Uptrend (HH/HL),Double Top,281.72,274.97,no,True,4.4
188,IOLCP,IOL Chemicals and Pharmaceuticals Limited,NSE,Healthcare,73.96,142.96,Small,354,3.7,8.3,-1.0,-2.5,8.5,BULLISH,low,61.9,neutral,87.4,91.7,above_signal,bullish,above,rising,41.8,trending,+DI>-DI,green_buy,none,above,116.7,82.8,bearish,5,12,Downtrend (LH/LL),Double Top,126.92,117.68,weak,True,4.93
189,KIRLOSENG,Kirloskar Oil Engines Limited,NSE,Industrials,78.94,2230.8,Large,353,3.3,3.5,-1.0,2.5,8.3,BULLISH,medium,56.5,neutral,49.6,56.6,below_signal,bullish,above,rising,43.8,trending,+DI>-DI,green_buy,none,above,29.6,63.2,bearish,10,14,Uptrend (HH/HL),Rounding Bottom (saucer),2563.6,,no,False,5.09
190,APOLLO,Apollo Micro Systems Limited,NSE,Industrials,68.09,450.05,Mid,354,3.0,5.8,-1.0,0.5,8.3,BULLISH,medium,63.9,neutral,77.7,70.1,below_signal,bullish,above,rising,30.5,trending,+DI>-DI,green_buy,none,above,129.7,67.9,bearish,3,11,Uptrend (HH/HL),Double Top,381.75,326.5,yes,True,4.72
191,NITINSPIN,Nitin Spinners Limited,NSE,Consumer Cyclical,77.24,563.55,Small,352,3.3,5.5,-1.0,0.5,8.3,BULLISH,medium,58.7,neutral,53.3,64.9,below_signal,bullish,above,rising,55.2,trending,+DI>-DI,green_buy,none,above,30.6,55.8,bearish,1,12,Uptrend (HH/HL),Double Top,545.15,521.6,no,True,3.91
192,DCMSIL,DCM Shriram International Limited,NSE,Industrials,27.69,70.0,Small,92,3.3,3.0,1.0,1.0,8.3,BULLISH,high,56.5,neutral,70.0,81.5,above_signal,n/a (short),,,17.4,choppy,+DI>-DI,green_buy,none,inside,30.1,74.5,bullish,9,8,Sideways / range-bound,Inverse Head & Shoulders,68.83,78.39,no,True,2.74
193,539598,Credent Global Finance Ltd,BSE,,25.38,37.99,Micro,350,2.2,8.0,-1.0,-1.0,8.2,BULLISH,low,81.9,overbought,88.5,82.1,above_signal,bullish,above,rising,22.3,transitional,+DI>-DI,green_buy,buy_flip,above,302.2,79.8,bearish,7,9,Sideways / range-bound,Double Top,26.49,22.98,no,False,5.58
194,PREMEXPLN,Premier Explosives Limited,NSE,Basic Materials,44.24,782.05,Small,354,1.8,4.8,-1.0,2.5,8.1,BULLISH,medium,61.7,neutral,69.7,77.5,below_signal,bullish,above,rising,33.5,trending,+DI>-DI,green_buy,none,above,58.3,70.5,bearish,2,6,Uptrend (HH/HL),Rounding Bottom (saucer),808.5,,weak,True,5.11
195,GROWW,Billionbrains Garage Ventures Limited,NSE,Financial Services,32.96,206.5,Large,161,3.7,3.8,-1.0,1.5,8.0,BULLISH,medium,61.5,neutral,84.5,78.4,above_signal,n/a (short),,,23.9,transitional,+DI>-DI,green_buy,none,above,79.1,49.6,bearish,3,9,Uptrend (HH/HL),No clean pattern,,,,True,2.8
196,SAILIFE,Sai Life Sciences Limited,NSE,Healthcare,31.62,1257.3,Large,354,2.7,5.8,-1.0,0.5,8.0,BULLISH,medium,64.9,neutral,82.7,78.2,below_signal,bullish,above,rising,30.2,trending,+DI>-DI,green_buy,none,above,54.9,62.7,bearish,7,12,Uptrend (HH/HL),Double Top,1181.2,1132.7,no,True,2.88
197,SPAL,S. P. Apparels Limited,NSE,Consumer Cyclical,59.57,1118.6,Small,353,0.9,7.5,-1.0,0.5,7.9,BULLISH,medium,67.9,neutral,81.4,82.2,above_signal,bullish,above,rising,46.4,trending,+DI>-DI,green_buy,none,above,95.2,84.9,bearish,2,7,Uptrend (HH/HL),Double Top,1051.4,993.7,no,False,6.06
198,539682,Mobavenue AI Tech Ltd,BSE,,27.93,305.15,Small,353,2.3,5.5,-1.0,1.0,7.8,BULLISH,medium,61.1,neutral,62.3,45.0,below_signal,bullish,above,rising,39.4,trending,+DI>-DI,green_buy,none,above,25.8,59.0,bearish,9,13,Sideways / range-bound,Double Bottom,309.2,337.23,no,True,4.87
199,AMANTA,Amanta Healthcare Limited,NSE,Healthcare,48.61,163.09,Small,200,1.3,7.0,-1.0,0.5,7.8,BULLISH,medium,68.0,neutral,74.9,76.2,above_signal,bullish,above,flat,32.4,trending,+DI>-DI,green_buy,none,above,41.8,51.9,bearish,7,8,Uptrend (HH/HL),Double Top,148.95,140.76,no,False,5.35
200,BLISSGVS,Bliss GVS Pharma Limited,NSE,Healthcare,210.74,505.95,Mid,354,2.8,4.5,0.0,0.5,7.8,BULLISH,medium,64.6,neutral,72.9,80.2,below_signal,bullish,above,rising,56.3,trending,+DI>-DI,green_buy,none,above,46.1,72.3,neutral,7,7,Uptrend (HH/HL),Rising Wedge (bearish),510.32,,no,True,4.49
201,SENORES,Senores Pharmaceuticals Limited,NSE,Healthcare,63.0,1381.9,Mid,353,-0.8,9.0,-1.0,0.5,7.7,BULLISH,low,72.9,overbought,83.7,85.1,above_signal,bullish,above,rising,46.1,trending,+DI>-DI,green_buy,none,above,77.1,69.3,bearish,6,17,Uptrend (HH/HL),Double Top,1257.2,1224.4,weak,False,4.02
202,RSWM,RSWM Limited,NSE,Consumer Cyclical,31.59,194.76,Small,352,2.2,4.5,0.0,1.0,7.7,BULLISH,medium,54.9,neutral,34.8,30.7,below_signal,bullish,above,rising,31.6,trending,+DI>-DI,green_buy,none,above,-19.6,41.0,neutral,6,6,Sideways / range-bound,Double Bottom,201.33,211.03,no,True,4.97
203,AZAD,Azad Engineering Limited,NSE,Industrials,30.17,2149.1,Mid,354,4.3,4.8,1.0,-2.5,7.6,BULLISH,medium,57.2,neutral,45.5,34.7,above_signal,bullish,above,rising,13.5,choppy,+DI>-DI,red_sell,none,above,26.6,52.7,bullish,8,6,Downtrend (LH/LL),Double Top,2105.7,1981.4,yes,True,3.86
204,BALAMINES,Balaji Amines Limited,NSE,Basic Materials,101.36,2194.2,Mid,354,3.8,5.8,-1.0,-1.0,7.6,BULLISH,low,60.4,neutral,71.2,53.1,below_signal,bullish,above,rising,28.4,trending,+DI>-DI,green_buy,none,above,46.0,66.2,bearish,2,5,Sideways / range-bound,Double Top,2054.0,1865.9,no,True,5.02
205,ESAFSFB,ESAF Small Finance Bank Limited,NSE,Financial Services,27.57,34.15,Small,353,0.5,7.5,-1.0,0.5,7.5,BULLISH,medium,65.3,neutral,62.2,62.8,above_signal,bullish,above,rising,43.8,trending,+DI>-DI,green_buy,none,above,62.0,87.1,bearish,7,9,Uptrend (HH/HL),Rising Wedge (bearish),32.87,,no,False,4.82
206,CARBORUNIV,Carborundum Universal Limited,NSE,Industrials,32.73,1139.6,Large,353,1.5,3.5,0.0,2.5,7.5,BULLISH,medium,54.5,neutral,41.2,49.8,below_signal,bullish,above,rising,46.6,trending,+DI>-DI,green_buy,none,above,5.1,83.4,neutral,8,8,Uptrend (HH/HL),Rounding Bottom (saucer),1241.7,,no,False,4.19
207,SAREGAMA,Saregama India Limited,NSE,Communication Services,35.7,485.75,Mid,353,1.5,4.5,-1.0,2.5,7.5,BULLISH,medium,62.6,neutral,68.2,73.5,below_signal,bullish,above,rising,58.6,trending,+DI>-DI,green_buy,none,above,50.2,80.3,bearish,6,10,Uptrend (HH/HL),Double Bottom,464.55,491.05,no,True,3.58
208,PANAMAPET,Panama Petrochem Limited,NSE,Energy,41.31,425.55,Small,353,1.5,4.5,-1.0,2.5,7.5,BULLISH,medium,58.7,neutral,36.6,35.6,below_signal,bullish,above,rising,48.7,trending,+DI>-DI,green_buy,none,above,25.2,89.9,bearish,5,7,Uptrend (HH/HL),Bull Flag / Pennant,425.55,523.58,no,False,6.05
209,EXICOM,Exicom Tele-Systems Limited,NSE,Industrials,54.24,178.01,Small,354,2.2,5.8,-1.0,0.5,7.5,BULLISH,medium,63.1,neutral,73.1,68.0,below_signal,bullish,above,rising,31.5,trending,+DI>-DI,green_buy,none,above,94.4,84.6,bearish,8,10,Uptrend (HH/HL),Rising Wedge (bearish),160.99,,no,True,5.96
210,CAPLIPOINT,Caplin Point Laboratories Limited,NSE,Healthcare,37.54,2538.1,Mid,353,1.3,4.5,1.0,0.5,7.3,BULLISH,high,67.9,neutral,63.3,72.5,below_signal,bullish,above,rising,64.3,trending,+DI>-DI,green_buy,none,above,34.6,74.7,bullish,10,8,Uptrend (HH/HL),Double Top,2490.9,2444.4,no,True,3.55
211,526873,Rajasthan Securities Ltd,BSE,,34.82,52.7,Micro,350,1.3,7.0,-1.0,0.0,7.3,BULLISH,low,91.3,overbought,92.6,97.1,above_signal,bullish,above,rising,23.8,transitional,+DI>-DI,green_buy,none,above,79.7,11.7,bearish,8,13,Sideways / range-bound,No clean pattern,,,,False,1.25
212,NELCAST,Nelcast Limited,NSE,Industrials,37.38,142.78,Small,353,2.0,7.8,0.0,-2.5,7.3,BULLISH,low,56.0,neutral,41.6,36.4,above_signal,bullish,above,rising,30.3,trending,+DI>-DI,green_buy,none,below,142.9,83.7,neutral,10,10,Downtrend (LH/LL),Double Top,135.52,127.41,no,True,4.62
213,SAIPARENT,Sai Parenterals Limited,NSE,Healthcare,52.12,618.6,Small,64,0.5,5.3,-1.0,2.5,7.3,BULLISH,medium,75.1,overbought,53.1,57.4,above_signal,n/a (short),,,64.6,trending,+DI>-DI,green_buy,none,,52.8,89.7,bearish,3,13,Uptrend (HH/HL),Bull Flag / Pennant,623.8,751.41,no,True,4.38
214,GRINDWELL,Grindwell Norton Limited,NSE,Industrials,32.55,2088.5,Large,353,2.8,3.0,-1.0,2.5,7.3,BULLISH,medium,55.2,neutral,52.1,61.2,below_signal,bullish,above,rising,44.5,trending,+DI>-DI,green_buy,none,above,17.0,62.0,bearish,8,20,Uptrend (HH/HL),Double Bottom,1958.2,2076.6,no,False,3.65
215,CARYSIL,CARYSIL LIMITED,NSE,Consumer Cyclical,31.23,1162.1,Small,354,1.7,4.0,1.0,0.5,7.2,BULLISH,high,53.3,neutral,34.7,43.4,below_signal,bullish,above,rising,34.7,trending,+DI>-DI,green_buy,none,above,-12.9,45.3,bullish,7,5,Uptrend (HH/HL),Double Top,1153.9,1070.0,no,True,4.13
216,DEEDEV,DEE Development Engineers Limited,NSE,Industrials,235.52,704.35,Small,352,-0.2,5.8,-1.0,2.5,7.1,BULLISH,low,60.7,neutral,51.2,39.5,below_signal,bullish,above,rising,36.3,trending,+DI>-DI,green_buy,none,above,35.0,47.8,bearish,7,16,Uptrend (HH/HL),Double Bottom,738.75,852.05,yes,True,5.6
217,INDOBORAX,Indo Borax & Chemicals Limited,NSE,Basic Materials,46.39,392.25,Small,353,2.0,5.5,-1.0,0.5,7.0,BULLISH,medium,69.9,neutral,47.2,41.8,below_signal,bullish,above,rising,65.4,trending,+DI>-DI,green_buy,none,above,54.1,87.3,bearish,7,11,Uptrend (HH/HL),Double Top,359.9,346.35,no,True,4.48
218,SANSTAR,Sanstar Limited,NSE,Basic Materials,25.98,118.7,Small,353,2.0,3.5,-1.0,2.5,7.0,BULLISH,medium,53.6,neutral,27.8,31.7,below_signal,bullish,above,rising,38.8,trending,+DI>-DI,green_buy,none,above,-2.7,87.6,bearish,8,9,Uptrend (HH/HL),Double Bottom,117.65,123.46,no,True,5.0
219,CMPDI,Central Mine Planning & Design Institute Limited,NSE,Basic Materials,77.9,277.5,Mid,67,2.7,5.3,0.0,-1.0,7.0,BULLISH,low,68.8,neutral,87.8,77.6,above_signal,n/a (short),,,30.5,trending,+DI>-DI,green_buy,none,,182.8,73.1,neutral,6,6,Sideways / range-bound,Double Top,248.97,239.43,yes,True,4.59
220,SKIPPER,Skipper Limited,NSE,Industrials,33.07,574.95,Mid,353,3.2,4.8,0.0,-1.0,7.0,BULLISH,low,67.1,neutral,82.0,61.1,below_signal,bullish,above,rising,24.7,transitional,+DI>-DI,green_buy,none,above,98.5,53.8,neutral,8,8,Sideways / range-bound,Double Top,520.8,466.95,weak,True,3.36
221,MANINDS,Man Industries (India) Limited,NSE,Basic Materials,48.72,582.55,Small,354,0.8,4.5,-1.0,2.5,6.8,BULLISH,medium,56.1,neutral,52.1,58.9,below_signal,bullish,above,rising,33.4,trending,+DI>-DI,green_buy,none,above,36.8,66.1,bearish,6,7,Uptrend (HH/HL),Ascending Triangle,583.46,641.81,no,True,4.33
222,PANACEABIO,Panacea Biotec Limited,NSE,Healthcare,45.96,551.2,Small,354,1.3,4.0,1.0,0.5,6.8,BULLISH,high,60.2,neutral,38.7,48.0,below_signal,bullish,above,rising,44.0,trending,+DI>-DI,green_buy,none,above,-3.3,64.8,bullish,11,10,Uptrend (HH/HL),Double Top,524.1,503.25,no,True,5.68
223,AVALON,Avalon Technologies Limited,NSE,Technology,96.8,1788.3,Mid,354,2.3,5.0,-1.0,0.5,6.8,BULLISH,medium,68.2,neutral,69.4,78.9,below_signal,bullish,above,rising,29.2,trending,+DI>-DI,green_buy,none,above,32.2,57.8,bearish,6,15,Uptrend (HH/HL),Double Top,1723.0,1686.0,no,True,4.18
224,WANBURY,Wanbury Limited,NSE,Healthcare,26.42,286.45,Small,353,2.8,4.5,-1.0,0.5,6.8,BULLISH,medium,59.2,neutral,73.3,69.8,above_signal,bullish,above,rising,21.9,transitional,+DI>-DI,red_sell,none,above,106.8,71.0,bearish,5,9,Uptrend (HH/HL),Double Top,261.45,248.35,no,True,4.72
225,MSTCLTD,Mstc Limited,NSE,Industrials,37.71,715.7,Mid,354,1.4,4.8,0.0,0.5,6.7,BULLISH,medium,70.1,overbought,84.5,86.7,below_signal,bullish,above,rising,51.4,trending,+DI>-DI,green_buy,none,above,36.8,85.4,neutral,8,8,Uptrend (HH/HL),Rising Wedge (bearish),667.35,,no,False,4.77
226,543920,CFF Fluid Control Ltd,BSE,,49.18,879.4,Small,350,0.9,7.8,-1.0,-1.0,6.7,BULLISH,low,67.9,neutral,87.1,87.6,above_signal,bullish,above,rising,29.0,trending,+DI>-DI,green_buy,none,above,95.0,80.1,bearish,9,14,Sideways / range-bound,Double Top,831.55,802.3,no,False,3.61
227,TMB,Tamilnad Mercantile Bank Limited,NSE,Financial Services,45.51,778.65,Mid,353,1.3,5.8,-1.0,0.5,6.6,BULLISH,medium,62.0,neutral,35.2,20.1,below_signal,bullish,above,rising,27.3,trending,+DI>-DI,green_buy,none,above,25.9,67.9,bearish,3,13,Uptrend (HH/HL),Double Top,762.15,743.75,yes,True,3.4
228,CORONA,CORONA Remedies Limited,NSE,Healthcare,41.18,2037.9,Mid,137,3.7,4.8,-1.0,-1.0,6.5,BULLISH,low,73.3,overbought,74.4,70.8,above_signal,n/a (short),,,52.6,trending,+DI>-DI,green_buy,none,above,122.3,80.5,bearish,4,17,Sideways / range-bound,Double Top,1675.2,1530.2,no,False,3.6
229,ADANIENSOL,Adani Energy Solutions Limited,NSE,Utilities,50.14,1568.8,Large,354,1.7,4.8,1.0,-1.0,6.5,BULLISH,medium,63.2,neutral,81.3,61.3,below_signal,bullish,above,rising,21.1,transitional,+DI>-DI,green_buy,none,above,75.4,47.8,bullish,10,7,Sideways / range-bound,Double Top,1466.7,1354.2,weak,True,3.32
230,UNIVASTU,Univastu India Limited,NSE,Industrials,28.86,88.41,,352,2.5,4.5,-1.0,0.5,6.5,BULLISH,medium,58.0,neutral,55.9,64.3,below_signal,bullish,above,rising,52.5,trending,+DI>-DI,green_buy,none,above,18.8,82.6,bearish,6,9,Uptrend (HH/HL),Double Top,85.15,77.18,no,False,5.31
231,ELGIRUBCO,Elgi Rubber Company Limited,NSE,Consumer Cyclical,27.07,55.29,,353,4.5,4.5,0.0,-2.5,6.5,BULLISH,low,65.2,neutral,44.8,23.7,above_signal,mixed,above,falling,18.3,choppy,+DI>-DI,green_buy,buy_flip,above,157.7,73.5,neutral,6,6,Downtrend (LH/LL),Double Top,44.54,37.59,yes,True,6.27
232,SOTL,Savita Oil Technologies Limited,NSE,Basic Materials,40.13,532.65,Small,354,0.5,4.5,-1.0,2.5,6.5,BULLISH,medium,52.7,neutral,19.1,14.6,below_signal,bullish,above,rising,39.0,trending,+DI>-DI,green_buy,none,above,-30.4,49.7,bearish,6,11,Uptrend (HH/HL),Bull Flag / Pennant,532.65,645.28,no,True,5.39
233,DHANBANK,Dhanlaxmi Bank Limited,NSE,Financial Services,29.37,34.09,Small,354,1.8,4.5,1.0,-1.0,6.3,BULLISH,medium,57.8,neutral,50.4,31.8,below_signal,bullish,above,rising,18.1,choppy,+DI>-DI,green_buy,none,above,79.2,72.8,bullish,12,7,Sideways / range-bound,Double Top,31.24,28.49,yes,True,4.37
234,RRKABEL,R R Kabel Limited,NSE,Industrials,52.49,2343.3,Large,353,0.8,4.0,-1.0,2.5,6.3,BULLISH,medium,59.4,neutral,53.9,62.7,below_signal,bullish,above,rising,46.7,trending,+DI>-DI,green_buy,none,above,24.4,69.3,bearish,8,12,Uptrend (HH/HL),Bull Flag / Pennant,2502.3,3028.0,no,True,3.85
235,ZENTEC,Zen Technologies Limited,NSE,Industrials,28.76,1746.7,Mid,354,-0.2,3.0,1.0,2.5,6.3,BULLISH,medium,47.2,neutral,13.3,15.4,below_signal,bullish,above,rising,14.0,choppy,-DI>+DI,green_buy,none,above,-37.3,67.3,bullish,6,4,Uptrend (HH/HL),Double Bottom,1997.0,2278.9,no,True,4.17
236,VADILALIND,Vadilal Industries Limited,NSE,Consumer Defensive,30.85,6361.5,Small,351,1.3,5.0,-1.0,1.0,6.3,BULLISH,medium,69.2,neutral,56.1,59.2,below_signal,bullish,above,rising,58.0,trending,+DI>-DI,green_buy,none,above,17.3,58.7,bearish,5,13,Sideways / range-bound,Bull Flag / Pennant,6377.1,9104.17,no,True,3.36
237,OMNI,Omnitech Engineering Limited,NSE,Industrials,166.85,508.65,Mid,83,3.8,3.5,0.0,-1.0,6.3,BULLISH,low,54.7,neutral,55.2,71.5,above_signal,n/a (short),,,37.0,trending,+DI>-DI,green_buy,none,above,42.0,66.1,neutral,7,7,Sideways / range-bound,Double Top,453.0,397.95,yes,True,6.17
238,AMAGI,Amagi Media Labs Limited,NSE,Technology,45.68,532.6,Mid,112,2.5,4.0,-1.0,0.5,6.0,BULLISH,medium,64.5,neutral,67.6,73.2,above_signal,n/a (short),,,56.7,trending,+DI>-DI,green_buy,none,above,58.5,90.3,bearish,5,14,Uptrend (HH/HL),Rising Wedge (bearish),543.53,,no,False,5.58
239,CEIGALL,Ceigall India Limited,NSE,Industrials,32.98,364.1,Mid,352,1.5,3.0,-1.0,2.5,6.0,BULLISH,medium,46.3,neutral,37.1,57.9,below_signal,bullish,above,rising,41.0,trending,+DI>-DI,green_buy,none,above,-23.9,62.6,bearish,4,9,Uptrend (HH/HL),Rounding Bottom (saucer),395.95,,no,True,4.17
240,PASUPTAC,Pasupati Acrylon Limited,NSE,Consumer Cyclical,26.08,63.71,Small,352,-1.0,3.5,1.0,2.5,6.0,BULLISH,medium,48.8,neutral,19.0,16.2,below_signal,bullish,above,rising,22.3,transitional,+DI>-DI,green_buy,none,above,-43.2,55.5,bullish,9,8,Uptrend (HH/HL),Rounding Bottom (saucer),74.34,,no,True,5.69
241,SIS,SIS LIMITED,NSE,Industrials,25.98,425.75,Mid,353,1.9,4.5,-1.0,0.5,5.9,BULLISH,medium,54.6,neutral,27.1,24.8,below_signal,bullish,above,rising,53.6,trending,+DI>-DI,green_buy,none,above,-6.7,89.0,bearish,4,11,Uptrend (HH/HL),Double Top,421.15,413.65,no,True,3.91
242,JNKINDIA,JNK India Limited,NSE,Industrials,105.34,483.75,Small,353,1.3,5.0,-1.0,0.5,5.8,BULLISH,medium,57.9,neutral,43.4,52.5,below_signal,bullish,above,rising,36.7,trending,+DI>-DI,green_buy,none,above,-1.2,41.0,bearish,6,10,Uptrend (HH/HL),Double Top,475.5,461.7,no,True,5.32
243,CENTUM,Centum Electronics Limited,NSE,Technology,60.97,3627.0,Mid,351,1.8,4.5,-1.0,0.5,5.8,BULLISH,medium,56.2,neutral,53.5,66.9,below_signal,bullish,above,rising,31.6,trending,+DI>-DI,green_buy,none,above,33.7,54.6,bearish,5,11,Uptrend (HH/HL),Double Top,3562.3,3421.2,no,True,4.64
244,STYLAMIND,Stylam Industries Limited,NSE,Consumer Cyclical,46.3,3230.0,Mid,354,1.3,5.0,-1.0,0.5,5.8,BULLISH,medium,58.8,neutral,51.5,58.4,below_signal,bullish,above,rising,41.8,trending,+DI>-DI,green_buy,none,above,8.5,49.8,bearish,7,16,Uptrend (HH/HL),Double Top,3142.0,2956.2,no,True,3.24
245,GKSL,Gujarat Kidney And Super Speciality Limited,NSE,Healthcare,26.4,129.83,Small,128,2.3,3.5,-1.0,1.0,5.8,BULLISH,medium,49.6,neutral,39.1,42.2,above_signal,n/a (short),,,35.0,trending,+DI>-DI,green_buy,none,inside,9.1,49.6,bearish,10,11,Sideways / range-bound,Double Bottom,129.2,130.47,no,True,3.66
246,KIRLPNU,Kirloskar Pneumatic Company Limited,NSE,Industrials,73.65,1825.9,Mid,353,1.8,3.5,0.0,0.5,5.8,BULLISH,medium,53.1,neutral,48.7,56.0,below_signal,bullish,above,rising,35.1,trending,+DI>-DI,green_buy,none,above,15.2,78.7,neutral,6,6,Uptrend (HH/HL),Rising Wedge (bearish),2034.19,,no,False,5.11
247,CHENNPETRO,Chennai Petroleum Corporation Limited,NSE,Energy,37.83,1125.8,Mid,354,1.2,3.0,-1.0,2.5,5.7,BULLISH,medium,50.4,neutral,30.0,35.5,below_signal,bullish,above,rising,16.7,choppy,+DI>-DI,green_buy,none,above,-31.5,47.7,bearish,6,11,Uptrend (HH/HL),Double Bottom,1128.0,1158.2,no,True,3.57
248,SUDEEPPHRM,Sudeep Pharma Limited,NSE,Healthcare,45.45,868.05,Mid,149,3.8,2.3,-1.0,0.5,5.6,BULLISH,medium,66.9,neutral,77.1,75.4,below_signal,n/a (short),,,48.1,trending,+DI>-DI,green_buy,none,above,64.0,78.1,bearish,7,8,Uptrend (HH/HL),Double Top,831.15,792.1,weak,False,3.97
249,KOPRAN,Kopran Limited,NSE,Healthcare,27.11,193.31,Small,354,-0.2,5.5,1.0,-1.0,5.3,BULLISH,low,57.4,neutral,34.3,33.6,below_signal,bullish,above,rising,29.8,trending,+DI>-DI,green_buy,none,above,65.1,52.8,bullish,9,8,Sideways / range-bound,Double Top,177.8,149.33,weak,True,4.49
250,JINDALSAW,Jindal Saw Limited,NSE,Basic Materials,52.98,260.95,Mid,354,2.3,3.5,-1.0,0.5,5.3,BULLISH,medium,59.4,neutral,73.1,77.0,below_signal,bullish,above,rising,17.6,choppy,+DI>-DI,green_buy,none,above,66.0,77.7,bearish,8,11,Uptrend (HH/HL),Double Top,223.49,186.98,no,True,3.43
251,ASTERDM,Aster DM Healthcare Limited,NSE,Healthcare,28.92,793.2,Large,354,2.8,4.5,-1.0,-1.0,5.3,BULLISH,low,57.8,neutral,43.1,35.2,below_signal,bullish,above,rising,19.5,choppy,+DI>-DI,green_buy,none,above,19.9,42.5,bearish,4,5,Sideways / range-bound,Double Top,765.95,716.95,no,True,3.18
252,NAVINFLUOR,Navin Fluorine International Limited,NSE,Basic Materials,27.94,7552.5,Large,353,1.3,4.5,-1.0,0.5,5.3,BULLISH,medium,57.5,neutral,66.6,73.5,below_signal,bullish,above,rising,29.0,trending,+DI>-DI,green_buy,none,above,54.0,59.8,bearish,4,5,Uptrend (HH/HL),Double Top,7486.5,7274.5,yes,False,2.68
253,SGMART,SG Mart Limited,NSE,Industrials,58.98,600.95,Mid,199,3.8,5.0,-1.0,-2.5,5.3,BULLISH,low,55.3,neutral,54.8,47.0,above_signal,n/a (short),,,25.8,trending,+DI>-DI,green_buy,none,above,75.0,57.7,bearish,7,8,Downtrend (LH/LL),Double Top,577.6,535.8,no,True,3.69
254,RUBYMILLS,The Ruby Mills Limited,NSE,Consumer Cyclical,52.87,339.65,Small,351,1.8,5.5,-1.0,-1.0,5.3,BULLISH,low,63.4,neutral,52.9,41.4,below_signal,bullish,above,rising,49.3,trending,+DI>-DI,green_buy,none,above,5.7,44.1,bearish,7,8,Sideways / range-bound,Double Top,318.05,282.85,no,True,4.71
255,BHAGYANGR,Bhagyanagar India Limited,NSE,Basic Materials,119.43,371.5,Small,353,-0.7,4.5,-1.0,2.5,5.3,BULLISH,low,54.1,neutral,64.5,80.4,below_signal,bullish,above,rising,38.3,trending,+DI>-DI,green_buy,none,above,26.5,57.9,bearish,12,14,Uptrend (HH/HL),Rounding Bottom (saucer),431.85,,weak,False,5.49
256,KRISHNADEF,Krishna Defence And Allied Industries Limited,NSE,Industrials,45.28,1253.2,,353,1.2,4.0,-1.0,1.0,5.2,BULLISH,medium,53.4,neutral,21.6,20.1,below_signal,bullish,above,rising,21.2,transitional,+DI>-DI,green_buy,none,above,-15.6,39.1,bearish,5,7,Sideways / range-bound,Double Bottom,1141.3,1183.9,weak,True,5.37
257,KPRMILL,K.P.R. Mill Limited,NSE,Consumer Cyclical,30.24,1184.5,Large,354,2.0,3.5,-1.0,0.5,5.0,BULLISH,medium,61.7,neutral,49.9,47.7,below_signal,bullish,above,rising,44.6,trending,+DI>-DI,green_buy,none,above,55.6,89.4,bearish,4,13,Uptrend (HH/HL),Double Top,1131.15,1075.9,no,False,4.58
258,THERMAX,Thermax Limited,NSE,Industrials,50.12,4607.5,Large,353,2.0,3.0,-1.0,1.0,5.0,BULLISH,medium,44.2,neutral,41.3,63.0,below_signal,bullish,above,rising,47.2,trending,+DI>-DI,green_buy,none,above,-69.2,60.2,bearish,3,9,Sideways / range-bound,Double Bottom,4774.4,4977.5,weak,True,4.46
259,HCC,Hindustan Construction Company Limited,NSE,Industrials,29.46,24.83,Mid,354,0.5,3.0,-1.0,2.5,5.0,BULLISH,medium,49.6,neutral,36.7,48.2,below_signal,bullish,above,rising,28.5,trending,+DI>-DI,green_buy,none,above,-13.9,58.3,bearish,5,10,Uptrend (HH/HL),Double Bottom,24.02,25.75,no,True,4.38
260,SHAILY,Shaily Engineering Plastics Limited,NSE,Basic Materials,27.7,2901.6,Mid,354,2.3,4.5,-1.0,-1.0,4.8,BULLISH,low,53.9,neutral,66.9,61.8,below_signal,bullish,above,rising,21.4,transitional,+DI>-DI,green_buy,none,above,-11.0,30.2,bearish,8,9,Sideways / range-bound,Double Top,3038.0,2931.2,no,True,4.16
261,STEELXIND,STEEL EXCHANGE INDIA LIMITED,NSE,Basic Materials,39.69,12.74,Small,354,0.8,4.5,-1.0,0.5,4.8,BULLISH,medium,58.8,neutral,34.9,45.5,below_signal,bullish,above,rising,14.8,choppy,+DI>-DI,green_buy,none,above,33.7,77.4,bearish,10,11,Uptrend (HH/HL),Rising Wedge (bearish),12.66,,no,True,4.74
262,AEROENTER,Aeroflex Enterprises Limited,NSE,Basic Materials,50.59,130.65,Small,353,0.8,4.5,-1.0,0.5,4.8,BULLISH,medium,58.3,neutral,68.7,76.0,below_signal,bullish,above,rising,43.8,trending,+DI>-DI,green_buy,none,above,28.8,78.8,bearish,5,8,Uptrend (HH/HL),Double Top,134.14,123.29,no,False,5.64
263,NIBE,NIBE Limited,NSE,Industrials,33.24,1648.0,Small,347,1.3,4.0,-1.0,0.5,4.8,BULLISH,medium,57.2,neutral,35.1,45.1,below_signal,bullish,above,rising,43.1,trending,+DI>-DI,green_buy,none,above,10.9,68.0,bearish,11,12,Uptrend (HH/HL),Head & Shoulders,1435.1,1034.9,no,True,4.79
264,DATAPATTNS,Data Patterns (India) Limited,NSE,Industrials,68.26,4507.0,Large,354,-1.8,3.0,1.0,2.5,4.7,BULLISH,medium,52.6,neutral,38.1,41.1,below_signal,bullish,above,rising,19.3,choppy,+DI>-DI,green_buy,none,above,-0.5,64.5,bullish,10,9,Uptrend (HH/HL),Rounding Bottom (saucer),4866.2,,no,True,4.31
265,CALSOFT,California Software Company Limited,NSE,Technology,42.79,22.29,Micro,352,-0.3,3.5,-1.0,2.5,4.7,BULLISH,low,49.9,neutral,40.6,43.3,below_signal,bullish,above,rising,32.1,trending,+DI>-DI,green_buy,none,above,-4.5,59.8,bearish,13,17,Uptrend (HH/HL),Double Bottom,20.37,20.88,no,True,5.93
266,539479,GTV Engineering Ltd,BSE,,32.23,75.2,Micro,351,-0.5,3.0,1.0,1.0,4.5,BULLISH,medium,50.9,neutral,17.3,28.6,below_signal,bullish,above,rising,32.0,trending,+DI>-DI,green_buy,none,above,-19.6,66.9,bullish,7,6,Sideways / range-bound,Rounding Bottom (saucer),81.77,,no,True,5.43
267,HFCL,HFCL Limited,NSE,Technology,211.2,214.48,Large,354,-2.0,5.0,1.0,0.5,4.5,BULLISH,medium,66.1,neutral,76.9,80.1,below_signal,bullish,above,rising,46.1,trending,+DI>-DI,green_buy,none,above,66.5,61.3,bullish,7,6,Uptrend (HH/HL),Double Top,202.29,194.97,no,True,4.52
268,AEROFLEX,Aeroflex Industries Limited,NSE,Industrials,130.93,456.25,Mid,354,-1.0,4.0,-1.0,2.5,4.5,BULLISH,low,51.2,neutral,38.5,51.0,below_signal,bullish,above,rising,30.2,trending,+DI>-DI,green_buy,none,above,-8.4,70.4,bearish,6,7,Uptrend (HH/HL),Rounding Bottom (saucer),510.9,,no,True,6.14
269,DIACABS,Diamond Power Infrastructure Limited,NSE,Industrials,39.63,198.89,Mid,354,1.5,3.5,-1.0,0.5,4.5,BULLISH,medium,48.4,neutral,37.9,51.9,below_signal,bullish,above,rising,47.4,trending,+DI>-DI,green_buy,none,above,-29.3,50.0,bearish,4,6,Uptrend (HH/HL),Double Top,202.25,189.16,weak,True,4.55
270,LLOYDSENGG,LLOYDS ENGINEERING WORKS LIMITED,NSE,Industrials,49.52,83.94,Mid,354,0.8,4.5,0.0,-1.0,4.3,BULLISH,low,58.3,neutral,61.9,68.5,below_signal,bullish,above,rising,37.0,trending,+DI>-DI,green_buy,none,above,29.1,79.9,neutral,4,4,Sideways / range-bound,Double Top,84.91,79.53,no,False,4.82
271,540492,Starlineps Enterprises Ltd,BSE,,188.08,11.12,Micro,350,-0.2,2.5,1.0,1.0,4.3,BULLISH,medium,52.2,neutral,72.5,73.9,above_signal,mixed,above,rising,21.1,transitional,+DI>-DI,red_sell,none,below,96.7,64.8,bullish,6,5,Sideways / range-bound,Double Bottom,11.44,12.96,no,True,5.3
272,MODISONLTD,MODISON LIMITED,NSE,Industrials,86.93,299.85,Small,353,0.2,2.0,1.0,1.0,4.2,BULLISH,medium,51.8,neutral,22.6,21.9,below_signal,bullish,above,rising,43.4,trending,+DI>-DI,red_sell,none,above,-25.6,61.2,bullish,9,8,Sideways / range-bound,Rounding Bottom (saucer),362.7,,no,True,6.21
273,ADANIGREEN,Adani Green Energy Limited,NSE,Utilities,51.69,1556.2,Large,354,-0.8,5.5,-1.0,0.5,4.2,BULLISH,low,62.7,neutral,87.0,70.8,below_signal,bullish,above,rising,35.5,trending,+DI>-DI,green_buy,none,above,71.8,52.3,bearish,4,12,Uptrend (HH/HL),Double Top,1454.5,1374.5,no,True,2.99
274,FCL,Fineotex Chemical Limited,NSE,Basic Materials,60.59,39.12,Small,354,-2.0,2.5,1.0,2.5,4.0,BULLISH,medium,49.7,neutral,19.4,17.7,below_signal,bullish,above,rising,25.3,trending,-DI>+DI,green_buy,none,above,-38.8,48.7,bullish,5,4,Uptrend (HH/HL),Rounding Bottom (saucer),45.41,,no,True,6.28
275,GOCLCORP,GOCL Corporation Limited,NSE,Basic Materials,39.91,403.5,Small,352,-1.5,4.0,-1.0,2.5,4.0,BULLISH,low,53.6,neutral,19.9,26.4,below_signal,bullish,above,rising,29.0,trending,+DI>-DI,green_buy,none,above,-17.7,83.5,bearish,7,8,Uptrend (HH/HL),Double Bottom,420.45,473.45,no,True,4.17
276,INGERRAND,Ingersoll Rand (India) Limited,NSE,Industrials,25.54,4343.0,Mid,354,-2.0,4.0,1.0,1.0,4.0,BULLISH,medium,48.2,neutral,41.3,57.2,below_signal,bullish,above,rising,27.8,trending,+DI>-DI,green_buy,none,inside,-0.9,51.4,bullish,15,7,Sideways / range-bound,Inverse Head & Shoulders,4714.1,5699.5,no,False,3.0
277,NGLFINE,NGL Fine-Chem Limited,NSE,Healthcare,125.03,3206.0,Small,353,-1.5,5.8,-1.0,0.5,3.8,MILD BULLISH,low,62.2,neutral,61.0,63.0,below_signal,bullish,above,rising,29.3,trending,+DI>-DI,green_buy,none,above,56.9,53.2,bearish,5,11,Uptrend (HH/HL),Double Top,2930.3,2751.3,no,True,5.95
278,YASHO,Yasho Industries Limited,NSE,Basic Materials,114.34,2972.9,Small,350,-0.7,5.0,-1.0,0.5,3.8,MILD BULLISH,low,67.2,neutral,72.1,78.0,below_signal,bullish,above,rising,54.7,trending,+DI>-DI,green_buy,none,above,34.8,76.9,bearish,4,11,Uptrend (HH/HL),Double Top,2723.9,2577.4,no,True,5.73
279,MARKSANS,Marksans Pharma Limited,NSE,Healthcare,45.29,264.45,Mid,354,-0.7,5.0,-1.0,0.5,3.8,MILD BULLISH,low,60.5,neutral,63.4,70.2,below_signal,bullish,above,rising,47.9,trending,+DI>-DI,green_buy,none,above,40.7,69.0,bearish,1,6,Uptrend (HH/HL),Double Top,256.07,246.16,no,True,4.03
280,IFCI,IFCI Limited,NSE,Financial Services,43.04,75.91,Large,354,-1.2,3.5,-1.0,2.5,3.8,MILD BULLISH,low,49.2,neutral,11.9,16.5,below_signal,bullish,above,rising,23.9,transitional,+DI>-DI,green_buy,none,above,-34.0,37.5,bearish,7,13,Uptrend (HH/HL),Rounding Bottom (saucer),90.07,,no,False,5.44
281,SOLARINDS,Solar Industries India Limited,NSE,Basic Materials,45.42,18514.0,Large,352,0.5,5.3,-1.0,-1.0,3.8,MILD BULLISH,low,58.2,neutral,82.4,83.0,above_signal,bullish,above,rising,20.6,transitional,+DI>-DI,red_sell,none,above,80.2,77.5,bearish,8,9,Sideways / range-bound,Double Top,17428.0,16415.0,no,True,3.11
282,KRN,KRN Heat Exchanger and Refrigeration Limited,NSE,Technology,63.31,1214.8,Mid,354,1.7,2.5,-1.0,0.5,3.7,MILD BULLISH,medium,51.9,neutral,50.3,56.5,below_signal,bullish,above,rising,9.3,choppy,+DI>-DI,green_buy,none,above,-1.5,46.2,bearish,4,10,Uptrend (HH/HL),Double Top,1177.2,1119.2,no,True,4.34
283,543787,Macfos Ltd,BSE,,53.83,1128.55,Small,352,0.2,2.0,-1.0,2.5,3.7,MILD BULLISH,low,50.7,neutral,65.2,67.6,below_signal,bullish,above,rising,16.2,choppy,-DI>+DI,red_sell,none,above,-24.3,40.1,bearish,7,11,Uptrend (HH/HL),Rounding Bottom (saucer),1300.25,,no,True,6.54
284,INOXINDIA,INOX India Limited,NSE,Industrials,65.46,1871.0,Mid,353,-0.3,4.5,-1.0,0.5,3.7,MILD BULLISH,low,55.9,neutral,39.4,45.7,below_signal,bullish,above,rising,40.9,trending,+DI>-DI,green_buy,none,above,-0.4,63.6,bearish,6,10,Uptrend (HH/HL),Head & Shoulders,1786.4,1531.9,no,True,5.23
285,MENONBE,Menon Bearings Limited,NSE,Consumer Cyclical,38.76,158.77,Small,353,0.0,4.0,-1.0,0.5,3.5,MILD BULLISH,low,49.0,neutral,24.4,29.8,below_signal,bullish,above,rising,40.0,trending,+DI>-DI,green_buy,none,above,-29.0,58.9,bearish,3,9,Uptrend (HH/HL),Head & Shoulders,161.7,146.07,no,True,5.69
286,DJML,DJ Mediaprint & Logistics Limited,NSE,Industrials,72.96,121.87,Micro,353,-0.3,4.3,-1.0,0.5,3.5,MILD BULLISH,low,66.9,neutral,80.4,75.2,below_signal,bullish,above,rising,15.6,choppy,+DI>-DI,green_buy,none,above,88.0,61.6,bearish,7,13,Uptrend (HH/HL),Double Top,106.42,98.11,yes,True,4.5
287,INNOVACAP,Innova Captab Limited,NSE,Healthcare,30.89,957.85,Mid,352,-0.7,4.5,-1.0,0.5,3.3,MILD BULLISH,low,59.0,neutral,49.0,57.6,below_signal,bullish,above,rising,39.0,trending,+DI>-DI,green_buy,none,above,35.6,69.5,bearish,3,9,Uptrend (HH/HL),Double Top,932.95,901.7,no,True,4.11
288,KSHINTL,KSH International Limited,NSE,Industrials,126.89,847.55,Mid,132,3.3,0.5,-1.0,0.5,3.3,MILD BULLISH,medium,57.0,neutral,32.3,43.3,below_signal,n/a (short),,,22.5,transitional,+DI>-DI,green_buy,none,above,26.1,63.7,bearish,2,12,Uptrend (HH/HL),Double Top,833.15,780.1,yes,True,5.02
289,CPPLUS,Aditya Infotech Limited,NSE,Industrials,144.94,3588.4,Large,227,-1.2,5.0,-1.0,0.5,3.3,MILD BULLISH,low,62.2,neutral,52.8,61.8,below_signal,bullish,above,rising,51.4,trending,+DI>-DI,green_buy,none,above,9.6,61.1,bearish,2,9,Uptrend (HH/HL),Double Top,3558.5,3479.2,no,True,4.09
290,HSCL,Himadri Speciality Chemical Limited,NSE,Basic Materials,40.22,680.65,Large,354,0.8,4.5,-1.0,-1.0,3.3,MILD BULLISH,low,57.0,neutral,37.4,38.7,below_signal,bullish,above,rising,20.8,transitional,+DI>-DI,green_buy,none,above,9.3,42.9,bearish,5,7,Sideways / range-bound,Double Top,668.9,644.8,no,True,4.35
291,MWL,Mangalam Worldwide Limited,NSE,Basic Materials,35.2,376.0,Small,351,1.3,5.5,-1.0,-2.5,3.3,MILD BULLISH,low,57.4,neutral,48.8,44.9,below_signal,bullish,above,rising,33.5,trending,+DI>-DI,green_buy,none,above,11.8,52.2,bearish,7,10,Downtrend (LH/LL),Double Top,371.7,363.85,no,True,2.62
292,DBOL,Dhampur Bio Organics Limited,NSE,Consumer Defensive,40.23,111.92,Small,352,-0.8,2.5,1.0,0.5,3.2,MILD BULLISH,medium,49.3,neutral,31.5,35.4,below_signal,bullish,above,rising,10.9,choppy,+DI>-DI,green_buy,none,below,11.1,39.9,bullish,8,7,Uptrend (HH/HL),Double Top,111.59,105.79,no,True,4.51
293,NEPHROPLUS,Nephrocare Health Services Limited,NSE,Healthcare,40.02,671.95,Mid,135,0.7,1.0,-1.0,2.5,3.2,MILD BULLISH,medium,49.6,neutral,23.4,22.0,below_signal,n/a (short),,,26.7,trending,+DI>-DI,green_buy,none,above,-41.3,52.7,bearish,4,6,Uptrend (HH/HL),Rounding Bottom (saucer),751.3,,no,True,4.29
294,SALSTEEL,S.A.L. Steel Limited,NSE,Basic Materials,31.03,56.5,Small,351,0.7,2.5,1.0,-1.0,3.2,MILD BULLISH,medium,47.7,neutral,53.3,41.3,below_signal,bullish,above,rising,23.0,transitional,-DI>+DI,green_buy,none,inside,-25.9,55.1,bullish,10,4,Sideways / range-bound,Double Top,54.85,50.14,no,True,5.94
295,NRBBEARING,NRB Bearing Limited,NSE,Consumer Cyclical,55.6,423.15,Small,353,-0.3,4.0,-1.0,0.5,3.2,MILD BULLISH,low,56.1,neutral,40.3,47.1,below_signal,bullish,above,rising,35.9,trending,+DI>-DI,green_buy,none,above,-10.8,55.7,bearish,9,12,Uptrend (HH/HL),Double Top,419.8,400.65,no,True,4.82
296,ABB,ABB India Limited,NSE,Industrials,33.52,6950.5,Large,354,0.2,3.5,-1.0,0.5,3.2,MILD BULLISH,low,48.4,neutral,27.1,39.2,below_signal,bullish,above,rising,13.0,choppy,-DI>+DI,green_buy,none,above,-75.8,63.6,bearish,5,8,Uptrend (HH/HL),Double Top,6967.5,6677.0,weak,True,2.57
297,BANDHANBNK,Bandhan Bank Limited,NSE,Financial Services,36.29,200.6,Large,354,0.5,3.0,-1.0,0.5,3.0,MILD BULLISH,medium,45.9,neutral,32.2,38.4,below_signal,bullish,above,rising,16.3,choppy,-DI>+DI,green_buy,none,above,-67.9,54.0,bearish,6,7,Uptrend (HH/HL),Double Top,207.12,197.5,no,True,3.28
298,RAYMOND,Raymond Limited,NSE,Industrials,42.73,607.9,Small,354,-0.2,3.5,-1.0,0.5,2.8,MILD BULLISH,low,66.6,neutral,52.4,48.8,below_signal,mixed,above,rising,41.3,trending,+DI>-DI,green_buy,none,above,47.3,48.2,bearish,8,10,Uptrend (HH/HL),Double Top,586.45,581.0,weak,True,3.31
299,SHADOWFAX,Shadowfax Technologies Limited,NSE,Industrials,111.45,225.45,Mid,108,1.8,1.5,-1.0,0.5,2.8,MILD BULLISH,medium,60.0,neutral,67.1,72.6,below_signal,n/a (short),,,37.7,trending,+DI>-DI,green_buy,none,above,26.0,51.1,bearish,5,12,Uptrend (HH/HL),Double Top,215.25,206.68,no,True,4.56
300,RAIN,Rain Industries Limited,NSE,Basic Materials,27.88,187.74,Mid,354,-1.7,4.5,1.0,-1.0,2.8,MILD BULLISH,low,52.8,neutral,19.9,14.7,below_signal,bullish,above,rising,33.8,trending,+DI>-DI,green_buy,none,above,-19.1,19.9,bullish,10,6,Sideways / range-bound,Double Top,194.69,185.41,no,True,4.52
301,QPOWER,Quality Power Electrical Equipments Limited,NSE,Industrials,39.34,1132.1,Mid,336,-0.7,2.0,-1.0,2.5,2.8,MILD BULLISH,low,40.5,neutral,11.0,24.6,below_signal,bullish,above,rising,19.0,choppy,-DI>+DI,green_buy,none,inside,-58.1,24.4,bearish,9,10,Uptrend (HH/HL),Double Bottom,1124.1,1230.6,weak,True,5.11
302,OMAXAUTO,Omax Autos Limited,NSE,Consumer Cyclical,123.71,231.05,Micro,352,0.8,2.5,-1.0,0.5,2.8,MILD BULLISH,medium,55.3,neutral,78.6,65.0,below_signal,bullish,above,rising,19.4,choppy,+DI>-DI,red_sell,none,above,61.0,58.9,bearish,6,8,Uptrend (HH/HL),Double Top,224.31,216.11,no,True,4.84
303,539469,Panorama Studios International Ltd,BSE,,34.19,51.92,Small,351,1.5,3.0,-1.0,-1.0,2.5,MILD BULLISH,low,64.8,neutral,67.9,47.0,below_signal,mixed,above,rising,24.4,transitional,+DI>-DI,green_buy,none,above,93.9,57.0,bearish,11,14,Sideways / range-bound,Double Top,46.07,42.23,yes,True,6.4
304,UNIPARTS,Uniparts India Limited,NSE,Industrials,31.77,652.45,Small,352,0.5,4.0,-1.0,-1.0,2.5,MILD BULLISH,low,55.4,neutral,32.9,43.6,below_signal,bullish,above,rising,31.0,trending,+DI>-DI,green_buy,none,above,-8.8,62.6,bearish,6,15,Sideways / range-bound,Double Top,651.85,622.75,weak,True,3.67
305,535916,Alacrity Securities Ltd,BSE,,31.08,67.73,Micro,350,-1.6,2.5,-1.0,2.5,2.4,MILD BULLISH,low,47.1,neutral,35.6,27.9,below_signal,bullish,above,rising,11.0,choppy,-DI>+DI,green_buy,none,inside,-73.1,82.0,bearish,10,11,Uptrend (HH/HL),Double Bottom,74.51,81.15,no,True,6.58
306,SASKEN,Sasken Technologies Limited,NSE,Technology,39.31,2094.0,Small,352,-2.2,1.0,1.0,2.5,2.3,MILD BULLISH,medium,46.8,neutral,14.4,18.8,below_signal,bullish,above,rising,39.9,trending,+DI>-DI,red_sell,sell_flip,above,-60.8,53.8,bullish,11,10,Uptrend (HH/HL),Rounding Bottom (saucer),2647.9,,no,True,6.82
307,VINDHYATEL,Vindhya Telelinks Limited,NSE,Industrials,45.97,2032.9,Small,353,-3.2,4.0,-1.0,2.5,2.3,MILD BULLISH,low,49.0,neutral,13.0,18.7,below_signal,bullish,above,rising,29.8,trending,+DI>-DI,green_buy,none,above,-47.8,61.8,bearish,7,14,Uptrend (HH/HL),Rounding Bottom (saucer),2374.1,,no,True,6.5
308,542669,BMW Industries Ltd,BSE,,31.28,55.65,Small,350,-0.2,3.0,-1.0,0.5,2.3,MILD BULLISH,low,45.4,neutral,11.2,19.6,below_signal,bullish,above,rising,23.0,transitional,-DI>+DI,green_buy,none,above,-73.0,37.4,bearish,11,15,Uptrend (HH/HL),Double Top,60.37,57.44,no,True,5.65
309,SONAMLTD,SONAM LIMITED,NSE,Consumer Cyclical,27.94,53.67,,352,1.2,2.5,1.0,-2.5,2.2,MILD BULLISH,medium,48.9,neutral,61.2,47.4,below_signal,bullish,above,rising,14.7,choppy,+DI>-DI,green_buy,none,below,16.9,61.0,bullish,13,8,Downtrend (LH/LL),Head & Shoulders,53.71,48.35,no,True,4.43
310,AFIL,Akme Fintrade (India) Limited,NSE,Financial Services,58.08,10.07,Micro,352,0.2,2.5,-1.0,0.5,2.2,MILD BULLISH,low,48.2,neutral,49.7,62.5,below_signal,bullish,above,rising,20.5,transitional,-DI>+DI,green_buy,none,above,-32.6,70.7,bearish,6,11,Uptrend (HH/HL),Double Top,10.38,9.85,no,True,5.21
311,SPORTKING,Sportking India Limited,NSE,Consumer Cyclical,106.0,179.34,Small,352,-2.2,4.5,-1.0,0.5,1.8,MILD BULLISH,low,54.7,neutral,28.8,27.5,below_signal,bullish,above,rising,29.1,trending,+DI>-DI,green_buy,none,above,11.7,44.3,bearish,3,9,Uptrend (HH/HL),Double Top,175.77,168.05,no,True,4.74
312,SUNFLAG,Sunflag Iron And Steel Company Limited,NSE,Basic Materials,31.65,353.35,Mid,354,-0.2,1.5,1.0,-0.5,1.8,MILD BULLISH,low,50.5,neutral,43.9,31.6,below_signal,bullish,above,rising,13.6,choppy,+DI>-DI,red_sell,none,inside,19.0,47.0,bullish,11,6,Downtrend (LH/LL),Double Bottom,365.0,394.8,no,True,4.48
313,KOTYARK,Kotyark Industries Limited,NSE,Basic Materials,82.19,38.88,Micro,354,1.2,0.5,-1.0,1.0,1.7,MILD BULLISH,medium,48.6,neutral,31.4,42.5,below_signal,bullish,above,rising,19.0,choppy,-DI>+DI,red_sell,sell_flip,inside,-28.9,75.2,bearish,8,12,Sideways / range-bound,Double Bottom,37.24,37.9,no,False,4.82
314,GANESHBE,Ganesh Benzoplast Limited,NSE,Basic Materials,26.99,103.32,Small,353,0.2,3.5,-1.0,-1.0,1.7,MILD BULLISH,low,50.3,neutral,28.8,27.6,below_signal,bullish,above,rising,17.9,choppy,+DI>-DI,green_buy,none,above,-37.8,59.5,bearish,7,12,Sideways / range-bound,Double Top,101.58,91.21,no,True,4.26
315,TEJASNET,Tejas Networks Limited,NSE,Technology,32.04,593.6,Mid,354,-1.8,4.0,-1.0,0.5,1.7,MILD BULLISH,low,55.1,neutral,39.2,50.8,below_signal,bullish,above,rising,41.7,trending,+DI>-DI,green_buy,none,above,-2.5,77.4,bearish,4,9,Uptrend (HH/HL),Rising Wedge (bearish),603.02,,no,True,4.34
316,PRECWIRE,Precision Wires India Limited,NSE,Industrials,57.83,400.75,Mid,353,0.5,1.0,1.0,-1.0,1.5,MILD BULLISH,medium,46.3,neutral,21.6,24.1,below_signal,bullish,above,rising,11.0,choppy,-DI>+DI,green_buy,none,inside,-67.5,61.8,bullish,11,10,Sideways / range-bound,Double Top,408.25,387.6,no,True,4.76
317,WHEELS,Wheels India Limited,NSE,Consumer Cyclical,69.78,1491.6,Small,353,0.5,1.0,-1.0,1.0,1.5,MILD BULLISH,medium,44.4,neutral,34.1,57.7,below_signal,bullish,above,rising,26.6,trending,-DI>+DI,green_buy,none,above,-85.1,50.7,bearish,9,13,Sideways / range-bound,Double Bottom,1634.7,1789.1,yes,True,7.11
318,SERVOTECH,Servotech Renewable Power System Limited,NSE,Industrials,29.13,101.37,,354,1.3,3.5,-1.0,-2.5,1.3,NEUTRAL,low,53.6,neutral,49.9,42.9,below_signal,bullish,above,rising,18.9,choppy,+DI>-DI,green_buy,none,above,13.9,50.2,bearish,6,8,Downtrend (LH/LL),Double Top,101.67,99.07,no,True,4.21
319,NETWEB,Netweb Technologies India Limited,NSE,Technology,35.2,4427.4,Large,354,-1.2,2.0,0.0,0.5,1.3,NEUTRAL,low,45.5,neutral,10.4,21.6,below_signal,bullish,above,rising,23.1,transitional,-DI>+DI,green_buy,none,above,-57.8,58.0,neutral,6,6,Uptrend (HH/HL),Double Top,4191.4,3448.6,no,True,4.96
320,SEDEMAC,SEDEMAC Mechatronics Limited,NSE,Consumer Cyclical,97.45,2865.2,Mid,79,-0.2,2.0,-1.0,0.5,1.3,NEUTRAL,low,65.1,neutral,69.0,68.7,below_signal,n/a (short),,,56.1,trending,+DI>-DI,green_buy,none,above,30.6,63.3,bearish,5,10,Uptrend (HH/HL),Double Top,2666.2,2467.0,no,True,4.61
321,ATGL,Adani Total Gas Limited,NSE,Utilities,25.08,721.75,Large,354,0.7,4.0,-1.0,-2.5,1.2,NEUTRAL,low,52.0,neutral,70.2,70.0,below_signal,bullish,above,rising,25.3,trending,+DI>-DI,green_buy,none,above,-4.2,62.4,bearish,5,9,Downtrend (LH/LL),Double Top,702.65,643.05,no,True,3.74
322,CGPOWER,CG Power and Industrial Solutions Limited,NSE,Industrials,39.92,892.55,Large,354,-0.5,0.0,1.0,0.5,1.0,NEUTRAL,low,43.1,neutral,57.2,74.1,below_signal,bullish,above,rising,20.1,transitional,-DI>+DI,red_sell,sell_flip,above,-90.7,52.3,bullish,10,9,Uptrend (HH/HL),Double Top,901.35,864.8,yes,True,3.16
323,KTKBANK,The Karnataka Bank Limited,NSE,Financial Services,30.88,263.4,Mid,354,-1.5,3.0,-1.0,0.5,1.0,NEUTRAL,low,45.5,neutral,27.6,39.5,below_signal,bullish,above,rising,18.6,choppy,+DI>-DI,green_buy,none,above,-72.3,49.4,bearish,5,9,Uptrend (HH/HL),Double Top,256.6,241.35,no,True,3.14
324,APCOTEXIND,Apcotex Industries Limited,NSE,Basic Materials,43.59,525.55,Small,352,-1.7,4.5,-1.0,-1.0,0.8,NEUTRAL,medium,55.6,neutral,28.5,20.3,below_signal,bullish,above,rising,38.4,trending,+DI>-DI,green_buy,none,above,-10.7,73.8,bearish,10,15,Sideways / range-bound,Double Top,516.75,493.3,no,True,4.36
325,BBOX,Black Box Limited,NSE,Technology,79.76,994.95,Mid,354,0.3,2.0,1.0,-2.5,0.8,NEUTRAL,low,55.6,neutral,43.2,33.9,below_signal,bullish,above,rising,29.5,trending,+DI>-DI,red_sell,sell_flip,above,-31.9,40.2,bullish,7,2,Downtrend (LH/LL),Double Top,1011.7,1004.8,no,True,4.82
326,SILVERTUC,Silver Touch Technologies Limited,NSE,Technology,34.77,182.15,Small,353,1.3,-0.5,-1.0,1.0,0.8,NEUTRAL,low,51.7,neutral,13.0,14.7,below_signal,mixed,below,falling,26.1,trending,+DI>-DI,green_buy,none,above,-30.8,39.0,bearish,3,6,Sideways / range-bound,Double Bottom,195.03,204.37,no,True,5.24
327,WOCKPHARMA,Wockhardt Limited,NSE,Healthcare,33.47,1938.5,Large,354,-1.3,2.0,-1.0,1.0,0.7,NEUTRAL,low,54.0,neutral,29.2,33.3,below_signal,bullish,above,rising,30.7,trending,+DI>-DI,red_sell,none,above,-5.7,61.2,bearish,8,14,Sideways / range-bound,Rounding Bottom (saucer),2152.9,,no,True,4.36
328,543916,Hemant Surgical Industries Ltd,BSE,,25.17,364.75,Small,350,-1.3,2.0,1.0,-1.0,0.7,NEUTRAL,low,46.5,neutral,47.8,45.3,below_signal,bullish,above,rising,14.5,choppy,-DI>+DI,green_buy,none,inside,-42.2,40.8,bullish,17,6,Sideways / range-bound,Double Top,365.85,351.7,no,True,5.02
329,GAYAPROJ,Gayatri Projects Limited,NSE,Industrials,80.91,21.89,Micro,353,0.2,1.5,-1.0,0.0,0.7,NEUTRAL,low,52.3,neutral,24.2,22.0,below_signal,bullish,above,rising,27.2,trending,+DI>-DI,red_sell,sell_flip,above,-20.4,74.5,bearish,8,9,Sideways / range-bound,No clean pattern,,,,True,5.86
330,GESHIP,The Great Eastern Shipping Company Limited,NSE,Industrials,29.3,1440.4,Large,354,0.3,0.0,1.0,-1.0,0.3,NEUTRAL,low,46.0,neutral,33.3,47.9,above_signal,mixed,above,rising,15.2,choppy,-DI>+DI,red_sell,none,below,-7.3,67.4,bullish,10,7,Sideways / range-bound,Double Top,1367.8,1218.4,no,True,4.04
331,GULPOLY,Gulshan Polyols Limited,NSE,Basic Materials,30.14,191.78,Small,352,-0.2,2.5,-1.0,-1.0,0.3,NEUTRAL,low,45.9,neutral,13.6,10.0,below_signal,bullish,above,rising,21.9,transitional,-DI>+DI,green_buy,none,inside,-57.2,48.1,bearish,7,12,Sideways / range-bound,Double Top,204.59,194.23,no,True,4.51
332,RUBICON,Rubicon Research Limited,NSE,Healthcare,96.29,1307.0,Large,175,0.2,0.5,-1.0,0.5,0.2,NEUTRAL,low,54.1,neutral,46.6,62.7,below_signal,n/a (short),,,41.2,trending,+DI>-DI,green_buy,none,above,-0.4,66.6,bearish,6,11,Uptrend (HH/HL),Rising Wedge (bearish),1510.88,,no,True,5.57
333,ANTELOPUS,Antelopus Selan Energy Limited,NSE,Energy,102.84,802.35,Small,354,0.7,1.5,-1.0,-1.0,0.2,NEUTRAL,low,51.6,neutral,57.5,52.6,below_signal,bullish,above,rising,19.2,choppy,-DI>+DI,red_sell,none,above,-30.2,49.0,bearish,7,11,Sideways / range-bound,Head & Shoulders,695.6,475.85,no,True,4.8
334,PREMIERENE,Premier Energies Limited,NSE,Technology,32.88,1046.8,Large,354,-0.8,3.5,0.0,-2.5,0.2,NEUTRAL,low,50.2,neutral,44.9,42.8,below_signal,bullish,above,rising,14.1,choppy,-DI>+DI,green_buy,none,above,-47.9,63.1,neutral,8,8,Downtrend (LH/LL),Double Top,1034.6,978.7,no,True,2.79
335,RAMRAT,Ram Ratna Wires Limited,NSE,Industrials,27.57,395.6,Small,353,-3.3,2.5,0.0,1.0,0.2,NEUTRAL,low,44.7,neutral,46.2,55.5,above_signal,bullish,above,rising,11.5,choppy,-DI>+DI,red_sell,none,below,10.4,69.2,neutral,7,7,Sideways / range-bound,Inverse Head & Shoulders,470.6,581.6,no,True,4.07
336,VENUSREM,Venus Remedies Limited,NSE,Healthcare,126.29,1720.9,Small,352,-2.8,3.5,-1.0,0.5,0.2,NEUTRAL,low,54.9,neutral,27.1,38.4,below_signal,bullish,above,rising,47.1,trending,+DI>-DI,green_buy,none,above,-11.1,34.8,bearish,4,15,Uptrend (HH/HL),Double Top,1691.9,1500.8,no,True,5.72
337,STLTECH,Sterlite Technologies Limited,NSE,Technology,465.05,576.8,Large,354,-1.5,-0.5,1.0,1.0,0.0,NEUTRAL,low,51.1,neutral,18.5,28.8,below_signal,bullish,above,rising,40.9,trending,-DI>+DI,red_sell,sell_flip,above,-56.9,56.2,bullish,10,8,Sideways / range-bound,Double Bottom,654.35,740.3,yes,True,5.67
338,BIRLACABLE,Birla Cable Limited,NSE,Technology,41.78,192.35,Small,353,-0.7,2.5,-1.0,-1.0,-0.2,NEUTRAL,medium,44.9,neutral,16.7,24.6,below_signal,bullish,above,rising,22.0,transitional,-DI>+DI,green_buy,none,above,-78.8,62.3,bearish,7,10,Sideways / range-bound,Double Top,184.89,134.1,no,True,5.64
339,IDEAFORGE,Ideaforge Technology Limited,NSE,Technology,73.79,821.6,Small,354,-2.3,3.5,1.0,-2.5,-0.3,NEUTRAL,low,46.7,neutral,34.2,30.7,below_signal,bullish,above,rising,23.5,transitional,-DI>+DI,green_buy,none,above,-55.1,46.0,bullish,11,9,Downtrend (LH/LL),Double Top,864.85,764.8,no,True,5.59
340,AEQUS,Aequs Limited,NSE,Industrials,68.28,236.54,Mid,141,-2.3,4.0,-1.0,-1.0,-0.3,NEUTRAL,medium,64.4,neutral,80.2,83.1,above_signal,n/a (short),,,41.8,trending,+DI>-DI,green_buy,none,above,67.6,79.6,bearish,9,11,Sideways / range-bound,Double Top,228.95,221.04,weak,False,5.54
341,FINCABLES,Finolex Cables Limited,NSE,Industrials,40.58,1100.1,Mid,354,-0.8,2.5,-1.0,-1.0,-0.3,NEUTRAL,medium,49.8,neutral,52.6,67.6,below_signal,bullish,above,rising,24.0,transitional,+DI>-DI,green_buy,none,above,5.5,69.8,bearish,7,8,Sideways / range-bound,Double Top,1116.5,1042.5,no,True,4.31
342,E2E,E2E Networks Limited,NSE,Technology,88.41,382.0,Mid,354,-1.0,2.5,-1.0,-1.0,-0.5,NEUTRAL,medium,46.4,neutral,21.6,28.4,below_signal,bullish,above,rising,23.9,transitional,+DI>-DI,green_buy,none,above,-77.5,56.0,bearish,3,9,Sideways / range-bound,Double Top,369.0,285.1,no,True,5.61
343,MTARTECH,Mtar Technologies Limited,NSE,Industrials,184.31,7033.5,Large,354,-2.0,2.5,-1.0,0.0,-0.5,NEUTRAL,low,43.1,neutral,26.3,42.5,below_signal,bullish,above,rising,20.4,transitional,-DI>+DI,green_buy,none,inside,-88.5,77.1,bearish,5,7,Sideways / range-bound,No clean pattern,,,,True,6.38
344,BHEL,Bharat Heavy Electricals Limited,NSE,Industrials,28.08,383.6,Large,354,-0.5,0.0,1.0,-1.0,-0.5,NEUTRAL,low,42.3,neutral,45.1,66.3,below_signal,bullish,above,rising,23.6,transitional,-DI>+DI,red_sell,none,inside,-36.1,63.0,bullish,11,9,Sideways / range-bound,Double Top,399.85,385.35,yes,True,3.44
345,JETFREIGHT,Jet Freight Logistics Limited,NSE,Industrials,30.02,21.83,Micro,352,-1.3,4.0,-1.0,-2.5,-0.8,NEUTRAL,medium,51.1,neutral,53.6,50.1,below_signal,bullish,above,rising,28.0,trending,+DI>-DI,green_buy,none,above,-15.7,42.9,bearish,10,16,Downtrend (LH/LL),Double Top,21.58,19.62,no,True,5.7
346,HIRECT,Hind Rectifiers Limited,NSE,Industrials,46.98,1092.2,Small,354,-4.0,3.5,-1.0,0.5,-1.0,NEUTRAL,low,47.9,neutral,41.9,54.0,below_signal,bullish,above,rising,30.6,trending,+DI>-DI,green_buy,none,above,-49.4,44.3,bearish,8,10,Uptrend (HH/HL),Double Top,1121.0,1084.9,yes,True,5.04
347,GVPIL,GE Power India Limited,NSE,Industrials,157.1,873.75,Mid,354,0.3,-1.0,-1.0,0.5,-1.2,NEUTRAL,low,45.3,neutral,5.7,11.4,below_signal,bullish,above,rising,35.8,trending,-DI>+DI,red_sell,sell_flip,above,-48.7,35.0,bearish,8,10,Uptrend (HH/HL),Rising Wedge (bearish),1201.84,,no,True,5.58
348,WALCHANNAG,Walchandnagar Industries Limited,NSE,Industrials,30.07,243.55,Small,354,-1.7,-1.0,-1.0,2.5,-1.2,NEUTRAL,medium,41.7,neutral,9.3,21.6,below_signal,bullish,above,rising,25.9,trending,-DI>+DI,red_sell,sell_flip,inside,-87.6,64.3,bearish,6,7,Uptrend (HH/HL),Double Bottom,265.27,298.69,no,True,6.59
349,HARDWYN,Hardwyn India Limited,NSE,Industrials,39.36,24.75,Small,353,-1.2,1.5,-1.0,-1.0,-1.7,MILD BEARISH,medium,51.4,neutral,33.7,28.6,below_signal,bullish,above,rising,17.3,choppy,+DI>-DI,red_sell,none,inside,39.8,58.9,bearish,7,8,Sideways / range-bound,Double Top,23.83,21.37,yes,True,4.42
350,APARINDS,Apar Industries Limited,NSE,Industrials,73.19,14174.0,Large,354,0.3,-1.5,-1.0,0.5,-1.7,MILD BEARISH,low,43.4,neutral,15.3,29.2,below_signal,bullish,above,rising,34.8,trending,-DI>+DI,red_sell,sell_flip,above,-46.7,30.5,bearish,5,13,Uptrend (HH/HL),Rising Wedge (bearish),18275.05,,yes,False,5.18
351,SEAMECLTD,Seamec Limited,NSE,Industrials,30.42,1431.7,Small,352,0.2,-1.5,1.0,-1.5,-1.8,MILD BEARISH,low,43.4,neutral,41.9,40.9,below_signal,mixed,above,rising,26.2,trending,-DI>+DI,red_sell,none,below,-26.5,37.9,bullish,7,6,Downtrend (LH/LL),No clean pattern,,,,False,4.74
352,ROSSTECH,Rossell Techsys Limited,NSE,Industrials,56.51,981.1,Small,353,-3.3,2.5,0.0,-1.0,-1.8,MILD BEARISH,low,50.0,neutral,37.7,32.4,below_signal,bullish,above,rising,15.9,choppy,+DI>-DI,green_buy,none,above,-18.0,50.5,neutral,6,6,Sideways / range-bound,Double Top,970.8,861.1,no,True,5.5
353,MCX,Multi Commodity Exchange of India Limited,NSE,Financial Services,26.99,2814.0,Large,354,-0.5,0.5,-1.0,-1.0,-2.0,MILD BEARISH,medium,44.3,neutral,54.6,66.1,above_signal,mixed,above,rising,20.4,transitional,+DI>-DI,red_sell,none,below,3.8,55.7,bearish,9,13,Sideways / range-bound,Double Top,2803.8,2712.0,weak,True,3.59
354,LINCOLN,Lincoln Pharmaceuticals Limited,NSE,Healthcare,27.59,620.2,Small,351,-1.8,1.5,-1.0,-1.0,-2.3,MILD BEARISH,medium,45.9,neutral,35.1,36.7,above_signal,mixed,above,rising,12.3,choppy,+DI>-DI,red_sell,none,below,-9.2,64.4,bearish,5,9,Sideways / range-bound,Double Top,603.8,554.65,no,True,3.73
355,ENRIN,Siemens Energy India Limited,NSE,Utilities,27.96,3281.5,Large,260,-2.4,0.0,1.0,-1.0,-2.4,MILD BEARISH,low,36.5,neutral,18.5,34.1,below_signal,bullish,above,rising,22.6,transitional,-DI>+DI,red_sell,sell_flip,inside,-245.5,45.2,bullish,9,8,Sideways / range-bound,Double Top,3412.5,2952.9,yes,True,4.52
356,SCI,Shipping Corporation Of India Limited,NSE,Industrials,31.78,301.75,Mid,354,-0.5,0.0,-1.0,-1.0,-2.5,MILD BEARISH,medium,45.8,neutral,21.7,31.7,below_signal,bullish,above,rising,16.6,choppy,+DI>-DI,red_sell,none,inside,-23.3,67.0,bearish,9,12,Sideways / range-bound,Double Top,308.6,306.45,no,True,3.69
357,ADANIPOWER,Adani Power Limited,NSE,Utilities,50.32,221.79,Large,354,-3.0,0.5,-1.0,1.0,-2.5,MILD BEARISH,low,45.1,neutral,36.2,44.3,below_signal,bullish,above,rising,13.8,choppy,-DI>+DI,red_sell,none,inside,-61.4,38.6,bearish,6,12,Sideways / range-bound,Double Bottom,223.07,230.63,no,True,2.96
358,NARMADA,Narmada Agrobase Limited,NSE,Basic Materials,53.85,36.34,Micro,352,1.3,-1.5,0.0,-2.5,-2.7,MILD BEARISH,low,46.7,neutral,13.1,25.6,below_signal,bullish,above,rising,28.7,trending,-DI>+DI,red_sell,sell_flip,above,-75.1,49.0,neutral,7,7,Downtrend (LH/LL),Double Top,35.25,26.94,no,False,6.95
359,ADVAIT,Advait Energy Transitions Limited,NSE,Industrials,56.64,2188.2,Small,113,-2.2,0.0,-1.0,0.5,-2.7,MILD BEARISH,low,45.7,neutral,17.4,25.0,below_signal,n/a (short),,,32.7,trending,+DI>-DI,green_buy,none,above,-50.8,49.1,bearish,4,9,Uptrend (HH/HL),Double Top,2397.0,2359.0,no,True,4.54
360,POWERINDIA,Hitachi Energy India Limited,NSE,Industrials,64.69,31040.0,Large,354,-3.9,-0.5,-1.0,2.5,-2.9,MILD BEARISH,medium,33.4,neutral,17.2,28.3,below_signal,bullish,above,rising,16.9,choppy,-DI>+DI,red_sell,none,inside,-226.1,44.1,bearish,7,10,Uptrend (HH/HL),Double Bottom,36880.0,40510.0,yes,True,4.74
361,TDPOWERSYS,TD Power Systems Limited,NSE,Industrials,58.59,1091.8,Mid,354,-2.4,-0.5,1.0,-1.0,-2.9,MILD BEARISH,medium,35.5,neutral,14.7,27.6,below_signal,bullish,above,rising,19.0,choppy,-DI>+DI,red_sell,none,inside,-134.5,41.0,bullish,9,7,Sideways / range-bound,Double Top,1126.0,926.5,yes,True,6.13
362,DSSL,Dynacons Systems & Solutions Limited,NSE,Technology,31.03,1316.9,Small,353,-4.0,-0.5,-1.0,2.5,-3.0,MILD BEARISH,medium,45.3,neutral,23.8,29.5,below_signal,bullish,above,rising,21.0,transitional,-DI>+DI,red_sell,none,below,-17.3,61.3,bearish,10,14,Uptrend (HH/HL),Double Bottom,1374.7,1502.4,no,True,5.89
363,VIDYAWIRES,Vidya Wires Limited,NSE,Industrials,98.12,99.02,Small,141,-0.2,-0.5,-1.0,-1.5,-3.2,MILD BEARISH,medium,51.0,neutral,32.7,42.7,below_signal,n/a (short),,,22.5,transitional,+DI>-DI,green_buy,none,above,12.9,68.1,bearish,9,12,Downtrend (LH/LL),Symmetrical Triangle,101.64,,no,True,5.11
364,540252,Viram Suvarn Ltd,BSE,,34.25,10.7,Micro,350,-2.8,1.0,1.0,-2.5,-3.3,MILD BEARISH,low,44.9,neutral,55.2,63.3,above_signal,mixed,above,rising,34.8,trending,-DI>+DI,red_sell,none,below,2.1,52.8,bullish,11,7,Downtrend (LH/LL),Double Top,10.59,10.14,no,True,5.39
365,GVT&D,GE Vernova T&D India Limited,NSE,Industrials,42.27,4401.5,Large,354,-2.4,-1.0,-1.0,1.0,-3.4,MILD BEARISH,medium,35.1,neutral,12.5,18.2,below_signal,bullish,above,rising,21.2,transitional,-DI>+DI,red_sell,sell_flip,inside,-212.6,26.3,bearish,7,9,Sideways / range-bound,Double Bottom,5086.5,5418.0,yes,False,5.7
366,CLEANMAX,Clean Max Enviro Energy Solutions Limited,NSE,Utilities,46.55,1256.7,Mid,84,0.3,-2.5,-1.0,-1.0,-4.2,BEARISH,medium,47.0,neutral,19.7,28.2,below_signal,n/a (short),,,30.2,trending,-DI>+DI,green_buy,none,above,-29.6,67.5,bearish,7,13,Sideways / range-bound,Head & Shoulders,1252.7,1011.4,no,True,6.59
367,BSE,BSE Limited,NSE,Financial Services,42.74,3816.6,,354,-2.2,0.0,-1.0,-1.0,-4.2,BEARISH,medium,42.0,neutral,12.8,11.6,below_signal,bullish,above,rising,14.7,choppy,-DI>+DI,red_sell,none,inside,-98.6,25.5,bearish,6,11,Sideways / range-bound,Double Top,3999.2,3836.0,no,True,3.04
368,APOLLOPIPE,Apollo Pipes Limited,NSE,Industrials,63.34,479.4,Small,354,-3.8,2.5,-1.0,-2.5,-4.8,BEARISH,medium,46.5,neutral,27.7,29.8,below_signal,bullish,above,rising,17.7,choppy,+DI>-DI,green_buy,none,inside,-77.3,39.1,bearish,4,8,Downtrend (LH/LL),Double Top,471.15,435.8,no,True,3.65
369,AGIIL,Agi Infra Limited,NSE,Real Estate,34.75,354.05,Small,354,-4.0,2.0,-1.0,-2.5,-5.5,BEARISH,medium,43.1,neutral,20.6,28.9,below_signal,bullish,above,rising,10.8,choppy,-DI>+DI,green_buy,none,inside,-125.6,31.0,bearish,6,14,Downtrend (LH/LL),Double Top,354.65,333.65,no,True,4.48
370,APEX,Apex Frozen Foods Limited,NSE,Consumer Defensive,34.61,403.95,Small,353,-3.8,-2.0,-1.0,1.0,-5.8,BEARISH,medium,43.3,neutral,26.8,25.4,below_signal,mixed,above,rising,11.8,choppy,-DI>+DI,red_sell,none,below,-22.3,61.1,bearish,6,8,Sideways / range-bound,Double Bottom,426.8,464.65,no,True,3.82
371,CUMMINSIND,Cummins India Limited,NSE,Industrials,27.11,5478.0,Large,354,-4.0,0.0,-1.0,-1.0,-6.0,BEARISH,medium,43.0,neutral,20.8,27.1,below_signal,bullish,above,rising,17.9,choppy,-DI>+DI,red_sell,sell_flip,inside,-115.3,43.9,bearish,5,10,Sideways / range-bound,Double Top,5557.0,5326.5,yes,True,2.79
372,POWERICA,Powerica Limited,NSE,Industrials,43.62,567.3,Mid,65,-2.0,-3.0,-1.0,0.0,-6.0,BEARISH,medium,49.4,neutral,60.8,69.2,below_signal,n/a (short),,,30.9,trending,+DI>-DI,red_sell,sell_flip,,15.7,80.9,bearish,7,8,Sideways / range-bound,No clean pattern,,,,False,5.6
373,UNIVPHOTO,Universus Photo Imagings Limited,NSE,Healthcare,61.41,357.95,Micro,352,-3.8,-0.5,-1.0,-1.0,-6.3,BEARISH,high,38.1,neutral,58.7,62.5,above_signal,mixed,above,rising,27.7,trending,-DI>+DI,red_sell,none,below,-15.0,31.1,bearish,9,10,Sideways / range-bound,Double Top,350.1,331.65,no,True,3.83
374,526775,Valiant Communications Ltd-$,BSE,,28.24,1080.45,Small,351,-4.0,-0.5,-1.0,-1.0,-6.5,BEARISH,high,42.9,neutral,22.8,25.1,below_signal,bullish,above,rising,26.2,trending,-DI>+DI,red_sell,none,inside,-113.0,18.8,bearish,8,9,Sideways / range-bound,Double Top,1191.4,1123.55,no,False,7.05
375,JINDALPOLY,Jindal Poly Films Limited,NSE,Consumer Cyclical,29.27,620.45,Small,354,-3.2,-3.5,-1.0,1.0,-6.7,BEARISH,medium,37.0,neutral,6.9,4.6,below_signal,mixed,below,rising,20.7,transitional,-DI>+DI,red_sell,none,below,-94.7,25.1,bearish,5,6,Sideways / range-bound,Double Bottom,751.95,865.9,no,False,4.54
376,ATLANTAELE,Atlanta Electricals Limited,NSE,Industrials,90.22,1688.4,Mid,189,-2.4,-4.5,-1.0,0.0,-7.9,BEARISH,medium,37.6,neutral,8.1,13.6,below_signal,n/a (short),,,16.9,choppy,-DI>+DI,red_sell,sell_flip,above,-148.9,37.5,bearish,5,11,Sideways / range-bound,Symmetrical Triangle,1748.87,,yes,True,5.52
