symbol,close,bars,prior_uptrend,pct_above_52w_low,above_ema200,num_contractions,contractions,depths_decreasing,dur_decreasing,vdu_confirmed,vdu_ratio,near_52w_high,pivot,pct_from_pivot,breakout_vol_ratio,breakout_close_pos,vcp_status,vcp_quality,entry_zone,gann_days_since_low,gann_low_price,gann_low_date,gann_gann_unit_per_bar,gann_g1x1,gann_g2x1,gann_g1x2,gann_above_1x1,gann_above_2x1,gann_gann_trend,sq9_T1_+0.25,sq9_T2_+0.5,sq9_T3_+1.0,sq9_S1_-0.25,sq9_S2_-0.5,next_gann_cycle_days,days_to_next_cycle,near_gann_cycle,octave,octave_n,octave_levels,nearest_cardinal_sq,cardinal_dist_pct,near_cardinal,cardinal_below,cardinal_above
SANGINITA,55.85,351,True,514.4,True,2,C1:-11.3%/10b | C2:-7.9%/4b,True,True,True,0.79,True,25.85,116.05,0.39,0.5,extended past pivot,Moderate VCP,25.85-27.14,153,9.26,2025-12-04,0.186,37.65,66.04,23.45,True,False,strong (>1x1),59.65,63.57,71.8,52.18,48.63,180,27,False,8/8 (52w high),8,4/8=32.47 6/8=44.16 7/8=50.0,49,12.26,False,49,64
UFBL,701.9,350,True,307.3,True,3,C1:-13.4%/2b | C2:-10.3%/4b | C3:-14.4%/4b,False,False,True,0.14,False,763.35,-8.05,0.2,0.0,forming / still basing,No VCP,n/a,114,172.34,2026-01-30,2.345,439.7,707.06,306.02,True,False,strong (>1x1),715.21,728.64,755.89,688.72,675.66,120,6,False,8/8 (52w high),8,4/8=467.84 6/8=615.6 7/8=689.47,676,3.69,False,676,729
HFCL,213.17,352,True,256.4,True,3,C1:-19.4%/6b | C2:-6.3%/5b | C3:-10.2%/5b,False,True,True,0.42,True,229.5,-7.12,0.36,0.0,forming / still basing,Moderate VCP,229.5-240.98,118,59.82,2026-01-27,0.673,139.27,218.73,99.55,True,False,strong (>1x1),220.53,228.02,243.37,205.93,198.82,120,2,True,8/8 (52w high),8,4/8=144.66 6/8=187.08 7/8=208.29,225,5.55,False,196,225
OMNI,565.6,93,False,220.9,False,3,C1:-18.8%/5b | C2:-6.2%/2b | C3:-18.2%/5b,False,False,True,0.62,True,590.1,-4.15,0.59,0.51,AT PIVOT (actionable),No VCP,n/a,90,176.25,2026-03-09,1.642,324.05,471.86,250.15,True,True,very strong (>2x1),577.55,589.63,614.16,553.77,542.07,120,30,True,8/8 (52w high),8,4/8=383.17 6/8=486.64 7/8=538.37,576,1.84,True,529,576
INDOTECH,3400.9,351,True,209.2,True,3,C1:-12.0%/6b | C2:-6.6%/3b | C3:-8.5%/4b,False,False,True,0.7,True,3550.0,-4.2,0.51,0.49,AT PIVOT (actionable),Moderate VCP,3550.0-3727.5,76,1100.0,2026-03-30,9.722,1838.89,2577.78,1469.44,True,True,very strong (>2x1),3430.12,3459.47,3518.53,3371.8,3342.83,90,14,False,8/8 (52w high),8,4/8=2325.0 6/8=2937.5 7/8=3243.75,3364,1.09,True,3364,3481
STLTECH,520.4,352,True,515.1,True,3,C1:-15.1%/5b | C2:-14.8%/3b | C3:-18.9%/10b,False,False,True,0.74,False,636.0,-18.18,0.62,0.41,forming / still basing,No VCP,n/a,118,84.6,2026-01-27,2.362,363.35,642.1,223.98,True,False,strong (>1x1),531.87,543.46,567.02,509.06,497.84,120,2,True,6/8 (75%),6,4/8=382.25 6/8=531.08 7/8=605.49,529,1.65,True,484,529
SIGMAADV,557.8,351,True,483.9,True,3,C1:-12.9%/6b | C2:-9.7%/2b | C3:-19.1%/9b,False,False,False,0.87,False,609.9,-8.54,0.2,0.4,forming / still basing,No VCP,n/a,84,140.1,2026-03-16,2.153,320.96,501.81,230.53,True,True,very strong (>2x1),569.67,581.67,606.04,546.05,534.43,90,6,False,7/8 (exhaustion),7,4/8=366.81 6/8=502.46 7/8=570.28,576,3.26,False,529,576
NINSYS,893.6,351,True,218.0,True,3,C1:-7.2%/3b | C2:-11.9%/5b | C3:-8.8%/3b,False,False,True,0.52,True,925.0,-3.39,0.48,0.54,AT PIVOT (actionable),Moderate VCP,925.0-971.25,84,281.05,2026-03-16,2.595,499.03,717.02,390.04,True,True,very strong (>2x1),908.61,923.74,954.39,878.72,863.96,90,6,False,8/8 (52w high),8,4/8=608.02 6/8=771.51 7/8=853.26,900,0.72,True,841,900
ARIHANT,802.8,68,False,1924.7,False,3,C1:-4.9%/2b | C2:-6.1%/2b | C3:-4.9%/1b,False,True,False,1.38,False,819.9,-2.09,2.13,0.36,AT PIVOT (actionable),No VCP,n/a,67,39.65,2026-04-13,4.208,321.57,603.49,180.61,True,True,very strong (>2x1),817.03,831.38,860.47,788.7,774.72,90,23,False,6/8 (75%),6,4/8=569.83 6/8=834.91 7/8=967.46,784,2.34,False,784,841
CPPLUS,3614.4,237,True,256.1,True,3,C1:-7.7%/5b | C2:-2.8%/4b | C3:-8.6%/3b,False,True,True,0.63,True,3736.4,-3.27,0.82,0.02,AT PIVOT (actionable),Moderate VCP,3736.4-3923.22,177,1304.0,2025-10-31,11.313,3306.49,5308.98,2305.24,True,False,strong (>1x1),3644.52,3674.77,3735.64,3584.4,3554.53,180,3,True,8/8 (52w high),8,4/8=2440.5 6/8=3153.25 7/8=3509.62,3600,0.4,True,3600,3721
BLISSGVS,483.5,352,True,309.7,True,3,C1:-9.8%/2b | C2:-6.9%/3b | C3:-12.4%/4b,False,False,True,0.11,False,535.45,-9.7,0.17,0.12,forming / still basing,No VCP,n/a,172,118.0,2025-11-10,1.726,414.9,711.81,266.45,True,False,strong (>1x1),494.56,505.74,528.48,472.57,461.76,180,8,False,7/8 (exhaustion),7,4/8=335.5 6/8=444.25 7/8=498.62,484,0.1,True,441,484
CUPID,214.78,352,True,741.9,True,3,C1:-3.6%/3b | C2:-13.0%/2b | C3:-20.2%/1b,False,True,False,1.72,True,221.65,-3.1,1.31,0.81,AT PIVOT (actionable),No VCP,n/a,176,46.0,2025-11-03,0.796,186.02,326.05,116.01,True,False,strong (>1x1),222.17,229.69,245.09,207.51,200.37,180,4,True,8/8 (52w high),8,4/8=125.76 6/8=175.88 7/8=200.94,225,4.76,False,196,225
KSHINTL,864.75,142,False,161.7,False,3,C1:-18.1%/3b | C2:-8.8%/3b | C3:-10.3%/2b,False,True,True,0.77,True,864.8,-0.01,0.71,0.24,AT PIVOT (actionable),No VCP,n/a,127,330.4,2026-01-13,2.379,632.58,934.76,481.49,True,False,strong (>1x1),879.52,894.41,924.56,850.11,835.59,144,17,False,8/8 (52w high),8,4/8=630.2 6/8=780.1 7/8=855.05,841,2.75,False,841,900
GRWRHITECH,6970.5,352,True,160.0,True,3,C1:-11.1%/3b | C2:-6.3%/5b | C3:-6.4%/2b,False,False,True,0.51,True,7174.0,-2.84,0.58,0.88,AT PIVOT (actionable),Moderate VCP,7174.0-7532.7,121,2690.7,2026-01-21,17.873,4853.33,7015.97,3772.02,True,False,strong (>1x1),7012.31,7054.24,7138.48,6928.82,6887.26,144,23,True,8/8 (52w high),8,4/8=4933.0 6/8=6059.0 7/8=6622.0,6889,1.17,True,6889,7056
BHAGYANGR,401.05,352,True,368.4,True,3,C1:-8.6%/2b | C2:-14.3%/3b | C3:-12.5%/5b,False,False,True,0.58,True,408.0,-1.7,0.87,0.43,AT PIVOT (actionable),Moderate VCP,408.0-428.4,151,120.01,2025-12-09,1.376,327.74,535.48,223.88,True,False,strong (>1x1),411.13,421.33,442.1,391.1,381.27,180,29,False,8/8 (52w high),8,4/8=258.96 6/8=345.63 7/8=388.96,400,0.26,True,400,441
CEMPRO,1615.0,352,True,220.9,True,3,C1:-8.9%/4b | C2:-11.2%/2b | C3:-5.9%/3b,False,False,True,0.81,True,1280.0,26.17,0.98,0.88,extended past pivot,Moderate VCP,1280.0-1344.0,80,503.3,2026-03-23,4.54,866.47,1229.65,684.89,True,True,very strong (>2x1),1635.16,1655.44,1696.37,1594.97,1575.06,90,10,False,8/8 (52w high),8,4/8=1075.3 6/8=1361.3 7/8=1504.3,1600,0.93,True,1600,1681
DEEDEV,691.75,351,True,278.0,True,3,C1:-11.8%/3b | C2:-15.7%/9b | C3:-9.5%/3b,False,False,True,0.35,False,709.3,-2.47,0.21,0.24,AT PIVOT (actionable),No VCP,n/a,118,183.0,2026-01-27,2.29,453.18,723.37,318.09,True,False,strong (>1x1),704.96,718.3,745.35,678.66,665.7,120,2,True,8/8 (52w high),8,4/8=471.5 6/8=615.75 7/8=687.88,676,2.28,False,676,729
SPORTKING,197.21,351,True,152.3,True,3,C1:-6.5%/2b | C2:-8.5%/4b | C3:-11.3%/2b,False,False,False,2.14,True,189.39,4.13,0.56,0.33,BROKEN OUT (fresh),No VCP,n/a,121,78.17,2026-01-21,0.523,141.42,204.67,109.8,True,False,strong (>1x1),204.29,211.5,226.3,190.25,183.42,144,23,True,8/8 (52w high),8,4/8=144.03 6/8=176.97 7/8=193.43,196,0.61,True,196,225
MTARTECH,6046.0,352,True,334.8,True,3,C1:-12.9%/3b | C2:-7.6%/2b | C3:-20.8%/5b,False,False,True,0.08,False,7160.0,-15.56,0.06,0.5,forming / still basing,No VCP,n/a,173,2217.1,2025-11-07,29.062,7244.74,12272.38,4730.92,False,False,moderate (>1x2),6084.94,6124.01,6202.51,6007.18,5968.49,180,7,False,6/8 (75%),6,4/8=5052.25 6/8=6883.12 7/8=7798.56,6084,0.63,True,5929,6084
AEROFLEX,410.6,352,True,159.9,True,3,C1:-12.1%/2b | C2:-11.0%/6b | C3:-19.8%/5b,False,False,True,0.44,False,432.75,-5.12,0.4,0.75,forming / still basing,No VCP,n/a,119,158.0,2026-01-23,1.444,329.84,501.68,243.92,True,False,strong (>1x1),420.79,431.11,452.13,400.53,390.59,120,1,True,6/8 (75%),6,4/8=339.95 6/8=430.93 7/8=476.41,400,2.58,False,400,441
ONELIFECAP,36.88,351,True,230.8,True,3,C1:-12.9%/3b | C2:-9.7%/3b | C3:-7.3%/1b,True,True,True,0.19,False,40.1,-8.03,0.18,0.49,forming / still basing,No VCP,n/a,177,11.29,2025-10-30,0.115,31.62,51.96,21.46,True,False,strong (>1x1),39.98,43.2,50.03,33.91,31.06,180,3,True,8/8 (52w high),8,4/8=25.62 6/8=32.86 7/8=36.48,36,2.39,False,36,49
YASHO,3010.7,350,True,166.4,True,3,C1:-10.7%/3b | C2:-8.0%/4b | C3:-11.2%/4b,False,False,True,0.32,True,3120.0,-3.5,0.25,0.6,AT PIVOT (actionable),Moderate VCP,3120.0-3276.0,127,1130.0,2026-01-09,8.136,2163.29,3196.57,1646.64,True,False,strong (>1x1),3038.2,3065.82,3121.44,2983.33,2956.08,144,17,False,8/8 (52w high),8,4/8=2155.15 6/8=2667.73 7/8=2924.01,3025,0.47,True,2916,3025
VENUSREM,1770.0,350,True,317.5,True,3,C1:-10.8%/5b | C2:-11.7%/5b | C3:-16.0%/7b,False,False,True,0.5,False,1895.6,-6.63,0.33,0.56,forming / still basing,No VCP,n/a,175,432.1,2025-10-31,6.43,1557.31,2682.52,994.7,True,False,strong (>1x1),1791.1,1812.32,1855.14,1749.03,1728.18,180,5,True,7/8 (exhaustion),7,4/8=1234.15 6/8=1639.23 7/8=1841.76,1764,0.34,True,1764,1849
NOVARTIND,1570.1,67,False,133.6,False,3,C1:-17.4%/3b | C2:-6.4%/6b | C3:-3.0%/3b,True,False,False,2.83,False,1690.0,-7.09,0.6,0.59,forming / still basing,No VCP,n/a,66,672.25,2026-04-15,4.17,947.45,1222.64,809.85,True,True,very strong (>2x1),1589.97,1609.97,1650.35,1550.35,1530.73,90,24,False,7/8 (exhaustion),7,4/8=1197.62 6/8=1460.31 7/8=1591.66,1600,1.9,True,1521,1600
IBULLSLTD,28.99,352,True,225.7,True,3,C1:-26.2%/11b | C2:-9.4%/3b | C3:-9.0%/2b,True,True,False,1.2,False,30.76,-5.75,0.53,0.26,forming / still basing,No VCP,n/a,90,8.9,2026-03-09,0.094,17.33,25.76,13.11,True,True,very strong (>2x1),31.74,34.62,40.76,26.36,23.86,120,30,True,7/8 (exhaustion),7,4/8=20.7 6/8=26.6 7/8=29.55,25,13.76,False,25,36
JNKINDIA,477.15,351,True,137.5,True,3,C1:-6.4%/1b | C2:-6.3%/2b | C3:-10.6%/2b,False,False,True,0.55,False,515.0,-7.35,0.42,0.28,forming / still basing,No VCP,n/a,117,200.92,2026-01-28,1.417,366.71,532.49,283.81,True,False,strong (>1x1),488.13,499.24,521.84,466.29,455.56,120,3,True,7/8 (exhaustion),7,4/8=379.46 6/8=468.73 7/8=513.36,484,1.44,True,441,484
KOVAI,5986.0,68,False,132.3,False,3,C1:-6.9%/4b | C2:-4.0%/5b | C3:-2.8%/1b,True,False,True,0.76,True,6015.5,-0.49,0.64,0.82,AT PIVOT (actionable),No VCP,n/a,67,2576.65,2026-04-13,14.934,3577.22,4577.8,3076.94,True,True,very strong (>2x1),6024.75,6063.62,6141.74,5947.38,5908.88,90,23,False,8/8 (52w high),8,4/8=4458.32 6/8=5399.16 7/8=5869.58,5929,0.95,True,5929,6084
CONFIPET,73.12,352,True,160.6,True,3,C1:-15.4%/8b | C2:-7.3%/3b | C3:-15.1%/4b,False,False,True,0.48,False,77.2,-5.28,0.62,0.38,forming / still basing,No VCP,n/a,90,28.06,2026-03-09,0.208,46.81,65.57,37.44,True,True,very strong (>2x1),77.46,81.92,91.22,68.91,64.82,120,30,True,7/8 (exhaustion),7,4/8=54.31 6/8=67.44 7/8=74.01,81,10.78,False,64,81
SUVEN,325.9,352,True,162.6,True,3,C1:-9.6%/4b | C2:-20.8%/6b | C3:-8.3%/7b,False,False,True,0.42,False,371.0,-12.16,0.47,0.21,forming / still basing,No VCP,n/a,79,124.11,2026-03-24,0.98,201.51,278.91,162.81,True,True,very strong (>2x1),334.99,344.2,363.01,316.94,308.1,90,11,False,7/8 (exhaustion),7,4/8=247.56 6/8=309.28 7/8=340.14,324,0.58,True,324,361
UNIVPHOTO,436.3,351,True,141.6,True,3,C1:-18.6%/11b | C2:-6.5%/5b | C3:-3.5%/3b,True,True,False,3.43,False,369.9,17.95,5.94,0.9,extended past pivot,No VCP,n/a,121,180.6,2026-01-21,1.33,341.55,502.5,261.07,True,False,strong (>1x1),446.81,457.44,479.08,425.92,415.66,144,23,True,7/8 (exhaustion),7,4/8=348.2 6/8=432.0 7/8=473.9,441,1.08,True,400,441
SHILPAMED,620.25,352,True,139.0,True,3,C1:-9.5%/4b | C2:-6.2%/6b | C3:-3.6%/3b,True,False,True,0.46,True,610.0,1.68,0.38,0.15,BROKEN OUT (fresh),Strong VCP,610.0-640.5,118,259.5,2026-01-27,1.55,442.35,625.21,350.93,True,False,strong (>1x1),632.76,645.4,671.06,607.86,595.6,120,2,True,8/8 (52w high),8,4/8=454.75 6/8=552.38 7/8=601.19,625,0.77,True,576,625
ACUTAAS,3619.4,352,True,221.7,True,3,C1:-5.0%/1b | C2:-11.6%/7b | C3:-10.3%/2b,False,False,True,0.52,True,3730.9,-2.99,0.45,0.84,AT PIVOT (actionable),Moderate VCP,3730.9-3917.44,121,1570.0,2026-01-21,10.377,2825.62,4081.23,2197.81,True,False,strong (>1x1),3649.54,3679.81,3740.72,3589.38,3559.49,144,23,True,8/8 (52w high),8,4/8=2432.5 6/8=3086.25 7/8=3413.12,3600,0.54,True,3600,3721
ATLANTAELE,1698.3,199,False,140.0,False,3,C1:-17.4%/3b | C2:-16.3%/5b | C3:-12.5%/5b,True,False,False,0.92,False,1856.1,-8.5,0.98,0.25,forming / still basing,No VCP,n/a,117,707.6,2026-01-27,5.734,1378.49,2049.39,1043.05,True,False,strong (>1x1),1718.97,1739.76,1781.72,1677.76,1657.34,120,3,True,6/8 (75%),6,4/8=1430.1 6/8=1791.35 7/8=1971.98,1681,1.02,True,1681,1764
RUBICON,1439.6,186,False,152.2,False,3,C1:-6.4%/5b | C2:-15.1%/5b | C3:-10.4%/4b,False,True,True,0.51,True,1527.0,-5.72,0.36,0.84,forming / still basing,No VCP,n/a,179,576.0,2025-10-27,3.795,1255.24,1934.48,915.62,True,False,strong (>1x1),1458.63,1477.79,1516.48,1420.69,1401.91,180,1,True,8/8 (52w high),8,4/8=1048.88 6/8=1287.94 7/8=1407.47,1444,0.31,True,1369,1444
SETL,281.1,351,True,168.8,True,3,C1:-8.6%/2b | C2:-13.0%/3b | C3:-9.3%/2b,False,False,True,0.79,True,290.7,-3.3,0.34,0.35,AT PIVOT (actionable),Moderate VCP,290.7-305.24,75,104.56,2026-03-30,0.797,164.3,224.05,134.43,True,True,very strong (>2x1),289.55,298.12,315.63,272.78,264.58,90,15,False,8/8 (52w high),8,4/8=204.93 6/8=255.11 7/8=280.21,289,2.81,False,256,289
OMAXAUTO,228.38,351,True,170.3,True,3,C1:-16.3%/8b | C2:-8.9%/5b | C3:-8.9%/4b,False,True,True,0.76,False,254.36,-10.21,0.5,0.2,forming / still basing,No VCP,n/a,157,84.5,2025-11-28,0.71,195.96,307.42,140.23,True,False,strong (>1x1),236.0,243.74,259.6,220.89,213.52,180,23,False,7/8 (exhaustion),7,4/8=173.95 6/8=218.67 7/8=241.04,225,1.48,True,225,256
PAISALO,71.75,352,True,140.3,True,3,C1:-5.0%/2b | C2:-5.2%/4b | C3:-3.3%/5b,False,False,False,1.93,True,73.99,-3.03,3.25,0.45,AT PIVOT (actionable),No VCP,n/a,85,30.0,2026-03-16,0.189,46.03,62.06,38.02,True,True,very strong (>2x1),76.05,80.47,89.69,67.58,63.53,90,5,True,8/8 (52w high),8,4/8=53.62 6/8=65.51 7/8=71.45,64,10.8,False,64,81
532380,15.99,350,True,166.1,True,3,C1:-12.5%/3b | C2:-5.7%/3b | C3:-11.6%/2b,False,True,True,0.37,True,17.1,-6.49,0.34,0.81,forming / still basing,Moderate VCP,17.1-17.96,147,6.01,2025-12-11,0.045,12.56,19.11,9.29,True,False,strong (>1x1),18.05,20.24,24.99,14.05,12.24,180,33,True,8/8 (52w high),8,4/8=11.62 6/8=14.43 7/8=15.84,16,0.06,True,9,16
INDSWFTLAB,231.47,351,True,165.6,True,3,C1:-11.7%/8b | C2:-5.9%/2b | C3:-11.8%/3b,False,False,True,0.49,True,248.0,-6.67,0.22,0.64,forming / still basing,Moderate VCP,248.0-260.4,135,87.15,2025-12-31,0.64,173.56,259.97,130.36,True,False,strong (>1x1),239.14,246.93,262.9,223.93,216.51,144,9,False,8/8 (52w high),8,4/8=167.8 6/8=208.12 7/8=228.29,225,2.8,False,225,256
SAKAR,877.7,352,True,182.2,True,3,C1:-13.3%/5b | C2:-8.2%/3b | C3:-9.6%/3b,False,True,False,1.39,False,879.2,-0.17,0.56,0.35,AT PIVOT (actionable),No VCP,n/a,179,352.05,2025-10-29,2.575,813.05,1274.04,582.55,True,False,strong (>1x1),892.58,907.58,937.95,862.95,848.32,180,1,True,7/8 (exhaustion),7,4/8=635.5 6/8=797.75 7/8=878.88,900,2.54,False,841,900
GVPIL,792.95,352,True,192.7,True,3,C1:-15.1%/3b | C2:-6.2%/2b | C3:-27.5%/19b,False,False,True,0.68,False,1076.0,-26.31,0.64,0.22,forming / still basing,No VCP,n/a,118,270.9,2026-01-27,3.227,651.64,1032.37,461.27,True,False,strong (>1x1),807.09,821.36,850.27,778.93,765.04,120,2,True,6/8 (75%),6,4/8=677.45 6/8=880.72 7/8=982.36,784,1.13,True,784,841
SHADOWFAX,223.25,118,False,126.5,False,3,C1:-12.4%/8b | C2:-7.3%/2b | C3:-11.3%/5b,False,False,False,1.24,True,233.89,-4.55,2.54,0.65,AT PIVOT (actionable),No VCP,n/a,115,98.55,2026-01-30,0.568,163.84,229.14,131.2,True,False,strong (>1x1),230.78,238.44,254.13,215.84,208.56,120,5,True,7/8 (exhaustion),7,4/8=170.09 6/8=205.86 7/8=223.75,225,0.78,True,196,225
RUBYMILLS,413.6,350,True,144.7,True,3,C1:-9.2%/5b | C2:-13.5%/5b | C3:-10.9%/8b,False,False,True,0.52,True,348.95,18.53,0.72,0.59,extended past pivot,Moderate VCP,348.95-366.4,93,169.02,2026-03-02,1.0,261.99,354.97,215.51,True,True,very strong (>2x1),423.83,434.19,455.27,403.49,393.51,120,27,True,8/8 (52w high),8,4/8=294.99 6/8=357.97 7/8=389.46,400,3.29,False,400,441
RPTECH,734.45,352,True,166.5,True,3,C1:-7.2%/3b | C2:-8.7%/2b | C3:-10.2%/4b,False,False,True,0.34,False,799.7,-8.16,0.46,0.12,forming / still basing,No VCP,n/a,152,316.3,2025-12-08,2.132,640.36,964.41,478.33,True,False,strong (>1x1),748.06,761.8,789.65,720.96,707.6,180,28,False,7/8 (exhaustion),7,4/8=544.22 6/8=678.54 7/8=745.69,729,0.74,True,729,784
WELCORP,1581.5,352,True,122.7,True,3,C1:-6.3%/3b | C2:-3.2%/5b | C3:-7.6%/3b,False,False,False,1.64,True,1525.0,3.7,1.0,0.05,BROKEN OUT (fresh),No VCP,n/a,114,710.0,2026-02-02,3.924,1157.31,1604.63,933.66,True,False,strong (>1x1),1601.45,1621.52,1662.04,1561.68,1541.98,120,6,False,8/8 (52w high),8,4/8=1204.4 6/8=1451.6 7/8=1575.2,1600,1.17,True,1521,1600
ATHERENERG,1282.2,302,True,289.5,True,3,C1:-11.7%/9b | C2:-10.6%/8b | C3:-3.1%/2b,True,True,False,1.67,True,1154.9,11.02,0.89,0.93,extended past pivot,Moderate VCP,1154.9-1212.65,174,582.05,2025-11-06,4.031,1283.44,1984.82,932.74,False,False,moderate (>1x2),1300.17,1318.26,1354.82,1264.36,1246.64,180,6,False,8/8 (52w high),8,4/8=837.1 6/8=1091.05 7/8=1218.03,1296,1.08,True,1225,1296
SCHNEIDER,1278.5,352,True,123.6,True,3,C1:-11.4%/9b | C2:-24.1%/10b | C3:-8.1%/2b,False,False,True,0.48,False,1511.4,-15.41,0.47,0.12,forming / still basing,No VCP,n/a,121,571.85,2026-01-21,3.874,1040.56,1509.26,806.2,True,False,strong (>1x1),1296.44,1314.51,1351.01,1260.68,1242.99,144,23,True,6/8 (75%),6,4/8=1059.92 6/8=1303.96 7/8=1425.98,1296,1.37,True,1225,1296
VIDYAWIRES,94.82,151,False,115.2,False,3,C1:-25.6%/8b | C2:-14.0%/3b | C3:-4.9%/2b,True,True,True,0.14,False,98.5,-3.74,0.21,0.85,AT PIVOT (actionable),No VCP,n/a,118,44.06,2026-01-27,0.291,78.38,112.7,61.22,True,False,strong (>1x1),99.75,104.81,115.3,90.01,85.33,120,2,True,6/8 (75%),6,4/8=80.7 6/8=99.03 7/8=108.19,100,5.46,False,81,100
EBGNG,543.0,240,True,127.2,True,3,C1:-9.2%/6b | C2:-14.1%/4b | C3:-10.2%/3b,False,True,True,0.54,False,689.5,-21.25,0.51,0.0,forming / still basing,No VCP,n/a,118,239.0,2026-01-27,1.788,449.95,660.9,344.47,True,False,strong (>1x1),554.71,566.55,590.6,531.41,519.95,120,2,True,6/8 (75%),6,4/8=464.25 6/8=576.88 7/8=633.19,529,2.58,False,529,576
IOLCP,148.33,352,True,120.8,True,3,C1:-12.5%/4b | C2:-10.6%/2b | C3:-8.7%/3b,True,False,True,0.83,False,179.0,-17.13,0.97,0.09,forming / still basing,No VCP,n/a,85,67.19,2026-03-16,0.446,105.11,143.02,86.15,True,True,very strong (>2x1),154.48,160.76,173.69,142.3,136.4,90,5,True,6/8 (75%),6,4/8=123.4 6/8=151.5 7/8=165.55,144,2.92,False,144,169
NGLFINE,3131.9,352,True,166.4,True,3,C1:-12.3%/2b | C2:-10.1%/2b | C3:-8.3%/3b,True,False,True,0.2,True,3300.0,-5.09,0.26,0.62,forming / still basing,Strong VCP,3300.0-3465.0,143,1271.0,2025-12-19,8.546,2493.03,3715.05,1882.01,True,False,strong (>1x1),3159.94,3188.11,3244.83,3103.98,3076.19,144,1,True,8/8 (52w high),8,4/8=2252.25 6/8=2790.62 7/8=3059.81,3136,0.13,True,3025,3136
NITTAGELA,1880.0,62,False,113.2,False,3,C1:-5.7%/2b | C2:-30.5%/5b | C3:-6.8%/2b,False,False,False,1.29,False,2087.2,-9.93,1.01,0.2,forming / still basing,No VCP,n/a,61,882.0,2026-04-23,4.783,1173.73,1465.47,1027.87,True,True,very strong (>2x1),1901.74,1923.61,1967.72,1858.38,1836.89,90,29,True,7/8 (exhaustion),7,4/8=1484.6 6/8=1785.9 7/8=1936.55,1849,1.65,True,1849,1936
SYRMA,1359.1,352,True,114.2,True,3,C1:-4.8%/2b | C2:-15.9%/5b | C3:-11.0%/2b,False,False,True,0.43,False,1457.0,-6.72,0.54,0.1,forming / still basing,No VCP,n/a,121,634.5,2026-01-21,3.505,1058.58,1482.65,846.54,True,False,strong (>1x1),1377.6,1396.22,1433.83,1340.73,1322.48,144,23,True,7/8 (exhaustion),7,4/8=1076.1 6/8=1296.9 7/8=1407.3,1369,0.73,True,1296,1369
AVALON,1724.0,352,True,121.8,True,3,C1:-5.7%/1b | C2:-4.2%/5b | C3:-11.8%/6b,False,False,True,0.6,True,1775.0,-2.87,0.41,0.37,AT PIVOT (actionable),Moderate VCP,1775.0-1863.75,116,777.3,2026-01-29,4.269,1272.46,1767.63,1024.88,True,False,strong (>1x1),1744.82,1765.77,1808.04,1703.3,1682.73,120,4,True,8/8 (52w high),8,4/8=1315.15 6/8=1584.07 7/8=1718.54,1764,2.32,False,1681,1764
KIRLOSENG,2255.7,351,True,163.6,True,3,C1:-11.8%/5b | C2:-9.6%/5b | C3:-14.4%/7b,False,False,True,0.46,False,2503.0,-9.88,0.6,0.1,forming / still basing,No VCP,n/a,170,933.2,2025-11-11,7.398,2190.8,3448.39,1562.0,True,False,strong (>1x1),2279.51,2303.44,2351.69,2232.02,2208.46,180,10,False,7/8 (exhaustion),7,4/8=1787.9 6/8=2253.95 7/8=2486.97,2209,2.07,False,2209,2304
TIRUPATIFL,68.17,350,True,126.4,True,3,C1:-9.3%/3b | C2:-10.6%/3b | C3:-12.1%/2b,False,True,True,0.65,False,69.84,-2.39,0.53,0.27,AT PIVOT (actionable),No VCP,n/a,142,30.11,2025-12-18,0.178,55.35,80.59,42.73,True,False,strong (>1x1),72.36,76.68,85.68,64.1,60.16,144,2,True,7/8 (exhaustion),7,4/8=52.51 6/8=63.7 7/8=69.3,64,6.12,False,64,81
LOKESHMACH,329.85,351,True,137.4,True,3,C1:-7.5%/7b | C2:-4.6%/3b | C3:-9.3%/4b,False,False,True,0.47,True,343.9,-4.09,0.35,0.5,AT PIVOT (actionable),Moderate VCP,343.9-361.09,150,138.96,2025-12-09,0.813,260.95,382.94,199.95,True,False,strong (>1x1),338.99,348.26,367.17,320.83,311.94,180,30,False,8/8 (52w high),8,4/8=241.43 6/8=292.66 7/8=318.28,324,1.77,True,324,361
NRL,107.84,351,True,139.1,True,3,C1:-4.0%/4b | C2:-9.2%/2b | C3:-3.2%/3b,False,False,False,0.87,True,77.0,40.05,0.69,0.71,extended past pivot,No VCP,n/a,75,45.1,2026-03-30,0.273,65.61,86.11,55.35,True,True,very strong (>2x1),113.09,118.47,129.61,102.71,97.71,90,15,False,8/8 (52w high),8,4/8=79.55 6/8=96.77 7/8=105.39,100,7.27,False,100,121
MODISONLTD,295.4,351,True,159.1,True,3,C1:-10.3%/3b | C2:-20.6%/7b | C3:-14.7%/7b,False,False,True,0.23,False,304.05,-2.84,0.36,0.09,AT PIVOT (actionable),No VCP,n/a,80,114.0,2026-03-23,0.987,192.95,271.9,153.48,True,True,very strong (>2x1),304.06,312.84,330.77,286.87,278.46,90,10,False,6/8 (75%),6,4/8=238.35 6/8=300.53 7/8=331.61,289,2.17,False,289,324
IDEAFORGE,843.75,352,True,130.5,True,3,C1:-6.2%/4b | C2:-13.6%/4b | C3:-17.2%/6b,False,False,True,0.46,False,935.0,-9.76,0.36,0.66,forming / still basing,No VCP,n/a,76,366.0,2026-03-30,2.485,554.87,743.74,460.43,True,True,very strong (>2x1),858.34,873.05,902.84,829.29,814.95,90,14,False,7/8 (exhaustion),7,4/8=679.12 6/8=835.69 7/8=913.97,841,0.33,True,841,900
PARACABLES,64.35,352,True,127.4,True,3,C1:-15.4%/5b | C2:-11.9%/2b | C3:-14.4%/5b,False,False,True,0.22,False,74.74,-13.9,0.19,0.15,forming / still basing,No VCP,n/a,76,28.3,2026-03-30,0.188,42.6,56.89,35.45,True,True,very strong (>2x1),68.42,72.62,81.39,60.4,56.58,90,14,False,7/8 (exhaustion),7,4/8=52.0 6/8=63.85 7/8=69.77,64,0.54,True,64,81
KRN,1249.9,352,True,111.9,True,3,C1:-6.5%/3b | C2:-6.3%/3b | C3:-3.7%/1b,True,True,True,0.59,False,1247.0,0.23,0.47,0.28,BROKEN OUT (fresh),No VCP,n/a,118,589.8,2026-01-27,3.235,971.52,1353.24,780.66,True,False,strong (>1x1),1267.64,1285.5,1321.61,1232.29,1214.8,120,2,True,7/8 (exhaustion),7,4/8=997.4 6/8=1201.2 7/8=1303.1,1225,1.99,True,1225,1296
POWERINDIA,32075.0,352,True,99.1,True,3,C1:-11.8%/4b | C2:-9.3%/3b | C3:-14.0%/4b,False,False,True,0.75,False,32700.0,-1.91,0.79,0.11,AT PIVOT (actionable),No VCP,n/a,124,16111.0,2026-01-16,89.976,27268.05,38425.1,21689.52,True,False,strong (>1x1),32164.61,32254.34,32434.19,31985.52,31896.16,144,20,True,6/8 (75%),6,4/8=27448.0 6/8=33116.5 7/8=35950.75,32041,0.11,True,32041,32400
SKYGOLD,621.3,352,True,152.5,True,3,C1:-21.6%/4b | C2:-17.1%/5b | C3:-10.6%/6b,True,False,True,0.44,True,542.85,14.45,0.53,0.62,extended past pivot,Strong VCP,542.85-569.99,119,297.95,2026-01-23,1.592,487.45,676.96,392.7,True,False,strong (>1x1),633.83,646.48,672.15,608.9,596.62,120,1,True,8/8 (52w high),8,4/8=446.7 6/8=547.02 7/8=597.19,625,0.6,True,576,625
JAYBARMARU,170.79,351,True,140.5,True,3,C1:-10.3%/4b | C2:-7.6%/3b | C3:-9.1%/4b,False,False,True,0.57,False,207.0,-17.49,0.4,0.0,forming / still basing,No VCP,n/a,75,74.15,2026-03-30,0.54,114.62,155.1,94.39,True,True,very strong (>2x1),177.39,184.11,197.93,164.32,157.97,90,15,False,6/8 (75%),6,4/8=139.01 6/8=173.0 7/8=190.0,169,1.05,True,169,196
HIRECT,1244.5,352,True,120.2,True,3,C1:-13.1%/4b | C2:-4.5%/1b | C3:-14.0%/6b,False,False,False,3.63,False,1164.0,6.92,0.8,0.34,BROKEN OUT (fresh),No VCP,n/a,118,565.2,2026-01-27,3.309,955.63,1346.06,760.42,True,False,strong (>1x1),1262.2,1280.03,1316.05,1226.92,1209.47,120,2,True,7/8 (exhaustion),7,4/8=982.1 6/8=1190.55 7/8=1294.78,1225,1.57,True,1225,1296
543828,40.0,350,True,116.2,True,3,C1:-7.3%/2b | C2:-7.2%/4b | C3:-5.5%/1b,True,False,False,1.09,True,42.0,-4.76,0.32,0.0,AT PIVOT (actionable),Moderate VCP,42.0-44.1,115,18.5,2026-01-29,0.094,29.3,40.09,23.9,True,False,strong (>1x1),43.22,46.57,53.65,36.9,33.93,120,5,True,8/8 (52w high),8,4/8=30.33 6/8=36.24 7/8=39.2,36,10.0,False,36,49
INDOBORAX,465.7,351,True,107.9,True,3,C1:-7.3%/3b | C2:-5.8%/4b | C3:-4.9%/5b,True,False,False,1.62,True,494.0,-5.73,1.54,0.84,forming / still basing,Moderate VCP,494.0-518.7,153,230.45,2025-12-04,1.091,397.41,564.38,313.93,True,False,strong (>1x1),476.55,487.53,509.86,454.97,444.37,180,27,False,8/8 (52w high),8,4/8=361.5 6/8=430.25 7/8=464.62,484,3.93,False,441,484
WHEELS,1472.1,352,True,108.6,True,3,C1:-17.3%/11b | C2:-7.8%/4b | C3:-21.7%/6b,False,False,True,0.26,False,1808.0,-18.58,0.23,0.55,forming / still basing,No VCP,n/a,118,705.85,2026-01-27,4.374,1221.94,1738.02,963.89,True,False,strong (>1x1),1491.35,1510.72,1549.84,1452.98,1433.98,120,2,True,6/8 (75%),6,4/8=1256.92 6/8=1532.46 7/8=1670.23,1444,1.91,True,1444,1521
539730,955.2,352,True,218.8,True,3,C1:-6.3%/1b | C2:-9.0%/2b | C3:-12.5%/4b,False,False,False,1.0,True,941.67,1.44,0.5,0.22,BROKEN OUT (fresh),No VCP,n/a,128,454.05,2026-01-12,2.775,809.28,1164.52,631.67,True,False,strong (>1x1),970.72,986.36,1018.01,939.81,924.54,144,16,False,8/8 (52w high),8,4/8=649.32 6/8=824.16 7/8=911.58,961,0.61,True,900,961
ADANIENSOL,1722.6,352,True,131.3,True,3,C1:-8.6%/2b | C2:-4.2%/1b | C3:-6.0%/1b,False,True,True,0.67,True,1712.0,0.62,0.95,0.48,BROKEN OUT (fresh),Moderate VCP,1712.0-1797.6,119,803.1,2026-01-23,4.019,1281.37,1759.63,1042.23,True,False,strong (>1x1),1743.41,1764.35,1806.61,1701.91,1681.35,120,1,True,8/8 (52w high),8,4/8=1251.3 6/8=1504.5 7/8=1631.1,1764,2.4,False,1681,1764
RISHABH,656.1,350,True,140.9,True,3,C1:-16.6%/6b | C2:-13.1%/3b | C3:-6.1%/2b,True,True,True,0.63,True,684.85,-4.2,1.0,0.13,AT PIVOT (actionable),Strong VCP,684.85-719.09,117,315.0,2026-01-27,1.669,510.23,705.46,412.62,True,False,strong (>1x1),668.97,681.96,708.33,643.36,630.74,120,3,True,8/8 (52w high),8,4/8=482.55 6/8=587.67 7/8=640.24,676,3.03,False,625,676
BAJAJCON,525.65,352,True,138.8,True,3,C1:-5.7%/5b | C2:-4.6%/3b | C3:-8.8%/4b,False,False,False,2.87,False,679.85,-22.68,1.17,0.1,forming / still basing,No VCP,n/a,121,242.55,2026-01-21,1.873,469.14,695.72,355.84,True,False,strong (>1x1),537.18,548.83,572.5,514.25,502.97,144,23,True,6/8 (75%),6,4/8=456.05 6/8=574.03 7/8=633.01,529,0.64,True,484,529
LLOYDSENGG,88.56,352,True,136.8,True,3,C1:-8.3%/3b | C2:-6.3%/3b | C3:-11.1%/2b,False,True,True,0.69,True,95.1,-6.88,0.39,0.88,forming / still basing,Moderate VCP,95.1-99.85,76,37.4,2026-03-30,0.229,54.8,72.2,46.1,True,True,very strong (>2x1),93.33,98.22,108.38,83.92,79.4,90,14,False,8/8 (52w high),8,4/8=66.25 6/8=80.67 7/8=87.89,81,8.54,False,81,100
ASTRAMICRO,1720.8,352,True,102.2,True,3,C1:-9.2%/1b | C2:-5.3%/2b | C3:-5.3%/1b,False,False,True,0.38,False,1869.9,-7.97,0.24,0.81,forming / still basing,No VCP,n/a,76,851.0,2026-03-30,4.048,1158.62,1466.24,1004.81,True,True,very strong (>2x1),1741.6,1762.53,1804.77,1700.12,1679.57,90,14,False,7/8 (exhaustion),7,4/8=1361.0 6/8=1616.0 7/8=1743.5,1681,2.31,False,1681,1764
BALAMINES,2289.1,352,True,136.5,True,3,C1:-10.1%/2b | C2:-17.6%/7b | C3:-9.4%/3b,False,False,True,0.36,True,2420.0,-5.41,0.24,0.2,forming / still basing,Moderate VCP,2420.0-2541.0,76,968.1,2026-03-30,5.855,1413.09,1858.08,1190.6,True,True,very strong (>2x1),2313.08,2337.19,2385.79,2265.24,2241.51,90,14,False,8/8 (52w high),8,4/8=1705.85 6/8=2074.73 7/8=2259.16,2304,0.65,True,2209,2304
AEGISLOG,1349.1,351,True,134.2,True,3,C1:-4.9%/2b | C2:-5.3%/5b | C3:-12.5%/2b,False,False,True,0.63,True,1423.5,-5.23,0.84,0.86,forming / still basing,Moderate VCP,1423.5-1494.67,80,576.1,2026-03-23,3.363,845.12,1114.13,710.61,True,True,very strong (>2x1),1367.53,1386.08,1423.56,1330.8,1312.62,90,10,False,8/8 (52w high),8,4/8=999.8 6/8=1211.65 7/8=1317.57,1369,1.48,True,1296,1369
KOTYARK,34.55,352,True,98.8,True,3,C1:-10.6%/6b | C2:-10.4%/5b | C3:-26.3%/13b,False,False,True,0.19,False,45.45,-23.98,0.18,0.56,forming / still basing,No VCP,n/a,116,17.38,2026-01-29,0.112,30.33,43.27,23.85,True,False,strong (>1x1),37.55,40.68,47.31,31.67,28.92,120,4,True,5/8,5,4/8=31.44 6/8=38.47 7/8=41.99,36,4.2,False,25,36
E2E,404.95,352,True,120.8,True,3,C1:-17.9%/5b | C2:-18.5%/4b | C3:-17.5%/11b,False,False,False,0.93,False,447.1,-9.43,1.35,0.07,forming / still basing,No VCP,n/a,128,183.36,2026-01-12,1.135,328.65,473.94,256.01,True,False,strong (>1x1),415.07,425.32,446.2,394.95,385.08,144,16,False,7/8 (exhaustion),7,4/8=326.38 6/8=397.89 7/8=433.64,400,1.22,True,400,441
SGMART,635.85,210,True,103.1,True,3,C1:-3.5%/3b | C2:-6.7%/4b | C3:-9.7%/3b,False,False,False,2.33,True,686.0,-7.31,1.95,0.09,forming / still basing,No VCP,n/a,121,313.1,2026-01-21,1.488,493.11,673.12,403.11,True,False,strong (>1x1),648.52,661.32,687.28,623.3,610.88,144,23,True,7/8 (exhaustion),7,4/8=500.55 6/8=594.28 7/8=641.14,625,1.71,True,625,676
SEDEMAC,2712.3,89,False,91.9,False,3,C1:-4.0%/3b | C2:-13.8%/1b | C3:-8.5%/6b,False,False,True,0.42,False,2828.4,-4.1,0.46,0.64,AT PIVOT (actionable),No VCP,n/a,87,1413.1,2026-03-12,6.209,1953.26,2493.42,1683.18,True,True,very strong (>2x1),2738.4,2764.63,2817.46,2686.32,2660.47,90,3,True,7/8 (exhaustion),7,4/8=2195.4 6/8=2586.55 7/8=2782.12,2704,0.31,True,2704,2809
APOLLOPIPE,499.5,352,True,98.1,True,3,C1:-15.8%/8b | C2:-8.9%/10b | C3:-6.4%/6b,True,False,True,0.54,False,495.5,0.81,0.74,0.34,BROKEN OUT (fresh),No VCP,n/a,121,252.1,2026-01-21,1.198,397.06,542.02,324.58,True,False,strong (>1x1),510.74,522.1,545.2,488.39,477.4,144,23,True,7/8 (exhaustion),7,4/8=403.05 6/8=478.53 7/8=516.26,484,3.1,False,484,529
ACMESOLAR,385.25,352,True,96.7,True,3,C1:-7.5%/4b | C2:-6.5%/2b | C3:-8.5%/4b,False,False,False,1.04,True,395.0,-2.47,1.3,0.37,AT PIVOT (actionable),No VCP,n/a,118,195.9,2026-01-27,0.805,290.84,385.78,243.37,True,False,strong (>1x1),395.13,405.13,425.51,375.5,365.87,120,2,True,8/8 (52w high),8,4/8=297.27 6/8=347.96 7/8=373.31,400,3.83,False,361,400
APARINDS,13836.0,352,True,103.4,True,3,C1:-3.7%/2b | C2:-7.4%/3b | C3:-21.9%/10b,False,False,True,0.6,False,17157.0,-19.36,0.43,0.21,forming / still basing,No VCP,n/a,121,6801.0,2026-01-21,41.095,11773.52,16746.05,9287.26,True,False,strong (>1x1),13894.88,13953.88,14072.25,13777.25,13718.62,144,23,True,6/8 (75%),6,4/8=11979.0 6/8=14568.0 7/8=15862.5,13924,0.64,True,13689,13924
SANSERA,3218.8,352,True,164.6,True,3,C1:-4.5%/1b | C2:-3.8%/3b | C3:-6.0%/3b,False,False,True,0.55,True,3332.7,-3.42,0.79,0.29,AT PIVOT (actionable),Moderate VCP,3332.7-3499.33,179,1470.9,2025-10-29,8.513,2994.67,4518.45,2232.79,True,False,strong (>1x1),3247.23,3275.78,3333.27,3190.5,3162.32,180,1,True,8/8 (52w high),8,4/8=2288.9 6/8=2825.2 7/8=3093.35,3249,0.94,True,3136,3249
SKMEGGPROD,318.95,352,True,123.8,True,3,C1:-14.7%/1b | C2:-10.4%/2b | C3:-9.8%/2b,True,False,False,1.23,False,372.0,-14.26,0.3,0.27,forming / still basing,No VCP,n/a,90,143.1,2026-03-09,0.911,225.06,307.03,184.08,True,True,very strong (>2x1),327.94,337.06,355.67,310.08,301.34,120,30,True,7/8 (exhaustion),7,4/8=257.25 6/8=314.62 7/8=343.31,324,1.58,True,289,324
PARAS,1176.3,352,True,102.6,True,3,C1:-17.7%/7b | C2:-8.3%/4b | C3:-18.8%/6b,False,False,True,0.23,False,1415.0,-16.87,0.18,0.39,forming / still basing,No VCP,n/a,80,580.5,2026-03-23,3.423,854.31,1128.12,717.4,True,True,very strong (>2x1),1193.51,1210.85,1245.89,1159.21,1142.25,90,10,False,6/8 (75%),6,4/8=1011.75 6/8=1227.38 7/8=1335.19,1156,1.73,True,1156,1225
GAYAPROJ,22.12,352,True,187.3,True,3,C1:-16.7%/11b | C2:-17.9%/9b | C3:-11.0%/5b,False,True,False,1.1,False,22.02,0.45,0.44,0.73,BROKEN OUT (fresh),No VCP,n/a,179,10.99,2025-10-29,0.073,23.99,36.99,17.49,False,False,moderate (>1x2),24.53,27.07,32.53,19.83,17.67,180,1,True,7/8 (exhaustion),7,4/8=16.85 6/8=21.42 7/8=23.71,25,13.02,False,16,25
SPARC,235.2,352,True,117.8,True,3,C1:-21.4%/4b | C2:-6.8%/2b | C3:-11.9%/5b,False,False,True,0.26,False,284.7,-17.39,0.42,0.32,forming / still basing,No VCP,n/a,80,108.0,2026-03-23,0.718,165.46,222.92,136.73,True,True,very strong (>2x1),242.93,250.79,266.87,227.59,220.11,90,10,False,6/8 (75%),6,4/8=198.5 6/8=243.75 7/8=266.38,225,4.34,False,225,256
BUILDPRO,1233.4,129,False,93.9,False,3,C1:-5.0%/1b | C2:-17.2%/7b | C3:-7.5%/3b,False,False,False,2.36,False,1365.0,-9.64,0.33,0.68,forming / still basing,No VCP,n/a,118,636.0,2026-01-27,2.893,977.36,1318.71,806.68,True,False,strong (>1x1),1251.02,1268.77,1304.64,1215.9,1198.53,120,2,True,7/8 (exhaustion),7,4/8=1000.5 6/8=1182.75 7/8=1273.88,1225,0.68,True,1225,1296
DATAPATTNS,4085.8,352,True,91.7,True,3,C1:-14.3%/4b | C2:-9.8%/3b | C3:-11.4%/5b,False,False,True,0.38,False,4712.4,-13.3,0.38,0.18,forming / still basing,No VCP,n/a,118,2131.0,2026-01-27,11.21,3453.77,4776.54,2792.39,True,False,strong (>1x1),4117.82,4149.97,4214.64,4053.9,4022.13,120,2,True,6/8 (75%),6,4/8=3543.45 6/8=4249.67 7/8=4602.79,4096,0.25,True,3969,4096
GAUDIUMIVF,143.78,96,False,107.8,False,3,C1:-17.6%/14b | C2:-4.0%/2b | C3:-7.5%/2b,False,True,False,2.79,True,122.74,17.14,2.7,1.0,extended past pivot,No VCP,n/a,80,69.18,2026-03-23,0.296,92.86,116.55,81.02,True,True,very strong (>2x1),149.84,156.02,168.76,137.85,132.04,90,10,False,8/8 (52w high),8,4/8=106.48 6/8=125.13 7/8=134.45,144,0.15,True,121,144
GCSL,525.7,215,True,146.6,True,3,C1:-2.4%/3b | C2:-7.5%/4b | C3:-6.9%/2b,False,False,False,1.56,True,501.0,4.93,1.04,0.89,BROKEN OUT (fresh),No VCP,n/a,179,222.1,2025-10-27,1.249,445.74,669.39,333.92,True,False,strong (>1x1),537.23,548.88,572.56,514.3,503.02,180,1,True,8/8 (52w high),8,4/8=370.57 6/8=449.29 7/8=488.64,529,0.63,True,484,529
INOXINDIA,1980.2,351,True,85.9,True,3,C1:-10.8%/5b | C2:-9.5%/5b | C3:-10.2%/3b,False,True,True,0.64,True,2026.8,-2.3,0.4,0.65,AT PIVOT (actionable),Moderate VCP,2026.8-2128.14,118,1068.2,2026-01-27,4.103,1552.37,2036.55,1310.29,True,False,strong (>1x1),2002.51,2024.95,2070.2,1958.01,1935.95,120,2,True,8/8 (52w high),8,4/8=1582.0 6/8=1840.5 7/8=1969.75,1936,2.23,False,1936,2025
WABAG,1991.1,352,True,92.7,True,3,C1:-10.3%/6b | C2:-6.2%/4b | C3:-9.0%/2b,False,True,False,1.02,False,2248.0,-11.43,1.33,0.28,forming / still basing,No VCP,n/a,118,1033.0,2026-01-27,4.843,1604.5,2176.01,1318.75,True,False,strong (>1x1),2013.47,2035.97,2081.34,1968.85,1946.73,120,2,True,7/8 (exhaustion),7,4/8=1643.25 6/8=1948.38 7/8=2100.94,2025,1.7,True,1936,2025
ANTELOPUS,820.8,352,True,129.9,True,3,C1:-13.0%/4b | C2:-17.5%/8b | C3:-3.7%/4b,False,False,True,0.83,False,889.95,-7.77,0.48,0.69,forming / still basing,No VCP,n/a,127,357.0,2026-01-13,2.288,647.61,938.23,502.31,True,False,strong (>1x1),835.19,849.7,879.1,806.54,792.4,144,17,False,7/8 (exhaustion),7,4/8=645.33 6/8=789.49 7/8=861.57,841,2.46,False,784,841
CONSOFINVT,279.01,350,True,83.6,True,3,C1:-15.5%/5b | C2:-5.0%/5b | C3:-4.2%/1b,True,True,False,2.36,True,232.79,19.85,2.35,0.75,extended past pivot,Moderate VCP,232.79-244.43,149,152.0,2025-12-09,0.536,231.82,311.64,191.91,True,False,strong (>1x1),287.42,295.96,313.42,270.72,262.56,180,31,True,8/8 (52w high),8,4/8=219.5 6/8=253.25 7/8=270.12,289,3.58,False,256,289
J&KBANK,182.69,352,True,87.7,True,3,C1:-7.9%/2b | C2:-9.0%/2b | C3:-7.6%/7b,False,False,False,1.54,False,201.75,-9.45,1.41,0.69,forming / still basing,No VCP,n/a,137,97.35,2025-12-30,0.414,154.11,210.86,125.73,True,False,strong (>1x1),189.51,196.46,210.72,175.99,169.42,144,7,False,7/8 (exhaustion),7,4/8=149.55 6/8=175.65 7/8=188.7,196,7.29,False,169,196
NITINSPIN,550.35,351,True,82.1,True,3,C1:-3.5%/3b | C2:-5.4%/2b | C3:-6.4%/5b,False,False,True,0.51,True,569.0,-3.28,0.33,0.81,AT PIVOT (actionable),Moderate VCP,569.0-597.45,121,302.2,2026-01-21,1.104,435.83,569.46,369.01,True,False,strong (>1x1),562.14,574.06,598.27,538.68,527.14,144,23,True,8/8 (52w high),8,4/8=441.35 6/8=510.93 7/8=545.71,529,3.88,False,529,576
SHREEJISPG,596.3,223,True,168.6,True,3,C1:-6.0%/3b | C2:-4.7%/6b | C3:-6.1%/2b,False,False,False,1.16,True,529.5,12.62,0.71,0.95,extended past pivot,No VCP,n/a,179,243.5,2025-10-29,1.487,509.66,775.81,376.58,True,False,strong (>1x1),608.57,620.97,646.14,584.15,572.13,180,1,True,8/8 (52w high),8,4/8=409.35 6/8=503.03 7/8=549.86,576,3.4,False,576,625
SENORES,1405.1,352,True,133.8,True,3,C1:-7.1%/6b | C2:-13.1%/5b | C3:-7.8%/5b,False,True,True,0.48,True,1360.0,3.32,0.48,0.18,BROKEN OUT (fresh),Moderate VCP,1360.0-1428.0,80,706.0,2026-03-23,3.606,994.48,1282.95,850.24,True,True,very strong (>2x1),1423.9,1442.83,1481.07,1386.42,1367.87,90,10,False,8/8 (52w high),8,4/8=1055.45 6/8=1282.63 7/8=1396.21,1369,2.57,False,1369,1444
TDPOWERSYS,1127.7,352,True,148.9,True,3,C1:-11.3%/4b | C2:-17.8%/5b | C3:-22.1%/11b,False,False,True,0.51,False,1374.0,-17.93,0.42,0.74,forming / still basing,No VCP,n/a,118,602.4,2026-01-27,3.677,1036.24,1470.07,819.32,True,False,strong (>1x1),1144.55,1161.53,1195.86,1110.97,1094.37,120,2,True,6/8 (75%),6,4/8=916.35 6/8=1147.97 7/8=1263.79,1156,2.51,False,1089,1156
SPECTRUM,1959.3,350,True,86.6,True,3,C1:-5.7%/7b | C2:-14.0%/7b | C3:-6.1%/6b,False,True,True,0.46,False,2066.6,-5.19,0.41,0.24,forming / still basing,No VCP,n/a,126,1050.0,2026-01-12,4.563,1625.0,2200.0,1337.5,True,False,strong (>1x1),1981.49,2003.81,2048.83,1937.23,1915.29,144,18,False,7/8 (exhaustion),7,4/8=1625.0 6/8=1912.5 7/8=2056.25,1936,1.19,True,1936,2025
QPOWER,1163.0,346,True,100.2,True,3,C1:-15.8%/7b | C2:-13.5%/9b | C3:-19.9%/13b,False,False,True,0.32,False,1237.0,-5.98,0.39,0.38,forming / still basing,No VCP,n/a,118,581.0,2026-01-27,3.413,983.7,1386.4,782.35,True,False,strong (>1x1),1180.11,1197.35,1232.21,1146.01,1129.15,120,2,True,6/8 (75%),6,4/8=1011.0 6/8=1226.0 7/8=1333.5,1156,0.6,True,1156,1225
BLUSPRING,111.33,275,True,153.1,True,3,C1:-15.6%/4b | C2:-7.5%/1b | C3:-21.6%/3b,False,False,True,0.48,False,131.82,-15.54,0.4,0.23,forming / still basing,No VCP,n/a,80,43.98,2026-03-23,0.349,71.87,99.75,57.92,True,True,very strong (>2x1),116.67,122.13,133.43,106.12,101.03,90,10,False,7/8 (exhaustion),7,4/8=87.9 6/8=109.86 7/8=120.84,121,8.69,False,100,121
544023,820.0,350,True,86.9,True,3,C1:-15.8%/5b | C2:-7.7%/3b | C3:-8.6%/6b,False,False,True,0.65,True,795.4,3.09,1.06,0.67,BROKEN OUT (fresh),Moderate VCP,795.4-835.17,129,438.65,2026-01-07,1.572,641.49,844.33,540.07,True,False,strong (>1x1),834.38,848.89,878.27,805.74,791.61,144,15,False,8/8 (52w high),8,4/8=636.78 6/8=735.84 7/8=785.37,841,2.56,False,784,841
PARKHOSPS,273.95,146,False,98.4,False,3,C1:-14.6%/6b | C2:-2.0%/3b | C3:-11.3%/6b,False,False,False,1.62,False,303.7,-9.8,4.99,0.15,forming / still basing,No VCP,n/a,144,138.1,2025-12-18,0.662,233.47,328.84,185.79,True,False,strong (>1x1),282.29,290.75,308.05,265.74,257.65,180,36,True,7/8 (exhaustion),7,4/8=221.55 6/8=263.28 7/8=284.14,289,5.49,False,256,289
UTLSOLAR,365.15,165,False,112.3,False,3,C1:-13.6%/5b | C2:-7.0%/5b | C3:-6.9%/3b,True,True,False,1.84,False,401.8,-9.12,0.58,0.73,forming / still basing,No VCP,n/a,92,172.0,2026-03-05,0.914,256.13,340.27,214.07,True,True,very strong (>2x1),374.77,384.51,404.37,355.66,346.29,120,28,True,7/8 (exhaustion),7,4/8=287.23 6/8=344.84 7/8=373.64,361,1.14,True,361,400
ARVIND,535.95,352,True,95.0,True,3,C1:-6.0%/5b | C2:-7.0%/3b | C3:-13.0%/6b,False,False,True,0.47,False,547.9,-2.18,0.2,0.64,AT PIVOT (actionable),No VCP,n/a,128,286.0,2026-01-12,1.29,451.18,616.36,368.59,True,False,strong (>1x1),547.59,559.35,583.25,524.44,513.05,144,16,False,7/8 (exhaustion),7,4/8=437.4 6/8=518.7 7/8=559.35,529,1.3,True,529,576
RPEL,1313.8,351,True,134.1,True,3,C1:-5.3%/1b | C2:-6.2%/4b | C3:-5.6%/1b,False,False,True,0.59,True,1329.9,-1.21,0.43,0.7,AT PIVOT (actionable),Moderate VCP,1329.9-1396.4,75,561.3,2026-03-30,3.216,802.52,1043.74,681.91,True,True,very strong (>2x1),1331.99,1350.3,1387.29,1295.74,1277.8,90,15,False,8/8 (52w high),8,4/8=966.55 6/8=1169.18 7/8=1270.49,1296,1.35,True,1296,1369
UNIVASTU,116.23,351,True,107.5,True,3,C1:-4.8%/1b | C2:-5.1%/1b | C3:-11.5%/3b,False,False,False,1.34,True,92.99,24.99,1.28,0.84,extended past pivot,No VCP,n/a,75,56.02,2026-03-30,0.243,74.24,92.47,65.13,True,True,very strong (>2x1),121.68,127.26,138.79,110.9,105.7,90,15,False,8/8 (52w high),8,4/8=86.64 6/8=101.94 7/8=109.6,121,4.1,False,100,121
NAHARSPING,276.75,351,True,85.5,True,3,C1:-12.9%/7b | C2:-5.1%/1b | C3:-4.4%/2b,True,False,False,1.31,True,270.0,2.5,0.6,0.4,BROKEN OUT (fresh),Moderate VCP,270.0-283.5,117,149.2,2026-01-27,0.566,215.4,281.61,182.3,True,False,strong (>1x1),285.13,293.64,311.02,268.49,260.36,120,3,True,8/8 (52w high),8,4/8=220.5 6/8=256.14 7/8=273.97,289,4.43,False,256,289
FCL,38.75,352,True,102.9,True,3,C1:-14.4%/4b | C2:-17.2%/6b | C3:-6.9%/3b,False,False,True,0.46,False,37.75,2.65,0.5,0.86,BROKEN OUT (fresh),No VCP,n/a,76,19.1,2026-03-30,0.111,27.57,36.04,23.33,True,True,very strong (>2x1),41.92,45.22,52.2,35.7,32.78,90,14,False,6/8 (75%),6,4/8=33.14 6/8=40.16 7/8=43.67,36,7.1,False,36,49
COCKERILL,8959.0,63,False,78.6,False,3,C1:-6.1%/3b | C2:-20.1%/10b | C3:-10.9%/5b,False,False,True,0.34,False,10070.0,-11.03,0.25,0.14,forming / still basing,No VCP,n/a,60,5015.25,2026-04-24,23.239,6409.6,7803.94,5712.42,True,True,very strong (>2x1),9006.39,9053.9,9149.3,8911.74,8864.6,90,30,True,6/8 (75%),6,4/8=7943.38 6/8=9407.44 7/8=10139.47,9025,0.74,True,8836,9025
RAMCOSYS,789.05,352,True,130.6,True,3,C1:-13.9%/5b | C2:-10.3%/3b | C3:-17.6%/3b,False,True,True,0.63,False,886.15,-10.96,0.35,0.19,forming / still basing,No VCP,n/a,76,342.1,2026-03-30,2.482,530.71,719.33,436.41,True,True,very strong (>2x1),803.16,817.39,846.23,775.07,761.21,90,14,False,6/8 (75%),6,4/8=654.8 6/8=811.15 7/8=889.33,784,0.64,True,784,841
DIACABS,222.38,352,True,92.4,True,3,C1:-13.9%/4b | C2:-8.1%/4b | C3:-4.9%/2b,True,True,True,0.53,False,251.8,-11.68,0.9,0.43,forming / still basing,No VCP,n/a,114,115.57,2026-02-02,0.541,177.2,238.83,146.38,True,False,strong (>1x1),229.9,237.54,253.2,214.99,207.72,120,6,False,7/8 (exhaustion),7,4/8=183.69 6/8=217.74 7/8=234.77,225,1.18,True,196,225
GANECOS,1203.15,352,True,84.1,True,3,C1:-12.6%/3b | C2:-5.0%/6b | C3:-7.7%/5b,False,False,False,0.92,False,1145.65,5.02,0.87,0.72,BROKEN OUT (fresh),No VCP,n/a,115,653.55,2026-01-30,3.68,1076.79,1500.03,865.17,True,False,strong (>1x1),1220.56,1238.09,1273.52,1185.87,1168.71,120,5,True,5/8,5,4/8=1117.27 6/8=1349.14 7/8=1465.07,1225,1.82,True,1156,1225
540492,10.64,350,True,460.0,True,3,C1:-13.2%/6b | C2:-8.5%/7b | C3:-10.6%/5b,False,False,True,0.44,False,11.25,-5.42,0.56,0.63,forming / still basing,No VCP,n/a,172,1.9,2025-11-06,0.05,10.49,19.09,6.2,True,False,strong (>1x1),12.33,14.15,18.16,9.07,7.63,180,8,False,6/8 (75%),6,4/8=8.19 6/8=11.34 7/8=12.92,9,15.41,False,9,16
APOLLO,397.8,352,True,145.0,True,3,C1:-14.6%/7b | C2:-14.1%/6b | C3:-16.2%/3b,False,True,True,0.25,False,418.2,-4.88,0.17,0.72,AT PIVOT (actionable),No VCP,n/a,76,179.5,2026-03-30,1.207,271.23,362.96,225.37,True,True,very strong (>2x1),407.83,417.99,438.69,387.89,378.11,90,14,False,7/8 (exhaustion),7,4/8=314.42 6/8=390.46 7/8=428.48,400,0.55,True,361,400
HESTERBIO,2447.8,351,True,97.5,True,3,C1:-4.5%/2b | C2:-6.0%/4b | C3:-6.8%/1b,False,False,False,5.49,True,2545.0,-3.82,0.51,0.53,AT PIVOT (actionable),No VCP,n/a,76,1239.3,2026-03-30,5.638,1667.77,2096.23,1453.53,True,True,very strong (>2x1),2472.6,2497.53,2547.75,2423.12,2398.57,90,14,False,7/8 (exhaustion),7,4/8=1949.65 6/8=2304.83 7/8=2482.41,2401,1.91,True,2401,2500
NEOGEN,2175.6,352,True,125.1,True,3,C1:-14.0%/2b | C2:-4.5%/1b | C3:-6.2%/6b,False,False,False,1.54,False,2047.8,6.24,1.49,0.14,BROKEN OUT (fresh),No VCP,n/a,150,966.7,2025-12-10,5.585,1804.38,2642.06,1385.54,True,False,strong (>1x1),2198.98,2222.49,2269.89,2152.34,2129.21,180,30,False,7/8 (exhaustion),7,4/8=1670.35 6/8=2022.18 7/8=2198.09,2209,1.54,True,2116,2209
MBAPL,136.2,352,True,82.5,True,3,C1:-4.4%/3b | C2:-13.5%/2b | C3:-9.0%/1b,False,True,False,1.71,True,134.5,1.26,1.14,0.84,BROKEN OUT (fresh),No VCP,n/a,151,76.56,2025-12-09,0.247,113.9,151.25,95.23,True,False,strong (>1x1),142.1,148.12,160.54,130.43,124.78,180,29,False,8/8 (52w high),8,4/8=105.79 6/8=121.37 7/8=129.16,144,5.73,False,121,144
SATIN,255.07,351,True,91.8,True,3,C1:-11.3%/2b | C2:-5.9%/1b | C3:-7.9%/1b,False,True,True,0.58,True,270.89,-5.84,0.27,0.27,forming / still basing,Moderate VCP,270.89-284.43,150,135.81,2025-12-09,0.547,217.88,299.95,176.85,True,False,strong (>1x1),263.12,271.29,288.01,247.15,239.35,180,30,False,8/8 (52w high),8,4/8=201.95 6/8=236.42 7/8=253.66,256,0.36,True,225,256
SBCL,737.35,351,True,100.0,True,3,C1:-11.1%/3b | C2:-6.8%/4b | C3:-13.9%/3b,False,False,True,0.55,False,750.0,-1.69,0.6,0.91,AT PIVOT (actionable),No VCP,n/a,76,368.6,2026-03-30,1.767,502.93,637.25,435.76,True,True,very strong (>2x1),750.99,764.75,792.66,723.84,710.45,90,14,False,7/8 (exhaustion),7,4/8=591.3 6/8=702.65 7/8=758.33,729,1.13,True,729,784
HONASA,466.95,351,True,88.0,True,3,C1:-5.5%/5b | C2:-3.5%/3b | C3:-9.1%/3b,False,True,True,0.24,True,491.35,-4.97,0.17,0.51,AT PIVOT (actionable),Moderate VCP,491.35-515.92,148,248.4,2025-12-11,0.964,391.08,533.77,319.74,True,False,strong (>1x1),477.82,488.81,511.17,456.21,445.59,180,32,True,8/8 (52w high),8,4/8=369.88 6/8=430.61 7/8=460.98,484,3.65,False,441,484
AEQUS,228.38,151,False,101.6,False,3,C1:-10.5%/2b | C2:-5.4%/3b | C3:-5.4%/3b,False,False,True,0.5,False,274.39,-16.77,0.4,0.17,forming / still basing,No VCP,n/a,85,113.3,2026-03-16,0.639,167.64,221.97,140.47,True,True,very strong (>2x1),236.0,243.74,259.6,220.89,213.52,90,5,True,6/8 (75%),6,4/8=193.85 6/8=234.12 7/8=254.25,225,1.48,True,225,256
IZMO,1124.0,351,True,221.1,True,3,C1:-11.4%/2b | C2:-7.5%/5b | C3:-13.1%/5b,False,False,False,1.64,False,1049.0,7.15,1.77,0.19,BROKEN OUT (fresh),No VCP,n/a,113,569.35,2026-02-02,4.066,1028.82,1488.28,799.08,True,False,strong (>1x1),1140.83,1157.78,1192.05,1107.3,1090.72,120,7,False,7/8 (exhaustion),7,4/8=862.37 6/8=1118.54 7/8=1246.62,1156,2.85,False,1089,1156
KERNEX,2039.3,352,True,139.9,True,3,C1:-16.7%/2b | C2:-9.5%/4b | C3:-18.7%/2b,False,False,True,0.48,False,2242.0,-9.04,0.54,0.28,forming / still basing,No VCP,n/a,76,850.0,2026-03-30,6.329,1331.03,1812.06,1090.52,True,True,very strong (>2x1),2061.94,2084.71,2130.62,2016.78,1994.39,90,14,False,6/8 (75%),6,4/8=1647.5 6/8=2046.25 7/8=2245.62,2025,0.7,True,2025,2116
THANGAMAYL,6436.0,352,True,267.8,True,3,C1:-7.7%/5b | C2:-5.9%/4b | C3:-10.8%/3b,False,True,True,0.8,False,6949.0,-7.38,0.76,0.82,forming / still basing,No VCP,n/a,178,2018.1,2025-10-30,21.488,5842.91,9667.72,3930.51,True,False,strong (>1x1),6476.17,6516.47,6597.45,6395.95,6356.03,180,2,True,7/8 (exhaustion),7,4/8=4457.55 6/8=5811.27 7/8=6488.14,6400,0.56,True,6400,6561
ADANIGREEN,1513.9,352,True,97.9,True,3,C1:-6.1%/2b | C2:-4.6%/6b | C3:-5.5%/4b,False,False,False,1.0,True,1631.5,-7.21,1.43,0.13,forming / still basing,No VCP,n/a,119,765.0,2026-01-23,3.438,1174.18,1583.36,969.59,True,False,strong (>1x1),1533.42,1553.06,1592.72,1494.51,1475.24,120,1,True,7/8 (exhaustion),7,4/8=1198.25 6/8=1414.88 7/8=1523.19,1521,0.47,True,1444,1521
WANBURY,332.2,351,True,105.7,True,3,C1:-20.4%/6b | C2:-8.8%/4b | C3:-10.0%/5b,False,False,False,6.62,True,299.0,11.1,1.34,0.41,extended past pivot,No VCP,n/a,117,161.5,2026-01-27,0.783,253.13,344.75,207.31,True,False,strong (>1x1),341.38,350.68,369.65,323.15,314.22,120,3,True,7/8 (exhaustion),7,4/8=260.18 6/8=309.51 7/8=334.18,324,2.47,False,324,361
NRBBEARING,407.4,351,True,91.7,True,3,C1:-9.4%/6b | C2:-7.8%/7b | C3:-10.8%/4b,False,False,True,0.25,False,467.6,-12.87,0.43,0.31,forming / still basing,No VCP,n/a,75,212.55,2026-03-30,1.012,288.46,364.37,250.5,True,True,very strong (>2x1),417.55,427.83,448.77,397.37,387.47,90,15,False,7/8 (exhaustion),7,4/8=340.08 6/8=403.84 7/8=435.72,400,1.82,True,400,441
GVT&D,4387.4,352,True,92.0,True,3,C1:-10.1%/1b | C2:-8.5%/5b | C3:-23.3%/10b,False,False,True,0.78,False,5632.0,-22.1,0.81,0.18,forming / still basing,No VCP,n/a,121,2523.2,2026-01-21,13.353,4138.93,5754.67,3331.07,True,False,strong (>1x1),4420.58,4453.89,4520.87,4354.34,4321.41,144,23,True,5/8,5,4/8=3967.5 6/8=4808.75 7/8=5229.38,4356,0.72,True,4356,4489
543920,917.6,350,True,106.2,True,3,C1:-7.3%/3b | C2:-6.1%/2b | C3:-10.9%/6b,False,False,False,2.12,True,914.45,0.34,4.14,0.89,BROKEN OUT (fresh),No VCP,n/a,143,445.0,2025-12-17,1.88,713.81,982.61,579.4,True,False,strong (>1x1),932.81,948.14,979.18,902.52,887.56,144,1,True,8/8 (52w high),8,4/8=681.85 6/8=800.28 7/8=859.49,900,1.92,True,900,961
SGFIN,631.15,237,True,95.4,True,3,C1:-6.0%/3b | C2:-5.7%/2b | C3:-15.7%/6b,False,False,False,4.69,False,692.95,-8.92,0.63,0.33,forming / still basing,No VCP,n/a,114,323.0,2026-02-02,1.503,494.38,665.77,408.69,True,False,strong (>1x1),643.77,656.52,682.4,618.65,606.28,120,6,False,7/8 (exhaustion),7,4/8=512.42 6/8=607.14 7/8=654.49,625,0.97,True,625,676
EMMVEE,345.05,167,False,101.2,False,3,C1:-6.4%/6b | C2:-4.2%/3b | C3:-11.1%/3b,False,True,False,1.74,True,368.0,-6.24,1.43,0.11,forming / still basing,No VCP,n/a,144,171.51,2025-12-18,0.794,285.82,400.13,228.66,True,False,strong (>1x1),354.4,363.88,383.2,335.82,326.72,180,36,True,7/8 (exhaustion),7,4/8=271.53 6/8=321.54 7/8=346.54,361,4.62,False,324,361
BHEL,422.0,352,True,105.7,True,3,C1:-7.5%/2b | C2:-6.1%/2b | C3:-10.7%/5b,False,False,False,2.03,True,420.0,0.48,3.25,0.06,BROKEN OUT (fresh),No VCP,n/a,179,237.0,2025-10-29,0.958,408.46,579.91,322.73,True,False,strong (>1x1),432.33,442.79,464.09,411.79,401.71,180,1,True,8/8 (52w high),8,4/8=325.81 6/8=386.15 7/8=416.33,441,4.5,False,400,441
524520,134.65,350,True,115.4,True,3,C1:-6.5%/6b | C2:-12.3%/5b | C3:-10.5%/3b,False,True,True,0.38,True,145.9,-7.71,0.49,0.4,forming / still basing,Moderate VCP,145.9-153.19,178,68.26,2025-10-28,0.331,127.17,186.08,97.71,True,False,strong (>1x1),140.51,146.5,158.86,128.91,123.3,180,2,True,7/8 (exhaustion),7,4/8=104.2 6/8=125.05 7/8=135.47,144,6.94,False,121,144
JINDALPOLY,659.05,352,True,80.6,True,3,C1:-9.9%/9b | C2:-12.3%/10b | C3:-17.0%/7b,False,False,False,0.89,False,718.3,-8.25,0.38,0.18,forming / still basing,No VCP,n/a,121,365.0,2026-01-21,2.625,682.6,1000.2,523.8,False,False,moderate (>1x2),671.95,684.97,711.39,646.28,633.63,144,23,True,4/8 (50%),4,4/8=695.72 6/8=861.09 7/8=943.77,676,2.57,False,625,676
UNIVCABLES,1166.7,352,True,102.6,True,3,C1:-12.7%/5b | C2:-13.7%/3b | C3:-14.8%/6b,False,False,True,0.36,False,1223.8,-4.67,0.16,0.26,AT PIVOT (actionable),No VCP,n/a,85,576.0,2026-03-16,3.234,850.9,1125.8,713.45,True,True,very strong (>2x1),1183.84,1201.11,1236.01,1149.68,1132.79,90,5,True,6/8 (75%),6,4/8=983.5 6/8=1187.25 7/8=1289.12,1156,0.92,True,1156,1225
MOREPENLAB,58.9,352,True,78.2,True,3,C1:-14.1%/5b | C2:-9.1%/4b | C3:-7.9%/5b,True,False,False,0.85,False,63.68,-7.51,0.68,0.37,forming / still basing,No VCP,n/a,76,33.05,2026-03-30,0.127,42.72,52.39,37.89,True,True,very strong (>2x1),62.8,66.82,75.25,55.13,51.48,90,14,False,7/8 (exhaustion),7,4/8=49.09 6/8=57.1 7/8=61.11,64,8.66,False,49,64
KABRAEXTRU,330.7,351,True,83.7,True,3,C1:-9.5%/4b | C2:-9.5%/5b | C3:-6.4%/2b,False,False,False,3.48,True,249.98,32.29,2.29,0.41,extended past pivot,No VCP,n/a,121,180.0,2026-01-20,0.649,258.58,337.16,219.29,True,False,strong (>1x1),339.86,349.14,368.07,321.67,312.76,144,23,True,8/8 (52w high),8,4/8=261.82 6/8=302.74 7/8=323.19,324,2.03,False,324,361
AVADHSUGAR,533.9,351,True,74.4,True,3,C1:-6.1%/4b | C2:-3.5%/3b | C3:-7.9%/2b,False,True,False,1.26,True,545.9,-2.2,1.17,0.24,AT PIVOT (actionable),No VCP,n/a,120,306.05,2026-01-21,0.968,422.22,538.38,364.13,True,False,strong (>1x1),545.52,557.26,581.11,522.41,511.04,144,24,True,8/8 (52w high),8,4/8=428.02 6/8=489.01 7/8=519.51,529,0.92,True,529,576
GNA,567.05,352,True,94.3,True,3,C1:-5.2%/3b | C2:-10.3%/2b | C3:-5.3%/2b,False,True,False,3.88,True,475.45,19.27,5.1,0.57,extended past pivot,No VCP,n/a,137,295.0,2025-12-30,1.23,463.45,631.9,379.23,True,False,strong (>1x1),579.02,591.11,615.68,555.21,543.49,144,7,False,8/8 (52w high),8,4/8=446.73 6/8=524.19 7/8=562.92,576,1.58,True,529,576
PRECWIRE,361.65,352,True,114.6,True,3,C1:-6.0%/2b | C2:-11.1%/3b | C3:-9.2%/3b,False,False,True,0.31,False,391.5,-7.62,0.43,0.23,forming / still basing,No VCP,n/a,122,210.01,2026-01-20,1.186,354.76,499.51,282.38,True,False,strong (>1x1),371.22,380.92,400.68,352.2,342.88,144,22,True,6/8 (75%),6,4/8=318.0 6/8=392.75 7/8=430.13,361,0.18,True,361,400
STYL,399.95,199,False,91.3,False,3,C1:-9.6%/1b | C2:-5.9%/3b | C3:-7.6%/6b,False,False,False,1.52,False,279.5,43.09,1.01,0.95,extended past pivot,No VCP,n/a,76,209.11,2026-03-30,0.906,277.97,346.84,243.54,True,True,very strong (>2x1),410.01,420.2,440.95,390.01,380.2,90,14,False,7/8 (exhaustion),7,4/8=323.28 6/8=380.37 7/8=408.91,400,0.01,True,361,400
CENTUM,3711.4,350,True,81.6,True,3,C1:-6.1%/2b | C2:-6.6%/3b | C3:-12.0%/6b,False,False,True,0.55,True,3809.0,-2.56,0.55,0.72,AT PIVOT (actionable),Moderate VCP,3809.0-3999.45,126,2044.2,2026-01-12,7.428,2980.1,3916.0,2512.15,True,False,strong (>1x1),3741.92,3772.57,3834.24,3681.0,3650.73,144,18,False,8/8 (52w high),8,4/8=2980.1 6/8=3448.05 7/8=3682.02,3721,0.26,True,3600,3721
SOTL,580.25,352,True,103.0,True,3,C1:-4.8%/3b | C2:-19.9%/8b | C3:-7.2%/2b,False,False,True,0.35,False,620.45,-6.48,0.22,0.77,forming / still basing,No VCP,n/a,76,285.8,2026-03-30,1.402,392.37,498.93,339.08,True,True,very strong (>2x1),592.36,604.59,629.43,568.27,556.41,90,14,False,7/8 (exhaustion),7,4/8=462.48 6/8=550.81 7/8=594.98,576,0.73,True,576,625
KPL,2702.0,62,False,73.1,False,3,C1:-5.8%/2b | C2:-12.4%/6b | C3:-13.0%/5b,False,False,True,0.51,True,2890.3,-6.51,0.5,0.07,forming / still basing,No VCP,n/a,60,1561.0,2026-04-21,5.275,1877.5,2194.0,1719.25,True,True,very strong (>2x1),2728.05,2754.23,2806.96,2676.07,2650.27,90,30,True,7/8 (exhaustion),7,4/8=2225.65 6/8=2557.98 7/8=2724.14,2704,0.07,True,2601,2704
531911,69.9,351,True,91.2,True,3,C1:-6.6%/3b | C2:-12.0%/6b | C3:-7.2%/1b,False,False,True,0.71,True,68.99,1.32,0.18,0.0,BROKEN OUT (fresh),Moderate VCP,68.99-72.44,118,36.56,2026-01-23,0.141,53.15,69.75,44.86,True,True,very strong (>2x1),74.14,78.51,87.62,65.78,61.79,120,2,True,8/8 (52w high),8,4/8=54.28 6/8=63.14 7/8=67.57,64,8.44,False,64,81
TEJASNET,538.9,352,True,83.3,True,3,C1:-23.2%/7b | C2:-16.2%/3b | C3:-18.2%/13b,False,False,True,0.32,False,571.0,-5.62,0.14,0.42,forming / still basing,No VCP,n/a,118,294.0,2026-01-27,1.484,469.13,644.25,381.56,True,False,strong (>1x1),550.57,562.36,586.33,527.36,515.94,120,2,True,6/8 (75%),6,4/8=481.0 6/8=574.5 7/8=621.25,529,1.84,True,529,576
INDNIPPON,1213.4,351,True,79.8,True,3,C1:-9.9%/5b | C2:-7.1%/5b | C3:-4.5%/2b,True,True,False,1.02,True,1245.5,-2.58,1.2,0.37,AT PIVOT (actionable),Moderate VCP,1245.5-1307.78,75,675.0,2026-03-30,2.264,844.79,1014.58,759.9,True,True,very strong (>2x1),1230.88,1248.48,1284.07,1196.05,1178.82,90,15,False,8/8 (52w high),8,4/8=960.25 6/8=1102.88 7/8=1174.19,1225,0.96,True,1156,1225
FILATEX,71.57,351,True,97.4,True,3,C1:-8.9%/3b | C2:-10.3%/3b | C3:-7.9%/5b,False,False,False,5.03,True,55.8,28.26,1.99,0.47,extended past pivot,No VCP,n/a,75,36.26,2026-03-30,0.157,48.03,59.8,42.14,True,True,very strong (>2x1),75.86,80.28,89.49,67.4,63.36,90,15,False,8/8 (52w high),8,4/8=56.03 6/8=65.92 7/8=70.86,64,10.58,False,64,81
GALAPREC,1182.0,351,True,76.1,True,3,C1:-9.4%/5b | C2:-11.8%/5b | C3:-10.7%/2b,False,True,True,0.53,True,1260.0,-6.19,0.5,0.41,forming / still basing,Moderate VCP,1260.0-1323.0,94,671.2,2026-03-02,2.337,890.83,1110.46,781.02,True,True,very strong (>2x1),1199.25,1216.63,1251.76,1164.87,1147.87,120,26,True,7/8 (exhaustion),7,4/8=965.6 6/8=1112.8 7/8=1186.4,1156,2.2,False,1156,1225
CMPDI,254.91,77,False,69.8,False,3,C1:-10.7%/2b | C2:-9.8%/3b | C3:-10.0%/3b,False,False,True,0.62,False,272.98,-6.62,0.36,0.25,forming / still basing,No VCP,n/a,72,150.16,2026-04-07,0.53,188.31,226.46,169.24,True,True,very strong (>2x1),262.96,271.13,287.84,246.99,239.19,90,18,False,7/8 (exhaustion),7,4/8=216.93 6/8=250.31 7/8=267.0,256,0.43,True,225,256
BBOX,825.5,352,True,89.7,True,3,C1:-4.5%/1b | C2:-12.5%/3b | C3:-16.7%/7b,False,False,True,0.3,False,999.75,-17.43,0.27,0.09,forming / still basing,No VCP,n/a,76,444.3,2026-03-30,2.651,645.75,847.19,545.02,True,False,strong (>1x1),839.93,854.48,883.96,811.2,797.02,90,14,False,5/8,5,4/8=769.02 6/8=936.01 7/8=1019.51,841,1.88,True,784,841
ELPROINTL,174.63,62,False,71.2,False,3,C1:-9.3%/3b | C2:-2.4%/1b | C3:-3.0%/4b,False,False,True,0.32,True,173.0,0.94,0.26,0.68,BROKEN OUT (fresh),No VCP,n/a,61,102.0,2026-04-22,0.3,120.28,138.55,111.14,True,True,very strong (>2x1),181.3,188.09,202.06,168.09,161.67,90,29,True,8/8 (52w high),8,4/8=139.75 6/8=158.62 7/8=168.06,169,3.22,False,169,196
AMANTA,168.0,211,True,82.6,True,3,C1:-15.1%/5b | C2:-10.6%/3b | C3:-6.4%/6b,True,False,True,0.13,False,188.79,-11.01,0.45,0.91,forming / still basing,No VCP,n/a,85,92.0,2026-03-16,0.385,124.72,157.44,108.36,True,True,very strong (>2x1),174.54,181.21,194.92,161.58,155.29,90,5,True,7/8 (exhaustion),7,4/8=140.5 6/8=164.75 7/8=176.88,169,0.6,True,144,169
ADFFOODS,299.1,352,True,95.4,True,3,C1:-9.8%/5b | C2:-10.3%/6b | C3:-7.0%/3b,False,False,True,0.33,False,323.5,-7.54,0.23,0.68,forming / still basing,No VCP,n/a,77,153.1,2026-03-27,0.769,212.33,271.56,182.72,True,True,very strong (>2x1),307.81,316.64,334.69,290.52,282.06,90,13,False,7/8 (exhaustion),7,4/8=250.03 6/8=298.49 7/8=322.72,289,3.38,False,289,324
540786,20.89,350,True,152.9,True,3,C1:-11.3%/4b | C2:-8.7%/6b | C3:-21.7%/10b,False,False,True,0.75,True,22.01,-5.09,2.19,0.05,forming / still basing,Moderate VCP,22.01-23.11,75,8.26,2026-03-30,0.057,12.55,16.85,10.41,True,True,very strong (>2x1),23.24,25.71,31.03,18.67,16.57,90,15,False,8/8 (52w high),8,4/8=15.48 6/8=19.08 7/8=20.89,25,19.67,False,16,25
AYMSYNTEX,244.91,351,True,73.0,True,3,C1:-7.0%/5b | C2:-6.0%/9b | C3:-19.5%/6b,False,False,False,1.25,False,281.22,-12.91,0.81,0.73,forming / still basing,No VCP,n/a,121,141.53,2026-01-20,0.554,208.6,275.68,175.07,True,False,strong (>1x1),252.8,260.81,277.21,237.15,229.51,144,23,True,6/8 (75%),6,4/8=211.38 6/8=246.3 7/8=263.76,256,4.53,False,225,256
SCPL,490.15,350,True,157.9,True,3,C1:-6.1%/5b | C2:-11.2%/2b | C3:-19.7%/3b,False,False,False,0.95,False,516.75,-5.15,1.96,0.64,forming / still basing,No VCP,n/a,149,190.03,2025-12-09,1.606,429.39,668.75,309.71,True,False,strong (>1x1),501.28,512.54,535.43,479.14,468.26,180,31,True,6/8 (75%),6,4/8=392.44 6/8=493.64 7/8=544.25,484,1.25,True,484,529
MANINDS,529.55,352,True,75.3,True,3,C1:-20.0%/8b | C2:-6.3%/3b | C3:-10.6%/4b,False,False,True,0.22,False,587.45,-9.86,0.24,0.1,forming / still basing,No VCP,n/a,114,302.05,2026-02-02,1.276,447.56,593.07,374.8,True,False,strong (>1x1),541.12,552.81,576.57,518.11,506.79,120,6,False,6/8 (75%),6,4/8=462.88 6/8=543.29 7/8=583.49,529,0.1,True,529,576
VENUSPIPES,1708.8,351,True,92.0,True,3,C1:-10.0%/3b | C2:-10.0%/5b | C3:-8.8%/1b,False,False,True,0.71,False,1875.0,-8.86,1.3,0.07,forming / still basing,No VCP,n/a,75,890.0,2026-03-30,3.909,1183.15,1476.31,1036.58,True,True,very strong (>2x1),1729.53,1750.39,1792.48,1688.19,1667.71,90,15,False,7/8 (exhaustion),7,4/8=1382.5 6/8=1628.75 7/8=1751.88,1681,1.63,True,1681,1764
TALBROAUTO,405.1,352,True,84.2,True,3,C1:-10.2%/7b | C2:-9.2%/3b | C3:-9.0%/3b,True,True,True,0.35,True,435.0,-6.87,0.35,0.78,forming / still basing,Strong VCP,435.0-456.75,79,219.9,2026-03-24,0.854,287.33,354.76,253.62,True,True,very strong (>2x1),415.23,425.48,446.35,395.1,385.22,90,11,False,7/8 (exhaustion),7,4/8=327.45 6/8=381.22 7/8=408.11,400,1.26,True,400,441
RRKABEL,2293.3,352,True,96.8,True,3,C1:-7.1%/3b | C2:-7.9%/4b | C3:-15.1%/7b,False,False,True,0.83,False,2549.0,-10.03,0.63,0.15,forming / still basing,No VCP,n/a,74,1281.3,2026-04-02,5.492,1687.71,2094.13,1484.51,True,True,very strong (>2x1),2317.31,2341.44,2390.08,2269.42,2245.66,90,16,False,7/8 (exhaustion),7,4/8=1857.0 6/8=2203.0 7/8=2376.0,2304,0.47,True,2209,2304
SIGNPOST,326.9,350,True,70.8,True,3,C1:-17.1%/10b | C2:-14.2%/5b | C3:-9.1%/3b,True,True,True,0.25,True,316.85,3.17,0.29,0.75,BROKEN OUT (fresh),Strong VCP,316.85-332.69,120,191.41,2026-01-21,0.577,260.64,329.88,226.03,True,False,strong (>1x1),336.0,345.23,364.06,317.92,309.07,144,24,True,8/8 (52w high),8,4/8=264.1 6/8=300.45 7/8=318.63,324,0.89,True,324,361
DECNGOLD,192.75,62,False,67.9,False,3,C1:-9.6%/3b | C2:-15.6%/6b | C3:-22.9%/7b,False,False,True,0.44,False,212.9,-9.46,0.31,0.12,forming / still basing,No VCP,n/a,59,114.8,2026-04-22,0.477,142.94,171.08,128.87,True,True,very strong (>2x1),199.75,206.88,221.52,185.87,179.12,60,1,True,6/8 (75%),6,4/8=174.9 6/8=204.95 7/8=219.98,196,1.69,True,169,196
SPAL,992.2,351,True,65.4,True,3,C1:-7.6%/6b | C2:-11.0%/3b | C3:-8.7%/4b,False,False,True,0.44,False,1221.9,-18.8,0.48,0.16,forming / still basing,No VCP,n/a,121,600.0,2026-01-20,2.468,898.61,1197.22,749.31,True,False,strong (>1x1),1008.01,1023.95,1056.2,976.51,960.95,144,23,True,6/8 (75%),6,4/8=910.95 6/8=1066.43 7/8=1144.16,961,3.14,False,961,1024
VADILALIND,6716.0,350,True,68.1,True,3,C1:-13.8%/8b | C2:-6.6%/5b | C3:-5.0%/1b,True,True,False,0.89,True,6874.0,-2.3,0.41,0.6,AT PIVOT (actionable),Moderate VCP,6874.0-7217.7,117,3996.0,2026-01-27,11.909,5389.32,6782.64,4692.66,True,False,strong (>1x1),6757.04,6798.2,6880.9,6675.09,6634.3,120,3,True,8/8 (52w high),8,4/8=5496.5 6/8=6246.75 7/8=6621.88,6724,0.12,True,6561,6724
MENONBE,199.67,351,True,96.7,True,3,C1:-13.5%/12b | C2:-10.8%/7b | C3:-7.6%/3b,True,True,True,0.45,True,170.0,17.45,0.82,1.0,extended past pivot,Strong VCP,170.0-178.5,143,101.5,2025-12-18,0.39,157.21,212.92,129.35,True,False,strong (>1x1),206.8,214.05,228.93,192.67,185.79,144,1,True,8/8 (52w high),8,4/8=150.58 6/8=175.13 7/8=187.4,196,1.84,True,196,225
UNIPARTS,676.0,351,True,101.8,True,3,C1:-5.6%/3b | C2:-7.0%/3b | C3:-5.3%/6b,False,False,True,0.72,True,710.85,-4.9,0.46,0.15,AT PIVOT (actionable),Moderate VCP,710.85-746.39,121,399.8,2026-01-21,1.538,585.96,772.12,492.88,True,False,strong (>1x1),689.06,702.25,729.0,663.06,650.25,144,23,True,8/8 (52w high),8,4/8=528.85 6/8=625.78 7/8=674.24,676,0.0,True,676,676
GHCLTEXTIL,113.7,351,True,74.2,True,3,C1:-10.9%/6b | C2:-5.9%/1b | C3:-8.0%/1b,False,True,False,1.21,True,113.0,0.62,0.74,0.53,BROKEN OUT (fresh),No VCP,n/a,76,65.26,2026-03-30,0.203,80.71,96.17,72.99,True,True,very strong (>2x1),119.09,124.61,136.03,108.43,103.29,90,14,False,8/8 (52w high),8,4/8=90.88 6/8=103.69 7/8=110.1,121,6.42,False,100,121
LLOYDSME,1865.4,352,True,78.9,True,3,C1:-2.9%/2b | C2:-6.0%/2b | C3:-7.2%/4b,False,False,False,1.12,True,1842.0,1.27,1.38,0.86,BROKEN OUT (fresh),No VCP,n/a,114,1042.9,2026-02-02,3.356,1425.48,1808.06,1234.19,True,True,very strong (>2x1),1887.06,1908.84,1952.78,1843.87,1822.46,120,6,False,8/8 (52w high),8,4/8=1465.75 6/8=1677.17 7/8=1782.89,1849,0.88,True,1849,1936
MAYURUNIQ,785.25,350,True,66.6,True,3,C1:-6.9%/2b | C2:-11.0%/8b | C3:-6.3%/5b,False,False,True,0.28,False,860.05,-8.7,0.66,0.41,forming / still basing,No VCP,n/a,126,471.2,2026-01-12,1.729,689.1,907.0,580.15,True,False,strong (>1x1),799.32,813.52,842.29,771.3,757.48,144,18,False,6/8 (75%),6,4/8=689.1 6/8=798.05 7/8=852.53,784,0.16,True,784,841
SUDEEPPHRM,862.75,159,False,64.6,False,3,C1:-11.5%/8b | C2:-7.6%/1b | C3:-10.6%/3b,False,False,True,0.56,True,887.0,-2.73,0.54,0.15,AT PIVOT (actionable),No VCP,n/a,121,524.05,2026-01-21,1.472,702.14,880.23,613.1,True,False,strong (>1x1),877.5,892.37,922.5,848.13,833.63,144,23,True,8/8 (52w high),8,4/8=709.5 6/8=802.23 7/8=848.59,841,2.52,False,841,900
ROSSTECH,990.9,352,True,117.3,True,3,C1:-12.1%/7b | C2:-16.6%/5b | C3:-6.6%/4b,False,True,True,0.65,False,1049.3,-5.57,0.44,0.29,forming / still basing,No VCP,n/a,128,551.9,2026-01-12,2.642,890.13,1228.37,721.02,True,False,strong (>1x1),1006.7,1022.63,1054.86,975.22,959.67,144,16,False,7/8 (exhaustion),7,4/8=789.05 6/8=955.53 7/8=1038.76,961,3.02,False,961,1024
ICIL,389.3,352,True,79.5,True,3,C1:-11.5%/4b | C2:-8.3%/3b | C3:-7.9%/4b,True,False,True,0.44,False,442.0,-11.92,0.23,0.43,forming / still basing,No VCP,n/a,80,216.9,2026-03-23,0.98,295.28,373.66,256.09,True,True,very strong (>2x1),399.23,409.28,429.76,379.5,369.82,90,10,False,6/8 (75%),6,4/8=340.35 6/8=402.07 7/8=432.94,400,2.75,False,361,400
AZAD,2329.7,352,True,71.3,True,3,C1:-8.6%/4b | C2:-8.3%/2b | C3:-12.2%/8b,False,False,False,1.02,True,2520.0,-7.55,0.5,0.19,forming / still basing,No VCP,n/a,80,1360.0,2026-03-23,4.643,1731.43,2102.86,1545.71,True,True,very strong (>2x1),2353.9,2378.22,2427.23,2305.63,2281.68,90,10,False,7/8 (exhaustion),7,4/8=1945.0 6/8=2237.5 7/8=2383.75,2304,1.1,True,2304,2401
ZIMLAB,121.0,351,True,104.0,True,3,C1:-4.8%/4b | C2:-6.9%/3b | C3:-8.7%/6b,False,False,True,0.33,False,124.5,-2.81,0.61,0.0,AT PIVOT (actionable),No VCP,n/a,75,59.31,2026-03-30,0.296,81.51,103.71,70.41,True,True,very strong (>2x1),126.56,132.25,144.0,115.56,110.25,90,15,False,7/8 (exhaustion),7,4/8=96.6 6/8=115.25 7/8=124.58,121,0.0,True,121,121
RSWM,212.68,351,True,77.2,True,3,C1:-11.5%/8b | C2:-8.0%/3b | C3:-6.7%/2b,True,True,True,0.45,True,199.48,6.62,0.24,0.26,BROKEN OUT (fresh),Strong VCP,199.48-209.45,76,120.0,2026-03-30,0.413,151.37,182.73,135.68,True,True,very strong (>2x1),220.03,227.51,242.85,205.45,198.35,90,14,False,8/8 (52w high),8,4/8=172.0 6/8=198.0 7/8=211.0,225,5.79,False,196,225
HSCL,741.55,352,True,77.2,True,3,C1:-6.3%/3b | C2:-11.2%/4b | C3:-8.4%/2b,False,False,False,1.03,True,693.9,6.87,1.49,0.92,BROKEN OUT (fresh),No VCP,n/a,162,418.5,2025-11-24,1.294,628.07,837.64,523.29,True,False,strong (>1x1),755.23,769.03,797.01,728.0,714.57,180,18,False,8/8 (52w high),8,4/8=581.5 6/8=663.0 7/8=703.75,729,1.69,True,729,784
543787,1143.7,351,True,99.7,True,3,C1:-3.7%/2b | C2:-14.8%/4b | C3:-13.6%/5b,False,False,True,0.2,False,1179.8,-3.06,0.28,0.25,AT PIVOT (actionable),No VCP,n/a,178,636.36,2025-10-29,2.946,1160.67,1684.97,898.52,False,False,moderate (>1x2),1160.67,1177.77,1212.34,1126.85,1110.13,180,2,True,7/8 (exhaustion),7,4/8=943.86 6/8=1129.43 7/8=1222.22,1156,1.08,True,1089,1156
BLSE,274.37,352,True,120.7,True,3,C1:-5.1%/2b | C2:-5.1%/6b | C3:-9.7%/3b,False,False,False,1.38,True,285.9,-4.03,1.54,0.64,AT PIVOT (actionable),No VCP,n/a,90,124.3,2026-03-09,0.641,182.01,239.73,153.16,True,True,very strong (>2x1),282.71,291.18,308.5,266.15,258.06,120,30,True,8/8 (52w high),8,4/8=205.1 6/8=245.5 7/8=265.7,289,5.33,False,256,289
THERMAX,4662.0,351,True,70.0,True,3,C1:-9.6%/8b | C2:-13.0%/6b | C3:-10.3%/2b,False,True,False,0.96,False,4860.0,-4.07,0.83,0.94,AT PIVOT (actionable),No VCP,n/a,151,2742.7,2025-12-08,10.06,4261.75,5780.8,3502.22,True,False,strong (>1x1),4696.2,4730.53,4799.56,4627.92,4593.97,180,29,False,7/8 (exhaustion),7,4/8=4010.25 6/8=4644.02 7/8=4960.91,4624,0.82,True,4624,4761
CYIENTDLM,578.65,352,True,118.2,True,3,C1:-5.2%/4b | C2:-9.6%/7b | C3:-8.9%/6b,False,False,False,2.41,True,569.55,1.6,2.18,0.45,BROKEN OUT (fresh),No VCP,n/a,76,265.2,2026-03-30,1.337,366.83,468.47,316.02,True,True,very strong (>2x1),590.74,602.96,627.76,566.68,554.84,90,14,False,8/8 (52w high),8,4/8=433.7 6/8=517.95 7/8=560.08,576,0.46,True,576,625
AKUMS,664.95,350,True,62.5,True,3,C1:-4.8%/2b | C2:-7.3%/3b | C3:-4.1%/2b,False,False,False,0.87,True,707.4,-6.0,1.14,0.46,forming / still basing,No VCP,n/a,120,409.3,2026-01-21,1.212,554.73,700.16,482.01,True,False,strong (>1x1),677.91,690.99,717.52,652.12,639.41,144,24,True,7/8 (exhaustion),7,4/8=562.0 6/8=638.35 7/8=676.53,676,1.66,True,625,676
WALCHANNAG,245.9,352,True,87.5,True,3,C1:-17.9%/5b | C2:-14.9%/4b | C3:-28.7%/13b,False,False,True,0.4,False,264.95,-7.19,0.43,0.34,forming / still basing,No VCP,n/a,76,131.15,2026-03-30,0.733,186.84,242.53,158.99,True,True,very strong (>2x1),253.8,261.83,278.26,238.12,230.47,90,14,False,5/8,5,4/8=223.47 6/8=269.64 7/8=292.72,256,4.11,False,225,256
ABB,7506.0,352,True,61.9,True,3,C1:-4.9%/2b | C2:-6.0%/3b | C3:-5.1%/2b,False,False,False,1.96,True,7085.0,5.94,0.86,0.09,BROKEN OUT (fresh),No VCP,n/a,121,4637.5,2026-01-21,13.044,6215.78,7794.06,5426.64,True,False,strong (>1x1),7549.38,7592.89,7680.27,7462.74,7419.61,144,23,True,7/8 (exhaustion),7,4/8=6281.0 6/8=7102.75 7/8=7513.62,7569,0.84,True,7396,7569
PANACHE,431.0,350,True,106.1,True,3,C1:-2.1%/8b | C2:-7.9%/2b | C3:-10.4%/4b,False,False,True,0.47,False,451.4,-4.52,0.28,0.16,AT PIVOT (actionable),No VCP,n/a,117,237.7,2026-01-27,1.044,359.83,481.96,298.77,True,False,strong (>1x1),441.44,452.01,473.52,420.68,410.49,120,3,True,7/8 (exhaustion),7,4/8=340.62 6/8=406.39 7/8=439.27,441,2.32,False,400,441
SONACOMS,704.85,352,True,75.2,True,3,C1:-8.3%/5b | C2:-4.3%/3b | C3:-2.1%/5b,True,False,False,1.25,True,674.0,4.58,2.46,0.87,BROKEN OUT (fresh),Moderate VCP,674.0-707.7,121,437.7,2026-01-21,1.215,584.7,731.7,511.2,True,False,strong (>1x1),718.19,731.65,758.95,691.64,678.55,144,23,True,8/8 (52w high),8,4/8=555.38 6/8=631.91 7/8=670.18,729,3.43,False,676,729
STEELCAS,301.6,351,True,71.3,True,3,C1:-5.8%/2b | C2:-14.7%/1b | C3:-6.1%/2b,False,False,True,0.34,False,314.15,-3.99,0.17,0.44,AT PIVOT (actionable),No VCP,n/a,114,176.02,2026-01-30,0.667,252.01,328.0,214.02,True,False,strong (>1x1),310.35,319.22,337.33,292.98,284.48,120,6,False,6/8 (75%),6,4/8=260.01 6/8=302.01 7/8=323.0,289,4.18,False,289,324
CGPOWER,905.0,352,True,72.2,True,3,C1:-5.5%/5b | C2:-5.6%/5b | C3:-9.4%/2b,False,True,True,0.78,True,978.9,-7.55,0.56,0.17,forming / still basing,Moderate VCP,978.9-1027.85,118,525.5,2026-01-27,1.807,738.74,951.99,632.12,True,False,strong (>1x1),920.1,935.33,966.17,890.02,875.17,120,2,True,7/8 (exhaustion),7,4/8=753.2 6/8=867.05 7/8=923.98,900,0.55,True,900,961
MARKSANS,267.1,352,True,72.3,True,3,C1:-9.1%/4b | C2:-3.1%/5b | C3:-7.0%/4b,False,False,True,0.41,True,281.6,-5.15,0.41,0.29,forming / still basing,Moderate VCP,281.6-295.68,76,155.0,2026-03-30,0.502,193.18,231.36,174.09,True,True,very strong (>2x1),275.33,283.69,300.79,258.99,251.01,90,14,False,8/8 (52w high),8,4/8=218.3 6/8=249.95 7/8=265.78,256,4.16,False,256,289
TIMEX,534.0,61,False,65.3,False,3,C1:-8.6%/2b | C2:-6.8%/3b | C3:-2.6%/13b,True,False,True,0.41,False,591.8,-9.77,0.32,0.36,forming / still basing,No VCP,n/a,59,323.0,2026-04-24,1.067,385.93,448.87,354.47,True,True,very strong (>2x1),545.62,557.36,581.22,522.51,511.14,60,1,True,7/8 (exhaustion),7,4/8=457.4 6/8=524.6 7/8=558.2,529,0.94,True,529,576
STOVEKRAFT,773.25,351,True,73.0,True,3,C1:-10.3%/5b | C2:-12.5%/2b | C3:-6.2%/4b,False,False,True,0.59,True,819.9,-5.69,0.37,0.45,forming / still basing,Moderate VCP,819.9-860.9,76,447.05,2026-03-30,1.512,561.94,676.83,504.49,True,True,very strong (>2x1),787.22,801.31,829.86,759.41,745.69,90,14,False,7/8 (exhaustion),7,4/8=637.52 6/8=732.76 7/8=780.38,784,1.39,True,729,784
VTL,636.55,352,True,65.9,True,3,C1:-5.5%/4b | C2:-6.3%/7b | C3:-8.1%/3b,False,False,True,0.4,True,652.95,-2.51,0.25,0.53,AT PIVOT (actionable),Moderate VCP,652.95-685.6,121,391.0,2026-01-21,1.208,537.11,683.22,464.06,True,False,strong (>1x1),649.23,662.03,688.01,624.0,611.57,144,23,True,7/8 (exhaustion),7,4/8=535.85 6/8=611.93 7/8=649.96,625,1.81,True,625,676
RAYMOND,604.75,352,True,89.0,True,3,C1:-5.3%/4b | C2:-6.3%/4b | C3:-6.6%/2b,False,True,True,0.6,False,638.65,-5.31,0.54,0.59,forming / still basing,No VCP,n/a,76,320.0,2026-03-30,1.718,450.59,581.17,385.29,True,True,very strong (>2x1),617.11,629.59,654.93,592.52,580.41,90,14,False,6/8 (75%),6,4/8=536.5 6/8=644.75 7/8=698.88,625,3.35,False,576,625
BHARATFORG,2190.5,351,True,99.0,True,3,C1:-4.9%/2b | C2:-5.3%/2b | C3:-6.7%/2b,False,True,True,0.83,True,2153.0,1.74,1.71,0.94,BROKEN OUT (fresh),Moderate VCP,2153.0-2260.65,179,1289.0,2025-10-28,4.514,2096.99,2904.97,1692.99,True,False,strong (>1x1),2213.96,2237.55,2285.11,2167.16,2143.95,180,1,True,8/8 (52w high),8,4/8=1669.25 6/8=1953.62 7/8=2095.81,2209,0.84,True,2116,2209
RML,1179.2,352,True,93.8,True,3,C1:-9.9%/2b | C2:-7.5%/10b | C3:-11.3%/3b,False,False,True,0.25,False,1318.3,-10.55,0.26,0.08,forming / still basing,No VCP,n/a,76,608.5,2026-03-30,2.839,824.26,1040.01,716.38,True,True,very strong (>2x1),1196.43,1213.79,1248.88,1162.09,1145.11,90,14,False,7/8 (exhaustion),7,4/8=966.2 6/8=1145.05 7/8=1234.48,1156,1.97,True,1156,1225
SAILIFE,1272.0,352,True,63.4,True,3,C1:-4.5%/2b | C2:-4.6%/2b | C3:-5.5%/3b,False,False,True,0.61,True,1260.0,0.95,0.32,0.24,BROKEN OUT (fresh),Moderate VCP,1260.0-1323.0,111,783.85,2026-02-05,2.069,1013.56,1243.27,898.7,True,True,very strong (>2x1),1289.9,1307.92,1344.33,1254.23,1236.58,120,9,False,8/8 (52w high),8,4/8=1039.25 6/8=1169.62 7/8=1234.81,1296,1.89,True,1225,1296
EXICOM,161.51,352,True,113.6,True,3,C1:-20.5%/3b | C2:-16.8%/5b | C3:-12.9%/3b,True,False,True,0.21,False,171.0,-5.55,0.16,0.52,forming / still basing,No VCP,n/a,76,75.6,2026-03-30,0.429,108.19,140.79,91.9,True,True,very strong (>2x1),167.93,174.47,187.93,155.22,149.05,90,14,False,7/8 (exhaustion),7,4/8=129.63 6/8=156.65 7/8=170.16,169,4.64,False,144,169
DCMSIL,84.77,103,False,71.3,False,3,C1:-6.3%/5b | C2:-8.3%/6b | C3:-6.1%/3b,False,False,True,0.5,False,74.48,13.82,0.72,0.5,extended past pivot,No VCP,n/a,102,49.5,2026-02-17,0.221,72.07,94.65,60.79,True,False,strong (>1x1),89.44,94.23,104.18,80.23,75.81,120,18,False,6/8 (75%),6,4/8=77.38 6/8=91.33 7/8=98.3,81,4.45,False,81,100
AMAGI,562.8,122,False,81.4,False,3,C1:-6.3%/3b | C2:-7.5%/4b | C3:-7.8%/4b,False,False,True,0.82,False,565.2,-0.42,0.96,0.04,AT PIVOT (actionable),No VCP,n/a,72,310.2,2026-04-07,1.245,399.86,489.51,355.03,True,True,very strong (>2x1),574.72,586.77,611.25,551.0,539.33,90,18,False,7/8 (exhaustion),7,4/8=467.1 6/8=545.55 7/8=584.78,576,2.35,False,529,576
DIVGIITTS,913.5,350,True,59.2,True,3,C1:-9.5%/6b | C2:-7.5%/1b | C3:-11.6%/3b,False,False,True,0.24,False,1056.95,-13.57,0.18,0.15,forming / still basing,No VCP,n/a,152,573.7,2025-12-04,1.95,870.04,1166.38,721.87,True,False,strong (>1x1),928.67,943.97,974.95,898.45,883.53,180,28,False,6/8 (75%),6,4/8=819.35 6/8=942.18 7/8=1003.59,900,1.48,True,900,961
GRANULES,880.8,351,True,103.6,True,3,C1:-3.0%/3b | C2:-5.4%/3b | C3:-5.6%/2b,False,True,True,0.84,True,803.9,9.57,1.37,0.33,extended past pivot,Moderate VCP,803.9-844.1,160,529.85,2025-11-25,1.894,832.96,1136.07,681.41,True,False,strong (>1x1),895.7,910.73,941.16,866.02,851.37,180,20,False,8/8 (52w high),8,4/8=671.3 6/8=790.65 7/8=850.33,900,2.18,False,841,900
TBZ,258.13,352,True,133.6,True,3,C1:-14.3%/4b | C2:-5.2%/3b | C3:-6.0%/4b,False,False,False,3.38,True,199.0,29.71,1.0,0.42,extended past pivot,No VCP,n/a,76,110.5,2026-03-30,0.653,160.11,209.72,135.3,True,True,very strong (>2x1),266.23,274.45,291.26,250.16,242.31,90,14,False,8/8 (52w high),8,4/8=192.74 6/8=233.87 7/8=254.43,256,0.83,True,256,289
MACPOWER,1326.7,351,True,74.3,True,3,C1:-7.0%/2b | C2:-4.8%/4b | C3:-11.0%/2b,False,False,True,0.25,False,1470.0,-9.75,0.26,0.4,forming / still basing,No VCP,n/a,171,761.0,2025-11-10,2.813,1242.11,1723.21,1001.55,True,False,strong (>1x1),1344.97,1363.37,1400.55,1308.55,1290.53,180,9,False,7/8 (exhaustion),7,4/8=1115.5 6/8=1292.75 7/8=1381.38,1296,2.31,False,1296,1369
UNICHEMLAB,589.05,352,True,111.7,True,3,C1:-8.7%/6b | C2:-6.2%/3b | C3:-16.3%/3b,False,True,True,0.28,False,687.2,-14.28,0.15,0.55,forming / still basing,No VCP,n/a,76,278.2,2026-03-30,1.623,401.55,524.9,339.87,True,True,very strong (>2x1),601.25,613.57,638.59,576.98,565.03,90,14,False,7/8 (exhaustion),7,4/8=482.7 6/8=584.95 7/8=636.08,576,2.22,False,576,625
GRANDOAK,44.21,62,False,84.2,False,3,C1:-27.2%/10b | C2:-18.3%/8b | C3:-21.9%/5b,False,True,True,0.2,False,52.82,-16.3,0.29,1.0,forming / still basing,No VCP,n/a,32,24.0,2026-06-02,0.126,28.03,32.07,26.02,True,True,very strong (>2x1),47.6,51.11,58.51,40.95,37.81,45,13,True,6/8 (75%),6,4/8=39.88 6/8=47.82 7/8=51.79,49,10.83,False,36,49
MEGASTAR,337.35,351,True,66.2,True,3,C1:-15.6%/5b | C2:-8.5%/4b | C3:-5.6%/4b,True,True,False,1.11,False,386.0,-12.6,0.56,0.58,forming / still basing,No VCP,n/a,97,204.4,2026-02-25,0.75,277.15,349.9,240.77,True,False,strong (>1x1),346.6,355.97,375.08,328.23,319.23,120,23,False,6/8 (75%),6,4/8=297.5 6/8=344.75 7/8=368.38,324,3.96,False,324,361
CARYSIL,1170.4,352,True,59.9,True,3,C1:-9.3%/3b | C2:-10.5%/6b | C3:-3.5%/3b,False,False,False,1.68,False,1194.0,-1.98,0.67,0.17,AT PIVOT (actionable),No VCP,n/a,121,732.1,2026-01-21,2.178,995.61,1259.12,863.86,True,False,strong (>1x1),1187.57,1204.86,1239.82,1153.36,1136.44,144,23,True,7/8 (exhaustion),7,4/8=1006.5 6/8=1143.7 7/8=1212.3,1156,1.23,True,1156,1225
HAPPYFORGE,1595.3,352,True,85.1,True,3,C1:-10.0%/9b | C2:-3.9%/3b | C3:-4.5%/3b,False,True,True,0.48,True,1550.0,2.92,0.61,0.69,BROKEN OUT (fresh),Moderate VCP,1550.0-1627.5,174,976.0,2025-11-06,3.073,1510.74,2045.48,1243.37,True,False,strong (>1x1),1615.33,1635.49,1676.18,1575.39,1555.61,180,6,False,8/8 (52w high),8,4/8=1249.27 6/8=1442.89 7/8=1539.69,1600,0.29,True,1521,1600
KAMDHENU,33.54,352,True,107.7,True,3,C1:-10.8%/3b | C2:-5.5%/2b | C3:-9.2%/2b,False,True,True,0.59,True,34.18,-1.87,0.64,0.77,AT PIVOT (actionable),Moderate VCP,34.18-35.89,76,16.15,2026-03-30,0.073,21.67,27.19,18.91,True,True,very strong (>2x1),36.5,39.58,46.12,30.71,28.0,90,14,False,8/8 (52w high),8,4/8=25.3 6/8=29.88 7/8=32.16,36,7.33,False,25,36
KIRLPNU,1696.0,351,True,71.3,True,3,C1:-7.0%/2b | C2:-15.0%/3b | C3:-15.4%/5b,False,False,True,0.51,False,1815.3,-6.57,0.84,0.33,forming / still basing,No VCP,n/a,150,990.1,2025-12-09,4.79,1708.55,2427.0,1349.33,False,False,moderate (>1x2),1716.65,1737.43,1779.37,1675.47,1655.07,180,30,False,5/8,5,4/8=1593.6 6/8=1895.35 7/8=2046.23,1681,0.88,True,1681,1764
SERVOTECH,99.8,352,True,73.5,True,3,C1:-17.5%/6b | C2:-9.2%/5b | C3:-10.2%/2b,False,True,True,0.55,False,105.25,-5.18,1.6,0.44,forming / still basing,No VCP,n/a,115,57.51,2026-01-30,0.379,101.07,144.64,79.29,False,False,moderate (>1x2),104.86,110.04,120.78,94.87,90.06,120,5,True,4/8 (50%),4,4/8=105.24 6/8=129.11 7/8=141.04,100,0.2,True,81,100
SUYOG,849.85,350,True,61.0,True,3,C1:-7.8%/3b | C2:-16.2%/8b | C3:-4.5%/1b,False,False,False,0.88,False,921.15,-7.74,0.78,0.53,forming / still basing,No VCP,n/a,109,528.0,2026-02-06,1.592,701.53,875.07,614.77,True,False,strong (>1x1),864.49,879.25,909.15,835.34,820.95,120,11,False,7/8 (exhaustion),7,4/8=728.6 6/8=828.9 7/8=879.05,841,1.04,True,841,900
AETHER,1475.3,352,True,103.1,True,3,C1:-3.3%/4b | C2:-5.2%/3b | C3:-6.9%/2b,False,True,True,0.44,True,1538.5,-4.11,0.45,0.46,AT PIVOT (actionable),Moderate VCP,1538.5-1615.43,171,728.0,2025-11-11,3.222,1279.03,1830.07,1003.52,True,False,strong (>1x1),1494.57,1513.96,1553.12,1456.16,1437.14,180,9,False,8/8 (52w high),8,4/8=1132.48 6/8=1335.49 7/8=1436.99,1444,2.12,False,1444,1521
FAZE3Q,560.6,351,True,74.0,True,3,C1:-7.3%/2b | C2:-9.7%/3b | C3:-8.4%/4b,False,False,True,0.66,False,607.9,-7.78,0.22,0.54,forming / still basing,No VCP,n/a,128,322.1,2026-01-09,1.69,538.4,754.71,430.25,True,False,strong (>1x1),572.5,584.53,608.95,548.82,537.17,144,16,False,5/8,5,4/8=535.03 6/8=641.49 7/8=694.72,576,2.75,False,529,576
ADANIENT,3160.7,352,True,80.3,True,3,C1:-5.4%/4b | C2:-4.0%/3b | C3:-6.1%/3b,False,True,True,0.58,True,3219.7,-1.83,0.44,0.46,AT PIVOT (actionable),Moderate VCP,3219.7-3380.68,76,1753.0,2026-03-30,5.921,2202.97,2652.94,1977.98,True,True,very strong (>2x1),3188.87,3217.17,3274.14,3132.65,3104.73,90,14,False,8/8 (52w high),8,4/8=2499.0 6/8=2872.0 7/8=3058.5,3136,0.78,True,3136,3249
SKIPPER,538.8,351,True,64.7,True,3,C1:-11.0%/5b | C2:-7.5%/9b | C3:-8.9%/3b,False,False,False,0.86,False,577.15,-6.64,1.13,0.18,forming / still basing,No VCP,n/a,89,327.05,2026-03-09,1.055,420.98,514.9,374.01,True,True,very strong (>2x1),550.47,562.26,586.22,527.26,515.84,90,1,True,7/8 (exhaustion),7,4/8=460.02 6/8=526.51 7/8=559.76,529,1.82,True,529,576
APCOTEXIND,529.1,351,True,70.4,True,3,C1:-7.1%/6b | C2:-9.9%/6b | C3:-7.3%/3b,False,True,False,1.03,False,530.0,-0.17,0.53,0.32,AT PIVOT (actionable),No VCP,n/a,76,310.45,2026-03-30,1.066,391.44,472.43,350.95,True,True,very strong (>2x1),540.66,552.35,576.1,517.66,506.35,90,14,False,7/8 (exhaustion),7,4/8=444.73 6/8=511.86 7/8=545.43,529,0.02,True,529,576
BANDHANBNK,213.25,352,True,58.8,True,3,C1:-7.4%/2b | C2:-7.8%/1b | C3:-6.7%/2b,False,False,False,1.15,True,208.8,2.13,0.72,0.35,BROKEN OUT (fresh),No VCP,n/a,151,134.25,2025-12-09,0.343,186.09,237.92,160.17,True,False,strong (>1x1),220.61,228.1,243.46,206.01,198.9,180,29,False,8/8 (52w high),8,4/8=177.5 6/8=199.13 7/8=209.95,225,5.51,False,196,225
ELGIRUBCO,61.84,352,True,89.0,True,3,C1:-18.7%/6b | C2:-9.6%/7b | C3:-15.3%/6b,False,False,False,0.92,False,65.2,-5.15,1.17,0.64,forming / still basing,No VCP,n/a,76,32.72,2026-03-30,0.229,50.15,67.57,41.43,True,False,strong (>1x1),65.83,69.95,78.57,57.97,54.23,90,14,False,5/8,5,4/8=61.61 6/8=76.06 7/8=83.28,64,3.49,False,49,64
ARROWGREEN,670.0,351,True,95.9,True,3,C1:-11.5%/4b | C2:-10.6%/5b | C3:-6.3%/2b,True,False,True,0.23,False,702.5,-4.63,0.19,0.17,AT PIVOT (actionable),No VCP,n/a,85,341.95,2026-03-16,1.889,502.51,663.06,422.23,True,True,very strong (>2x1),683.0,696.13,722.77,657.12,644.37,90,5,True,6/8 (75%),6,4/8=579.95 6/8=698.95 7/8=758.45,676,0.9,True,625,676
RAYMONDREL,683.3,262,True,95.8,True,3,C1:-9.4%/5b | C2:-10.4%/5b | C3:-8.8%/2b,False,True,False,0.91,False,734.9,-7.02,0.55,0.4,forming / still basing,No VCP,n/a,85,349.0,2026-03-16,1.964,515.96,682.93,432.48,True,True,very strong (>2x1),696.43,709.69,736.58,670.29,657.41,90,5,True,6/8 (75%),6,4/8=596.5 6/8=720.25 7/8=782.12,676,1.07,True,676,729
KTKBANK,273.15,352,True,61.5,True,3,C1:-6.9%/8b | C2:-5.5%/6b | C3:-5.7%/5b,False,True,True,0.58,True,279.8,-2.38,0.63,0.56,AT PIVOT (actionable),Moderate VCP,279.8-293.79,168,173.8,2025-11-14,0.452,249.69,325.57,211.74,True,False,strong (>1x1),281.48,289.93,307.2,264.95,256.87,180,12,False,8/8 (52w high),8,4/8=226.04 6/8=254.49 7/8=268.72,289,5.8,False,256,289
GREAVESCOT,249.46,352,True,107.9,True,3,C1:-4.3%/3b | C2:-9.3%/4b | C3:-9.7%/3b,False,False,False,1.02,False,267.0,-6.57,0.58,0.32,forming / still basing,No VCP,n/a,76,119.99,2026-03-30,0.603,165.8,211.62,142.9,True,True,very strong (>2x1),257.42,265.5,282.05,241.63,233.92,90,14,False,7/8 (exhaustion),7,4/8=195.94 6/8=233.92 7/8=252.91,256,2.62,False,225,256
ADVAIT,2085.4,123,False,54.4,False,3,C1:-9.8%/5b | C2:-9.9%/5b | C3:-12.4%/5b,False,True,True,0.44,False,2276.0,-8.37,0.54,0.51,forming / still basing,No VCP,n/a,118,1351.0,2026-01-27,4.5,1882.0,2413.0,1616.5,True,False,strong (>1x1),2108.3,2131.32,2177.73,2062.63,2039.98,120,2,True,6/8 (75%),6,4/8=1918.0 6/8=2201.5 7/8=2343.25,2116,1.47,True,2025,2116
STYLAMIND,3250.4,352,True,103.9,True,3,C1:-8.2%/3b | C2:-6.8%/2b | C3:-6.6%/4b,True,False,True,0.74,True,3322.0,-2.16,0.61,0.29,AT PIVOT (actionable),Strong VCP,3322.0-3488.1,168,1870.0,2025-11-14,7.206,3080.67,4291.33,2475.33,True,False,strong (>1x1),3278.97,3307.66,3365.42,3221.96,3193.64,180,12,False,8/8 (52w high),8,4/8=2502.1 6/8=2956.1 7/8=3183.1,3249,0.04,True,3249,3364
ADANIPOWER,214.45,352,True,94.2,True,3,C1:-3.3%/3b | C2:-15.0%/11b | C3:-8.2%/15b,False,False,False,1.05,False,228.94,-6.33,0.75,0.33,forming / still basing,No VCP,n/a,119,128.1,2026-01-23,0.57,195.98,263.86,162.04,True,False,strong (>1x1),221.83,229.34,244.74,207.19,200.06,120,1,True,6/8 (75%),6,4/8=182.32 6/8=218.26 7/8=236.23,225,4.92,False,196,225
KOPRAN,203.63,352,True,90.3,True,3,C1:-20.1%/9b | C2:-8.6%/8b | C3:-8.5%/2b,True,True,True,0.26,True,216.0,-5.73,0.14,0.49,forming / still basing,Strong VCP,216.0-226.8,76,107.0,2026-03-30,0.444,140.78,174.56,123.89,True,True,very strong (>2x1),210.83,218.15,233.17,196.56,189.61,90,14,False,7/8 (exhaustion),7,4/8=163.0 6/8=191.0 7/8=205.0,196,3.75,False,196,225
BTTL,51.77,62,False,72.6,False,3,C1:-9.2%/6b | C2:-5.6%/2b | C3:-12.3%/5b,False,False,True,0.27,False,57.04,-9.24,0.26,0.13,forming / still basing,No VCP,n/a,37,30.0,2026-05-27,0.112,34.14,38.29,32.07,True,True,very strong (>2x1),55.43,59.22,67.16,48.23,44.82,45,8,False,7/8 (exhaustion),7,4/8=44.11 6/8=51.17 7/8=54.7,49,5.35,False,49,64
ENRIN,3385.5,270,True,60.1,True,3,C1:-6.3%/3b | C2:-9.5%/2b | C3:-16.2%/9b,False,False,True,0.65,False,3566.0,-5.06,0.68,0.19,forming / still basing,No VCP,n/a,119,2115.0,2026-01-23,7.353,2990.03,3865.06,2552.51,True,False,strong (>1x1),3414.66,3443.94,3502.87,3356.47,3327.56,120,1,True,6/8 (75%),6,4/8=3041.5 6/8=3504.75 7/8=3736.38,3364,0.64,True,3364,3481
BOROSCI,160.75,351,True,66.3,True,3,C1:-4.2%/3b | C2:-5.1%/3b | C3:-14.8%/6b,False,False,True,0.4,False,167.99,-4.31,0.21,0.64,AT PIVOT (actionable),No VCP,n/a,76,96.64,2026-03-30,0.374,125.03,153.43,110.84,True,True,very strong (>2x1),167.15,173.68,187.11,154.47,148.32,90,14,False,6/8 (75%),6,4/8=143.71 6/8=167.25 7/8=179.02,169,5.13,False,144,169
GOCLCORP,403.7,351,True,80.7,True,3,C1:-14.7%/8b | C2:-13.9%/5b | C3:-13.8%/8b,True,False,True,0.32,False,414.55,-2.62,0.32,0.48,AT PIVOT (actionable),No VCP,n/a,79,223.35,2026-03-23,0.939,297.51,371.66,260.43,True,True,very strong (>2x1),413.81,424.04,444.88,393.72,383.86,90,11,False,7/8 (exhaustion),7,4/8=341.62 6/8=400.76 7/8=430.33,400,0.92,True,400,441
526433,4099.7,350,True,95.2,True,3,C1:-8.0%/9b | C2:-4.1%/3b | C3:-6.9%/3b,False,True,False,0.99,False,4550.0,-9.9,1.06,0.28,forming / still basing,No VCP,n/a,84,2099.9,2026-03-16,10.04,2943.27,3786.63,2521.58,True,True,very strong (>2x1),4131.78,4163.98,4228.76,4067.75,4035.92,90,6,False,7/8 (exhaustion),7,4/8=3364.95 6/8=3997.47 7/8=4313.74,4096,0.09,True,4096,4225
BHARATSE,225.09,327,True,122.2,True,3,C1:-7.4%/1b | C2:-10.7%/5b | C3:-5.4%/3b,False,False,True,0.54,False,263.18,-14.47,0.35,0.24,forming / still basing,No VCP,n/a,118,133.6,2026-01-27,0.642,209.4,285.2,171.5,True,False,strong (>1x1),232.65,240.34,256.1,217.65,210.34,120,2,True,7/8 (exhaustion),7,4/8=182.24 6/8=222.71 7/8=242.94,225,0.04,True,225,256
OFSS,11771.0,352,True,88.8,True,3,C1:-13.6%/7b | C2:-2.9%/3b | C3:-3.1%/3b,False,True,False,1.07,True,11958.0,-1.56,1.06,0.85,AT PIVOT (actionable),No VCP,n/a,84,6234.5,2026-03-17,22.712,8142.33,10050.17,7188.42,True,True,very strong (>2x1),11825.31,11879.74,11988.99,11716.82,11662.76,90,6,False,8/8 (52w high),8,4/8=9096.25 6/8=10527.12 7/8=11242.56,11664,0.91,True,11664,11881
TINNARUBR,991.6,312,True,88.0,True,3,C1:-7.3%/3b | C2:-6.9%/6b | C3:-8.0%/5b,False,False,True,0.8,True,1028.15,-3.55,0.71,0.77,AT PIVOT (actionable),Moderate VCP,1028.15-1079.56,75,527.45,2026-03-30,2.147,688.51,849.56,607.98,True,True,very strong (>2x1),1007.41,1023.34,1055.58,975.92,960.36,90,15,False,7/8 (exhaustion),7,4/8=798.02 6/8=933.31 7/8=1000.96,961,3.09,False,961,1024
STEELXIND,12.03,352,True,71.9,True,3,C1:-18.2%/4b | C2:-8.8%/4b | C3:-10.5%/2b,False,True,True,0.26,False,12.28,-2.04,0.21,0.41,AT PIVOT (actionable),No VCP,n/a,80,7.0,2026-03-23,0.028,9.21,11.41,8.1,True,True,very strong (>2x1),13.83,15.75,19.97,10.36,8.81,90,10,False,6/8 (75%),6,4/8=10.47 6/8=12.21 7/8=13.08,9,25.19,False,9,16
SAREGAMA,494.85,351,True,61.2,True,3,C1:-11.0%/7b | C2:-9.1%/3b | C3:-13.1%/7b,False,False,True,0.13,True,503.0,-1.62,0.08,0.81,AT PIVOT (actionable),Moderate VCP,503.0-528.15,90,307.05,2026-03-09,0.845,383.1,459.16,345.08,True,True,very strong (>2x1),506.04,517.35,540.34,483.79,472.85,120,30,True,8/8 (52w high),8,4/8=413.52 6/8=466.76 7/8=493.38,484,2.19,False,484,529
RAIN,206.77,352,True,107.0,True,3,C1:-11.5%/5b | C2:-7.8%/3b | C3:-14.4%/6b,False,False,True,0.68,True,214.17,-3.46,0.63,0.35,AT PIVOT (actionable),Moderate VCP,214.17-224.88,151,99.9,2025-12-09,0.472,171.21,242.51,135.55,True,False,strong (>1x1),214.02,221.4,236.53,199.64,192.64,180,29,False,8/8 (52w high),8,4/8=159.4 6/8=189.15 7/8=204.02,196,5.21,False,196,225
LAURUSLABS,1529.8,352,True,88.9,True,3,C1:-2.3%/2b | C2:-4.8%/3b | C3:-6.9%/3b,False,False,True,0.62,True,1573.5,-2.78,0.47,0.23,AT PIVOT (actionable),Moderate VCP,1573.5-1652.18,114,917.95,2026-02-02,3.052,1265.85,1613.76,1091.9,True,False,strong (>1x1),1549.42,1569.16,1609.03,1510.31,1490.94,120,6,False,8/8 (52w high),8,4/8=1194.57 6/8=1386.84 7/8=1482.97,1521,0.58,True,1521,1600
ORCHPHARMA,1041.35,352,True,116.9,True,3,C1:-13.2%/4b | C2:-10.9%/3b | C3:-9.6%/3b,True,True,False,1.39,True,1014.4,2.66,0.55,0.25,BROKEN OUT (fresh),Moderate VCP,1014.4-1065.12,76,480.0,2026-03-30,2.539,672.96,865.91,576.48,True,True,very strong (>2x1),1057.55,1073.87,1106.89,1025.28,1009.33,90,14,False,8/8 (52w high),8,4/8=799.9 6/8=959.85 7/8=1039.83,1024,1.67,True,1024,1089
GOLDIAM,345.4,352,True,73.8,True,3,C1:-7.3%/3b | C2:-15.9%/9b | C3:-13.5%/4b,False,False,False,0.93,False,378.45,-8.73,0.34,0.37,forming / still basing,No VCP,n/a,76,198.75,2026-03-30,0.773,257.53,316.31,228.14,True,True,very strong (>2x1),354.75,364.23,383.57,336.17,327.07,90,14,False,7/8 (exhaustion),7,4/8=296.2 6/8=344.92 7/8=369.29,361,4.52,False,324,361
LIKHITHA,240.6,352,True,83.0,True,3,C1:-13.5%/7b | C2:-11.9%/4b | C3:-13.8%/7b,False,False,True,0.84,False,252.9,-4.86,0.67,0.54,AT PIVOT (actionable),No VCP,n/a,80,131.45,2026-03-23,0.628,181.67,231.89,156.56,True,True,very strong (>2x1),248.42,256.36,272.62,232.91,225.34,90,10,False,6/8 (75%),6,4/8=210.55 6/8=250.1 7/8=269.87,256,6.4,False,225,256
INNOVACAP,962.7,351,True,54.8,True,3,C1:-7.7%/4b | C2:-6.2%/2b | C3:-5.8%/5b,True,False,True,0.69,True,999.9,-3.72,0.97,0.09,AT PIVOT (actionable),Strong VCP,999.9-1049.9,93,622.0,2026-03-02,1.638,774.36,926.72,698.18,True,True,very strong (>2x1),978.28,993.98,1025.75,947.25,931.92,120,27,True,7/8 (exhaustion),7,4/8=828.42 6/8=931.64 7/8=983.24,961,0.18,True,961,1024
DJML,106.68,351,True,105.2,True,3,C1:-10.8%/1b | C2:-7.1%/4b | C3:-13.0%/3b,False,False,False,0.92,False,124.8,-14.52,0.97,0.72,forming / still basing,No VCP,n/a,148,52.0,2025-12-11,0.297,96.02,140.05,74.01,True,False,strong (>1x1),111.91,117.26,128.34,101.58,96.6,180,32,True,6/8 (75%),6,4/8=89.48 6/8=108.22 7/8=117.59,100,6.26,False,100,121
AMBIKCO,1728.2,351,True,57.0,True,3,C1:-9.0%/5b | C2:-7.0%/3b | C3:-6.4%/6b,True,False,True,0.35,True,1775.0,-2.64,0.39,0.54,AT PIVOT (actionable),Strong VCP,1775.0-1863.75,120,1101.0,2026-01-21,2.838,1441.62,1782.24,1271.31,True,False,strong (>1x1),1749.05,1770.02,1812.34,1707.48,1686.88,144,24,True,8/8 (52w high),8,4/8=1458.65 6/8=1637.48 7/8=1726.89,1764,2.07,False,1681,1764
CLEANMAX,1262.2,94,False,73.6,False,3,C1:-22.0%/7b | C2:-16.5%/5b | C3:-9.8%/6b,True,False,True,0.24,False,1349.0,-6.43,0.3,0.36,forming / still basing,No VCP,n/a,75,727.1,2026-03-30,3.21,967.84,1208.59,847.47,True,True,very strong (>2x1),1280.03,1297.98,1334.25,1244.5,1226.92,90,15,False,6/8 (75%),6,4/8=1131.55 6/8=1333.77 7/8=1434.89,1296,2.68,False,1225,1296
PREMIERENE,1086.2,352,True,62.9,True,3,C1:-7.1%/4b | C2:-4.3%/2b | C3:-4.4%/3b,False,False,True,0.68,True,1134.0,-4.22,0.67,0.32,AT PIVOT (actionable),Moderate VCP,1134.0-1190.7,97,666.9,2026-02-25,1.863,847.62,1028.34,757.26,True,True,very strong (>2x1),1102.74,1119.41,1153.12,1069.78,1053.49,120,23,False,8/8 (52w high),8,4/8=901.65 6/8=1019.03 7/8=1077.71,1089,0.26,True,1024,1089
CALSOFT,22.12,351,True,102.9,True,3,C1:-28.3%/11b | C2:-14.5%/3b | C3:-24.1%/12b,False,False,True,0.69,False,23.4,-5.47,0.47,0.76,forming / still basing,No VCP,n/a,73,10.9,2026-04-06,0.067,15.8,20.71,13.35,True,True,very strong (>2x1),24.53,27.07,32.53,19.83,17.67,90,17,False,6/8 (75%),6,4/8=19.36 6/8=23.6 7/8=25.71,25,13.02,False,16,25
JITFINFRA,367.7,351,True,65.4,True,3,C1:-10.1%/7b | C2:-7.8%/4b | C3:-15.5%/10b,False,False,False,4.98,False,393.35,-6.52,1.9,0.45,forming / still basing,No VCP,n/a,117,222.35,2026-01-27,1.014,341.04,459.74,281.7,True,False,strong (>1x1),377.35,387.13,407.05,358.17,348.77,120,3,True,5/8,5,4/8=350.18 6/8=414.09 7/8=446.04,361,1.82,True,361,400
BALRAMCHIN,604.45,352,True,53.6,True,3,C1:-5.8%/3b | C2:-2.9%/3b | C3:-3.2%/1b,False,True,False,1.72,True,573.65,5.37,1.69,0.52,BROKEN OUT (fresh),No VCP,n/a,121,393.55,2026-01-21,0.93,506.03,618.5,449.79,True,False,strong (>1x1),616.81,629.29,654.62,592.22,580.11,144,23,True,8/8 (52w high),8,4/8=510.67 6/8=569.24 7/8=598.52,625,3.4,False,576,625
DENORA,871.1,351,True,55.5,True,3,C1:-6.7%/2b | C2:-11.6%/5b | C3:-11.8%/1b,False,False,True,0.52,False,935.4,-6.87,0.38,0.14,forming / still basing,No VCP,n/a,120,560.25,2026-01-21,1.723,767.04,973.82,663.64,True,False,strong (>1x1),885.92,900.86,931.13,856.41,841.84,144,24,True,6/8 (75%),6,4/8=777.38 6/8=885.94 7/8=940.22,900,3.32,False,841,900
544037,1767.05,350,True,65.9,True,3,C1:-6.8%/6b | C2:-7.1%/1b | C3:-11.0%/2b,False,False,True,0.35,False,1922.9,-8.1,0.37,0.14,forming / still basing,No VCP,n/a,117,1065.0,2026-01-27,3.504,1474.92,1884.84,1269.96,True,False,strong (>1x1),1788.13,1809.34,1852.12,1746.09,1725.26,120,3,True,7/8 (exhaustion),7,4/8=1506.45 6/8=1727.18 7/8=1837.54,1764,0.17,True,1764,1849
APEX,400.25,352,True,91.7,True,3,C1:-11.0%/4b | C2:-9.9%/10b | C3:-6.9%/4b,True,False,True,0.75,False,418.8,-4.43,0.42,0.25,AT PIVOT (actionable),No VCP,n/a,173,232.0,2025-11-07,1.213,441.91,651.81,336.95,False,False,moderate (>1x2),410.32,420.51,441.26,390.31,380.49,180,7,False,6/8 (75%),6,4/8=361.62 6/8=438.06 7/8=476.28,400,0.06,True,400,441
JETFREIGHT,23.68,351,True,99.0,True,3,C1:-14.1%/6b | C2:-12.9%/6b | C3:-10.8%/7b,True,False,False,2.68,False,22.88,3.5,0.97,0.09,BROKEN OUT (fresh),No VCP,n/a,174,12.0,2025-11-04,0.056,21.7,31.4,16.85,True,False,strong (>1x1),26.18,28.8,34.41,21.31,19.06,180,6,False,7/8 (exhaustion),7,4/8=18.93 6/8=22.44 7/8=24.19,25,5.57,False,16,25
CAPLIPOINT,2614.2,351,True,74.2,True,3,C1:-6.7%/7b | C2:-4.1%/3b | C3:-5.4%/2b,False,True,True,0.48,True,2645.5,-1.18,0.34,0.39,AT PIVOT (actionable),Moderate VCP,2645.5-2777.78,75,1500.3,2026-03-30,4.757,1857.06,2213.81,1678.68,True,True,very strong (>2x1),2639.83,2665.58,2717.46,2588.7,2563.32,90,15,False,8/8 (52w high),8,4/8=2099.65 6/8=2399.33 7/8=2549.16,2601,0.5,True,2601,2704
IRISDOREME,46.54,350,True,76.6,True,3,C1:-6.2%/5b | C2:-4.6%/3b | C3:-9.3%/4b,False,False,False,2.02,True,45.5,2.29,0.93,0.26,BROKEN OUT (fresh),No VCP,n/a,75,26.35,2026-03-30,0.086,32.79,39.24,29.57,True,True,very strong (>2x1),50.01,53.61,61.18,43.19,39.97,90,15,False,8/8 (52w high),8,4/8=37.18 6/8=42.59 7/8=45.29,49,5.29,False,36,49
RATEGAIN,950.7,351,True,127.7,True,3,C1:-7.7%/5b | C2:-7.1%/5b | C3:-4.3%/1b,True,True,True,0.63,True,951.6,-0.09,0.53,0.52,AT PIVOT (actionable),Strong VCP,951.6-999.18,76,437.0,2026-03-30,2.3,611.82,786.63,524.41,True,True,very strong (>2x1),966.18,981.78,1013.37,935.35,920.12,90,14,False,8/8 (52w high),8,4/8=707.43 6/8=852.34 7/8=924.79,961,1.08,True,900,961
ABSLAMC,1150.6,352,True,62.5,True,3,C1:-7.0%/1b | C2:-7.2%/2b | C3:-6.8%/4b,False,False,True,0.78,True,1179.1,-2.42,0.82,0.89,AT PIVOT (actionable),Moderate VCP,1179.1-1238.05,161,708.0,2025-11-25,2.051,1038.24,1368.48,873.12,True,False,strong (>1x1),1167.62,1184.77,1219.44,1133.7,1116.93,180,19,False,7/8 (exhaustion),7,4/8=966.45 6/8=1095.68 7/8=1160.29,1156,0.47,True,1089,1156
SBC,42.27,352,True,180.9,True,3,C1:-4.7%/3b | C2:-4.6%/2b | C3:-8.0%/6b,False,False,True,0.64,True,43.27,-2.31,0.65,0.6,AT PIVOT (actionable),Moderate VCP,43.27-45.43,179,23.19,2025-10-29,0.119,44.46,65.74,33.83,False,False,moderate (>1x2),45.58,49.02,56.27,39.08,36.02,180,1,True,8/8 (52w high),8,4/8=30.03 6/8=37.51 7/8=41.26,36,14.83,False,36,49
543916,389.0,350,True,222.4,True,3,C1:-6.8%/2b | C2:-8.5%/4b | C3:-9.1%/4b,False,False,True,0.38,False,379.5,2.5,0.13,0.55,BROKEN OUT (fresh),No VCP,n/a,75,215.0,2026-03-30,1.291,311.83,408.67,263.42,True,False,strong (>1x1),398.92,408.97,429.45,379.2,369.53,90,15,False,7/8 (exhaustion),7,4/8=283.32 6/8=364.66 7/8=405.33,400,2.83,False,361,400
CGCL,256.38,352,True,69.7,True,3,C1:-3.4%/2b | C2:-11.0%/5b | C3:-5.2%/1b,False,False,True,0.53,True,225.99,13.45,0.38,0.4,extended past pivot,Moderate VCP,225.99-237.29,93,151.1,2026-03-04,0.45,192.96,234.82,172.03,True,True,very strong (>2x1),264.45,272.64,289.4,248.44,240.62,120,27,True,8/8 (52w high),8,4/8=207.82 6/8=236.17 7/8=250.35,256,0.15,True,256,289
KDDL,3186.8,350,True,60.1,True,3,C1:-7.5%/2b | C2:-8.9%/3b | C3:-9.0%/5b,False,False,True,0.34,True,3390.0,-5.99,0.24,0.4,forming / still basing,Moderate VCP,3390.0-3559.5,75,1990.0,2026-03-30,5.659,2414.4,2838.81,2202.2,True,True,very strong (>2x1),3215.09,3243.5,3300.7,3158.64,3130.6,90,15,False,7/8 (exhaustion),7,4/8=2703.0 6/8=3059.5 7/8=3237.75,3136,1.59,True,3136,3249
506597,752.15,350,True,84.3,True,3,C1:-8.4%/4b | C2:-5.1%/4b | C3:-9.1%/4b,False,True,False,4.43,False,638.95,17.72,17.86,1.0,extended past pivot,No VCP,n/a,75,408.2,2026-03-30,2.936,628.38,848.56,518.29,True,False,strong (>1x1),765.93,779.83,808.0,738.5,724.97,90,15,False,4/8 (50%),4,4/8=778.1 6/8=963.05 7/8=1055.53,729,3.08,False,729,784
OCCLLTD,135.27,350,True,78.7,True,3,C1:-8.3%/3b | C2:-8.4%/5b | C3:-8.9%/4b,False,False,True,0.24,False,129.49,4.46,0.24,0.53,BROKEN OUT (fresh),No VCP,n/a,89,75.71,2026-03-09,0.332,105.27,134.84,90.49,True,True,very strong (>2x1),141.15,147.15,159.53,129.52,123.89,90,1,True,6/8 (75%),6,4/8=117.56 6/8=138.49 7/8=148.96,144,6.45,False,121,144
SHRIPISTON,4169.9,351,True,81.2,True,3,C1:-11.4%/12b | C2:-6.4%/3b | C3:-7.5%/5b,False,False,True,0.56,True,4421.5,-5.69,0.69,0.54,forming / still basing,Moderate VCP,4421.5-4642.57,173,2525.8,2025-11-06,8.414,3981.4,5437.01,3253.6,True,False,strong (>1x1),4202.25,4234.72,4300.05,4137.68,4105.58,180,7,False,8/8 (52w high),8,4/8=3361.35 6/8=3891.42 7/8=4156.46,4225,1.32,True,4096,4225
PRADPME,546.7,62,False,53.1,False,3,C1:-5.3%/5b | C2:-7.4%/5b | C3:-17.8%/11b,False,False,True,0.49,False,596.0,-8.27,0.82,0.74,forming / still basing,No VCP,n/a,59,357.05,2026-04-22,0.948,412.99,468.94,385.02,True,True,very strong (>2x1),558.45,570.33,594.46,535.07,523.57,60,1,True,7/8 (exhaustion),7,4/8=476.52 6/8=536.26 7/8=566.13,529,3.24,False,529,576
PPAP,296.52,350,True,68.5,True,3,C1:-5.0%/5b | C2:-12.5%/3b | C3:-12.9%/5b,False,False,False,3.94,False,379.5,-21.87,0.31,0.0,forming / still basing,No VCP,n/a,75,176.0,2026-03-30,0.808,236.57,297.13,206.28,True,False,strong (>1x1),305.19,313.99,331.96,287.97,279.55,90,15,False,5/8,5,4/8=277.75 6/8=328.62 7/8=354.06,289,2.54,False,289,324
SASKEN,1886.2,351,True,90.3,True,3,C1:-13.7%/3b | C2:-13.2%/2b | C3:-14.5%/6b,False,False,True,0.07,False,2118.0,-10.94,0.08,0.09,forming / still basing,No VCP,n/a,85,991.0,2026-03-16,7.1,1594.5,2198.0,1292.75,True,False,strong (>1x1),1907.98,1929.88,1974.06,1864.55,1843.02,90,5,True,5/8,5,4/8=1885.6 6/8=2332.9 7/8=2556.55,1849,1.97,True,1849,1936
GABRIEL,1336.6,352,True,68.0,True,3,C1:-9.0%/6b | C2:-15.2%/8b | C3:-5.8%/2b,False,False,False,1.83,True,1290.0,3.61,0.73,0.35,BROKEN OUT (fresh),No VCP,n/a,76,795.7,2026-03-30,2.35,974.33,1152.96,885.02,True,True,very strong (>2x1),1354.94,1373.41,1410.72,1318.38,1300.29,90,14,False,8/8 (52w high),8,4/8=1091.85 6/8=1239.93 7/8=1313.96,1369,2.42,False,1296,1369
SHILCTECH,4413.9,163,False,54.7,False,3,C1:-9.0%/3b | C2:-8.4%/6b | C3:-9.2%/6b,False,False,True,0.46,False,4631.7,-4.7,0.37,0.2,AT PIVOT (actionable),No VCP,n/a,118,2852.5,2026-01-27,10.105,4044.91,5237.32,3448.7,True,False,strong (>1x1),4447.18,4480.59,4547.77,4380.74,4347.71,120,2,True,5/8,5,4/8=4125.75 6/8=4762.38 7/8=5080.69,4356,1.31,True,4356,4489
QUESS,290.95,352,True,75.0,True,3,C1:-14.5%/7b | C2:-6.1%/3b | C3:-5.5%/3b,True,True,True,0.25,False,302.0,-3.66,0.27,0.53,AT PIVOT (actionable),No VCP,n/a,76,166.3,2026-03-30,0.613,212.93,259.55,189.61,True,True,very strong (>2x1),299.54,308.26,326.06,282.48,274.14,90,14,False,7/8 (exhaustion),7,4/8=243.6 6/8=282.25 7/8=301.57,289,0.67,True,289,324
POWERICA,572.65,75,False,56.8,False,3,C1:-6.0%/5b | C2:-25.2%/12b | C3:-20.5%/10b,False,False,True,0.82,False,676.95,-15.41,0.55,0.1,forming / still basing,No VCP,n/a,74,365.1,2026-04-02,1.238,456.68,548.25,410.89,True,True,very strong (>2x1),584.68,596.83,621.51,560.75,548.97,90,16,False,6/8 (75%),6,4/8=521.03 6/8=598.99 7/8=637.97,576,0.58,True,529,576
KRISHANA,140.45,352,True,62.9,True,3,C1:-10.8%/3b | C2:-17.1%/3b | C3:-5.9%/2b,False,True,True,0.56,True,141.35,-0.64,0.41,0.45,AT PIVOT (actionable),Moderate VCP,141.35-148.42,121,91.21,2026-01-21,0.262,122.95,154.69,107.08,True,False,strong (>1x1),146.44,152.55,165.15,134.59,128.85,144,23,True,7/8 (exhaustion),7,4/8=119.25 6/8=135.78 7/8=144.04,144,2.53,False,121,144
BIRLACABLE,182.57,351,True,75.5,True,3,C1:-21.2%/7b | C2:-22.0%/5b | C3:-22.7%/13b,False,False,True,0.29,False,195.99,-6.85,0.21,0.29,forming / still basing,No VCP,n/a,75,104.0,2026-03-30,0.544,144.77,185.55,124.39,True,False,strong (>1x1),189.39,196.33,210.59,175.88,169.31,90,15,False,5/8,5,4/8=172.5 6/8=206.75 7/8=223.88,196,7.36,False,169,196
PREMIERPOL,73.75,351,True,94.1,True,3,C1:-4.4%/5b | C2:-6.9%/2b | C3:-15.5%/5b,False,False,False,5.62,False,69.5,6.12,11.18,0.14,BROKEN OUT (fresh),No VCP,n/a,164,38.0,2025-11-19,0.182,67.87,97.74,52.94,True,False,strong (>1x1),78.11,82.59,91.93,69.52,65.41,180,16,False,7/8 (exhaustion),7,4/8=60.95 6/8=72.43 7/8=78.16,81,9.83,False,64,81
MUNJALAU,103.79,351,True,54.4,True,3,C1:-11.7%/5b | C2:-13.5%/4b | C3:-5.2%/1b,False,True,True,0.62,False,114.99,-9.74,0.16,0.47,forming / still basing,No VCP,n/a,75,67.2,2026-03-30,0.19,81.42,95.65,74.31,True,True,very strong (>2x1),108.95,114.23,125.17,98.76,93.85,90,15,False,7/8 (exhaustion),7,4/8=91.09 6/8=103.04 7/8=109.02,100,3.65,False,100,121
DBOL,111.78,351,True,62.0,True,3,C1:-9.5%/2b | C2:-5.9%/2b | C3:-7.0%/1b,False,True,False,2.24,False,122.08,-8.44,2.5,0.92,forming / still basing,No VCP,n/a,164,69.0,2025-11-19,0.245,109.17,149.35,89.09,True,False,strong (>1x1),117.13,122.6,133.93,106.56,101.46,180,16,False,6/8 (75%),6,4/8=99.86 6/8=115.3 7/8=123.01,121,8.25,False,100,121
GLAND,2449.0,351,True,55.6,True,3,C1:-6.4%/9b | C2:-9.5%/3b | C3:-5.7%/4b,False,False,True,0.65,True,2562.9,-4.44,0.42,0.13,AT PIVOT (actionable),Moderate VCP,2562.9-2691.04,85,1573.6,2026-03-16,3.968,1910.87,2248.14,1742.23,True,True,very strong (>2x1),2473.81,2498.74,2548.97,2424.32,2399.76,90,5,True,8/8 (52w high),8,4/8=2073.55 6/8=2323.52 7/8=2448.51,2401,1.96,True,2401,2500
AEROENTER,117.46,351,True,88.8,True,3,C1:-18.6%/17b | C2:-11.7%/2b | C3:-19.8%/7b,False,False,True,0.47,False,125.89,-6.7,0.3,0.49,forming / still basing,No VCP,n/a,80,62.2,2026-03-23,0.347,89.93,117.66,76.07,True,False,strong (>1x1),122.94,128.55,140.14,112.1,106.87,90,10,False,6/8 (75%),6,4/8=105.88 6/8=127.71 7/8=138.63,121,3.01,False,100,121
VINDHYATEL,1806.5,352,True,87.4,True,3,C1:-7.2%/3b | C2:-17.3%/6b | C3:-15.8%/6b,False,False,True,0.33,False,2050.0,-11.88,0.17,0.17,forming / still basing,No VCP,n/a,76,963.9,2026-03-30,6.036,1422.61,1881.33,1193.26,True,False,strong (>1x1),1827.81,1849.25,1892.51,1785.31,1764.25,90,14,False,5/8,5,4/8=1724.4 6/8=2104.65 7/8=2294.77,1849,2.35,False,1764,1849
CHENNPETRO,1200.6,352,True,93.4,True,3,C1:-10.9%/4b | C2:-7.8%/5b | C3:-7.1%/2b,True,False,False,2.47,True,1186.9,1.15,1.47,0.16,BROKEN OUT (fresh),Moderate VCP,1186.9-1246.25,128,765.5,2026-01-12,2.614,1100.15,1434.81,932.83,True,False,strong (>1x1),1217.99,1235.5,1270.9,1183.34,1166.2,144,16,False,8/8 (52w high),8,4/8=950.27 6/8=1114.99 7/8=1197.34,1225,2.03,False,1156,1225
BETA,2229.1,351,True,125.1,True,3,C1:-19.5%/4b | C2:-3.5%/4b | C3:-11.1%/5b,False,False,True,0.77,False,2395.0,-6.93,1.14,0.12,forming / still basing,No VCP,n/a,96,990.1,2026-02-25,5.691,1536.46,2082.82,1263.28,True,True,very strong (>2x1),2252.77,2276.56,2324.53,2205.56,2182.14,120,24,False,7/8 (exhaustion),7,4/8=1707.2 6/8=2065.75 7/8=2245.03,2209,0.9,True,2209,2304
526873,54.45,350,True,87.8,True,2,C1:-10.8%/2b | C2:-3.6%/8b,True,False,False,3.06,False,58.73,-7.29,9.68,0.75,forming / still basing,No VCP,n/a,113,29.0,2026-02-02,0.151,46.04,63.07,37.52,True,False,strong (>1x1),58.2,62.08,70.21,50.82,47.32,120,7,False,6/8 (75%),6,4/8=47.99 6/8=57.49 7/8=62.24,49,10.01,False,49,64
JINDALSAW,269.45,352,True,76.1,True,3,C1:-17.1%/5b | C2:-4.0%/2b | C3:-5.6%/4b,False,False,False,1.48,True,278.95,-3.41,0.77,0.93,AT PIVOT (actionable),No VCP,n/a,151,153.0,2025-12-09,0.5,228.47,303.94,190.74,True,False,strong (>1x1),277.72,286.11,303.28,261.31,253.29,180,29,False,8/8 (52w high),8,4/8=215.98 6/8=247.46 7/8=263.21,256,4.99,False,256,289
PANAMAPET,418.05,351,True,82.6,True,3,C1:-9.0%/5b | C2:-22.2%/5b | C3:-9.5%/2b,False,True,True,0.11,False,450.0,-7.1,0.07,0.13,forming / still basing,No VCP,n/a,75,229.0,2026-03-30,1.123,313.24,397.48,271.12,True,True,very strong (>2x1),428.34,438.75,459.94,407.89,397.85,90,15,False,6/8 (75%),6,4/8=370.52 6/8=441.29 7/8=476.67,400,4.32,False,400,441
KECL,119.11,352,True,57.8,True,3,C1:-17.2%/8b | C2:-23.4%/12b | C3:-10.9%/4b,False,False,False,1.95,False,122.03,-2.39,1.61,0.56,AT PIVOT (actionable),No VCP,n/a,118,75.47,2026-01-27,0.288,109.43,143.39,92.45,True,False,strong (>1x1),124.63,130.27,141.94,113.72,108.45,120,2,True,5/8,5,4/8=111.74 6/8=129.87 7/8=138.93,121,1.59,True,100,121
RADICO,4097.9,351,True,63.9,True,3,C1:-4.3%/4b | C2:-4.5%/1b | C3:-3.0%/5b,False,False,True,0.76,True,4137.0,-0.95,0.78,0.49,AT PIVOT (actionable),Moderate VCP,4137.0-4343.85,94,2500.0,2026-03-02,6.594,3119.88,3739.76,2809.94,True,True,very strong (>2x1),4129.97,4162.16,4226.93,4065.96,4034.14,120,26,True,8/8 (52w high),8,4/8=3330.9 6/8=3746.35 7/8=3954.07,4096,0.05,True,4096,4225
SOLARINDS,18467.0,351,True,58.6,True,3,C1:-10.1%/9b | C2:-6.2%/3b | C3:-9.3%/7b,False,False,True,0.58,True,18780.0,-1.67,0.56,0.64,AT PIVOT (actionable),Moderate VCP,18780.0-19719.0,143,11646.0,2025-12-18,29.071,15803.21,19960.43,13724.61,True,False,strong (>1x1),18535.01,18603.14,18739.79,18399.12,18331.36,144,1,True,8/8 (52w high),8,4/8=15309.0 6/8=17140.5 7/8=18056.25,18496,0.16,True,18225,18496
PANACEABIO,548.85,352,True,87.7,True,3,C1:-7.4%/4b | C2:-9.5%/6b | C3:-4.9%/3b,False,False,True,0.2,False,561.5,-2.25,0.24,0.34,AT PIVOT (actionable),No VCP,n/a,76,292.4,2026-03-30,1.407,399.34,506.29,345.87,True,True,very strong (>2x1),560.63,572.53,596.71,537.2,525.67,90,14,False,6/8 (75%),6,4/8=469.7 6/8=558.35 7/8=602.67,529,3.62,False,529,576
EMIL,128.77,352,True,51.7,True,3,C1:-20.9%/14b | C2:-5.8%/3b | C3:-10.5%/3b,False,True,True,0.67,False,136.53,-5.68,0.8,0.24,forming / still basing,No VCP,n/a,118,84.9,2026-01-27,0.332,124.05,163.19,104.47,True,False,strong (>1x1),134.51,140.37,152.47,123.16,117.67,120,2,True,5/8,5,4/8=126.7 6/8=147.6 7/8=158.05,121,6.03,False,121,144
SCANSTL,48.3,62,False,54.1,False,3,C1:-20.6%/16b | C2:-5.3%/2b | C3:-4.9%/2b,True,True,False,2.44,True,51.0,-5.29,0.78,0.32,forming / still basing,No VCP,n/a,61,31.35,2026-04-20,0.082,36.35,41.34,33.85,True,True,very strong (>2x1),51.84,55.5,63.2,44.89,41.6,90,29,True,7/8 (exhaustion),7,4/8=41.67 6/8=46.83 7/8=49.41,49,1.45,True,36,49
MANCREDIT,233.39,350,True,53.5,True,3,C1:-2.5%/2b | C2:-8.1%/2b | C3:-14.9%/3b,False,False,False,1.48,False,251.0,-7.02,0.81,0.71,forming / still basing,No VCP,n/a,120,152.06,2026-01-21,0.448,205.84,259.62,178.95,True,False,strong (>1x1),241.09,248.92,264.94,225.81,218.36,144,24,True,6/8 (75%),6,4/8=208.53 6/8=236.76 7/8=250.88,225,3.59,False,225,256
UNIMECH,1282.8,351,True,84.6,True,3,C1:-14.4%/10b | C2:-6.0%/2b | C3:-13.0%/6b,False,False,False,1.75,True,1228.0,4.46,1.09,0.42,BROKEN OUT (fresh),No VCP,n/a,75,695.0,2026-03-30,2.492,881.9,1068.81,788.45,True,True,very strong (>2x1),1300.77,1318.87,1355.43,1264.95,1247.23,90,15,False,8/8 (52w high),8,4/8=1009.0 6/8=1166.0 7/8=1244.5,1296,1.03,True,1225,1296
GOODLUCK,1546.6,351,True,69.0,True,3,C1:-6.8%/5b | C2:-8.2%/3b | C3:-3.9%/4b,False,False,False,1.0,True,1672.1,-7.51,0.48,0.46,forming / still basing,No VCP,n/a,79,915.0,2026-03-23,3.004,1152.34,1389.69,1033.67,True,True,very strong (>2x1),1566.33,1586.18,1626.25,1527.0,1507.52,90,11,False,7/8 (exhaustion),7,4/8=1293.55 6/8=1482.82 7/8=1577.46,1521,1.66,True,1521,1600
INGERRAND,4571.2,352,True,49.2,True,3,C1:-4.7%/1b | C2:-6.0%/7b | C3:-4.4%/3b,False,False,True,0.84,True,4512.2,1.31,1.72,0.13,BROKEN OUT (fresh),Moderate VCP,4512.2-4737.81,121,3063.3,2026-01-21,6.718,3876.16,4689.02,3469.73,True,False,strong (>1x1),4605.07,4639.06,4707.42,4537.46,4503.84,144,23,True,8/8 (52w high),8,4/8=3909.75 6/8=4332.98 7/8=4544.59,4624,1.16,True,4489,4624
YATHARTH,844.0,352,True,56.8,True,3,C1:-3.1%/3b | C2:-4.5%/1b | C3:-10.0%/3b,False,False,False,0.93,True,883.4,-4.46,0.3,0.21,AT PIVOT (actionable),No VCP,n/a,118,538.25,2026-01-27,1.395,702.91,867.57,620.58,True,False,strong (>1x1),858.59,873.3,903.1,829.54,815.2,120,2,True,7/8 (exhaustion),7,4/8=714.08 6/8=801.99 7/8=845.94,841,0.36,True,841,900
TARSONS,287.45,352,True,74.8,True,3,C1:-9.6%/6b | C2:-8.0%/2b | C3:-9.9%/5b,False,False,True,0.22,False,326.45,-11.95,0.13,0.11,forming / still basing,No VCP,n/a,76,164.45,2026-03-30,0.917,234.12,303.78,199.28,True,False,strong (>1x1),295.99,304.65,322.36,279.04,270.75,90,14,False,5/8,5,4/8=279.95 6/8=337.7 7/8=366.58,289,0.54,True,256,289
NARMADA,39.18,350,True,127.5,True,3,C1:-9.2%/1b | C2:-22.8%/1b | C3:-18.8%/5b,False,False,False,1.49,False,42.85,-8.56,3.57,0.76,forming / still basing,No VCP,n/a,135,19.9,2025-12-30,0.111,34.87,49.85,27.39,True,False,strong (>1x1),42.37,45.69,52.7,36.11,33.17,144,9,False,7/8 (exhaustion),7,4/8=31.19 6/8=38.18 7/8=41.68,36,8.12,False,36,49
SANGAMIND,636.95,350,True,86.5,True,3,C1:-3.6%/3b | C2:-4.3%/3b | C3:-8.5%/3b,False,True,False,7.18,True,562.0,13.34,1.02,0.69,extended past pivot,No VCP,n/a,75,410.1,2026-03-30,1.224,501.9,593.7,456.0,True,True,very strong (>2x1),649.63,662.44,688.43,624.39,611.96,90,15,False,8/8 (52w high),8,4/8=495.77 6/8=572.89 7/8=611.44,625,1.88,True,625,676
AARTIIND,493.95,352,True,46.1,True,3,C1:-15.4%/11b | C2:-9.9%/10b | C3:-7.8%/2b,True,True,False,1.24,True,501.0,-1.41,0.85,0.41,AT PIVOT (actionable),Moderate VCP,501.0-526.05,121,338.05,2026-01-21,0.734,426.9,515.76,382.48,True,False,strong (>1x1),505.12,516.42,539.4,482.9,471.98,144,23,True,7/8 (exhaustion),7,4/8=430.57 6/8=476.84 7/8=499.97,484,2.01,False,484,529
CORONA,2062.2,147,False,54.3,False,3,C1:-8.6%/7b | C2:-7.8%/2b | C3:-5.6%/3b,True,False,True,0.57,True,2075.9,-0.66,0.5,0.57,AT PIVOT (actionable),No VCP,n/a,140,1336.6,2025-12-23,3.123,1773.88,2211.16,1555.24,True,False,strong (>1x1),2084.97,2107.86,2154.02,2039.56,2017.04,144,4,True,8/8 (52w high),8,4/8=1730.15 6/8=1926.92 7/8=2025.31,2025,1.8,True,2025,2116
TMB,797.35,351,True,93.6,True,3,C1:-3.4%/5b | C2:-8.0%/6b | C3:-6.4%/3b,False,False,True,0.72,True,799.4,-0.26,0.35,0.58,AT PIVOT (actionable),Moderate VCP,799.4-839.37,179,460.05,2025-10-28,1.625,750.85,1041.66,605.45,True,False,strong (>1x1),811.53,825.84,854.82,783.29,769.36,180,1,True,8/8 (52w high),8,4/8=616.5 6/8=718.85 7/8=770.03,784,1.67,True,784,841
OPTIEMUS,588.95,351,True,104.5,True,3,C1:-11.4%/5b | C2:-11.3%/5b | C3:-3.1%/4b,True,True,False,1.11,False,476.0,23.73,1.01,0.73,extended past pivot,No VCP,n/a,76,288.0,2026-03-30,1.687,416.17,544.35,352.09,True,True,very strong (>2x1),601.15,613.47,638.49,576.88,564.93,90,14,False,6/8 (75%),6,4/8=500.5 6/8=606.75 7/8=659.88,576,2.2,False,576,625
MANORAMA,1591.5,352,True,50.1,True,3,C1:-5.9%/2b | C2:-10.2%/6b | C3:-3.6%/1b,False,False,True,0.72,False,1632.0,-2.48,0.42,0.49,AT PIVOT (actionable),No VCP,n/a,120,1060.6,2026-01-22,2.775,1393.65,1726.7,1227.12,True,False,strong (>1x1),1611.51,1631.64,1672.29,1571.62,1551.86,144,24,True,7/8 (exhaustion),7,4/8=1410.3 6/8=1585.15 7/8=1672.57,1600,0.53,True,1521,1600
SANGHVIMOV,421.2,352,True,88.2,True,3,C1:-6.8%/2b | C2:-4.2%/2b | C3:-8.1%/3b,False,False,True,0.75,False,473.0,-10.95,0.56,0.4,forming / still basing,No VCP,n/a,85,223.8,2026-03-16,0.989,307.86,391.91,265.83,True,True,very strong (>2x1),431.52,441.97,463.25,411.0,400.93,90,5,True,7/8 (exhaustion),7,4/8=348.4 6/8=410.7 7/8=441.85,441,4.7,False,400,441
ASIANENE,356.65,352,True,55.1,True,3,C1:-6.0%/2b | C2:-11.7%/6b | C3:-18.4%/11b,False,False,True,0.72,False,384.9,-7.34,0.3,0.12,forming / still basing,No VCP,n/a,120,230.0,2026-01-22,0.643,307.14,384.29,268.57,True,False,strong (>1x1),366.16,375.79,395.42,347.27,338.01,144,24,True,7/8 (exhaustion),7,4/8=311.0 6/8=351.5 7/8=371.75,361,1.22,True,324,361
PGIL,2041.3,351,True,73.3,True,3,C1:-8.2%/2b | C2:-5.9%/3b | C3:-9.4%/5b,False,False,True,0.46,True,2073.3,-1.54,0.45,0.75,AT PIVOT (actionable),Moderate VCP,2073.3-2176.97,172,1286.0,2025-11-07,3.721,1925.95,2565.9,1605.97,True,False,strong (>1x1),2063.95,2086.73,2132.66,2018.77,1996.37,180,8,False,8/8 (52w high),8,4/8=1646.9 6/8=1881.3 7/8=1998.5,2025,0.8,True,2025,2116
TRIVENI,472.15,352,True,48.7,True,3,C1:-6.5%/5b | C2:-3.3%/3b | C3:-5.4%/4b,False,False,False,1.5,True,485.6,-2.77,0.85,0.71,AT PIVOT (actionable),No VCP,n/a,121,317.55,2026-01-21,0.685,400.4,483.25,358.98,True,False,strong (>1x1),483.08,494.13,516.61,461.35,450.67,144,23,True,8/8 (52w high),8,4/8=403.82 6/8=446.96 7/8=468.53,484,2.51,False,441,484
LUXIND,1278.2,352,True,55.1,True,3,C1:-6.0%/2b | C2:-6.1%/1b | C3:-6.0%/3b,False,False,True,0.75,False,1324.8,-3.52,0.3,0.23,AT PIVOT (actionable),No VCP,n/a,76,824.05,2026-03-30,3.965,1125.43,1426.8,974.74,True,False,strong (>1x1),1296.14,1314.2,1350.7,1260.39,1242.7,90,14,False,4/8 (50%),4,4/8=1323.7 6/8=1573.52 7/8=1698.44,1296,1.39,True,1225,1296
ASTERDM,819.9,352,True,57.9,True,3,C1:-9.0%/3b | C2:-7.3%/2b | C3:-3.6%/3b,True,False,True,0.74,True,800.6,2.41,0.8,0.58,BROKEN OUT (fresh),Strong VCP,800.6-840.63,112,519.1,2026-02-04,1.26,660.17,801.23,589.63,True,True,very strong (>2x1),834.28,848.78,878.17,805.65,791.52,120,8,False,8/8 (52w high),8,4/8=677.8 6/8=757.15 7/8=796.82,841,2.57,False,784,841
530249,17.45,350,True,73.6,True,3,C1:-10.8%/7b | C2:-7.9%/4b | C3:-6.3%/4b,True,True,False,2.78,False,18.95,-7.92,1.05,0.48,forming / still basing,No VCP,n/a,93,10.1,2026-03-02,0.035,13.4,16.7,11.75,True,True,very strong (>2x1),19.6,21.88,26.8,15.42,13.52,120,27,True,7/8 (exhaustion),7,4/8=14.52 6/8=16.75 7/8=17.87,16,8.31,False,16,25
DIFFNKG,380.25,350,True,75.4,True,3,C1:-10.7%/1b | C2:-7.4%/4b | C3:-11.6%/4b,False,False,True,0.48,False,405.85,-6.31,0.37,0.14,forming / still basing,No VCP,n/a,81,216.8,2026-03-19,0.871,287.32,357.84,252.06,True,True,very strong (>2x1),390.06,400.0,420.25,370.56,361.0,90,9,False,6/8 (75%),6,4/8=326.5 6/8=381.35 7/8=408.78,361,5.06,False,361,400
542669,53.03,350,True,103.5,True,3,C1:-11.1%/1b | C2:-5.9%/2b | C3:-10.9%/8b,False,False,True,0.24,False,55.8,-4.96,0.35,0.76,AT PIVOT (actionable),No VCP,n/a,75,26.06,2026-03-30,0.155,37.71,49.35,31.88,True,True,very strong (>2x1),56.73,60.56,68.59,49.45,46.0,90,15,False,6/8 (75%),6,4/8=45.63 6/8=55.41 7/8=60.3,49,7.6,False,49,64
SFL,761.1,352,True,66.6,True,3,C1:-10.2%/8b | C2:-3.6%/3b | C3:-4.7%/3b,False,True,False,0.89,False,819.05,-7.08,0.5,0.83,forming / still basing,No VCP,n/a,76,456.8,2026-03-30,1.477,569.04,681.27,512.92,True,True,very strong (>2x1),774.96,788.94,817.28,747.37,733.76,90,14,False,7/8 (exhaustion),7,4/8=642.88 6/8=735.91 7/8=782.43,784,3.01,False,729,784
IKIO,219.37,352,True,111.9,True,3,C1:-4.1%/3b | C2:-9.7%/9b | C3:-12.9%/3b,False,False,False,2.1,False,204.28,7.39,5.71,0.45,BROKEN OUT (fresh),No VCP,n/a,76,103.53,2026-03-30,0.593,148.58,193.63,126.05,True,True,very strong (>2x1),226.84,234.43,249.99,212.03,204.81,90,14,False,7/8 (exhaustion),7,4/8=178.21 6/8=215.56 7/8=234.23,225,2.57,False,196,225
RAMRAT,410.75,351,True,53.3,True,3,C1:-7.2%/1b | C2:-13.4%/4b | C3:-6.3%/3b,False,False,True,0.62,False,432.3,-4.98,1.62,0.05,AT PIVOT (actionable),No VCP,n/a,122,268.0,2026-01-20,1.0,390.0,512.0,329.0,True,False,strong (>1x1),420.95,431.27,452.28,400.68,390.73,144,22,True,5/8,5,4/8=394.0 6/8=457.0 7/8=488.5,400,2.62,False,400,441
GOKEX,827.8,352,True,55.9,True,3,C1:-8.0%/6b | C2:-4.1%/3b | C3:-10.7%/5b,False,False,True,0.63,False,862.0,-3.97,0.51,0.67,AT PIVOT (actionable),No VCP,n/a,118,531.0,2026-01-27,1.682,729.49,927.99,630.25,True,False,strong (>1x1),842.25,856.82,886.34,813.48,799.28,120,2,True,6/8 (75%),6,4/8=742.95 6/8=848.93 7/8=901.91,841,1.59,True,784,841
GANESHBE,104.41,351,True,52.6,True,3,C1:-11.8%/9b | C2:-15.5%/8b | C3:-10.1%/4b,False,True,False,1.1,False,104.9,-0.47,0.4,0.31,AT PIVOT (actionable),No VCP,n/a,114,68.4,2026-02-02,0.197,90.84,113.28,79.62,True,False,strong (>1x1),109.58,114.88,125.85,99.36,94.44,120,6,False,6/8 (75%),6,4/8=93.2 6/8=105.6 7/8=111.8,100,4.22,False,100,121
MAWANASUG,113.27,352,True,50.9,True,3,C1:-21.0%/21b | C2:-5.9%/3b | C3:-15.4%/6b,False,False,False,1.0,False,115.5,-1.93,0.72,0.3,AT PIVOT (actionable),No VCP,n/a,85,75.08,2026-03-16,0.193,91.5,107.91,83.29,True,True,very strong (>2x1),118.65,124.16,135.56,108.01,102.88,90,5,True,7/8 (exhaustion),7,4/8=99.42 6/8=111.58 7/8=117.67,121,6.82,False,100,121
PIXTRANS,1798.0,350,True,47.4,True,3,C1:-4.0%/3b | C2:-3.7%/3b | C3:-11.0%/7b,False,False,True,0.35,True,1930.0,-6.84,0.17,0.27,forming / still basing,Moderate VCP,1930.0-2026.5,120,1252.0,2026-01-21,2.848,1593.81,1935.62,1422.9,True,False,strong (>1x1),1819.26,1840.65,1883.81,1776.86,1755.85,144,24,True,7/8 (exhaustion),7,4/8=1579.0 6/8=1758.45 7/8=1848.18,1764,1.89,True,1764,1849
FINCABLES,1017.3,352,True,45.2,True,3,C1:-6.9%/3b | C2:-7.8%/3b | C3:-14.5%/7b,False,False,True,0.4,False,1076.0,-5.46,0.35,0.05,forming / still basing,No VCP,n/a,115,700.8,2026-01-30,1.996,930.39,1159.98,815.59,True,False,strong (>1x1),1033.31,1049.45,1082.09,1001.41,985.65,120,5,True,6/8 (75%),6,4/8=952.35 6/8=1078.13 7/8=1141.01,1024,0.66,True,961,1024
SSWL,266.21,351,True,57.5,True,3,C1:-7.2%/3b | C2:-5.2%/3b | C3:-7.8%/3b,False,True,False,5.0,True,254.3,4.68,1.4,0.61,BROKEN OUT (fresh),No VCP,n/a,76,169.0,2026-03-30,0.452,203.38,237.76,186.19,True,True,very strong (>2x1),274.43,282.78,299.84,258.11,250.14,90,14,False,7/8 (exhaustion),7,4/8=226.0 6/8=254.5 7/8=268.75,256,3.84,False,256,289
PRITIKAUTO,18.29,351,True,75.7,True,3,C1:-5.5%/1b | C2:-21.4%/11b | C3:-26.2%/6b,False,False,True,0.82,False,19.25,-4.99,0.34,0.75,AT PIVOT (actionable),No VCP,n/a,76,10.41,2026-03-30,0.042,13.61,16.8,12.01,True,True,very strong (>2x1),20.49,22.82,27.84,16.21,14.26,90,14,False,6/8 (75%),6,4/8=15.71 6/8=18.36 7/8=19.69,16,12.52,False,16,25
PRIVISCL,3676.5,351,True,69.2,True,3,C1:-7.2%/7b | C2:-3.9%/3b | C3:-6.6%/4b,False,False,True,0.48,True,3755.0,-2.09,0.54,0.66,AT PIVOT (actionable),Moderate VCP,3755.0-3942.75,121,2570.8,2026-01-21,6.297,3332.72,4094.63,2951.76,True,False,strong (>1x1),3706.88,3737.38,3798.77,3646.25,3616.12,144,23,True,8/8 (52w high),8,4/8=2966.6 6/8=3363.3 7/8=3561.65,3721,1.21,True,3600,3721
NDLVENTURE,128.18,350,True,106.0,True,3,C1:-5.2%/2b | C2:-7.1%/4b | C3:-4.9%/4b,False,False,True,0.43,False,133.4,-3.91,0.41,0.07,AT PIVOT (actionable),No VCP,n/a,176,83.0,2025-10-30,0.309,137.33,191.66,110.16,False,False,moderate (>1x2),133.9,139.75,151.82,122.58,117.11,180,4,True,7/8 (exhaustion),7,4/8=101.1 6/8=120.55 7/8=130.28,121,5.6,False,121,144
PSPPROJECT,1046.3,350,True,83.8,True,3,C1:-8.1%/5b | C2:-3.7%/2b | C3:-4.4%/3b,False,False,True,0.64,False,1143.0,-8.46,0.32,0.28,forming / still basing,No VCP,n/a,75,569.2,2026-03-30,2.277,739.97,910.75,654.59,True,True,very strong (>2x1),1062.54,1078.9,1111.99,1030.19,1014.2,90,15,False,7/8 (exhaustion),7,4/8=856.1 6/8=999.55 7/8=1071.28,1024,2.13,False,1024,1089
KRISHNADEF,1281.1,351,True,92.6,True,3,C1:-9.6%/3b | C2:-15.6%/7b | C3:-4.2%/2b,False,False,True,0.45,False,1331.9,-3.81,0.4,0.42,AT PIVOT (actionable),No VCP,n/a,143,665.0,2025-12-18,2.917,1082.08,1499.17,873.54,True,False,strong (>1x1),1299.06,1317.14,1353.68,1263.27,1245.56,144,1,True,7/8 (exhaustion),7,4/8=1032.5 6/8=1216.25 7/8=1308.12,1296,1.16,True,1225,1296
NAM-INDIA,1186.5,352,True,52.1,True,3,C1:-9.2%/5b | C2:-5.0%/3b | C3:-5.7%/3b,False,True,False,0.85,True,1227.0,-3.3,0.88,0.83,AT PIVOT (actionable),No VCP,n/a,118,795.8,2026-01-27,1.799,1008.04,1220.27,901.92,True,False,strong (>1x1),1203.79,1221.2,1256.39,1169.34,1152.3,120,2,True,8/8 (52w high),8,4/8=1006.88 6/8=1120.19 7/8=1176.84,1156,2.57,False,1156,1225
NELCAST,128.43,351,True,49.4,True,3,C1:-8.3%/2b | C2:-10.3%/2b | C3:-7.8%/3b,False,False,True,0.61,False,158.68,-19.06,0.55,0.19,forming / still basing,No VCP,n/a,115,85.98,2026-01-30,0.377,129.3,172.61,107.64,False,False,moderate (>1x2),134.16,140.01,152.1,122.83,117.35,120,5,True,4/8 (50%),4,4/8=133.44 6/8=157.17 7/8=169.03,121,5.79,False,121,144
LLOYDSENT,77.9,351,True,91.4,True,3,C1:-16.2%/8b | C2:-9.5%/3b | C3:-11.0%/2b,False,True,False,2.48,False,78.75,-1.08,1.42,0.5,AT PIVOT (actionable),No VCP,n/a,76,40.69,2026-03-30,0.203,56.12,71.55,48.4,True,True,very strong (>2x1),82.38,86.98,96.55,73.55,69.32,90,14,False,6/8 (75%),6,4/8=66.27 6/8=79.06 7/8=85.45,81,3.98,False,64,81
NIBE,1505.4,352,True,85.9,True,3,C1:-13.5%/4b | C2:-13.8%/5b | C3:-12.5%/6b,False,False,True,0.27,False,1647.6,-8.63,0.19,0.31,forming / still basing,No VCP,n/a,76,809.6,2026-03-30,4.121,1122.77,1435.94,966.18,True,True,very strong (>2x1),1524.86,1544.45,1584.0,1486.06,1466.85,90,14,False,6/8 (75%),6,4/8=1328.8 6/8=1588.4 7/8=1718.2,1521,1.04,True,1444,1521
JASH,520.45,350,True,59.1,True,3,C1:-3.9%/1b | C2:-14.7%/5b | C3:-15.3%/10b,False,False,True,0.64,False,548.0,-5.03,0.42,0.61,forming / still basing,No VCP,n/a,75,327.1,2026-03-30,1.174,415.14,503.17,371.12,True,True,very strong (>2x1),531.92,543.51,567.08,509.11,497.89,90,15,False,6/8 (75%),6,4/8=475.0 6/8=548.95 7/8=585.93,529,1.64,True,484,529
539479,69.63,350,True,67.6,True,3,C1:-20.0%/5b | C2:-5.0%/1b | C3:-7.5%/2b,False,False,True,0.51,False,83.9,-17.01,0.39,0.32,forming / still basing,No VCP,n/a,120,41.55,2026-01-21,0.217,67.58,93.62,54.57,True,False,strong (>1x1),73.86,78.22,87.32,65.52,61.54,144,24,True,5/8,5,4/8=68.89 6/8=82.55 7/8=89.39,64,8.09,False,64,81
LANDMARK,526.25,351,True,55.0,True,3,C1:-7.4%/2b | C2:-7.9%/3b | C3:-8.8%/6b,False,False,False,8.64,False,460.5,14.28,3.78,0.84,extended past pivot,No VCP,n/a,87,339.5,2026-03-12,1.283,451.12,562.73,395.31,True,False,strong (>1x1),537.78,549.44,573.13,514.84,503.56,90,3,True,5/8,5,4/8=501.15 6/8=581.97 7/8=622.39,529,0.52,True,484,529
SUNFLAG,344.65,352,True,79.4,True,3,C1:-19.6%/5b | C2:-8.6%/5b | C3:-12.6%/4b,False,True,True,0.65,False,370.0,-6.85,0.49,0.38,forming / still basing,No VCP,n/a,76,192.15,2026-03-30,0.936,263.28,334.41,227.71,True,True,very strong (>2x1),353.99,363.46,382.78,335.43,326.34,90,14,False,6/8 (75%),6,4/8=310.07 6/8=369.04 7/8=398.52,361,4.74,False,324,361
NELCO,867.15,352,True,73.4,True,3,C1:-4.3%/3b | C2:-14.0%/4b | C3:-8.7%/5b,False,False,True,0.43,False,909.9,-4.7,0.52,0.64,AT PIVOT (actionable),No VCP,n/a,76,500.1,2026-03-30,1.959,648.99,797.89,574.55,True,True,very strong (>2x1),881.94,896.85,927.04,852.49,837.95,90,14,False,6/8 (75%),6,4/8=746.95 6/8=870.37 7/8=932.09,841,3.02,False,841,900
GREENPLY,315.35,352,True,78.7,True,3,C1:-3.1%/3b | C2:-4.2%/3b | C3:-5.3%/2b,False,True,True,0.61,False,326.85,-3.52,1.28,0.26,AT PIVOT (actionable),No VCP,n/a,76,176.42,2026-03-30,0.697,229.36,282.3,202.89,True,True,very strong (>2x1),324.29,333.36,351.87,306.53,297.84,90,14,False,7/8 (exhaustion),7,4/8=264.19 6/8=308.07 7/8=330.01,324,2.74,False,289,324
TVSSCS,135.54,351,True,50.1,True,3,C1:-12.1%/4b | C2:-8.5%/4b | C3:-8.4%/4b,True,True,True,0.62,True,146.5,-7.48,0.56,0.31,forming / still basing,Strong VCP,146.5-153.83,75,90.32,2026-03-30,0.223,107.04,123.76,98.68,True,True,very strong (>2x1),141.42,147.43,159.82,129.78,124.15,90,15,False,7/8 (exhaustion),7,4/8=118.41 6/8=132.45 7/8=139.48,144,6.24,False,121,144
ITDC,743.95,351,True,102.2,True,3,C1:-19.9%/4b | C2:-9.3%/7b | C3:-11.5%/3b,False,False,False,2.02,False,768.7,-3.22,1.07,0.31,AT PIVOT (actionable),No VCP,n/a,75,368.0,2026-03-30,1.794,502.52,637.05,435.26,True,True,very strong (>2x1),757.65,771.48,799.5,730.37,716.92,90,15,False,7/8 (exhaustion),7,4/8=594.0 6/8=707.0 7/8=763.5,729,2.01,False,729,784
SETCO,18.01,350,False,55.8,False,3,C1:-17.4%/9b | C2:-44.3%/1b | C3:-20.0%/15b,False,False,True,0.65,False,19.28,-6.59,0.31,1.0,forming / still basing,No VCP,n/a,115,11.56,2026-01-29,0.068,19.35,27.13,15.45,False,False,moderate (>1x2),20.19,22.5,27.5,15.95,14.02,120,5,True,4/8 (50%),4,4/8=20.09 6/8=24.36 7/8=26.49,16,11.16,False,16,25
GSPCROP,492.2,80,False,50.1,False,3,C1:-7.0%/4b | C2:-19.2%/9b | C3:-10.9%/2b,False,False,False,2.31,True,411.85,19.51,1.43,0.72,extended past pivot,No VCP,n/a,79,328.0,2026-03-24,0.687,382.23,436.47,355.12,True,True,very strong (>2x1),503.36,514.64,537.57,481.17,470.26,90,11,False,8/8 (52w high),8,4/8=414.5 6/8=457.75 7/8=479.38,484,1.67,True,484,529
ABDL,616.55,351,True,61.4,True,3,C1:-4.3%/3b | C2:-12.1%/6b | C3:-5.7%/3b,False,False,False,0.98,False,711.7,-13.37,0.4,0.26,forming / still basing,No VCP,n/a,79,382.1,2026-03-23,1.308,485.43,588.75,433.76,True,True,very strong (>2x1),629.03,641.63,667.21,604.2,591.97,90,11,False,6/8 (75%),6,4/8=546.9 6/8=629.3 7/8=670.5,625,1.37,True,576,625
SONAMLTD,56.13,350,True,50.1,True,3,C1:-12.0%/5b | C2:-9.3%/9b | C3:-5.4%/5b,True,False,False,1.76,False,55.65,0.86,0.51,0.26,BROKEN OUT (fresh),No VCP,n/a,116,37.4,2026-01-28,0.102,49.18,60.97,43.29,True,False,strong (>1x1),59.94,63.87,72.11,52.45,48.89,120,4,True,6/8 (75%),6,4/8=50.2 6/8=56.6 7/8=59.8,49,12.7,False,49,64
JGCHEM,445.45,351,True,49.3,True,3,C1:-7.2%/2b | C2:-9.1%/3b | C3:-3.7%/4b,False,False,False,0.97,False,459.0,-2.95,0.82,0.5,AT PIVOT (actionable),No VCP,n/a,117,298.4,2026-01-27,1.03,418.93,539.46,358.66,True,False,strong (>1x1),456.07,466.81,488.66,434.96,424.59,120,3,True,5/8,5,4/8=428.2 6/8=493.1 7/8=525.55,441,1.0,True,441,484
WELSPUNLIV,164.4,352,True,53.5,True,3,C1:-3.2%/3b | C2:-7.4%/4b | C3:-5.9%/3b,False,False,False,0.86,True,174.97,-6.04,0.48,0.7,forming / still basing,No VCP,n/a,76,107.1,2026-03-30,0.269,127.57,148.04,117.33,True,True,very strong (>2x1),170.87,177.47,191.04,158.05,151.83,90,14,False,7/8 (exhaustion),7,4/8=141.03 6/8=158.0 7/8=166.49,169,2.8,False,144,169
BELRISE,226.91,286,True,94.4,True,3,C1:-4.0%/3b | C2:-5.5%/3b | C3:-11.9%/10b,False,False,False,1.11,False,239.26,-5.16,1.15,0.2,forming / still basing,No VCP,n/a,175,142.59,2025-11-04,0.537,236.53,330.48,189.56,False,False,moderate (>1x2),234.5,242.22,258.04,219.44,212.1,180,5,True,7/8 (exhaustion),7,4/8=184.36 6/8=218.18 7/8=235.09,225,0.84,True,225,256
WELSPLSOL,53.21,61,False,46.8,False,3,C1:-4.2%/5b | C2:-17.4%/3b | C3:-11.7%/3b,False,True,True,0.27,False,63.25,-15.87,0.26,0.67,forming / still basing,No VCP,n/a,60,36.25,2026-04-21,0.107,42.68,49.11,39.46,True,True,very strong (>2x1),56.92,60.75,68.8,49.63,46.17,90,30,True,6/8 (75%),6,4/8=49.75 6/8=56.5 7/8=59.88,49,7.91,False,49,64
ZYDUSWELL,586.45,352,True,59.6,True,3,C1:-6.6%/2b | C2:-7.1%/3b | C3:-7.8%/3b,False,False,True,0.39,True,599.9,-2.24,0.31,0.12,AT PIVOT (actionable),Moderate VCP,599.9-629.9,94,367.55,2026-03-02,0.954,457.24,546.93,412.4,True,True,very strong (>2x1),598.62,610.92,635.88,574.4,562.48,120,26,True,8/8 (52w high),8,4/8=487.77 6/8=547.89 7/8=577.94,576,1.78,True,576,625
FERMENTA,432.65,62,False,73.9,False,3,C1:-7.8%/4b | C2:-11.4%/8b | C3:-10.4%/5b,False,False,False,2.48,False,375.95,15.08,1.12,0.07,extended past pivot,No VCP,n/a,52,248.85,2026-05-04,0.915,296.43,344.02,272.64,True,True,very strong (>2x1),443.11,453.7,475.25,422.31,412.1,60,8,False,7/8 (exhaustion),7,4/8=364.15 6/8=421.8 7/8=450.63,441,1.93,True,400,441
VOLTAMP,9522.0,352,True,42.8,True,3,C1:-5.6%/2b | C2:-6.3%/2b | C3:-10.7%/6b,False,False,False,1.02,False,10485.0,-9.18,0.75,0.85,forming / still basing,No VCP,n/a,118,6666.0,2026-01-27,24.591,9567.77,12469.54,8116.88,False,False,moderate (>1x2),9570.85,9619.83,9718.16,9473.27,9424.67,120,2,True,4/8 (50%),4,4/8=9764.5 6/8=11313.75 7/8=12088.38,9604,0.86,True,9409,9604
MMWL,14.13,63,False,56.7,False,3,C1:-18.4%/8b | C2:-12.8%/7b | C3:-6.4%/4b,True,True,True,0.51,False,13.8,2.39,2.06,0.99,BROKEN OUT (fresh),No VCP,n/a,54,9.02,2026-05-04,0.029,10.59,12.16,9.8,True,True,very strong (>2x1),16.07,18.14,22.65,12.31,10.62,60,6,False,6/8 (75%),6,4/8=12.68 6/8=14.51 7/8=15.43,16,13.23,False,9,16
SAIPARENT,556.1,74,False,39.0,False,3,C1:-11.3%/4b | C2:-3.1%/2b | C3:-7.1%/2b,False,True,True,0.37,False,706.0,-21.23,0.59,0.47,forming / still basing,No VCP,n/a,73,400.0,2026-04-02,1.214,488.64,577.29,444.32,True,False,strong (>1x1),567.95,579.93,604.26,544.37,532.77,90,17,False,5/8,5,4/8=553.0 6/8=629.5 7/8=667.75,576,3.58,False,529,576
SUTLEJTEX,39.25,352,True,63.5,True,3,C1:-11.1%/4b | C2:-7.1%/1b | C3:-5.6%/1b,True,True,True,0.6,False,38.2,2.75,0.82,0.29,BROKEN OUT (fresh),No VCP,n/a,76,24.0,2026-03-30,0.103,31.8,39.59,27.9,True,False,strong (>1x1),42.44,45.76,52.78,36.18,33.24,90,14,False,5/8,5,4/8=36.92 6/8=43.39 7/8=46.62,36,8.28,False,36,49
MARINE,249.75,352,True,65.6,True,3,C1:-18.6%/6b | C2:-10.9%/1b | C3:-16.7%/5b,False,False,True,0.58,False,260.9,-4.27,0.44,0.59,AT PIVOT (actionable),No VCP,n/a,76,150.86,2026-03-30,0.583,195.21,239.55,173.03,True,True,very strong (>2x1),257.71,265.8,282.36,241.91,234.2,90,14,False,6/8 (75%),6,4/8=224.38 6/8=261.14 7/8=279.52,256,2.5,False,225,256
544141,270.0,350,True,57.0,True,3,C1:-4.9%/3b | C2:-8.1%/5b | C3:-4.5%/5b,False,False,False,3.2,False,290.0,-6.9,1.53,0.68,forming / still basing,No VCP,n/a,120,185.0,2026-01-21,0.643,262.12,339.24,223.56,True,False,strong (>1x1),278.28,286.68,303.86,261.85,253.82,144,24,True,5/8,5,4/8=252.98 6/8=293.46 7/8=313.71,256,5.19,False,256,289
XPROINDIA,1397.3,352,True,77.3,True,3,C1:-13.2%/7b | C2:-7.2%/2b | C3:-9.1%/3b,False,False,True,0.37,False,1470.0,-4.95,0.29,0.91,AT PIVOT (actionable),No VCP,n/a,85,788.05,2026-03-16,3.122,1053.42,1318.79,920.74,True,True,very strong (>2x1),1416.05,1434.93,1473.06,1378.67,1360.17,90,5,True,7/8 (exhaustion),7,4/8=1181.43 6/8=1378.11 7/8=1476.46,1369,2.03,False,1369,1444
OAL,358.75,351,True,57.3,True,3,C1:-4.9%/2b | C2:-10.2%/5b | C3:-14.4%/8b,False,False,False,1.01,False,352.4,1.8,0.54,0.23,BROKEN OUT (fresh),No VCP,n/a,76,228.0,2026-03-30,0.77,286.51,345.02,257.25,True,True,very strong (>2x1),368.28,377.94,397.63,349.34,340.06,90,14,False,6/8 (75%),6,4/8=325.0 6/8=373.5 7/8=397.75,361,0.63,True,324,361
TARIL,332.5,352,False,48.4,False,3,C1:-7.4%/4b | C2:-12.2%/6b | C3:-12.6%/5b,False,False,True,0.38,False,350.6,-5.16,0.29,0.45,forming / still basing,No VCP,n/a,114,224.05,2026-02-02,1.407,384.4,544.74,304.22,False,False,moderate (>1x2),341.68,350.98,369.97,323.45,314.52,120,6,False,3/8,3,4/8=401.28 6/8=489.89 7/8=534.19,324,2.56,False,324,361
WOCKPHARMA,1900.7,352,True,74.9,True,3,C1:-3.9%/3b | C2:-24.9%/7b | C3:-12.2%/17b,False,False,True,0.36,False,2049.0,-7.24,0.35,0.91,forming / still basing,No VCP,n/a,80,1086.7,2026-03-23,5.3,1510.7,1934.7,1298.7,True,False,strong (>1x1),1922.56,1944.55,1988.89,1878.96,1857.35,90,10,False,5/8,5,4/8=1754.5 6/8=2088.4 7/8=2255.35,1936,1.86,True,1849,1936
RANEHOLDIN,1729.2,352,True,76.3,True,3,C1:-10.5%/6b | C2:-9.6%/6b | C3:-12.5%/3b,False,True,True,0.2,True,1837.7,-5.9,0.17,0.5,forming / still basing,Moderate VCP,1837.7-1929.58,76,981.0,2026-03-30,3.4,1239.37,1497.74,1110.18,True,True,very strong (>2x1),1750.05,1771.03,1813.37,1708.47,1687.87,90,14,False,7/8 (exhaustion),7,4/8=1409.35 6/8=1623.52 7/8=1730.61,1764,2.01,False,1681,1764
COSMOFIRST,835.05,351,True,48.9,True,3,C1:-13.0%/9b | C2:-6.6%/5b | C3:-8.0%/2b,False,True,True,0.55,False,874.8,-4.54,0.74,0.39,AT PIVOT (actionable),No VCP,n/a,114,560.8,2026-02-02,2.449,840.01,1119.22,700.4,False,False,moderate (>1x2),849.56,864.2,893.84,820.66,806.4,120,6,False,4/8 (50%),4,4/8=869.4 6/8=1023.7 7/8=1100.85,841,0.71,True,784,841
VIJAYA,1341.3,351,True,58.2,True,3,C1:-7.1%/2b | C2:-6.6%/2b | C3:-7.6%/4b,False,False,False,1.01,True,1410.0,-4.87,2.61,0.25,AT PIVOT (actionable),No VCP,n/a,76,848.0,2026-03-30,2.349,1026.54,1205.08,937.27,True,True,very strong (>2x1),1359.67,1378.17,1415.55,1323.05,1304.93,90,14,False,7/8 (exhaustion),7,4/8=1144.0 6/8=1292.0 7/8=1366.0,1369,2.07,False,1296,1369
KPRMILL,1140.3,352,True,43.2,True,3,C1:-7.0%/3b | C2:-15.7%/3b | C3:-11.0%/5b,False,False,True,0.41,False,1231.0,-7.37,0.36,0.42,forming / still basing,No VCP,n/a,87,796.1,2026-03-12,2.135,981.8,1167.51,888.95,True,False,strong (>1x1),1157.25,1174.32,1208.84,1123.48,1106.78,90,3,True,6/8 (75%),6,4/8=1065.05 6/8=1199.52 7/8=1266.76,1156,1.38,True,1089,1156
BEPL,113.1,352,True,52.4,True,3,C1:-7.5%/3b | C2:-10.7%/9b | C3:-8.4%/3b,False,False,False,2.83,True,104.47,8.26,4.06,0.85,extended past pivot,No VCP,n/a,90,74.2,2026-03-09,0.174,89.84,105.49,82.02,True,True,very strong (>2x1),118.48,123.98,135.37,107.85,102.72,120,30,True,8/8 (52w high),8,4/8=96.1 6/8=107.05 7/8=112.52,121,6.98,False,100,121
HALDYNGL,120.03,62,False,41.2,False,3,C1:-4.8%/3b | C2:-16.1%/6b | C3:-6.3%/4b,False,False,True,0.24,False,124.86,-3.87,0.22,0.29,AT PIVOT (actionable),No VCP,n/a,59,85.0,2026-04-22,0.193,96.4,107.8,90.7,True,True,very strong (>2x1),125.57,131.24,142.94,114.61,109.32,60,1,True,6/8 (75%),6,4/8=109.35 6/8=121.52 7/8=127.61,121,0.81,True,100,121
DHANBANK,33.86,352,True,74.1,True,3,C1:-11.8%/6b | C2:-10.3%/6b | C3:-10.1%/1b,True,True,True,0.53,False,35.35,-4.21,0.59,0.37,AT PIVOT (actionable),No VCP,n/a,76,19.45,2026-03-30,0.069,24.7,29.95,22.07,True,True,very strong (>2x1),36.83,39.93,46.5,31.01,28.29,90,14,False,7/8 (exhaustion),7,4/8=28.15 6/8=32.5 7/8=34.67,36,6.32,False,25,36
540401,13.61,350,True,70.1,True,3,C1:-4.2%/6b | C2:-6.0%/7b | C3:-2.4%/3b,False,False,False,1.07,True,12.69,7.25,1.08,0.84,BROKEN OUT (fresh),No VCP,n/a,92,8.0,2026-03-04,0.022,10.07,12.13,9.03,True,True,very strong (>2x1),15.52,17.55,21.99,11.83,10.17,120,28,True,8/8 (52w high),8,4/8=10.83 6/8=12.24 7/8=12.95,16,17.56,False,9,16
KMEW,2404.9,352,True,201.6,True,3,C1:-14.4%/3b | C2:-7.1%/2b | C3:-7.1%/1b,False,True,True,0.8,True,2319.8,3.67,0.43,0.66,BROKEN OUT (fresh),Moderate VCP,2319.8-2435.79,179,1138.85,2025-10-29,6.915,2376.58,3614.31,1757.71,True,False,strong (>1x1),2429.48,2454.19,2503.98,2380.44,2356.11,180,1,True,8/8 (52w high),8,4/8=1668.75 6/8=2104.38 7/8=2322.19,2401,0.16,True,2401,2500
GANDHAR,207.93,352,True,80.8,True,3,C1:-9.4%/5b | C2:-3.3%/3b | C3:-5.8%/2b,False,True,True,0.7,True,185.0,12.39,0.55,0.55,extended past pivot,Moderate VCP,185.0-194.25,76,115.0,2026-03-30,0.409,146.06,177.13,130.53,True,True,very strong (>2x1),215.2,222.6,237.77,200.78,193.76,90,14,False,8/8 (52w high),8,4/8=166.5 6/8=192.25 7/8=205.12,196,5.74,False,196,225
SHAILY,2760.6,352,True,79.7,True,3,C1:-8.3%/3b | C2:-5.2%/4b | C3:-16.7%/7b,False,False,True,0.44,False,2952.0,-6.48,0.55,0.64,forming / still basing,No VCP,n/a,67,1770.9,2026-04-15,6.738,2222.35,2673.8,1996.63,True,True,very strong (>2x1),2786.93,2813.39,2866.68,2734.39,2708.31,90,23,False,6/8 (75%),6,4/8=2384.9 6/8=2809.4 7/8=3021.65,2809,1.75,True,2704,2809
RACLGEAR,1341.1,351,True,66.6,True,3,C1:-15.5%/2b | C2:-8.2%/1b | C3:-11.2%/7b,False,False,False,1.47,False,1410.0,-4.89,1.8,0.39,AT PIVOT (actionable),No VCP,n/a,117,921.8,2026-01-27,3.519,1333.57,1745.35,1127.69,True,False,strong (>1x1),1359.47,1377.97,1415.34,1322.85,1304.73,120,3,True,5/8,5,4/8=1248.45 6/8=1470.18 7/8=1581.04,1369,2.08,False,1296,1369
NEULANDLAB,18434.0,352,True,60.3,True,3,C1:-5.3%/4b | C2:-4.8%/2b | C3:-2.1%/4b,True,False,True,0.48,False,20089.0,-8.24,0.73,0.42,forming / still basing,No VCP,n/a,80,11500.0,2026-03-23,34.083,14226.67,16953.33,12863.33,True,True,very strong (>2x1),18501.95,18570.02,18706.54,18366.18,18298.48,90,10,False,7/8 (exhaustion),7,4/8=15794.5 6/8=17941.75 7/8=19015.38,18496,0.34,True,18225,18496
PREMEXPLN,664.1,352,True,75.5,True,3,C1:-18.1%/4b | C2:-11.2%/2b | C3:-10.0%/4b,True,False,True,0.28,False,815.0,-18.52,0.32,0.55,forming / still basing,No VCP,n/a,76,378.4,2026-03-30,1.791,514.54,650.67,446.47,True,True,very strong (>2x1),677.05,690.12,716.64,651.28,638.58,90,14,False,6/8 (75%),6,4/8=604.1 6/8=716.95 7/8=773.37,676,1.79,True,625,676
SCI,281.75,352,True,44.1,True,3,C1:-14.6%/5b | C2:-7.8%/5b | C3:-16.6%/10b,False,False,True,0.28,False,330.0,-14.62,0.24,0.08,forming / still basing,No VCP,n/a,118,195.55,2026-01-27,0.687,276.65,357.75,236.1,True,False,strong (>1x1),290.21,298.79,316.32,273.42,265.21,120,2,True,4/8 (50%),4,4/8=282.15 6/8=325.45 7/8=347.1,289,2.57,False,256,289
KSL,926.05,352,True,61.3,True,3,C1:-11.8%/4b | C2:-6.2%/2b | C3:-2.9%/4b,True,False,False,1.21,True,982.55,-5.75,1.05,0.69,forming / still basing,Moderate VCP,982.55-1031.68,76,574.0,2026-03-30,1.621,697.21,820.43,635.61,True,True,very strong (>2x1),941.33,956.73,987.91,910.9,895.87,90,14,False,7/8 (exhaustion),7,4/8=778.27 6/8=880.41 7/8=931.48,900,2.81,False,900,961
ANANDRATHI,2072.7,352,True,70.6,True,3,C1:-3.8%/3b | C2:-5.8%/4b | C3:-6.1%/4b,False,False,True,0.38,True,2176.2,-4.76,0.21,0.51,AT PIVOT (actionable),Moderate VCP,2176.2-2285.01,118,1353.85,2026-01-27,3.814,1803.94,2254.02,1578.89,True,False,strong (>1x1),2095.53,2118.48,2164.75,2050.0,2027.42,120,2,True,8/8 (52w high),8,4/8=1695.6 6/8=1935.9 7/8=2056.05,2116,2.09,False,2025,2116
RPPL,22.26,351,True,56.2,True,3,C1:-12.8%/4b | C2:-10.7%/3b | C3:-8.5%/5b,True,False,False,0.93,False,22.98,-3.13,0.79,0.64,AT PIVOT (actionable),No VCP,n/a,76,14.25,2026-03-30,0.053,18.25,22.24,16.25,True,True,very strong (>2x1),24.68,27.23,32.7,19.96,17.79,90,14,False,5/8,5,4/8=20.88 6/8=24.19 7/8=25.84,25,12.31,False,16,25
IDEA,13.74,352,True,124.5,True,3,C1:-9.8%/3b | C2:-7.3%/5b | C3:-7.3%/4b,False,False,True,0.56,False,14.33,-4.12,0.54,0.1,AT PIVOT (actionable),No VCP,n/a,74,8.13,2026-04-02,0.037,10.84,13.54,9.48,True,True,very strong (>2x1),15.66,17.7,22.15,11.95,10.28,90,16,False,7/8 (exhaustion),7,4/8=10.73 6/8=13.04 7/8=14.19,16,16.45,False,9,16
PITTIENG,943.65,350,True,39.8,True,3,C1:-3.5%/3b | C2:-6.1%/3b | C3:-6.8%/3b,False,True,True,0.6,False,980.0,-3.71,0.81,0.46,AT PIVOT (actionable),No VCP,n/a,120,675.0,2026-01-21,1.466,850.9,1026.81,762.95,True,False,strong (>1x1),959.07,974.62,1006.09,928.35,913.18,144,24,True,6/8 (75%),6,4/8=859.7 6/8=952.05 7/8=998.23,961,1.84,True,900,961
CUMMINSIND,5448.0,352,True,56.5,True,3,C1:-5.6%/5b | C2:-6.8%/6b | C3:-5.5%/4b,False,False,False,1.04,False,5714.0,-4.66,1.35,0.3,AT PIVOT (actionable),No VCP,n/a,118,3883.1,2026-01-27,10.391,5109.22,6335.35,4496.16,True,False,strong (>1x1),5484.97,5522.06,5596.62,5411.16,5374.44,120,2,True,7/8 (exhaustion),7,4/8=4790.75 6/8=5445.38 7/8=5772.69,5476,0.51,True,5329,5476
VIYASH,268.65,352,True,61.8,True,3,C1:-10.0%/3b | C2:-7.8%/6b | C3:-9.6%/3b,False,False,True,0.38,False,285.35,-5.85,0.53,0.32,forming / still basing,No VCP,n/a,80,178.13,2026-03-23,0.524,220.03,261.94,199.08,True,True,very strong (>2x1),276.91,285.29,302.43,260.52,252.51,90,10,False,7/8 (exhaustion),7,4/8=232.0 6/8=265.0 7/8=281.5,256,4.71,False,256,289
SJS,2175.3,351,True,92.3,True,3,C1:-8.0%/3b | C2:-6.7%/7b | C3:-3.3%/2b,True,False,True,0.64,True,2268.0,-4.09,1.12,0.86,AT PIVOT (actionable),Strong VCP,2268.0-2381.4,179,1488.2,2025-10-28,4.594,2310.46,3132.73,1899.33,False,False,moderate (>1x2),2198.68,2222.19,2269.58,2152.04,2128.91,180,1,True,8/8 (52w high),8,4/8=1710.1 6/8=1999.5 7/8=2144.2,2209,1.55,True,2116,2209
SAMBHV,118.96,260,True,46.1,True,3,C1:-6.5%/3b | C2:-6.1%/6b | C3:-3.5%/3b,True,False,False,1.08,False,123.03,-3.31,0.58,0.28,AT PIVOT (actionable),No VCP,n/a,118,81.42,2026-01-27,0.27,113.25,145.08,97.34,True,False,strong (>1x1),124.48,130.12,141.77,113.57,108.3,120,2,True,5/8,5,4/8=115.41 6/8=132.4 7/8=140.9,121,1.71,True,100,121
BODALCHEM,64.16,351,True,49.9,True,3,C1:-14.4%/6b | C2:-15.3%/12b | C3:-18.0%/15b,False,False,True,0.47,False,70.65,-9.19,0.66,0.68,forming / still basing,No VCP,n/a,84,42.81,2026-03-16,0.155,55.84,68.87,49.33,True,False,strong (>1x1),68.23,72.42,81.18,60.22,56.4,90,6,False,5/8,5,4/8=62.36 6/8=72.13 7/8=77.01,64,0.25,True,64,81
ELGIEQUIP,581.7,352,True,42.5,True,3,C1:-9.0%/4b | C2:-6.2%/5b | C3:-3.2%/2b,True,False,True,0.48,False,628.45,-7.44,0.45,0.81,forming / still basing,No VCP,n/a,121,408.25,2026-01-21,0.895,516.57,624.9,462.41,True,False,strong (>1x1),593.82,606.07,630.94,569.7,557.83,144,23,True,7/8 (exhaustion),7,4/8=521.05 6/8=577.45 7/8=605.65,576,0.98,True,576,625
DIXON,14329.0,352,True,49.3,True,3,C1:-6.2%/7b | C2:-3.2%/2b | C3:-7.8%/4b,False,False,False,1.32,False,12888.0,11.18,1.02,0.35,extended past pivot,No VCP,n/a,76,9600.0,2026-03-30,35.202,12275.38,14950.76,10937.69,True,False,strong (>1x1),14388.91,14448.95,14569.41,14269.21,14209.55,90,14,False,5/8,5,4/8=14035.5 6/8=16253.25 7/8=17362.12,14400,0.5,True,14161,14400
515043,132.8,350,True,66.0,True,3,C1:-6.1%/3b | C2:-6.5%/8b | C3:-3.9%/3b,False,False,True,0.52,True,136.35,-2.6,0.25,0.4,AT PIVOT (actionable),Moderate VCP,136.35-143.17,74,80.0,2026-04-01,0.237,97.53,115.06,88.77,True,True,very strong (>2x1),138.62,144.57,156.85,127.1,121.53,90,16,False,8/8 (52w high),8,4/8=109.85 6/8=124.77 7/8=132.24,144,8.43,False,121,144
ADOR,1384.1,352,True,63.2,True,3,C1:-9.3%/3b | C2:-10.2%/3b | C3:-5.1%/6b,False,False,False,2.41,True,1262.9,9.6,2.37,0.82,extended past pivot,No VCP,n/a,72,848.0,2026-04-07,2.21,1007.14,1166.29,927.57,True,True,very strong (>2x1),1402.76,1421.55,1459.51,1365.56,1347.15,90,18,False,8/8 (52w high),8,4/8=1126.5 6/8=1265.75 7/8=1335.38,1369,1.09,True,1369,1444
STARHEALTH,582.95,352,True,39.9,True,3,C1:-4.8%/4b | C2:-4.2%/1b | C3:-3.7%/3b,True,False,False,0.89,True,606.0,-3.8,0.3,0.14,AT PIVOT (actionable),Moderate VCP,606.0-636.3,118,416.55,2026-01-27,0.823,513.64,610.73,465.1,True,False,strong (>1x1),595.08,607.34,632.24,570.94,559.06,120,2,True,7/8 (exhaustion),7,4/8=520.23 6/8=572.06 7/8=597.98,576,1.19,True,576,625
DYCL,386.5,352,True,63.2,True,3,C1:-10.2%/6b | C2:-7.8%/3b | C3:-13.2%/9b,False,False,False,3.14,False,385.8,0.18,0.45,0.54,BROKEN OUT (fresh),No VCP,n/a,76,236.8,2026-03-30,1.124,322.21,407.62,279.5,True,False,strong (>1x1),396.39,406.41,426.82,376.73,367.09,90,14,False,5/8,5,4/8=378.4 6/8=449.2 7/8=484.6,400,3.49,False,361,400
MWL,37.15,352,True,124.3,True,3,C1:-2.9%/3b | C2:-4.6%/2b | C3:-7.0%/4b,False,False,False,1.41,False,38.27,-2.93,0.48,0.74,AT PIVOT (actionable),No VCP,n/a,171,21.2,2025-11-11,0.101,38.43,55.66,29.82,False,False,moderate (>1x2),40.26,43.5,50.34,34.16,31.3,180,9,False,7/8 (exhaustion),7,4/8=29.26 6/8=35.6 7/8=38.78,36,3.1,False,36,49
ZENTEC,1769.7,352,True,44.7,True,3,C1:-8.7%/4b | C2:-14.4%/6b | C3:-2.8%/3b,False,False,True,0.36,False,1895.0,-6.61,0.33,0.15,forming / still basing,No VCP,n/a,126,1223.0,2026-01-14,3.179,1623.5,2024.0,1423.25,True,False,strong (>1x1),1790.8,1812.02,1854.84,1748.73,1727.88,144,18,False,6/8 (75%),6,4/8=1623.5 6/8=1823.75 7/8=1923.88,1764,0.32,True,1764,1849
NYKAA,323.05,352,True,61.4,True,3,C1:-9.3%/5b | C2:-4.1%/7b | C3:-3.0%/1b,True,False,True,0.71,True,330.95,-2.39,0.52,0.41,AT PIVOT (actionable),Strong VCP,330.95-347.5,118,232.0,2026-01-27,0.524,293.81,355.63,262.91,True,False,strong (>1x1),332.1,341.27,360.0,314.13,305.33,120,2,True,8/8 (52w high),8,4/8=266.14 6/8=299.15 7/8=315.65,324,0.29,True,289,324
WEBELSOLAR,104.29,352,True,106.9,True,3,C1:-11.8%/5b | C2:-7.9%/8b | C3:-12.5%/3b,False,False,True,0.72,False,110.4,-5.53,1.39,1.0,forming / still basing,No VCP,n/a,90,50.4,2026-03-09,0.424,88.58,126.76,69.49,True,False,strong (>1x1),109.46,114.75,125.71,99.25,94.33,120,30,True,5/8,5,4/8=103.85 6/8=130.58 7/8=143.94,100,4.11,False,100,121
DEEPAKFERT,1594.0,352,True,84.0,True,3,C1:-6.1%/7b | C2:-4.4%/3b | C3:-12.0%/7b,False,False,False,1.18,True,1677.6,-4.98,0.52,0.54,AT PIVOT (actionable),No VCP,n/a,80,866.4,2026-03-23,3.229,1124.69,1382.97,995.54,True,True,very strong (>2x1),1614.02,1634.17,1674.85,1574.1,1554.33,90,10,False,8/8 (52w high),8,4/8=1273.2 6/8=1476.6 7/8=1578.3,1600,0.38,True,1521,1600
539682,307.0,352,True,55.9,True,3,C1:-4.5%/4b | C2:-11.6%/3b | C3:-11.4%/11b,False,False,True,0.61,False,335.0,-8.36,0.64,0.17,forming / still basing,No VCP,n/a,163,196.9,2025-11-21,0.583,291.92,386.94,244.41,True,False,strong (>1x1),315.82,324.77,343.04,298.3,289.73,180,17,False,6/8 (75%),6,4/8=270.35 6/8=307.07 7/8=325.44,324,5.54,False,289,324
BLUESTONE,599.05,227,True,49.8,True,3,C1:-8.1%/4b | C2:-7.4%/3b | C3:-5.4%/2b,True,True,False,1.11,False,591.65,1.25,0.94,0.43,BROKEN OUT (fresh),No VCP,n/a,102,399.8,2026-02-17,1.56,558.95,718.1,479.38,True,False,strong (>1x1),611.35,623.78,649.0,586.87,574.82,120,18,False,5/8,5,4/8=596.4 6/8=694.7 7/8=743.85,576,3.85,False,576,625
MAHLOG,387.35,352,True,40.8,True,3,C1:-6.8%/6b | C2:-5.1%/2b | C3:-5.6%/2b,False,True,False,0.86,False,399.2,-2.97,0.98,0.63,AT PIVOT (actionable),No VCP,n/a,121,275.05,2026-01-21,0.694,359.05,443.06,317.05,True,False,strong (>1x1),397.25,407.28,427.71,377.57,367.92,144,23,True,6/8 (75%),6,4/8=362.52 6/8=406.26 7/8=428.13,400,3.27,False,361,400
INDIAGLYCO,1159.3,352,True,46.3,True,3,C1:-5.2%/4b | C2:-6.1%/7b | C3:-5.2%/1b,False,False,False,2.79,True,1087.95,6.56,3.46,0.47,BROKEN OUT (fresh),No VCP,n/a,118,792.5,2026-01-27,1.704,993.62,1194.73,893.06,True,False,strong (>1x1),1176.39,1193.6,1228.4,1142.34,1125.5,120,2,True,7/8 (exhaustion),7,4/8=1007.25 6/8=1114.62 7/8=1168.31,1156,0.28,True,1156,1225
SHANKARA,139.65,350,False,42.1,False,3,C1:-12.8%/15b | C2:-3.3%/2b | C3:-4.8%/5b,False,False,False,3.2,False,133.6,4.53,2.54,0.61,BROKEN OUT (fresh),No VCP,n/a,96,98.25,2026-02-25,4.411,521.7,945.15,309.97,False,False,weak (<1x2),145.62,151.72,164.28,133.8,128.08,120,24,False,1/8,1,4/8=654.03 6/8=931.91 7/8=1070.86,144,3.11,False,121,144
SUBEXLTD,13.27,352,True,100.8,True,3,C1:-11.0%/5b | C2:-13.7%/4b | C3:-7.7%/2b,False,True,False,0.96,False,13.8,-3.84,0.51,0.22,AT PIVOT (actionable),No VCP,n/a,76,6.61,2026-03-30,0.032,9.01,11.42,7.81,True,True,very strong (>2x1),15.15,17.16,21.56,11.51,9.88,90,14,False,7/8 (exhaustion),7,4/8=10.6 6/8=12.59 7/8=13.58,16,20.57,False,9,16
GODREJIND,1334.7,352,True,79.3,True,3,C1:-13.1%/4b | C2:-9.0%/3b | C3:-14.1%/13b,False,False,True,0.71,True,1443.0,-7.51,0.36,0.76,forming / still basing,Moderate VCP,1443.0-1515.15,76,744.2,2026-03-30,2.773,954.95,1165.7,849.57,True,True,very strong (>2x1),1353.03,1371.48,1408.77,1316.5,1298.42,90,14,False,7/8 (exhaustion),7,4/8=1093.6 6/8=1268.3 7/8=1355.65,1369,2.57,False,1296,1369
AUROPHARMA,1533.4,351,True,50.9,True,3,C1:-9.0%/6b | C2:-3.0%/3b | C3:-6.1%/2b,False,True,True,0.47,True,1636.8,-6.32,0.4,0.44,forming / still basing,Moderate VCP,1636.8-1718.64,179,1081.4,2025-10-28,2.463,1522.29,1963.19,1301.85,True,False,strong (>1x1),1553.04,1572.81,1612.72,1513.88,1494.49,180,1,True,7/8 (exhaustion),7,4/8=1326.45 6/8=1481.63 7/8=1559.21,1521,0.81,True,1521,1600
MUTHOOTMF,240.06,351,True,70.0,True,3,C1:-4.4%/3b | C2:-4.8%/3b | C3:-11.2%/3b,False,True,False,1.58,True,252.0,-4.74,0.33,0.23,AT PIVOT (actionable),No VCP,n/a,79,141.2,2026-03-23,0.44,175.93,210.67,158.57,True,True,very strong (>2x1),247.87,255.8,272.05,232.38,224.82,90,11,False,8/8 (52w high),8,4/8=196.6 6/8=224.3 7/8=238.15,225,6.27,False,225,256
544001,867.45,350,True,56.9,True,3,C1:-10.9%/2b | C2:-14.6%/3b | C3:-13.5%/8b,False,False,False,0.89,False,791.25,9.63,2.93,0.0,extended past pivot,No VCP,n/a,117,553.0,2026-01-27,2.265,818.04,1083.07,685.52,True,False,strong (>1x1),882.24,897.15,927.36,852.79,838.25,120,3,True,5/8,5,4/8=838.42 6/8=981.14 7/8=1052.49,841,3.05,False,841,900
MOSCHIP,240.1,352,True,63.6,True,3,C1:-6.4%/2b | C2:-12.3%/5b | C3:-9.0%/9b,False,False,False,1.89,False,219.87,9.2,1.0,0.46,extended past pivot,No VCP,n/a,76,146.8,2026-03-30,0.562,189.52,232.24,168.16,True,True,very strong (>2x1),247.91,255.85,272.09,232.41,224.85,90,14,False,6/8 (75%),6,4/8=217.63 6/8=253.04 7/8=270.74,225,6.29,False,225,256
SALSTEEL,53.12,350,True,269.7,True,3,C1:-9.2%/3b | C2:-9.8%/5b | C3:-8.9%/2b,False,False,True,0.5,False,60.0,-11.47,0.61,0.1,forming / still basing,No VCP,n/a,149,33.1,2025-12-09,0.203,63.33,93.56,48.22,False,False,moderate (>1x2),56.83,60.66,68.7,49.54,46.08,180,31,True,7/8 (exhaustion),7,4/8=39.93 6/8=52.72 7/8=59.11,49,7.76,False,49,64
AVL,634.3,351,True,78.5,True,3,C1:-8.2%/4b | C2:-6.7%/4b | C3:-5.9%/2b,True,True,True,0.61,False,658.3,-3.65,0.86,0.72,AT PIVOT (actionable),No VCP,n/a,85,436.55,2026-03-16,1.387,554.49,672.42,495.52,True,False,strong (>1x1),646.96,659.74,685.67,621.77,609.36,90,5,True,7/8 (exhaustion),7,4/8=530.18 6/8=617.59 7/8=661.29,625,1.47,True,625,676
GRINDWELL,2086.7,351,True,57.0,True,3,C1:-4.3%/4b | C2:-9.1%/4b | C3:-5.4%/2b,False,True,False,1.62,False,2083.9,0.13,4.72,0.07,BROKEN OUT (fresh),No VCP,n/a,79,1329.0,2026-03-23,4.468,1681.99,2034.98,1505.5,True,True,very strong (>2x1),2109.6,2132.63,2179.06,2063.92,2041.27,90,11,False,6/8 (75%),6,4/8=1892.0 6/8=2173.5 7/8=2314.25,2116,1.4,True,2025,2116
MCLEODRUSS,55.64,350,True,95.2,True,3,C1:-10.1%/3b | C2:-18.2%/10b | C3:-14.6%/9b,False,False,True,0.51,False,57.71,-3.59,0.63,0.44,AT PIVOT (actionable),No VCP,n/a,75,28.5,2026-03-30,0.198,43.35,58.21,35.93,True,False,strong (>1x1),59.43,63.35,71.56,51.97,48.43,90,15,False,5/8,5,4/8=53.46 6/8=65.93 7/8=72.17,49,11.93,False,49,64
MGEL,16.5,351,True,73.1,True,3,C1:-9.0%/2b | C2:-9.5%/6b | C3:-4.3%/3b,False,False,True,0.35,False,17.14,-3.73,0.33,0.82,AT PIVOT (actionable),No VCP,n/a,90,9.53,2026-03-09,0.035,12.7,15.87,11.11,True,True,very strong (>2x1),18.59,20.81,25.62,14.53,12.69,120,30,True,7/8 (exhaustion),7,4/8=13.96 6/8=16.18 7/8=17.29,16,3.03,False,16,25
SINDHUTRAD,24.75,351,True,40.3,True,3,C1:-12.3%/14b | C2:-5.0%/3b | C3:-13.1%/3b,False,True,True,0.15,False,28.64,-13.58,0.16,0.43,forming / still basing,No VCP,n/a,117,17.64,2026-01-27,0.076,26.52,35.39,22.08,False,False,moderate (>1x2),27.3,29.97,35.7,22.33,20.03,120,3,True,3/8,3,4/8=27.2 6/8=31.98 7/8=34.37,25,1.01,True,16,25
539469,50.9,350,True,75.8,True,3,C1:-11.8%/10b | C2:-14.6%/6b | C3:-10.9%/2b,False,True,True,0.8,False,55.0,-7.45,0.59,0.95,forming / still basing,No VCP,n/a,75,28.96,2026-03-30,0.123,38.2,47.44,33.58,True,True,very strong (>2x1),54.53,58.28,66.17,47.4,44.02,90,15,False,6/8 (75%),6,4/8=44.48 6/8=52.24 7/8=56.12,49,3.73,False,49,64
DALMIASUG,367.4,350,True,40.6,True,3,C1:-5.3%/3b | C2:-6.4%/4b | C3:-8.3%/8b,False,False,True,0.71,False,373.1,-1.53,1.38,0.24,AT PIVOT (actionable),No VCP,n/a,120,261.4,2026-01-21,0.625,336.45,411.5,298.92,True,False,strong (>1x1),377.05,386.82,406.74,357.88,348.48,144,24,True,6/8 (75%),6,4/8=340.2 6/8=379.6 7/8=399.3,361,1.74,True,361,400
ROLEXRINGS,157.89,352,True,58.2,True,3,C1:-7.1%/10b | C2:-4.8%/2b | C3:-9.0%/5b,False,False,False,2.46,False,150.93,4.61,1.18,0.87,BROKEN OUT (fresh),No VCP,n/a,162,99.79,2025-11-24,0.302,148.78,197.77,124.29,True,False,strong (>1x1),164.24,170.71,184.02,151.67,145.57,180,18,False,7/8 (exhaustion),7,4/8=137.9 6/8=156.95 7/8=166.47,169,7.04,False,144,169
BSE,3581.8,352,True,77.2,True,3,C1:-13.6%/8b | C2:-5.1%/1b | C3:-8.2%/4b,False,False,True,0.74,False,3849.0,-6.94,1.01,0.09,forming / still basing,No VCP,n/a,177,2326.1,2025-10-31,9.624,4029.58,5733.07,3177.84,False,False,moderate (>1x2),3611.79,3641.9,3702.5,3551.94,3522.2,180,3,True,6/8 (75%),6,4/8=3234.15 6/8=3840.47 7/8=4143.64,3600,0.51,True,3481,3600
DEEPINDS,476.0,352,True,44.2,True,3,C1:-8.6%/2b | C2:-6.6%/5b | C3:-6.6%/2b,False,False,True,0.64,False,464.9,2.39,0.91,0.64,BROKEN OUT (fresh),No VCP,n/a,86,330.0,2026-03-13,0.984,414.63,499.27,372.32,True,False,strong (>1x1),486.97,498.07,520.63,465.15,454.43,90,4,True,5/8,5,4/8=454.0 6/8=516.0 7/8=547.0,484,1.68,True,441,484
GULPOLY,176.73,351,True,45.5,True,3,C1:-8.9%/2b | C2:-13.9%/11b | C3:-9.3%/3b,False,False,True,0.24,False,194.44,-9.11,0.2,0.29,forming / still basing,No VCP,n/a,114,121.5,2026-02-02,0.398,166.85,212.2,144.18,True,False,strong (>1x1),183.44,190.27,204.32,170.15,163.69,120,6,False,5/8,5,4/8=171.62 6/8=196.69 7/8=209.22,169,4.37,False,169,196
AEGISVOPAK,271.24,283,True,71.7,True,3,C1:-13.7%/9b | C2:-7.6%/2b | C3:-9.4%/2b,False,True,False,1.71,False,311.49,-12.92,1.11,0.73,forming / still basing,No VCP,n/a,76,158.0,2026-03-30,0.609,204.29,250.58,181.15,True,True,very strong (>2x1),279.54,287.96,305.18,263.07,255.02,90,14,False,6/8 (75%),6,4/8=234.74 6/8=273.12 7/8=292.3,256,5.62,False,256,289
CNL,916.55,350,True,74.6,True,3,C1:-10.2%/6b | C2:-5.5%/4b | C3:-6.1%/7b,False,False,False,3.22,True,996.0,-7.98,0.2,0.48,forming / still basing,No VCP,n/a,75,525.0,2026-03-30,1.869,665.18,805.36,595.09,True,True,very strong (>2x1),931.75,947.07,978.1,901.48,886.53,90,15,False,7/8 (exhaustion),7,4/8=760.5 6/8=878.25 7/8=937.12,900,1.81,True,900,961
PFOCUS,289.47,351,True,112.0,True,3,C1:-10.4%/2b | C2:-16.6%/6b | C3:-6.0%/4b,False,False,False,2.05,False,243.66,18.8,2.24,0.68,extended past pivot,No VCP,n/a,170,161.01,2025-11-11,0.915,316.49,471.96,238.75,False,False,moderate (>1x2),298.04,306.73,324.5,281.03,272.71,180,10,False,6/8 (75%),6,4/8=251.76 6/8=309.38 7/8=338.19,289,0.16,True,289,324
MANGLMCEM,986.6,350,True,45.2,True,3,C1:-3.7%/4b | C2:-7.4%/5b | C3:-4.2%/2b,False,False,False,1.11,True,958.0,2.99,1.32,0.73,BROKEN OUT (fresh),No VCP,n/a,157,679.35,2025-11-27,1.365,893.73,1108.11,786.54,True,False,strong (>1x1),1002.37,1018.26,1050.42,970.96,955.44,180,23,False,8/8 (52w high),8,4/8=851.4 6/8=937.43 7/8=980.44,961,2.59,False,961,1024
FUSION,225.89,351,True,65.5,True,3,C1:-10.9%/9b | C2:-6.9%/5b | C3:-7.5%/3b,False,True,True,0.74,True,243.0,-7.04,0.52,0.57,forming / still basing,Moderate VCP,243.0-255.15,76,136.5,2026-03-30,0.423,168.62,200.74,152.56,True,True,very strong (>2x1),233.47,241.17,256.95,218.44,211.11,90,14,False,7/8 (exhaustion),7,4/8=189.75 6/8=216.38 7/8=229.69,225,0.39,True,225,256
ARMANFIN,1958.2,351,True,54.2,True,3,C1:-16.4%/8b | C2:-6.2%/2b | C3:-5.2%/2b,True,True,False,2.27,True,1780.0,10.01,0.59,0.81,extended past pivot,Moderate VCP,1780.0-1869.0,89,1301.0,2026-03-09,3.171,1583.26,1865.51,1442.13,True,True,very strong (>2x1),1980.39,2002.7,2047.7,1936.14,1914.2,90,1,True,7/8 (exhaustion),7,4/8=1669.6 6/8=1869.4 7/8=1969.3,1936,1.13,True,1936,2025
MMFL,527.6,352,True,83.1,True,3,C1:-5.0%/4b | C2:-9.4%/4b | C3:-4.4%/3b,False,True,False,0.91,True,527.0,0.11,1.07,0.73,BROKEN OUT (fresh),No VCP,n/a,172,295.2,2025-11-10,0.976,463.04,630.87,379.12,True,False,strong (>1x1),539.15,550.82,574.54,516.18,504.88,180,8,False,8/8 (52w high),8,4/8=411.05 6/8=472.53 7/8=503.26,529,0.27,True,484,529
GOKULAGRO,211.74,352,True,48.6,True,3,C1:-12.5%/7b | C2:-6.8%/2b | C3:-14.0%/16b,False,False,False,1.34,False,218.39,-3.05,0.61,0.29,AT PIVOT (actionable),No VCP,n/a,118,151.0,2026-01-27,0.426,201.3,251.6,176.15,True,False,strong (>1x1),219.08,226.54,241.84,204.53,197.44,120,2,True,6/8 (75%),6,4/8=196.21 6/8=223.06 7/8=236.49,225,6.26,False,196,225
AXISCADES,1548.0,352,False,45.6,False,3,C1:-7.7%/2b | C2:-14.8%/4b | C3:-15.8%/6b,False,False,True,0.57,False,1660.0,-6.75,0.46,0.28,forming / still basing,No VCP,n/a,120,1063.3,2026-01-22,4.554,1609.82,2156.35,1336.56,False,False,moderate (>1x2),1567.73,1587.59,1627.69,1528.39,1508.91,144,24,True,4/8 (50%),4,4/8=1637.15 6/8=1924.08 7/8=2067.54,1521,1.74,True,1521,1600
KIMS,802.95,352,True,39.4,True,3,C1:-3.4%/2b | C2:-6.4%/2b | C3:-3.1%/1b,False,True,True,0.64,True,824.15,-2.57,0.39,0.68,AT PIVOT (actionable),Moderate VCP,824.15-865.36,118,575.8,2026-01-27,1.12,707.94,840.08,641.87,True,False,strong (>1x1),817.18,831.54,860.62,788.84,774.86,120,2,True,7/8 (exhaustion),7,4/8=716.9 6/8=787.45 7/8=822.72,784,2.36,False,784,841
SOMANYCERA,522.55,350,True,57.4,True,3,C1:-9.7%/5b | C2:-5.1%/5b | C3:-7.8%/5b,False,True,True,0.4,False,547.75,-4.6,0.16,0.83,AT PIVOT (actionable),No VCP,n/a,88,332.0,2026-03-10,1.004,420.33,508.66,376.17,True,True,very strong (>2x1),534.04,545.66,569.27,511.18,499.94,90,2,True,7/8 (exhaustion),7,4/8=458.48 6/8=521.71 7/8=553.33,529,1.23,True,484,529
TAALTECH,3933.0,62,False,50.3,False,3,C1:-3.8%/1b | C2:-11.8%/4b | C3:-8.3%/3b,False,False,False,1.93,True,4096.0,-3.98,1.1,0.13,AT PIVOT (actionable),No VCP,n/a,41,2616.1,2026-05-19,6.285,2873.8,3131.5,2744.95,True,True,very strong (>2x1),3964.42,3995.96,4059.43,3901.71,3870.54,45,4,True,7/8 (exhaustion),7,4/8=3408.05 6/8=3804.03 7/8=4002.01,3969,0.92,True,3844,3969
SIS,433.6,351,True,68.7,True,3,C1:-6.1%/4b | C2:-7.8%/2b | C3:-16.3%/4b,False,False,True,0.42,False,439.9,-1.43,0.54,0.42,AT PIVOT (actionable),No VCP,n/a,79,257.05,2026-03-23,0.888,327.24,397.43,292.15,True,True,very strong (>2x1),444.07,454.67,476.25,423.25,413.03,90,11,False,7/8 (exhaustion),7,4/8=369.0 6/8=424.98 7/8=452.96,441,1.71,True,400,441
NETWEB,4244.3,352,True,134.2,True,3,C1:-16.9%/7b | C2:-18.4%/5b | C3:-5.2%/1b,False,True,True,0.46,False,4420.0,-3.98,0.22,0.25,AT PIVOT (actionable),No VCP,n/a,153,2920.0,2025-12-05,13.617,5003.41,7086.82,3961.71,False,False,moderate (>1x2),4276.94,4309.7,4375.6,4211.79,4179.4,180,27,False,6/8 (75%),6,4/8=3528.25 6/8=4386.12 7/8=4815.06,4225,0.45,True,4225,4356
NUVAMA,1863.1,352,True,69.9,True,3,C1:-5.6%/2b | C2:-14.0%/6b | C3:-5.6%/4b,False,False,True,0.65,True,1993.7,-6.55,0.43,0.81,forming / still basing,Moderate VCP,1993.7-2093.38,80,1096.9,2026-03-23,3.559,1381.6,1666.3,1239.25,True,True,very strong (>2x1),1884.74,1906.51,1950.43,1841.58,1820.19,90,10,False,7/8 (exhaustion),7,4/8=1545.3 6/8=1769.5 7/8=1881.6,1849,0.76,True,1849,1936
ALIVUS,1133.3,351,True,38.4,True,3,C1:-10.2%/4b | C2:-11.4%/9b | C3:-6.4%/4b,False,False,False,1.75,True,1192.0,-4.92,0.76,0.37,AT PIVOT (actionable),No VCP,n/a,120,819.0,2026-01-22,1.488,997.52,1176.05,908.26,True,False,strong (>1x1),1150.19,1167.21,1201.63,1116.53,1099.89,144,24,True,7/8 (exhaustion),7,4/8=1006.45 6/8=1100.18 7/8=1147.04,1156,2.0,False,1089,1156
TFCILTD,85.03,352,True,66.7,True,3,C1:-5.2%/4b | C2:-6.6%/3b | C3:-9.4%/3b,False,True,False,1.73,True,82.2,3.44,1.16,0.55,BROKEN OUT (fresh),No VCP,n/a,133,51.0,2026-01-05,0.141,69.74,88.47,60.37,True,False,strong (>1x1),89.7,94.5,104.47,80.48,76.06,144,11,False,8/8 (52w high),8,4/8=68.75 6/8=77.62 7/8=82.06,81,4.74,False,81,100
AVANTIFEED,1024.85,351,False,66.8,False,3,C1:-11.1%/6b | C2:-8.8%/5b | C3:-6.8%/3b,True,True,False,1.83,False,971.85,5.45,1.74,0.19,BROKEN OUT (fresh),No VCP,n/a,174,686.0,2025-11-04,3.887,1362.36,2038.71,1024.18,False,False,moderate (>1x2),1040.92,1057.11,1089.88,1008.91,993.09,180,6,False,4/8 (50%),4,4/8=1104.03 6/8=1348.91 7/8=1471.36,1024,0.08,True,1024,1089
THEMISMED,109.9,352,True,69.2,True,3,C1:-10.5%/3b | C2:-20.9%/5b | C3:-10.5%/2b,False,False,True,0.22,False,120.77,-9.0,0.19,0.09,forming / still basing,No VCP,n/a,76,64.95,2026-03-30,0.33,90.0,115.04,77.47,True,False,strong (>1x1),115.2,120.63,131.87,104.72,99.67,90,14,False,5/8,5,4/8=106.47 6/8=127.24 7/8=137.62,100,9.01,False,100,121
ADANIPORTS,1837.4,352,True,42.4,True,3,C1:-2.8%/2b | C2:-3.8%/3b | C3:-5.6%/4b,False,False,True,0.62,True,1888.0,-2.68,0.45,0.83,AT PIVOT (actionable),Moderate VCP,1888.0-1982.4,119,1292.0,2026-01-23,2.383,1575.62,1859.23,1433.81,True,False,strong (>1x1),1858.89,1880.51,1924.13,1816.03,1794.79,120,1,True,8/8 (52w high),8,4/8=1590.8 6/8=1740.95 7/8=1816.02,1849,0.63,True,1764,1849
CARBORUNIV,1059.8,351,True,44.2,True,3,C1:-10.5%/13b | C2:-6.7%/3b | C3:-13.2%/4b,False,False,True,0.5,False,1201.8,-11.82,0.33,0.28,forming / still basing,No VCP,n/a,80,735.2,2026-03-23,2.269,916.69,1098.18,825.95,True,False,strong (>1x1),1076.14,1092.6,1125.91,1043.59,1027.5,90,10,False,5/8,5,4/8=1021.05 6/8=1163.98 7/8=1235.44,1089,2.76,False,1024,1089
RPSGVENT,895.3,352,True,62.2,True,3,C1:-8.9%/3b | C2:-5.0%/7b | C3:-8.1%/6b,False,False,True,0.33,False,937.9,-4.54,0.39,0.73,AT PIVOT (actionable),No VCP,n/a,80,551.9,2026-03-23,2.488,750.98,950.06,651.44,True,False,strong (>1x1),910.32,925.47,956.14,880.4,865.63,90,10,False,5/8,5,4/8=865.45 6/8=1022.23 7/8=1100.61,900,0.52,True,841,900
ZYDUSLIFE,1143.7,352,True,36.9,True,3,C1:-5.1%/4b | C2:-2.7%/3b | C3:-3.7%/2b,False,True,True,0.76,True,1171.3,-2.36,0.69,0.41,AT PIVOT (actionable),Moderate VCP,1171.3-1229.87,74,835.5,2026-04-02,1.373,937.1,1038.71,886.3,True,True,very strong (>2x1),1160.67,1177.77,1212.34,1126.85,1110.13,90,16,False,8/8 (52w high),8,4/8=1008.5 6/8=1095.0 7/8=1138.25,1156,1.08,True,1089,1156
TANLA,584.55,352,True,59.8,True,3,C1:-5.8%/4b | C2:-4.2%/2b | C3:-2.9%/5b,True,False,False,2.48,False,532.95,9.68,1.84,0.34,extended past pivot,No VCP,n/a,76,365.9,2026-03-30,1.588,486.57,607.23,426.23,True,False,strong (>1x1),596.7,608.98,633.9,572.52,560.62,90,14,False,5/8,5,4/8=565.95 6/8=665.97 7/8=715.99,576,1.46,True,576,625
OLECTRA,1346.7,352,True,55.4,True,3,C1:-11.3%/2b | C2:-5.6%/5b | C3:-11.3%/4b,False,False,True,0.34,False,1468.0,-8.26,0.36,0.13,forming / still basing,No VCP,n/a,85,866.6,2026-03-16,3.363,1152.5,1438.39,1009.55,True,False,strong (>1x1),1365.11,1383.65,1421.09,1328.41,1310.25,90,5,True,5/8,5,4/8=1290.4 6/8=1502.3 7/8=1608.25,1369,1.66,True,1296,1369
JAGSNPHARM,224.08,352,True,44.6,True,3,C1:-4.3%/2b | C2:-4.2%/2b | C3:-6.9%/1b,False,True,True,0.2,False,244.4,-8.31,0.1,0.12,forming / still basing,No VCP,n/a,120,155.0,2026-01-22,0.582,224.83,294.67,189.92,False,False,moderate (>1x2),231.63,239.3,255.02,216.66,209.36,144,24,True,4/8 (50%),4,4/8=228.32 6/8=264.99 7/8=283.32,225,0.41,True,196,225
QUADFUTURE,405.0,352,True,62.9,True,3,C1:-9.8%/4b | C2:-8.4%/4b | C3:-14.2%/5b,False,False,True,0.34,False,442.6,-8.5,0.27,0.13,forming / still basing,No VCP,n/a,144,248.55,2025-12-18,1.121,409.95,571.35,329.25,False,False,moderate (>1x2),415.12,425.37,446.25,395.0,385.13,180,36,True,5/8,5,4/8=389.78 6/8=460.39 7/8=495.69,400,1.23,True,400,441
506854,2684.25,351,True,64.4,True,3,C1:-18.1%/11b | C2:-16.4%/7b | C3:-9.7%/7b,True,True,False,2.04,True,2499.0,7.41,1.78,0.75,BROKEN OUT (fresh),Moderate VCP,2499.0-2623.95,83,1632.6,2026-03-17,4.317,1990.92,2349.23,1811.76,True,True,very strong (>2x1),2710.22,2736.31,2788.87,2658.41,2632.69,90,7,False,8/8 (52w high),8,4/8=2176.55 6/8=2448.52 7/8=2584.51,2704,0.74,True,2601,2704
GINNIFILA,48.53,350,True,54.1,True,3,C1:-5.5%/3b | C2:-11.2%/3b | C3:-8.2%/3b,False,True,True,0.35,False,55.0,-11.76,0.3,0.15,forming / still basing,No VCP,n/a,75,31.5,2026-03-30,0.105,39.34,47.18,35.42,True,True,very strong (>2x1),52.08,55.75,63.46,45.11,41.81,90,15,False,6/8 (75%),6,4/8=44.67 6/8=51.26 7/8=54.56,49,0.97,True,36,49
KSR,31.24,158,False,122.5,False,3,C1:-12.8%/11b | C2:-10.8%/6b | C3:-16.6%/5b,False,True,False,0.9,False,33.11,-5.65,1.55,1.0,forming / still basing,No VCP,n/a,136,14.04,2025-12-29,0.099,27.56,41.09,20.8,True,False,strong (>1x1),34.1,37.08,43.42,28.51,25.9,144,8,False,6/8 (75%),6,4/8=26.57 6/8=32.83 7/8=35.97,36,15.24,False,25,36
SPLPETRO,693.9,352,False,50.1,False,3,C1:-6.8%/8b | C2:-6.6%/6b | C3:-10.1%/8b,False,False,True,0.76,False,736.6,-5.8,1.21,0.53,forming / still basing,No VCP,n/a,121,462.3,2026-01-21,2.05,710.4,958.5,586.35,False,False,moderate (>1x2),707.13,720.49,747.58,680.79,667.81,144,23,True,4/8 (50%),4,4/8=720.65 6/8=849.82 7/8=914.41,676,2.58,False,676,729
JYOTISTRUC,11.17,352,False,40.7,False,3,C1:-20.0%/5b | C2:-9.2%/9b | C3:-10.0%/4b,False,False,True,0.4,False,12.5,-10.64,0.31,0.14,forming / still basing,No VCP,n/a,121,7.94,2026-01-21,0.05,14.04,20.15,10.99,False,False,moderate (>1x2),12.9,14.76,18.85,9.56,8.08,144,23,True,3/8,3,4/8=14.29 6/8=17.47 7/8=19.06,9,19.43,False,9,16
ATGL,706.6,352,True,52.7,True,3,C1:-9.0%/8b | C2:-3.5%/1b | C3:-7.0%/5b,False,False,True,0.26,False,750.0,-5.79,0.19,0.39,forming / still basing,No VCP,n/a,90,462.8,2026-03-09,1.576,604.6,746.41,533.7,True,False,strong (>1x1),719.95,733.43,760.76,693.37,680.27,120,30,True,5/8,5,4/8=661.32 6/8=760.59 7/8=810.22,729,3.17,False,676,729
AYE,168.12,105,False,90.6,False,3,C1:-16.7%/4b | C2:-5.0%/5b | C3:-13.1%/4b,False,False,True,0.31,False,174.31,-3.55,0.34,0.8,AT PIVOT (actionable),No VCP,n/a,74,88.22,2026-04-02,0.383,116.58,144.94,102.4,True,True,very strong (>2x1),174.67,181.34,195.05,161.7,155.4,90,16,False,7/8 (exhaustion),7,4/8=136.51 6/8=160.66 7/8=172.73,169,0.52,True,144,169
WSTCSTPAPR,520.4,351,True,38.8,True,3,C1:-9.0%/7b | C2:-6.3%/4b | C3:-6.8%/4b,False,True,True,0.51,False,552.25,-5.77,0.26,0.37,forming / still basing,No VCP,n/a,90,375.0,2026-03-09,0.825,449.29,523.57,412.14,True,False,strong (>1x1),531.87,543.46,567.02,509.06,497.84,120,30,True,6/8 (75%),6,4/8=479.0 6/8=531.0 7/8=557.0,529,1.65,True,484,529
POKARNA,967.3,352,True,39.7,True,3,C1:-12.1%/4b | C2:-6.9%/2b | C3:-13.9%/9b,False,False,True,0.63,False,1069.0,-9.51,0.81,0.32,forming / still basing,No VCP,n/a,114,692.6,2026-02-02,1.8,897.8,1103.0,795.2,True,False,strong (>1x1),982.91,998.65,1030.5,951.81,936.45,120,6,False,5/8,5,4/8=919.4 6/8=1032.8 7/8=1089.5,961,0.65,True,961,1024
AMBER,7804.5,352,True,44.5,True,3,C1:-5.8%/2b | C2:-8.0%/4b | C3:-8.6%/10b,False,False,True,0.81,False,8070.0,-3.29,0.72,0.16,AT PIVOT (actionable),No VCP,n/a,118,5400.5,2026-01-27,14.181,7073.81,8747.11,6237.15,True,False,strong (>1x1),7848.73,7893.09,7982.19,7760.39,7716.41,120,2,True,6/8 (75%),6,4/8=7187.25 6/8=8080.62 7/8=8527.31,7744,0.78,True,7744,7921
STEL,555.5,352,True,46.2,True,3,C1:-12.1%/8b | C2:-11.3%/5b | C3:-15.6%/12b,False,False,True,0.13,False,634.55,-12.46,0.12,0.71,forming / still basing,No VCP,n/a,121,385.1,2026-01-21,1.1,518.25,651.4,451.67,True,False,strong (>1x1),567.35,579.32,603.64,543.78,532.18,144,23,True,6/8 (75%),6,4/8=518.65 6/8=587.97 7/8=622.64,576,3.69,False,529,576
EXIDEIND,435.2,352,True,51.6,True,3,C1:-5.4%/6b | C2:-4.5%/3b | C3:-4.5%/3b,False,True,False,1.11,True,428.9,1.47,3.32,0.93,BROKEN OUT (fresh),No VCP,n/a,76,287.0,2026-03-30,0.593,332.1,377.2,309.55,True,True,very strong (>2x1),445.69,456.31,477.92,424.83,414.59,90,14,False,8/8 (52w high),8,4/8=361.77 6/8=399.16 7/8=417.86,441,1.33,True,400,441
LINCOLN,597.0,350,True,35.7,True,3,C1:-24.0%/5b | C2:-8.5%/7b | C3:-7.2%/9b,True,False,True,0.32,False,643.55,-7.23,0.24,0.67,forming / still basing,No VCP,n/a,116,440.0,2026-01-28,1.31,591.9,743.81,515.95,True,False,strong (>1x1),609.28,621.68,646.87,584.85,572.82,120,4,True,4/8 (50%),4,4/8=605.0 6/8=687.5 7/8=728.75,576,3.52,False,576,625
TRITURBINE,615.25,352,True,43.6,True,3,C1:-19.0%/9b | C2:-11.3%/3b | C3:-14.3%/8b,False,False,True,0.51,False,699.0,-11.98,0.13,0.21,forming / still basing,No VCP,n/a,80,428.35,2026-03-23,1.426,542.4,656.45,485.37,True,False,strong (>1x1),627.71,640.3,665.86,602.91,590.7,90,10,False,5/8,5,4/8=607.97 6/8=697.79 7/8=742.69,625,1.58,True,576,625
GROWW,208.3,171,False,86.0,False,3,C1:-4.0%/4b | C2:-7.6%/6b | C3:-9.0%/3b,False,False,False,1.46,False,207.7,0.29,1.05,0.39,BROKEN OUT (fresh),No VCP,n/a,170,112.0,2025-11-12,0.457,189.71,267.43,150.86,True,False,strong (>1x1),215.58,222.98,238.17,201.15,194.12,180,10,False,7/8 (exhaustion),7,4/8=169.6 6/8=198.4 7/8=212.8,196,5.9,False,196,225
TIIL,2538.3,350,True,35.8,True,3,C1:-11.6%/3b | C2:-3.3%/4b | C3:-3.8%/1b,False,False,True,0.7,False,2549.6,-0.44,2.29,0.59,AT PIVOT (actionable),No VCP,n/a,120,1868.5,2026-01-21,6.01,2589.69,3310.88,2229.1,False,False,moderate (>1x2),2563.55,2588.93,2640.06,2513.17,2488.17,144,24,True,4/8 (50%),4,4/8=2625.75 6/8=3004.38 7/8=3193.69,2500,1.51,True,2500,2601
JINDWORLD,32.2,352,True,80.4,True,3,C1:-21.4%/11b | C2:-12.3%/7b | C3:-9.0%/3b,True,True,False,3.81,False,31.0,3.87,8.13,0.27,BROKEN OUT (fresh),No VCP,n/a,76,17.85,2026-03-30,0.104,25.72,33.6,21.79,True,False,strong (>1x1),35.1,38.12,44.55,29.43,26.78,90,14,False,5/8,5,4/8=30.9 6/8=37.43 7/8=40.7,36,11.8,False,25,36
MOTHERSON,144.17,352,True,60.7,True,3,C1:-5.4%/6b | C2:-10.1%/9b | C3:-2.4%/1b,False,False,True,0.73,True,144.75,-0.4,0.63,0.41,AT PIVOT (actionable),Moderate VCP,144.75-151.99,171,101.08,2025-11-11,0.26,145.56,190.04,123.32,False,False,moderate (>1x2),150.24,156.43,169.18,138.23,132.41,180,9,False,7/8 (exhaustion),7,4/8=122.47 6/8=138.86 7/8=147.06,144,0.12,True,144,169
SILVERTUC,197.72,352,False,96.7,False,3,C1:-4.4%/3b | C2:-11.1%/3b | C3:-4.9%/8b,False,False,False,1.35,False,187.24,5.6,1.26,0.81,BROKEN OUT (fresh),No VCP,n/a,84,100.5,2026-03-17,4.036,439.48,778.47,269.99,False,False,weak (<1x2),204.81,212.03,226.84,190.75,183.91,90,6,False,1/8,1,4/8=608.97 6/8=863.21 7/8=990.33,196,0.87,True,196,225
MSTCLTD,594.55,352,True,64.2,True,3,C1:-11.4%/6b | C2:-12.1%/7b | C3:-13.1%/2b,False,False,True,0.26,False,743.9,-20.08,0.4,0.07,forming / still basing,No VCP,n/a,76,362.15,2026-03-30,1.515,477.28,592.41,419.72,True,True,very strong (>2x1),606.8,619.18,644.32,582.42,570.42,90,14,False,5/8,5,4/8=553.03 6/8=648.46 7/8=696.18,576,3.12,False,576,625
PLASTIBLEN,198.57,352,True,64.1,True,3,C1:-9.1%/6b | C2:-3.2%/3b | C3:-9.3%/4b,False,False,False,6.91,False,185.3,7.16,1.4,0.1,BROKEN OUT (fresh),No VCP,n/a,76,121.01,2026-03-30,0.378,149.75,178.48,135.38,True,True,very strong (>2x1),205.68,212.91,227.75,191.59,184.73,90,14,False,7/8 (exhaustion),7,4/8=168.65 6/8=192.47 7/8=204.38,196,1.29,True,196,225
SURYODAY,179.79,351,True,55.8,True,3,C1:-6.8%/2b | C2:-3.5%/1b | C3:-8.6%/4b,False,False,False,1.14,True,195.0,-7.8,0.67,0.25,forming / still basing,No VCP,n/a,97,115.41,2026-02-24,0.316,146.05,176.68,130.73,True,True,very strong (>2x1),186.56,193.45,207.61,173.15,166.63,120,23,False,7/8 (exhaustion),7,4/8=155.21 6/8=175.1 7/8=185.05,169,6.0,False,169,196
WELENT,626.3,352,True,52.0,True,3,C1:-8.3%/4b | C2:-8.5%/4b | C3:-2.4%/1b,False,True,False,1.14,True,579.7,8.04,2.32,0.6,extended past pivot,No VCP,n/a,76,412.0,2026-03-30,0.885,479.22,546.45,445.61,True,True,very strong (>2x1),638.88,651.58,677.35,613.85,601.52,90,14,False,8/8 (52w high),8,4/8=523.45 6/8=579.18 7/8=607.04,625,0.21,True,625,676
AVG,201.59,351,True,72.8,True,3,C1:-8.7%/3b | C2:-9.1%/1b | C3:-10.8%/2b,False,False,True,0.22,False,218.69,-7.82,0.26,0.11,forming / still basing,No VCP,n/a,73,116.66,2026-04-02,0.72,169.19,221.72,142.93,True,False,strong (>1x1),208.75,216.04,230.99,194.55,187.64,90,17,False,4/8 (50%),4,4/8=207.33 6/8=252.67 7/8=275.33,196,2.77,False,196,225
RPGLIFE,2859.8,352,True,65.0,True,3,C1:-4.5%/3b | C2:-12.7%/13b | C3:-3.2%/3b,False,False,False,2.53,True,2350.0,21.69,0.77,0.3,extended past pivot,No VCP,n/a,80,1733.0,2026-03-23,5.003,2133.25,2533.51,1933.13,True,True,very strong (>2x1),2886.6,2913.53,2967.75,2833.12,2806.57,90,10,False,8/8 (52w high),8,4/8=2363.4 6/8=2678.6 7/8=2836.2,2809,1.78,True,2809,2916
ANTHEM,777.0,248,True,34.2,True,3,C1:-9.8%/15b | C2:-6.3%/5b | C3:-4.6%/5b,True,True,False,1.76,False,780.25,-0.42,4.2,0.79,AT PIVOT (actionable),No VCP,n/a,114,579.15,2026-02-02,1.168,712.31,845.47,645.73,True,False,strong (>1x1),791.0,805.12,833.75,763.13,749.38,120,6,False,6/8 (75%),6,4/8=726.33 6/8=799.91 7/8=836.71,784,0.9,True,729,784
KSB,903.6,352,True,35.5,True,3,C1:-24.7%/27b | C2:-4.2%/3b | C3:-6.1%/4b,False,False,True,0.58,False,959.0,-5.78,0.65,0.5,forming / still basing,No VCP,n/a,118,666.65,2026-01-27,1.435,835.99,1005.34,751.32,True,False,strong (>1x1),918.69,933.91,964.72,888.63,873.79,120,2,True,6/8 (75%),6,4/8=847.48 6/8=937.89 7/8=983.09,900,0.4,True,900,961
POLYPLEX,1077.55,352,True,45.6,True,3,C1:-10.9%/4b | C2:-7.1%/7b | C3:-9.2%/4b,False,False,True,0.49,False,1095.0,-1.59,0.31,0.87,AT PIVOT (actionable),No VCP,n/a,76,740.0,2026-03-30,1.746,872.67,1005.34,806.33,True,True,very strong (>2x1),1094.03,1110.63,1144.2,1061.2,1044.97,90,14,False,7/8 (exhaustion),7,4/8=959.95 6/8=1069.93 7/8=1124.91,1089,1.06,True,1024,1089
BCLIND,36.47,351,True,42.9,True,3,C1:-13.5%/5b | C2:-15.2%/10b | C3:-10.0%/3b,False,False,False,5.48,False,40.0,-8.82,0.27,0.27,forming / still basing,No VCP,n/a,80,25.53,2026-03-23,0.094,33.08,40.62,29.3,True,False,strong (>1x1),39.55,42.76,49.55,33.51,30.68,90,10,False,4/8 (50%),4,4/8=37.41 6/8=43.36 7/8=46.33,36,1.29,True,36,49
NITCO,110.86,351,True,73.2,True,3,C1:-13.2%/5b | C2:-11.0%/5b | C3:-12.6%/8b,False,False,True,0.58,False,118.5,-6.45,0.65,0.4,forming / still basing,No VCP,n/a,86,64.0,2026-03-13,0.349,94.03,124.06,79.02,True,False,strong (>1x1),116.19,121.64,132.92,105.66,100.58,90,4,True,5/8,5,4/8=108.0 6/8=130.0 7/8=141.0,121,9.15,False,100,121
VISAKAIND,80.95,351,True,61.3,True,3,C1:-5.2%/5b | C2:-6.6%/3b | C3:-9.4%/2b,False,True,False,1.69,False,87.4,-7.38,0.68,0.35,forming / still basing,No VCP,n/a,76,50.2,2026-03-30,0.163,62.63,75.05,56.41,True,True,very strong (>2x1),85.51,90.2,99.94,76.51,72.2,90,14,False,6/8 (75%),6,4/8=70.8 6/8=81.1 7/8=86.25,81,0.06,True,64,81
JSWINFRA,342.15,352,True,46.6,True,3,C1:-6.2%/8b | C2:-7.4%/3b | C3:-6.9%/5b,False,False,False,1.31,True,355.8,-3.84,0.69,0.7,AT PIVOT (actionable),No VCP,n/a,72,233.42,2026-04-07,0.486,268.39,303.35,250.9,True,True,very strong (>2x1),351.46,360.9,380.14,332.96,323.9,90,18,False,8/8 (52w high),8,4/8=294.61 6/8=325.2 7/8=340.5,324,5.3,False,324,361
PPL,255.9,351,True,56.8,True,3,C1:-20.2%/7b | C2:-10.5%/1b | C3:-20.5%/6b,False,False,True,0.1,False,334.4,-23.47,0.09,0.31,forming / still basing,No VCP,n/a,75,163.21,2026-03-30,0.931,233.06,302.91,198.13,True,False,strong (>1x1),263.96,272.15,288.89,247.96,240.15,90,15,False,4/8 (50%),4,4/8=280.56 6/8=339.23 7/8=368.56,256,0.04,True,225,256
DWARKESH,44.08,351,True,37.2,True,3,C1:-4.3%/2b | C2:-8.3%/2b | C3:-7.2%/2b,False,True,False,1.17,False,45.59,-3.31,2.67,0.3,AT PIVOT (actionable),No VCP,n/a,120,32.13,2026-01-21,0.083,42.11,52.09,37.12,True,False,strong (>1x1),47.46,50.97,58.36,40.82,37.69,144,24,True,5/8,5,4/8=42.61 6/8=47.85 7/8=50.47,49,11.16,False,36,49
HUHTAMAKI,237.44,352,True,59.8,True,3,C1:-8.1%/5b | C2:-4.3%/3b | C3:-6.9%/3b,False,True,False,1.79,False,217.55,9.14,2.05,0.84,extended past pivot,No VCP,n/a,76,148.6,2026-03-30,0.492,186.01,223.42,167.31,True,True,very strong (>2x1),245.21,253.1,269.26,229.8,222.28,90,14,False,6/8 (75%),6,4/8=210.62 6/8=241.64 7/8=257.14,225,5.24,False,225,256
CORDSCABLE,203.05,351,True,59.9,True,3,C1:-21.6%/11b | C2:-9.8%/7b | C3:-6.0%/4b,True,True,True,0.13,False,214.99,-5.55,0.1,0.87,forming / still basing,No VCP,n/a,76,127.01,2026-03-30,0.525,166.94,206.86,146.97,True,False,strong (>1x1),210.24,217.55,232.55,195.99,189.05,90,14,False,5/8,5,4/8=193.2 6/8=226.3 7/8=242.85,196,3.47,False,196,225
BUTTERFLY,775.95,351,True,37.1,True,3,C1:-7.9%/5b | C2:-5.6%/4b | C3:-6.7%/4b,False,True,True,0.48,True,783.4,-0.95,0.21,0.74,AT PIVOT (actionable),Moderate VCP,783.4-822.57,121,565.8,2026-01-21,1.024,689.7,813.61,627.75,True,False,strong (>1x1),789.94,804.06,832.66,762.08,748.34,144,23,True,7/8 (exhaustion),7,4/8=694.82 6/8=759.34 7/8=791.59,784,1.04,True,729,784
IPCALAB,1900.6,351,True,51.9,True,3,C1:-5.8%/4b | C2:-8.1%/7b | C3:-3.3%/1b,False,False,False,1.22,True,1800.0,5.59,0.53,0.55,BROKEN OUT (fresh),No VCP,n/a,176,1268.0,2025-10-31,2.751,1752.21,2236.42,1510.1,True,False,strong (>1x1),1922.46,1944.45,1988.79,1878.86,1857.25,180,4,True,8/8 (52w high),8,4/8=1598.25 6/8=1771.58 7/8=1858.24,1936,1.86,True,1849,1936
REFEX,306.8,351,True,63.2,True,3,C1:-5.4%/2b | C2:-11.2%/3b | C3:-11.1%/4b,False,False,True,0.36,False,371.4,-17.39,0.34,0.23,forming / still basing,No VCP,n/a,79,188.0,2026-03-23,1.097,274.63,361.27,231.32,True,False,strong (>1x1),315.62,324.57,342.83,298.1,289.53,90,11,False,4/8 (50%),4,4/8=326.18 6/8=395.26 7/8=429.81,324,5.61,False,289,324
GUJALKALI,586.2,351,False,43.3,False,3,C1:-17.5%/5b | C2:-5.6%/2b | C3:-8.9%/5b,False,False,True,0.76,False,644.3,-9.02,0.27,0.58,forming / still basing,No VCP,n/a,85,409.15,2026-03-16,1.611,546.04,682.94,477.6,True,False,strong (>1x1),598.37,610.66,635.62,574.16,562.24,90,5,True,4/8 (50%),4,4/8=612.07 6/8=713.54 7/8=764.27,576,1.74,True,576,625
PASUPTAC,58.55,351,True,46.0,True,3,C1:-7.8%/2b | C2:-17.6%/7b | C3:-11.9%/5b,False,False,True,0.11,False,63.0,-7.06,0.06,0.47,forming / still basing,No VCP,n/a,75,40.41,2026-03-30,0.154,51.97,63.53,46.19,True,False,strong (>1x1),62.44,66.45,74.85,54.79,51.15,90,15,False,4/8 (50%),4,4/8=59.52 6/8=69.24 7/8=74.09,64,9.31,False,49,64
NAVINFLUOR,7579.0,351,True,68.5,True,3,C1:-5.1%/3b | C2:-3.6%/3b | C3:-5.9%/2b,False,True,True,0.65,True,7761.0,-2.35,0.67,0.32,AT PIVOT (actionable),Moderate VCP,7761.0-8149.05,177,4890.7,2025-10-30,13.141,7216.63,9542.57,6053.67,True,False,strong (>1x1),7622.59,7666.31,7754.11,7535.53,7492.19,180,3,True,8/8 (52w high),8,4/8=6154.25 6/8=6982.12 7/8=7396.06,7569,0.13,True,7569,7744
APOLLOHOSP,8826.0,352,True,31.8,True,3,C1:-3.7%/3b | C2:-7.4%/6b | C3:-2.5%/3b,False,False,False,0.89,True,8920.5,-1.06,0.38,0.4,AT PIVOT (actionable),No VCP,n/a,119,6696.5,2026-01-23,9.177,7788.51,8880.53,7242.51,True,False,strong (>1x1),8873.04,8920.2,9014.89,8779.09,8732.3,120,1,True,8/8 (52w high),8,4/8=7852.75 6/8=8430.88 7/8=8719.94,8836,0.11,True,8649,8836
IVALUE,300.1,201,True,44.7,True,3,C1:-13.1%/6b | C2:-5.0%/1b | C3:-9.0%/6b,False,False,True,0.73,False,284.65,5.43,0.73,0.25,BROKEN OUT (fresh),No VCP,n/a,79,207.35,2026-03-23,0.526,248.93,290.52,228.14,True,True,very strong (>2x1),308.82,317.67,335.75,291.5,283.03,90,11,False,6/8 (75%),6,4/8=273.68 6/8=306.84 7/8=323.42,289,3.7,False,289,324
SWANDEF,2229.6,351,True,664.4,True,3,C1:-5.4%/3b | C2:-3.8%/3b | C3:-10.3%/5b,False,False,True,0.85,False,2288.0,-2.55,0.36,0.72,AT PIVOT (actionable),No VCP,n/a,179,736.45,2025-10-28,8.72,2297.25,3858.05,1516.85,False,False,moderate (>1x2),2253.27,2277.07,2325.04,2206.05,2182.63,180,1,True,8/8 (52w high),8,4/8=1390.34 6/8=1939.67 7/8=2214.33,2209,0.92,True,2209,2304
BHAGCHEM,270.5,350,True,58.6,True,3,C1:-7.4%/3b | C2:-6.0%/4b | C3:-4.6%/2b,True,False,True,0.43,False,305.0,-11.31,0.31,0.27,forming / still basing,No VCP,n/a,75,170.6,2026-03-30,0.613,216.55,262.5,193.58,True,True,very strong (>2x1),278.79,287.2,304.39,262.34,254.3,90,15,False,6/8 (75%),6,4/8=247.8 6/8=286.4 7/8=305.7,256,5.36,False,256,289
COMSYN,189.27,351,True,51.6,True,3,C1:-7.3%/6b | C2:-3.9%/9b | C3:-8.7%/1b,False,False,True,0.48,False,198.36,-4.58,0.2,0.68,AT PIVOT (actionable),No VCP,n/a,169,136.44,2025-11-12,0.35,195.58,254.73,166.01,False,False,moderate (>1x2),196.21,203.28,217.79,182.45,175.76,180,11,False,6/8 (75%),6,4/8=168.9 6/8=190.95 7/8=201.98,196,3.56,False,169,196
AJANTPHARM,3419.4,351,True,46.8,True,3,C1:-12.7%/13b | C2:-3.8%/2b | C3:-4.8%/2b,False,True,True,0.72,True,3420.0,-0.02,0.7,0.69,AT PIVOT (actionable),Moderate VCP,3420.0-3591.0,179,2382.0,2025-10-28,4.671,3218.04,4054.09,2800.02,True,False,strong (>1x1),3448.7,3478.13,3537.35,3390.22,3361.17,180,1,True,8/8 (52w high),8,4/8=2918.4 6/8=3212.65 7/8=3359.77,3364,1.62,True,3364,3481
OMAXE,93.5,351,True,49.6,True,3,C1:-7.4%/3b | C2:-6.3%/5b | C3:-16.1%/3b,False,False,False,1.07,False,98.37,-4.95,0.2,0.27,AT PIVOT (actionable),No VCP,n/a,150,62.5,2025-12-09,0.188,90.77,119.05,76.64,True,False,strong (>1x1),98.4,103.42,113.84,88.73,84.08,180,30,False,6/8 (75%),6,4/8=86.25 6/8=98.12 7/8=104.06,100,6.95,False,81,100
KALYANKJIL,574.4,352,True,75.6,True,3,C1:-12.6%/4b | C2:-3.8%/2b | C3:-11.2%/3b,False,False,False,3.74,True,392.25,46.44,2.46,0.91,extended past pivot,No VCP,n/a,26,327.05,2026-06-11,1.153,357.04,387.03,342.04,True,True,very strong (>2x1),586.45,598.62,623.33,562.48,550.68,30,4,True,7/8 (exhaustion),7,4/8=472.38 6/8=545.04 7/8=581.37,576,0.28,True,529,576
ASHIANA,374.8,352,True,39.1,True,3,C1:-8.3%/9b | C2:-8.4%/1b | C3:-9.4%/5b,False,False,True,0.4,True,406.0,-7.68,0.27,0.71,forming / still basing,Moderate VCP,406.0-426.3,171,269.45,2025-11-11,0.542,362.11,454.77,315.78,True,False,strong (>1x1),384.54,394.41,414.52,365.18,355.69,180,9,False,7/8 (exhaustion),7,4/8=337.73 6/8=371.86 7/8=388.93,361,3.68,False,361,400
GARFIBRES,765.5,351,True,32.0,True,3,C1:-6.4%/3b | C2:-12.4%/4b | C3:-6.9%/2b,False,False,True,0.41,False,768.95,-0.45,0.18,0.8,AT PIVOT (actionable),No VCP,n/a,76,579.75,2026-03-30,1.549,697.44,815.14,638.6,True,False,strong (>1x1),779.4,793.42,821.84,751.73,738.08,90,14,False,4/8 (50%),4,4/8=774.88 6/8=872.44 7/8=921.22,784,2.42,False,729,784
538668,741.05,350,True,57.6,True,3,C1:-4.9%/4b | C2:-13.9%/6b | C3:-9.5%/9b,False,False,True,0.71,False,767.85,-3.49,0.59,0.54,AT PIVOT (actionable),No VCP,n/a,82,500.0,2026-03-18,1.383,613.43,726.87,556.72,True,True,very strong (>2x1),754.72,768.52,796.49,727.5,714.08,90,8,False,7/8 (exhaustion),7,4/8=644.4 6/8=731.55 7/8=775.13,729,1.63,True,729,784
VETO,130.41,352,True,58.4,True,3,C1:-6.8%/3b | C2:-17.4%/9b | C3:-8.8%/5b,False,False,True,0.26,False,130.0,0.32,0.2,0.37,BROKEN OUT (fresh),No VCP,n/a,76,82.32,2026-03-30,0.284,103.92,125.53,93.12,True,True,very strong (>2x1),136.18,142.08,154.25,124.76,119.24,90,14,False,6/8 (75%),6,4/8=118.13 6/8=136.04 7/8=145.0,121,7.22,False,121,144
MCLOUD,28.37,352,False,46.2,False,3,C1:-22.2%/13b | C2:-19.0%/5b | C3:-16.6%/3b,True,True,True,0.38,False,34.55,-17.89,0.25,0.42,forming / still basing,No VCP,n/a,76,19.4,2026-03-30,0.341,45.34,71.29,32.37,False,False,weak (<1x2),31.1,33.95,40.02,25.77,23.29,90,14,False,1/8,1,4/8=62.41 6/8=83.91 7/8=94.67,25,11.88,False,25,36
SOUTHWEST,226.74,352,True,87.4,True,3,C1:-13.5%/1b | C2:-16.0%/12b | C3:-5.8%/3b,False,False,True,0.19,False,233.55,-2.92,0.27,0.82,AT PIVOT (actionable),No VCP,n/a,179,140.06,2025-10-29,0.611,249.45,358.84,194.75,False,False,moderate (>1x2),234.33,242.05,257.86,219.27,211.93,180,1,True,6/8 (75%),6,4/8=198.0 6/8=236.5 7/8=255.75,225,0.77,True,225,256
BLUEJET,584.55,352,True,79.9,True,3,C1:-17.2%/9b | C2:-15.1%/4b | C3:-7.1%/2b,True,True,True,0.74,False,630.0,-7.21,0.44,0.66,forming / still basing,No VCP,n/a,76,325.0,2026-03-30,2.789,536.96,748.91,430.98,True,False,strong (>1x1),596.7,608.98,633.9,572.52,560.62,90,14,False,3/8,3,4/8=676.4 6/8=852.1 7/8=939.95,576,1.46,True,576,625
NEPHROPLUS,635.7,145,False,42.5,False,3,C1:-4.9%/4b | C2:-7.2%/2b | C3:-9.4%/6b,False,False,True,0.41,False,686.4,-7.39,0.26,0.69,forming / still basing,No VCP,n/a,142,446.0,2025-12-19,1.285,628.43,810.86,537.22,True,False,strong (>1x1),648.37,661.16,687.13,623.16,610.74,144,2,True,5/8,5,4/8=607.88 6/8=688.81 7/8=729.28,625,1.68,True,625,676
AUTOIND,92.31,351,True,90.9,True,3,C1:-14.8%/3b | C2:-12.3%/3b | C3:-8.8%/3b,True,True,True,0.62,False,102.5,-9.94,0.19,0.18,forming / still basing,No VCP,n/a,76,48.35,2026-03-30,0.219,64.98,81.62,56.67,True,True,very strong (>2x1),97.18,102.17,112.53,87.57,82.95,90,14,False,7/8 (exhaustion),7,4/8=75.92 6/8=89.71 7/8=96.61,100,8.33,False,81,100
SAATVIKGL,466.4,201,True,42.2,True,3,C1:-2.4%/3b | C2:-6.6%/4b | C3:-15.1%/10b,False,False,False,1.9,False,490.0,-4.82,0.57,0.72,AT PIVOT (actionable),No VCP,n/a,90,328.0,2026-03-09,0.948,413.36,498.71,370.68,True,False,strong (>1x1),477.26,488.25,510.59,455.66,445.05,120,30,True,5/8,5,4/8=447.5 6/8=507.25 7/8=537.12,484,3.77,False,441,484
KIRLOSIND,3824.8,351,True,55.3,True,3,C1:-6.6%/4b | C2:-14.2%/6b | C3:-4.8%/3b,False,False,True,0.29,False,4233.0,-9.64,0.28,0.23,forming / still basing,No VCP,n/a,75,2463.0,2026-03-30,8.98,3136.51,3810.02,2799.76,True,True,very strong (>2x1),3855.78,3886.89,3949.49,3793.94,3763.21,90,15,False,5/8,5,4/8=3594.5 6/8=4160.25 7/8=4443.12,3844,0.5,True,3721,3844
JSFB,493.0,352,True,49.4,True,3,C1:-8.9%/9b | C2:-5.8%/5b | C3:-8.5%/4b,False,True,False,2.46,True,480.0,2.71,0.77,0.31,BROKEN OUT (fresh),No VCP,n/a,80,330.0,2026-03-23,0.758,390.65,451.3,360.33,True,True,very strong (>2x1),504.16,515.45,538.41,481.96,471.05,90,10,False,7/8 (exhaustion),7,4/8=425.52 6/8=473.29 7/8=497.17,484,1.83,True,484,529
MANAKSTEEL,76.58,351,True,69.8,True,3,C1:-26.0%/8b | C2:-10.8%/6b | C3:-10.9%/5b,False,True,True,0.76,False,84.11,-8.95,0.7,0.21,forming / still basing,No VCP,n/a,75,45.11,2026-03-30,0.167,57.62,70.12,51.36,True,True,very strong (>2x1),81.02,85.58,95.08,72.27,68.08,90,15,False,6/8 (75%),6,4/8=66.12 6/8=76.62 7/8=81.88,81,5.77,False,64,81
GLOTTIS,67.2,195,False,81.6,False,3,C1:-3.6%/2b | C2:-4.3%/4b | C3:-3.8%/3b,False,False,True,0.15,False,67.25,-0.07,0.14,0.59,AT PIVOT (actionable),No VCP,n/a,76,37.0,2026-03-30,0.222,53.89,70.78,45.44,True,False,strong (>1x1),71.36,75.65,84.6,63.16,59.25,90,14,False,5/8,5,4/8=65.0 6/8=79.0 7/8=86.0,64,4.76,False,64,81
AERONEU,89.46,351,True,41.5,True,3,C1:-5.7%/4b | C2:-6.3%/3b | C3:-19.1%/6b,False,False,True,0.63,False,105.5,-15.2,0.64,0.25,forming / still basing,No VCP,n/a,82,63.21,2026-03-19,0.247,83.44,103.66,73.32,True,False,strong (>1x1),94.25,99.17,109.38,84.79,80.25,90,8,False,4/8 (50%),4,4/8=94.29 6/8=109.83 7/8=117.6,81,9.46,False,81,100
NACLIND,213.45,352,True,89.5,True,3,C1:-18.3%/7b | C2:-7.8%/2b | C3:-10.2%/2b,False,True,False,1.09,False,245.0,-12.88,0.32,0.51,forming / still basing,No VCP,n/a,90,112.62,2026-03-09,0.9,193.63,274.64,153.13,True,False,strong (>1x1),220.82,228.31,243.67,206.21,199.09,120,30,True,4/8 (50%),4,4/8=226.04 6/8=282.74 7/8=311.1,225,5.41,False,196,225
UYFINCORP,16.75,350,True,50.1,True,3,C1:-6.2%/3b | C2:-13.1%/7b | C3:-7.8%/9b,False,False,False,2.77,False,16.92,-1.0,2.94,0.62,AT PIVOT (actionable),No VCP,n/a,75,11.5,2026-03-30,0.035,14.12,16.75,12.81,True,True,very strong (>2x1),18.86,21.09,25.94,14.77,12.91,90,15,False,6/8 (75%),6,4/8=15.57 6/8=17.77 7/8=18.88,16,4.48,False,16,25
SUMICHEM,538.55,352,True,48.5,True,3,C1:-12.8%/9b | C2:-10.1%/6b | C3:-9.0%/3b,True,True,False,0.85,False,509.4,5.72,0.69,0.5,BROKEN OUT (fresh),No VCP,n/a,76,362.6,2026-03-30,1.2,453.8,545.0,408.2,True,False,strong (>1x1),550.22,562.01,585.96,527.01,515.59,90,14,False,5/8,5,4/8=513.8 6/8=589.4 7/8=627.2,529,1.77,True,529,576
SHYAMMETL,1022.5,352,True,37.1,True,3,C1:-4.2%/3b | C2:-6.5%/5b | C3:-6.4%/4b,False,False,False,1.23,True,979.05,4.44,0.33,0.41,BROKEN OUT (fresh),No VCP,n/a,85,746.0,2026-03-16,1.242,851.58,957.15,798.79,True,True,very strong (>2x1),1038.55,1054.73,1087.45,1006.57,990.77,90,5,True,8/8 (52w high),8,4/8=902.5 6/8=980.75 7/8=1019.88,1024,0.15,True,961,1024
RATNAVEER,180.66,351,True,38.4,True,3,C1:-8.5%/7b | C2:-7.9%/4b | C3:-8.8%/3b,False,True,True,0.33,False,189.9,-4.87,0.51,0.7,AT PIVOT (actionable),No VCP,n/a,76,130.5,2026-03-30,0.264,150.56,170.61,140.53,True,True,very strong (>2x1),187.44,194.35,208.54,174.0,167.47,90,14,False,7/8 (exhaustion),7,4/8=163.75 6/8=180.38 7/8=188.69,169,6.45,False,169,196
FLUOROCHEM,4144.9,352,True,42.1,True,3,C1:-7.6%/4b | C2:-9.8%/11b | C3:-4.5%/4b,False,False,False,1.98,True,4006.9,3.44,1.22,0.8,BROKEN OUT (fresh),No VCP,n/a,117,2916.6,2026-01-28,4.973,3498.49,4080.38,3207.54,True,True,very strong (>2x1),4177.15,4209.53,4274.66,4112.77,4080.77,120,3,True,8/8 (52w high),8,4/8=3543.25 6/8=3856.57 7/8=4013.24,4096,1.18,True,4096,4225
SEAMECLTD,1380.4,350,True,83.4,True,3,C1:-20.4%/2b | C2:-6.7%/4b | C3:-3.4%/6b,True,False,True,0.38,False,1462.2,-5.59,0.54,0.29,forming / still basing,No VCP,n/a,170,771.75,2025-11-10,3.796,1417.11,2062.47,1094.43,False,False,moderate (>1x2),1399.04,1417.8,1455.71,1361.89,1343.5,180,10,False,6/8 (75%),6,4/8=1230.87 6/8=1470.04 7/8=1589.62,1369,0.83,True,1369,1444
AURUM,239.28,352,True,57.5,True,3,C1:-3.9%/3b | C2:-7.4%/4b | C3:-9.4%/3b,False,False,False,4.72,False,237.0,0.96,1.33,0.45,BROKEN OUT (fresh),No VCP,n/a,76,151.9,2026-03-30,0.447,185.9,219.9,168.9,True,True,very strong (>2x1),247.08,255.0,271.22,231.61,224.06,90,14,False,7/8 (exhaustion),7,4/8=208.27 6/8=236.46 7/8=250.55,225,5.97,False,225,256
BHAGERIA,203.49,351,True,59.6,True,3,C1:-7.9%/2b | C2:-9.7%/5b | C3:-13.8%/5b,False,False,True,0.11,False,232.0,-12.29,0.14,0.47,forming / still basing,No VCP,n/a,75,127.51,2026-03-30,0.465,162.36,197.21,144.93,True,True,very strong (>2x1),210.68,218.0,233.02,196.42,189.48,90,15,False,6/8 (75%),6,4/8=186.06 6/8=215.33 7/8=229.96,196,3.68,False,196,225
DELHIVERY,492.15,352,True,31.4,True,3,C1:-4.3%/3b | C2:-6.2%/5b | C3:-4.8%/2b,False,False,False,0.92,True,524.0,-6.08,1.19,0.37,forming / still basing,No VCP,n/a,121,374.45,2026-01-21,0.593,446.26,518.07,410.35,True,False,strong (>1x1),503.3,514.58,537.52,481.12,470.22,144,23,True,7/8 (exhaustion),7,4/8=449.23 6/8=486.61 7/8=505.31,484,1.66,True,484,529
FEDERALBNK,349.0,352,True,88.5,True,3,C1:-2.6%/1b | C2:-2.7%/4b | C3:-2.7%/1b,False,False,False,1.0,True,336.5,3.71,3.41,0.93,BROKEN OUT (fresh),No VCP,n/a,173,232.42,2025-11-07,0.658,346.3,460.19,289.36,True,False,strong (>1x1),358.4,367.93,387.36,339.72,330.57,180,7,False,8/8 (52w high),8,4/8=268.06 6/8=309.53 7/8=330.26,361,3.44,False,324,361
ASAL,522.3,352,True,39.5,True,3,C1:-9.8%/7b | C2:-10.3%/5b | C3:-9.2%/6b,False,False,False,1.73,False,539.65,-3.22,0.92,0.44,AT PIVOT (actionable),No VCP,n/a,76,374.5,2026-03-30,1.112,458.99,543.48,416.74,True,False,strong (>1x1),533.79,545.4,569.01,510.94,499.7,90,14,False,5/8,5,4/8=514.58 6/8=584.61 7/8=619.63,529,1.28,True,484,529
FINEORG,5056.0,352,True,31.1,True,3,C1:-3.0%/4b | C2:-6.3%/2b | C3:-9.6%/7b,False,False,True,0.58,True,5369.0,-5.83,0.48,0.44,forming / still basing,Moderate VCP,5369.0-5637.45,118,3856.0,2026-01-27,6.5,4623.0,5390.0,4239.5,True,False,strong (>1x1),5091.62,5127.36,5199.21,5020.51,4985.14,120,2,True,6/8 (75%),6,4/8=4675.0 6/8=5084.5 7/8=5289.25,5041,0.3,True,5041,5184
VIPULLTD,15.64,351,True,111.9,True,3,C1:-6.4%/6b | C2:-14.0%/6b | C3:-5.7%/2b,False,True,False,1.65,False,17.82,-12.23,0.06,0.5,forming / still basing,No VCP,n/a,154,7.38,2025-12-03,0.045,14.24,21.09,10.81,True,False,strong (>1x1),17.68,19.84,24.55,13.73,11.94,180,26,False,6/8 (75%),6,4/8=12.99 6/8=15.8 7/8=17.2,16,2.3,False,9,16
SPANDANA,296.9,352,True,63.9,True,3,C1:-7.1%/4b | C2:-14.8%/5b | C3:-10.1%/2b,False,False,True,0.83,True,310.0,-4.23,0.68,0.42,AT PIVOT (actionable),Moderate VCP,310.0-325.5,76,181.1,2026-03-30,0.549,222.81,264.52,201.95,True,True,very strong (>2x1),305.58,314.38,332.36,288.35,279.92,90,14,False,7/8 (exhaustion),7,4/8=250.25 6/8=284.82 7/8=302.11,289,2.66,False,289,324
NIITLTD,97.17,352,True,98.3,True,3,C1:-11.9%/3b | C2:-11.8%/5b | C3:-11.4%/2b,True,False,True,0.31,False,102.4,-5.11,0.12,0.5,forming / still basing,No VCP,n/a,76,49.0,2026-03-30,0.317,73.1,97.19,61.05,True,False,strong (>1x1),102.16,107.28,117.88,92.3,87.56,90,14,False,5/8,5,4/8=88.95 6/8=108.92 7/8=118.91,100,2.91,False,81,100
RATNAMANI,2582.8,351,True,33.4,True,3,C1:-4.1%/3b | C2:-6.9%/4b | C3:-13.3%/8b,False,False,True,0.46,False,2711.0,-4.73,0.23,0.26,AT PIVOT (actionable),No VCP,n/a,106,1936.5,2026-02-11,5.589,2528.96,3121.43,2232.73,True,False,strong (>1x1),2608.27,2633.87,2685.44,2557.45,2532.23,120,14,False,4/8 (50%),4,4/8=2640.75 6/8=2992.88 7/8=3168.94,2601,0.7,True,2500,2601
DSSL,1214.8,351,True,55.5,True,3,C1:-8.0%/3b | C2:-13.3%/7b | C3:-8.8%/2b,False,False,True,0.23,False,1382.7,-12.14,0.14,0.19,forming / still basing,No VCP,n/a,76,781.0,2026-03-30,4.539,1125.96,1470.91,953.48,True,False,strong (>1x1),1232.29,1249.9,1285.51,1197.44,1180.2,90,14,False,4/8 (50%),4,4/8=1352.9 6/8=1638.85 7/8=1781.83,1225,0.84,True,1156,1225
ZEEL,107.4,352,True,57.9,True,3,C1:-10.4%/6b | C2:-10.1%/3b | C3:-12.4%/6b,False,False,True,0.69,False,117.65,-8.71,0.65,0.71,forming / still basing,No VCP,n/a,80,68.0,2026-03-23,0.313,93.08,118.15,80.54,True,False,strong (>1x1),112.64,118.01,129.13,102.28,97.29,90,10,False,4/8 (50%),4,4/8=107.5 6/8=127.24 7/8=137.12,100,6.89,False,100,121
CENTENKA,541.4,351,True,45.9,True,3,C1:-8.3%/4b | C2:-8.0%/5b | C3:-7.1%/3b,True,False,False,3.51,False,542.0,-0.11,0.33,0.64,AT PIVOT (actionable),No VCP,n/a,75,371.2,2026-03-30,0.995,445.84,520.49,408.52,True,True,very strong (>2x1),553.1,564.92,588.94,529.83,518.38,90,15,False,6/8 (75%),6,4/8=496.6 6/8=559.3 7/8=590.65,529,2.29,False,529,576
ONIDA,39.19,352,True,166.6,True,3,C1:-7.6%/4b | C2:-17.6%/5b | C3:-6.6%/3b,False,False,True,0.23,False,45.8,-14.43,0.26,0.47,forming / still basing,No VCP,n/a,151,21.5,2025-12-09,0.137,42.19,62.88,31.85,False,False,moderate (>1x2),42.38,45.7,52.71,36.12,33.18,180,29,False,6/8 (75%),6,4/8=31.96 6/8=40.6 7/8=44.91,36,8.14,False,36,49
ENGINERSIN,227.66,352,True,39.2,True,3,C1:-9.8%/3b | C2:-11.9%/7b | C3:-4.5%/2b,False,False,True,0.49,False,244.7,-6.96,0.26,0.14,forming / still basing,No VCP,n/a,118,163.55,2026-01-27,0.411,211.99,260.43,187.77,True,False,strong (>1x1),235.27,243.0,258.84,220.18,212.82,120,2,True,5/8,5,4/8=215.28 6/8=241.14 7/8=254.07,225,1.17,True,225,256
SIEMENS,3658.8,351,False,29.5,True,3,C1:-9.7%/4b | C2:-10.5%/11b | C3:-6.2%/2b,False,False,False,1.09,True,3785.0,-3.33,0.74,0.58,AT PIVOT (actionable),No VCP,n/a,121,2826.0,2026-01-21,4.41,3359.6,3893.2,3092.8,True,False,strong (>1x1),3689.11,3719.54,3780.78,3628.62,3598.56,144,23,True,6/8 (75%),6,4/8=3381.65 6/8=3659.48 7/8=3798.39,3600,1.61,True,3600,3721
POLYCAB,8862.0,352,True,33.9,True,3,C1:-4.3%/5b | C2:-6.0%/4b | C3:-10.1%/7b,False,False,False,1.65,False,9564.0,-7.34,2.15,0.1,forming / still basing,No VCP,n/a,118,6663.0,2026-01-27,13.913,8304.7,9946.4,7483.85,True,False,strong (>1x1),8909.13,8956.39,9051.28,8814.99,8768.11,120,2,True,6/8 (75%),6,4/8=8373.0 6/8=9249.5 7/8=9687.75,8836,0.29,True,8836,9025
STLNETWORK,24.46,217,True,55.3,True,3,C1:-14.1%/3b | C2:-14.1%/9b | C3:-16.2%/12b,False,False,True,0.26,False,25.99,-5.89,0.22,0.17,forming / still basing,No VCP,n/a,76,15.75,2026-03-30,0.078,21.68,27.6,18.71,True,False,strong (>1x1),27.0,29.66,35.35,22.05,19.76,90,14,False,4/8 (50%),4,4/8=25.58 6/8=30.49 7/8=32.94,25,2.21,False,16,25
CCL,1191.4,352,True,46.1,True,3,C1:-5.3%/2b | C2:-3.4%/2b | C3:-10.7%/5b,False,False,True,0.45,True,1242.2,-4.09,0.31,0.5,AT PIVOT (actionable),Moderate VCP,1242.2-1304.31,179,846.55,2025-10-29,1.693,1149.64,1452.73,998.1,True,False,strong (>1x1),1208.72,1226.17,1261.43,1174.2,1157.13,180,1,True,8/8 (52w high),8,4/8=1028.85 6/8=1135.52 7/8=1188.86,1225,2.82,False,1156,1225
EIEL,220.23,352,True,63.5,True,3,C1:-17.8%/13b | C2:-7.8%/2b | C3:-9.1%/2b,False,True,True,0.54,False,245.78,-10.4,0.6,0.23,forming / still basing,No VCP,n/a,90,134.71,2026-03-09,0.681,196.03,257.35,165.37,True,False,strong (>1x1),227.71,235.32,250.91,212.87,205.64,120,30,True,4/8 (50%),4,4/8=220.56 6/8=263.48 7/8=284.94,225,2.17,False,196,225
SMSPHARMA,387.75,351,True,86.4,True,3,C1:-9.8%/7b | C2:-16.4%/2b | C3:-5.0%/4b,False,False,True,0.62,False,435.0,-10.86,0.27,0.64,forming / still basing,No VCP,n/a,161,270.1,2025-11-24,0.952,423.31,576.52,346.71,False,False,moderate (>1x2),397.66,407.69,428.13,377.97,368.31,180,19,False,6/8 (75%),6,4/8=327.89 6/8=387.85 7/8=417.82,400,3.16,False,361,400
