symbol,name,exchange,yahoo_ticker,isin,price_180d_ago,past_date_used,price_today,return_pct,avg_daily_volume,avg_daily_value_rs,bars,status
PIGL,Power & Instrumentation (Gujarat) Limited,NSE,PIGL.NS,INE557Z01018,148.07,2025-12-05,98.23,-33.66,57177.0,6763061.0,155.0,ok
20MICRONS,20 Microns Limited,NSE,20MICRONS.NS,INE144J01027,188.66,2025-12-05,183.64,-2.66,216856.0,42721811.0,155.0,ok
PIRAMALFIN,Piramal Finance Limited,NSE,PIRAMALFIN.NS,INE202B01038,1484.6,2025-12-05,1908.3,28.54,424724.0,762825992.0,140.0,ok
PFOCUS,Prime Focus Limited,NSE,PFOCUS.NS,INE367G01038,186.45,2025-12-05,228.51,22.56,4553267.0,1088717084.0,154.0,ok
PGHL,Procter & Gamble Health Limited,NSE,PGHL.NS,INE199A01012,5713.0,2025-12-05,6030.5,5.56,17084.0,94318817.0,153.0,ok
PGIL,Pearl Global Industries Limited,NSE,PGIL.NS,INE940H01022,1595.8,2025-12-05,1645.1,3.09,151378.0,246388103.0,155.0,ok
PICCADIL,Piccadily Agro Industries Limited,NSE,PICCADIL.NS,INE546C01010,582.35,2025-12-05,586.8,0.76,221622.0,132582669.0,155.0,ok
PATANJALI,Patanjali Foods Limited,NSE,PATANJALI.NS,INE619A01035,550.8,2025-12-05,451.55,-18.02,2156289.0,1103410406.0,155.0,ok
PAYTM,One 97 Communications Limited,NSE,PAYTM.NS,INE982J01020,1344.6,2025-12-05,1070.9,-20.36,3347148.0,4032492397.0,156.0,ok
PIDILITIND,Pidilite Industries Limited,NSE,PIDILITIND.NS,INE318A01026,1475.1,2025-12-05,1454.6,-1.39,743299.0,1068745191.0,156.0,ok
PHOENIXLTD,The Phoenix Mills Limited,NSE,PHOENIXLTD.NS,INE211B01039,1725.1,2025-12-05,1706.8,-1.06,500754.0,860997064.0,153.0,ok
PFS,PTC India Financial Services Limited,NSE,PFS.NS,INE560K01014,33.09,2025-12-05,30.74,-7.1,1108940.0,38525653.0,155.0,ok
PILITA,PIL ITALICA LIFESTYLE LIMITED,NSE,PILITA.NS,INE600A01035,11.01,2025-12-05,8.33,-24.34,131405.0,1208974.0,153.0,ok
PINELABS,Pine Labs Limited,NSE,PINELABS.NS,INE15B701018,247.63,2025-12-05,142.82,-42.33,6054673.0,1097191087.0,136.0,ok
PFC,Power Finance Corporation Limited,NSE,PFC.NS,INE134E01011,352.65,2025-12-05,413.05,17.13,7425406.0,2994079139.0,156.0,ok
PAUSHAKLTD,Paushak Limited,NSE,PAUSHAKLTD.NS,INE111F01024,577.9,2025-12-05,450.75,-22.0,15683.0,7488147.0,123.0,ok
PIONEEREMB,Pioneer Embroideries Limited,NSE,PIONEEREMB.NS,INE156C01018,30.37,2025-12-05,24.61,-18.97,34383.0,947214.0,154.0,ok
PILANIINVS,Pilani Investment and Industries Corporation Limited,NSE,PILANIINVS.NS,INE417C01014,5138.0,2025-12-05,4361.9,-15.11,4384.0,22172859.0,153.0,ok
PATELRMART,Patel Retail Limited,NSE,PATELRMART.NS,INE0R8B01010,221.8,2025-12-05,182.53,-17.71,206462.0,43325546.0,156.0,ok
PGEL,PG Electroplast Limited,NSE,PGEL.NS,INE457L01029,553.9,2025-12-05,480.4,-13.27,3080144.0,1670314007.0,156.0,ok
PAVNAIND,Pavna Industries Limited,NSE,PAVNAIND.NS,INE07S101038,28.99,2025-12-05,16.77,-42.15,209240.0,5552247.0,154.0,ok
PIIND,PI Industries Limited,NSE,PIIND.NS,INE603J01030,3396.1,2025-12-05,2739.8,-19.33,268232.0,837834226.0,155.0,ok
PGHH,Procter & Gamble Hygiene and Health Care Limited,NSE,PGHH.NS,INE179A01014,12587.0,2025-12-05,9384.5,-25.44,10232.0,110867090.0,154.0,ok
PDSL,PDS Limited,NSE,PDSL.NS,INE111Q01021,340.6,2025-12-05,301.8,-11.39,266971.0,85811667.0,154.0,ok
PFIZER,Pfizer Limited,NSE,PFIZER.NS,INE182A01018,5000.0,2025-12-05,4514.5,-9.71,26010.0,128175046.0,155.0,ok
PCBL,PCBL Chemical Limited,NSE,PCBL.NS,INE602A01031,313.9,2025-12-05,291.25,-7.22,2386052.0,699809171.0,156.0,ok
PDMJEPAPER,Pudumjee Paper Products Limited,NSE,PDMJEPAPER.NS,INE865T01018,97.44,2025-12-05,84.41,-13.37,112061.0,9801294.0,154.0,ok
PCJEWELLER,PC Jeweller Limited,NSE,PCJEWELLER.NS,INE785M01021,11.05,2025-12-05,9.26,-16.2,55120606.0,550063496.0,156.0,ok
PERSISTENT,Persistent Systems Limited,NSE,PERSISTENT.NS,INE262H01021,6520.5,2025-12-05,5470.5,-16.1,627314.0,3419397880.0,156.0,ok
PENIND,Pennar Industries Limited,NSE,PENIND.NS,INE932A01024,206.83,2025-12-05,160.22,-22.54,991941.0,183849549.0,155.0,ok
PATINTLOG,Patel Integrated Logistics Limited,NSE,PATINTLOG.NS,INE529D01014,13.79,2025-12-05,13.62,-1.23,131474.0,1625680.0,153.0,ok
PIONRINV,Pioneer Investcorp Limited,NSE,PIONRINV.NS,INE746D01014,106.15,2026-04-20,106.38,0.22,4531.0,528059.0,30.0,ok
PEARLPOLY,Pearl Polymers Limited,NSE,PEARLPOLY.NS,INE844A01013,22.45,2025-12-05,18.59,-17.19,26345.0,582030.0,154.0,ok
PETRONET,Petronet LNG Limited,NSE,PETRONET.NS,INE347G01014,274.8,2025-12-05,269.0,-2.11,3340228.0,931444959.0,156.0,ok
PRAVEG,Praveg Limited,NSE,PRAVEG.NS,INE722B01019,266.6,2026-04-20,241.6,-9.38,66597.0,18420971.0,30.0,ok
PATELENG,Patel Engineering Limited,NSE,PATELENG.NS,INE244B01030,32.58,2025-12-05,26.25,-19.43,8759127.0,266684020.0,156.0,ok
PITTIENG,Pitti Engineering Limited,NSE,PITTIENG.NS,INE450D01021,797.15,2025-12-05,941.5,18.11,50354.0,43984345.0,153.0,ok
PIXTRANS,Pix Transmissions Limited,NSE,PIXTRANS.NS,INE751B01018,1455.2,2025-12-05,1608.9,10.56,15875.0,23561006.0,153.0,ok
POWERICA,Powerica Limited,NSE,POWERICA.NS,INE921L01032,390.0,2026-04-02,543.75,39.42,520560.0,242444608.0,42.0,ok
POLYPLEX,Polyplex Corporation Limited,NSE,POLYPLEX.NS,INE633B01018,824.2,2025-12-05,935.8,13.54,90811.0,79445613.0,155.0,ok
POWERINDIA,Hitachi Energy India Limited,NSE,POWERINDIA.NS,INE07Y701011,19305.0,2025-12-05,35105.0,81.84,159463.0,3816591454.0,155.0,ok
PONNIERODE,Ponni Sugars (Erode) Limited,NSE,PONNIERODE.NS,INE838E01017,276.05,2025-12-05,307.15,11.27,17963.0,5145194.0,153.0,ok
PPAP,PPAP Automotive Limited,NSE,PPAP.NS,INE095I01015,229.18,2025-12-05,206.52,-9.89,38589.0,9448209.0,153.0,ok
POWERGRID,Power Grid Corporation of India Limited,NSE,POWERGRID.NS,INE752E01010,269.8,2025-12-05,282.15,4.58,13931540.0,3990004721.0,156.0,ok
POONAWALLA,Poonawalla Fincorp Limited,NSE,POONAWALLA.NS,INE511C01022,470.65,2025-12-05,397.8,-15.48,1653927.0,735123380.0,156.0,ok
PRADPME,Pradeep Metals Limited,NSE,PRADPME.NS,INE770A01010,370.6,2026-04-20,446.45,20.47,18176.0,7421262.0,30.0,ok
PRABHA,Prabha Energy Limited,NSE,PRABHA.NS,INE0I0M01023,188.31,2025-12-05,157.83,-16.19,70509.0,11855704.0,154.0,ok
PENINLAND,Peninsula Land Limited,NSE,PENINLAND.NS,INE138A01028,26.69,2025-12-05,16.42,-38.48,347954.0,7670435.0,155.0,ok
PPL,Prakash Pipes Limited,NSE,PPL.NS,INE050001010,234.21,2025-12-05,203.37,-13.17,82732.0,18053621.0,155.0,ok
POWERMECH,Power Mech Projects Limited,NSE,POWERMECH.NS,INE211R01019,2212.0,2025-12-05,2488.5,12.5,91043.0,207973257.0,154.0,ok
PRAENG,Prajay Engineers Syndicate Limited,NSE,PRAENG.NS,INE505C01016,29.05,2025-12-05,21.44,-26.2,58755.0,1484138.0,153.0,ok
POLYCAB,Polycab India Limited,NSE,POLYCAB.NS,INE455K01017,7257.0,2025-12-05,9531.5,31.34,403254.0,3137912135.0,155.0,ok
POLYMED,Poly Medicure Limited,NSE,POLYMED.NS,INE205C01021,1899.1,2025-12-05,1321.4,-30.42,212685.0,343347839.0,156.0,ok
PRAKASH,Prakash Industries Limited,NSE,PRAKASH.NS,INE603A01013,131.35,2025-12-05,147.25,12.11,565853.0,78434084.0,155.0,ok
PLAZACABLE,Plaza Wires Limited,NSE,PLAZACABLE.NS,INE0INJ01017,40.61,2025-12-05,47.88,17.9,86380.0,3858260.0,154.0,ok
PRAJIND,Praj Industries Limited,NSE,PRAJIND.NS,INE074A01025,310.5,2025-12-05,348.55,12.25,2458038.0,834511643.0,156.0,ok
PPLPHARMA,Piramal Pharma Limited,NSE,PPLPHARMA.NS,INE0DK501011,179.85,2025-12-05,166.92,-7.19,3912736.0,664148752.0,156.0,ok
PML,Paul Merchants Limited,NSE,PML.NS,INE291E01019,607.0,2026-04-20,519.85,-14.36,320.0,178459.0,30.0,ok
PLASTIBLEN,Plastiblends India Limited,NSE,PLASTIBLEN.NS,INE083C01022,163.76,2025-12-05,177.41,8.34,20859.0,3494696.0,156.0,ok
PNBGILTS,PNB Gilts Limited,NSE,PNBGILTS.NS,INE859A01011,84.13,2025-12-05,79.23,-5.82,724766.0,57421035.0,156.0,ok
PNBHOUSING,PNB Housing Finance Limited,NSE,PNBHOUSING.NS,INE572E01012,903.85,2025-12-05,996.5,10.25,1257457.0,1155990795.0,156.0,ok
POKARNA,Pokarna Limited,NSE,POKARNA.NS,INE637C01025,841.0,2025-12-05,830.3,-1.27,224286.0,213062743.0,156.0,ok
POLICYBZR,PB Fintech Limited,NSE,POLICYBZR.NS,INE417T01026,1893.8,2025-12-05,1644.2,-13.18,1847178.0,3035493523.0,155.0,ok
PNB,Punjab National Bank,NSE,PNB.NS,INE160A01022,121.71,2025-12-05,104.09,-14.48,19266288.0,2257228688.0,156.0,ok
PNGSREVA,PNGS Reva Diamond Jewellery Limited,NSE,PNGSREVA.NS,INE1RDG01013,411.7,2026-03-04,376.25,-8.61,381234.0,151468897.0,60.0,ok
PNGJL,P N Gadgil Jewellers Limited,NSE,PNGJL.NS,INE953R01016,619.8,2025-12-05,548.3,-11.54,290087.0,174436286.0,155.0,ok
PNCINFRA,PNC Infratech Limited,NSE,PNCINFRA.NS,INE195J01029,249.01,2025-12-05,210.24,-15.57,446860.0,96974324.0,155.0,ok
POCL,Pondy Oxides & Chemicals Limited,NSE,POCL.NS,INE063E01053,1300.3,2025-12-05,1337.4,2.85,340963.0,457302218.0,156.0,ok
PASUPTAC,Pasupati Acrylon Limited,NSE,PASUPTAC.NS,INE818B01023,54.92,2025-12-05,68.09,23.98,262750.0,14862893.0,154.0,ok
PLATIND,Platinum Industries Limited,NSE,PLATIND.NS,INE0PT501018,251.05,2025-12-05,220.41,-12.2,114766.0,27627951.0,155.0,ok
PARSVNATH,Parsvnath Developers Limited,NSE,PARSVNATH.NS,INE561H01026,12.17,2025-12-05,3.86,-68.28,921269.0,8685126.0,154.0,ok
PKTEA,The Peria Karamalai Tea & Produce Company Limited,NSE,PKTEA.NS,INE431F01018,768.5,2025-12-05,780.1,1.51,679.0,556047.0,153.0,ok
PASHUPATI,Pashupati Cotspin Limited,NSE,PASHUPATI.NS,INE124Y01028,82.28,2025-12-05,93.47,13.61,66269.0,5802324.0,155.0,ok
OMAXE,Omaxe Limited,NSE,OMAXE.NS,INE800H01010,67.83,2025-12-05,76.86,13.31,555443.0,43970574.0,154.0,ok
OMAXAUTO,Omax Autos Limited,NSE,OMAXAUTO.NS,INE090B01011,88.5,2025-12-05,244.3,176.05,140984.0,21365252.0,154.0,ok
OMNI,Omnitech Engineering Limited,NSE,OMNI.NS,INE0UH301010,204.93,2026-03-05,504.15,146.01,1164065.0,368908482.0,60.0,ok
PNC,Pritish Nandy Communications Limited,NSE,PNC.NS,INE392B01011,25.27,2025-12-05,19.98,-20.93,10025.0,241388.0,153.0,ok
PODDARMENT,Poddar Pigments Limited,NSE,PODDARMENT.NS,INE371C01013,252.15,2025-12-05,249.3,-1.13,3658.0,922074.0,153.0,ok
ONEPOINT,One Point One Solutions Limited,NSE,ONEPOINT.NS,INE840Y01029,54.23,2025-12-05,58.78,8.39,1640256.0,87188784.0,155.0,ok
ONESOURCE,Onesource Specialty Pharma Limited,NSE,ONESOURCE.NS,INE013P01021,1685.8,2025-12-05,1828.6,8.47,360052.0,553983632.0,155.0,ok
OMINFRAL,OM INFRA LIMITED,NSE,OMINFRAL.NS,INE239D01028,105.4,2025-12-05,87.05,-17.41,117488.0,10875785.0,154.0,ok
OMPOWER,Om Power Transmission Limited,NSE,OMPOWER.NS,INE25E901019,193.38,2026-04-17,170.12,-12.03,422958.0,79949432.0,32.0,ok
ONMOBILE,OnMobile Global Limited,NSE,ONMOBILE.NS,INE809I01019,57.53,2025-12-05,51.07,-11.23,492656.0,28917765.0,155.0,ok
ONWARDTEC,Onward Technologies Limited,NSE,ONWARDTEC.NS,INE229A01017,286.9,2025-12-05,269.25,-6.15,72031.0,19851887.0,153.0,ok
OPTIEMUS,Optiemus Infracom Limited,NSE,OPTIEMUS.NS,INE350C01017,552.2,2025-12-05,419.15,-24.09,155192.0,67552720.0,154.0,ok
ORCHASP,Orchasp Limited,NSE,ORCHASP.NS,INE215B01022,3.0,2025-12-05,1.95,-35.0,413013.0,1089816.0,154.0,ok
NUVOCO,Nuvoco Vistas Corporation Limited,NSE,NUVOCO.NS,INE118D01016,351.15,2025-12-05,336.1,-4.29,467301.0,157999036.0,155.0,ok
OLAELEC,Ola Electric Mobility Limited,NSE,OLAELEC.NS,INE0LXG01040,35.5,2025-12-05,39.83,12.2,89647046.0,3160732011.0,156.0,ok
ORBTEXP,Orbit Exports Limited,NSE,ORBTEXP.NS,INE231G01010,195.43,2025-12-05,178.74,-8.54,13487.0,2617952.0,153.0,ok
OLECTRA,Olectra Greentech Limited,NSE,OLECTRA.NS,INE260D01016,1218.0,2025-12-05,1285.2,5.52,711341.0,830874909.0,156.0,ok
OILCOUNTUB,Oil Country Tubular Limited,NSE,OILCOUNTUB.NS,INE591A01010,65.77,2025-12-05,54.49,-17.15,78172.0,4321489.0,155.0,ok
NSLNISP,NMDC Steel Limited,NSE,NSLNISP.NS,INE0NNS01018,41.13,2025-12-05,52.55,27.77,6266042.0,274181906.0,156.0,ok
OMFREIGHT,Om Freight Forwarders Limited,NSE,OMFREIGHT.NS,INE1BZC01019,89.53,2025-12-05,83.86,-6.33,116827.0,10574774.0,154.0,ok
ONELIFECAP,Onelife Capital Advisors Limited,NSE,ONELIFECAP.NS,INE912L01015,14.85,2025-12-05,27.53,85.39,143361.0,2343211.0,154.0,ok
ONGC,Oil & Natural Gas Corporation Limited,NSE,ONGC.NS,INE213A01029,241.23,2025-12-05,265.05,9.87,16145479.0,4362188602.0,156.0,ok
PARKHOTELS,Apeejay Surrendra Park Hotels Limited,NSE,PARKHOTELS.NS,INE988S01028,133.71,2025-12-05,116.4,-12.95,320823.0,40453286.0,156.0,ok
NURECA,Nureca Limited,NSE,NURECA.NS,INE0DSF01015,305.5,2025-12-05,237.25,-22.34,37623.0,11033887.0,154.0,ok
NTPC,NTPC Limited,NSE,NTPC.NS,INE733E01010,323.3,2025-12-05,367.4,13.64,10359738.0,3758152528.0,156.0,ok
NUVAMA,Nuvama Wealth Management Limited,NSE,NUVAMA.NS,INE531F01023,1434.5,2025-12-05,1573.4,9.68,542123.0,766793618.0,156.0,ok
NTPCGREEN,NTPC Green Energy Limited,NSE,NTPCGREEN.NS,INE0ONG01011,91.21,2025-12-05,101.34,11.11,8857207.0,886122825.0,156.0,ok
NUCLEUS,Nucleus Software Exports Limited,NSE,NUCLEUS.NS,INE096B01018,910.2,2025-12-05,734.7,-19.28,33037.0,27737422.0,155.0,ok
OBCL,Orissa Bengal Carrier Limited,NSE,OBCL.NS,INE426Z01016,55.71,2025-12-05,52.03,-6.61,14360.0,802255.0,153.0,ok
OIL,Oil India Limited,NSE,OIL.NS,INE274J01014,411.95,2025-12-05,484.1,17.51,4612991.0,2172748684.0,156.0,ok
OCCLLTD,OCCL Limited,NSE,OCCLLTD.NS,INE0PK601023,95.17,2025-12-05,113.17,18.91,94133.0,9639489.0,153.0,ok
OAL,Oriental Aromatics Limited,NSE,OAL.NS,INE959C01023,305.65,2025-12-05,315.3,3.16,21155.0,6194595.0,154.0,ok
OBEROIRLTY,Oberoi Realty Limited,NSE,OBEROIRLTY.NS,INE093I01010,1657.7,2025-12-05,1674.7,1.03,547294.0,876701101.0,154.0,ok
ORCHPHARMA,Orchid Pharma Limited,NSE,ORCHPHARMA.NS,INE191A01027,867.7,2025-12-05,824.8,-4.94,91360.0,64159460.0,155.0,ok
ORIENTALTL,Oriental Trimex Limited,NSE,ORIENTALTL.NS,INE998H01012,8.0,2025-12-05,6.32,-21.0,229859.0,1830951.0,154.0,ok
ORICONENT,Oricon Enterprises Limited,NSE,ORICONENT.NS,INE730A01022,57.1,2025-12-05,61.6,7.88,177430.0,10842123.0,154.0,ok
PANSARI,Pansari Developers Limited,NSE,PANSARI.NS,INE697V01011,310.65,2025-12-05,274.8,-11.54,4553.0,1344097.0,153.0,ok
OFSS,Oracle Financial Services Software Limited,NSE,OFSS.NS,INE881D01027,8219.0,2025-12-05,10344.5,25.86,193806.0,1600792853.0,156.0,ok
PALASHSECU,Palash Securities Limited,NSE,PALASHSECU.NS,INE471W01019,108.8,2025-12-05,96.07,-11.7,4922.0,518567.0,154.0,ok
NYKAA,FSN E-Commerce Ventures Limited,NSE,NYKAA.NS,INE388Y01029,254.8,2025-12-05,269.55,5.79,5884835.0,1532935746.0,156.0,ok
PANACHE,Panache Digilife Limited,NSE,PANACHE.NS,INE895W01019,358.9,2025-12-05,362.7,1.06,14650.0,5002932.0,153.0,ok
PANACEABIO,Panacea Biotec Limited,NSE,PANACEABIO.NS,INE922B01023,344.15,2025-12-05,430.6,25.12,525998.0,211120320.0,156.0,ok
PARAS,Paras Defence and Space Technologies Limited,NSE,PARAS.NS,INE045601023,690.1,2025-12-05,853.7,23.71,1325757.0,972667732.0,156.0,ok
ODIGMA,Odigma Consultancy Solutions Limited,NSE,ODIGMA.NS,INE054301028,31.89,2025-12-05,21.21,-33.49,25719.0,733275.0,154.0,ok
PALREDTEC,Palred Technologies Limited,NSE,PALREDTEC.NS,INE218G01033,39.97,2025-12-05,47.7,19.34,7845.0,317092.0,154.0,ok
PARACABLES,Paramount Communications Limited,NSE,PARACABLES.NS,INE074B01023,36.26,2025-12-05,65.9,81.74,1683636.0,82408876.0,156.0,ok
PAR,Par Drugs And Chemicals Limited,NSE,PAR.NS,INE04LG01015,96.84,2025-12-05,89.47,-7.61,16015.0,1512965.0,153.0,ok
PANAMAPET,Panama Petrochem Limited,NSE,PANAMAPET.NS,INE305C01029,286.7,2025-12-05,315.55,10.06,107282.0,32189784.0,155.0,ok
PAKKA,PAKKA LIMITED,NSE,PAKKA.NS,INE551D01018,106.63,2025-12-05,87.73,-17.72,127359.0,12677695.0,155.0,ok
PARADEEP,Paradeep Phosphates Limited,NSE,PARADEEP.NS,INE088F01024,154.21,2025-12-05,124.29,-19.4,5363502.0,732541705.0,156.0,ok
PARAGMILK,Parag Milk Foods Limited,NSE,PARAGMILK.NS,INE883N01014,308.7,2025-12-05,241.08,-21.9,1020828.0,277196662.0,156.0,ok
PAISALO,Paisalo Digital Limited,NSE,PAISALO.NS,INE420C01059,37.08,2025-12-05,52.69,42.1,7372265.0,302843161.0,156.0,ok
ORIENTTECH,Orient Technologies Limited,NSE,ORIENTTECH.NS,INE0PPK01015,310.95,2025-12-05,269.25,-13.41,1750234.0,673677539.0,155.0,ok
PACEDIGITK,Pace Digitek Limited,NSE,PACEDIGITK.NS,INE0S3G01027,207.75,2025-12-05,192.73,-7.23,1587488.0,305859108.0,156.0,ok
ORIENTCEM,Orient Cement Limited,NSE,ORIENTCEM.NS,INE876N01018,163.47,2025-12-05,137.56,-15.85,515470.0,84234126.0,155.0,ok
ORIENTELEC,Orient Electric Limited,NSE,ORIENTELEC.NS,INE142Z01019,179.63,2025-12-05,183.07,1.92,668086.0,126030083.0,156.0,ok
ORIENTCER,ORIENT CERATECH LIMITED,NSE,ORIENTCER.NS,INE569C01020,45.94,2025-12-05,40.68,-11.45,143106.0,6167621.0,154.0,ok
PAGEIND,Page Industries Limited,NSE,PAGEIND.NS,INE761H01022,37455.0,2025-12-05,37365.0,-0.24,26836.0,971471126.0,154.0,ok
PARASPETRO,Paras Petrofils Limited,NSE,PARASPETRO.NS,INE162C01024,1.98,2025-12-05,1.98,0.0,220944.0,518155.0,155.0,ok
PARKHOSPS,Park Medi World Limited,NSE,PARKHOSPS.NS,INE119201023,147.95,2025-12-17,282.65,91.04,1553656.0,279244829.0,113.0,ok
ORIENTLTD,Orient Press Limited,NSE,ORIENTLTD.NS,INE609C01024,81.13,2025-12-05,61.48,-24.22,5861.0,445577.0,155.0,ok
ORISSAMINE,The Orissa Minerals Development Company Limited,NSE,ORISSAMINE.NS,INE725E01024,4816.6,2025-12-05,4066.6,-15.57,17145.0,75886840.0,155.0,ok
ORIENTPPR,Orient Paper & Industries Limited,NSE,ORIENTPPR.NS,INE592A01026,24.43,2025-12-05,17.89,-26.77,312381.0,6081675.0,154.0,ok
OSWALSEEDS,ShreeOswal Seeds And Chemicals Limited,NSE,OSWALSEEDS.NS,INE00IK01029,13.89,2025-12-05,11.05,-20.45,100802.0,1528402.0,154.0,ok
ORTINGLOBE,ORTIN GLOBAL LIMITED,NSE,ORTINGLOBE.NS,INE749B01020,15.61,2025-12-05,15.74,0.83,14724.0,233202.0,153.0,ok
ORIENTHOT,Oriental Hotels Limited,NSE,ORIENTHOT.NS,INE750A01020,112.38,2025-12-05,99.78,-11.21,287469.0,30403176.0,156.0,ok
OSIAHYPER,Osia Hyper Retail Limited,NSE,OSIAHYPER.NS,INE06IR01021,16.49,2025-12-05,3.51,-78.71,1197555.0,9756457.0,156.0,ok
ORKLAINDIA,Orkla India Limited,NSE,ORKLAINDIA.NS,INE16NZ01023,630.85,2025-12-05,619.6,-1.78,299254.0,197799988.0,141.0,ok
ORIENTBELL,Orient Bell Limited,NSE,ORIENTBELL.NS,INE607D01018,277.75,2025-12-05,334.5,20.43,21269.0,6488657.0,155.0,ok
OSWALPUMPS,Oswal Pumps Limited,NSE,OSWALPUMPS.NS,INE0BYP01024,520.35,2025-12-05,363.65,-30.11,662253.0,273395366.0,156.0,ok
OSWALAGRO,Oswal Agro Mills Limited,NSE,OSWALAGRO.NS,INE142A01012,57.98,2025-12-05,43.1,-25.66,71707.0,3958839.0,155.0,ok
RUDRA,Rudra Global Infra Products Limited,NSE,RUDRA.NS,INE027T01023,27.47,2025-12-19,18.21,-33.71,190730.0,4146123.0,109.0,ok
PRAKASHSTL,Prakash Steelage Limited,NSE,PRAKASHSTL.NS,INE696K01024,4.2,2025-12-05,4.35,3.57,316886.0,1581392.0,155.0,ok
OSWALGREEN,Oswal Greentech Limited,NSE,OSWALGREEN.NS,INE143A01010,33.06,2025-12-05,24.07,-27.19,234232.0,6859495.0,155.0,ok
PRAXIS,Praxis Home Retail Limited,NSE,PRAXIS.NS,INE546Y01022,9.46,2025-12-05,6.59,-30.34,305641.0,2428057.0,154.0,ok
RENUKA,Shree Renuka Sugars Limited,NSE,RENUKA.NS,INE087H01022,26.44,2025-12-05,22.21,-16.0,6018538.0,158901005.0,156.0,ok
RKEC,RKEC Projects Limited,NSE,RKEC.NS,INE786W01010,52.95,2025-12-05,31.42,-40.66,62650.0,3056726.0,154.0,ok
REPCOHOME,Repco Home Finance Limited,NSE,REPCOHOME.NS,INE612J01015,406.65,2025-12-05,373.8,-8.08,145562.0,58331400.0,155.0,ok
RETAIL,JHS Svendgaard Retail Ventures Limited,NSE,RETAIL.NS,INE03DD01011,27.57,2025-12-05,20.32,-26.3,12453.0,340283.0,153.0,ok
REPRO,Repro India Limited,NSE,REPRO.NS,INE461B01014,451.95,2025-12-05,346.75,-23.28,26948.0,12168706.0,153.0,ok
RHETAN,Rhetan TMT Limited,NSE,RHETAN.NS,INE0KKN01029,24.01,2025-12-05,30.34,26.36,3419052.0,88146186.0,155.0,ok
RESPONIND,Responsive Industries Limited,NSE,RESPONIND.NS,INE688D01026,204.9,2025-12-05,189.39,-7.57,275509.0,49892693.0,153.0,ok
RHL,Robust Hotels Limited,NSE,RHL.NS,INE508K01013,205.19,2025-12-05,183.16,-10.74,14352.0,2935607.0,154.0,ok
RGL,Renaissance Global Limited,NSE,RGL.NS,INE722H01024,128.7,2025-12-05,103.54,-19.55,1956703.0,242485419.0,155.0,ok
RHIM,RHI MAGNESITA INDIA LIMITED,NSE,RHIM.NS,INE743M01012,446.65,2025-12-05,344.65,-22.84,246899.0,103553505.0,155.0,ok
RITCO,Ritco Logistics Limited,NSE,RITCO.NS,INE01EG01016,280.15,2025-12-05,264.65,-5.53,116173.0,27418536.0,153.0,ok
RICOAUTO,Rico Auto Industries Limited,NSE,RICOAUTO.NS,INE209B01025,110.87,2025-12-05,114.46,3.24,5190004.0,627956145.0,155.0,ok
REPL,Rudrabhishek Enterprises Limited,NSE,REPL.NS,INE364Z01019,128.9,2025-12-05,67.16,-47.9,18212.0,1657378.0,154.0,ok
RITES,RITES Limited,NSE,RITES.NS,INE320J01015,229.46,2025-12-05,202.58,-11.71,824787.0,187555977.0,156.0,ok
RIIL,Reliance Industrial Infrastructure Limited,NSE,RIIL.NS,INE046A01015,835.4,2025-12-05,744.35,-10.9,94364.0,71870256.0,155.0,ok
REDTAPE,Redtape Limited,NSE,REDTAPE.NS,INE0LXT01019,126.39,2025-12-05,137.99,9.18,667321.0,88129417.0,155.0,ok
RBZJEWEL,RBZ Jewellers Limited,NSE,RBZJEWEL.NS,INE0PEQ01016,134.28,2025-12-05,125.44,-6.58,133039.0,19356705.0,153.0,ok
RISHABH,Rishabh Instruments Limited,NSE,RISHABH.NS,INE0N2P01017,409.4,2025-12-05,516.8,26.23,112290.0,52419876.0,154.0,ok
RELINFRA,Reliance Infrastructure Limited,NSE,RELINFRA.NS,INE036A01016,154.71,2025-12-05,70.64,-54.34,1126990.0,143742774.0,156.0,ok
RBLBANK,RBL Bank Limited,NSE,RBLBANK.NS,INE976G01028,305.8,2025-12-05,344.15,12.54,6673123.0,2113085711.0,156.0,ok
RCOM,Reliance Communications Limited,NSE,RCOM.NS,INE330H01018,1.19,2025-12-05,0.9,-24.37,3485118.0,3694692.0,155.0,ok
REMSONSIND,Remsons Industries Limited,NSE,REMSONSIND.NS,INE474C01023,117.5,2025-12-05,89.05,-24.21,208053.0,24923672.0,156.0,ok
REDINGTON,Redington Limited,NSE,REDINGTON.NS,INE891D01026,268.75,2025-12-05,238.75,-11.16,5173971.0,1339295700.0,156.0,ok
RELIGARE,Religare Enterprises Limited,NSE,RELIGARE.NS,INE621H01010,235.45,2025-12-05,235.73,0.12,1455398.0,340122270.0,154.0,ok
REGENCERAM,Regency Ceramics Limited,NSE,REGENCERAM.NS,INE277C01012,43.73,2025-12-05,41.74,-4.55,5994.0,277558.0,154.0,ok
REGAAL,Regaal Resources Limited,NSE,REGAAL.NS,INE0MHO01029,72.23,2025-12-05,84.85,17.47,1310546.0,101543677.0,154.0,ok
RELTD,Ravindra Energy Limited,NSE,RELTD.NS,INE206N01018,153.57,2025-12-05,124.31,-19.05,315040.0,45056142.0,155.0,ok
RECLTD,REC Limited,NSE,RECLTD.NS,INE020B01018,353.3,2025-12-05,325.05,-8.0,7555063.0,2691535110.0,156.0,ok
REFEX,Refex Industries Limited,NSE,REFEX.NS,INE056I01025,331.75,2025-12-05,316.95,-4.46,1766322.0,506863198.0,155.0,ok
RELCHEMQ,Reliance Chemotex Industries Limited,NSE,RELCHEMQ.NS,INE750D01016,146.04,2025-12-05,121.11,-17.07,5293.0,701707.0,154.0,ok
RCF,Rashtriya Chemicals and Fertilizers Limited,NSE,RCF.NS,INE027A01015,141.99,2025-12-05,126.99,-10.56,2308673.0,302417693.0,156.0,ok
RELIABLE,Reliable Data Services Limited,NSE,RELIABLE.NS,INE375Y01018,153.8,2025-12-05,137.74,-10.44,51201.0,7049509.0,153.0,ok
RELAXO,Relaxo Footwears Limited,NSE,RELAXO.NS,INE131B01039,404.5,2025-12-05,328.25,-18.85,236027.0,79950330.0,155.0,ok
RKDL,Ravi Kumar Distilleries Limited,NSE,RKDL.NS,INE722J01012,25.63,2025-12-05,20.15,-21.38,27036.0,593533.0,154.0,ok
RKSWAMY,R K Swamy Limited,NSE,RKSWAMY.NS,INE0NQ801033,113.47,2025-12-05,100.66,-11.29,61995.0,6308177.0,154.0,ok
RRIL,RRIL Limited,NSE,RRIL.NS,INE951M01037,15.35,2026-04-20,20.11,31.01,43483.0,841872.0,30.0,ok
RSL,Rajputana Stainless Limited,NSE,RSL.NS,INE313L01016,113.03,2026-03-19,125.78,11.28,1370148.0,168743949.0,49.0,ok
RKFORGE,Ramkrishna Forgings Limited,NSE,RKFORGE.NS,INE399G01023,531.35,2025-12-05,569.0,7.09,547039.0,301865565.0,156.0,ok
RPSGVENT,RPSG VENTURES LIMITED,NSE,RPSGVENT.NS,INE425Y01011,783.75,2025-12-05,918.0,17.13,550103.0,515621037.0,155.0,ok
RRKABEL,R R Kabel Limited,NSE,RRKABEL.NS,INE777K01022,1368.2,2025-12-05,2023.8,47.92,382725.0,613548841.0,156.0,ok
RSDFIN,RSD Finance Limited,NSE,RSDFIN.NS,INE616F01022,84.45,2026-04-20,76.78,-9.08,1952.0,182858.0,27.0,ok
RELIANCE,Reliance Industries Limited,NSE,RELIANCE.NS,INE002A01018,1540.6,2025-12-05,1314.6,-14.67,14437085.0,20494256620.0,156.0,ok
RPTECH,Rashi Peripherals Limited,NSE,RPTECH.NS,INE0J1F01024,325.0,2025-12-05,554.2,70.52,162930.0,66754046.0,156.0,ok
RSSOFTWARE,R. S. Software (India) Limited,NSE,RSSOFTWARE.NS,INE165B01029,52.39,2025-12-05,32.75,-37.49,63536.0,2792437.0,155.0,ok
RSYSTEMS,R Systems International Limited,NSE,RSYSTEMS.NS,INE411H01032,420.25,2025-12-05,272.35,-35.19,1081006.0,336107820.0,155.0,ok
PRECAM,Precision Camshafts Limited,NSE,PRECAM.NS,INE484I01029,160.94,2025-12-05,150.32,-6.6,611920.0,89409171.0,156.0,ok
RUBICON,Rubicon Research Limited,NSE,RUBICON.NS,INE506V01022,635.8,2025-12-05,1302.6,104.88,553544.0,428164074.0,153.0,ok
RSWM,RSWM Limited,NSE,RSWM.NS,INE611A01016,155.3,2025-12-05,171.46,10.41,49065.0,7674969.0,154.0,ok
RUBFILA,Rubfila International Limited,NSE,RUBFILA.NS,INE642C01025,74.07,2025-12-05,78.01,5.32,34523.0,2525335.0,154.0,ok
RPPL,Rajshree Polypack Limited,NSE,RPPL.NS,INE760W01023,18.28,2025-12-05,18.93,3.56,92874.0,1617792.0,155.0,ok
RMC,RMC Switchgears Limited,NSE,RMC.NS,INE655V01019,389.0,2026-04-02,350.8,-9.82,16454.0,6953811.0,41.0,ok
RTNPOWER,RattanIndia Power Limited,NSE,RTNPOWER.NS,INE399K01017,9.7,2025-12-05,9.63,-0.72,16233206.0,152254107.0,156.0,ok
RTNINDIA,RattanIndia Enterprises Limited,NSE,RTNINDIA.NS,INE834M01019,41.01,2025-12-05,35.46,-13.53,2494675.0,87252544.0,156.0,ok
ROLLT,Rollatainers Limited,NSE,ROLLT.NS,INE927A01040,1.37,2025-12-05,2.14,56.2,399431.0,647161.0,153.0,ok
RPPINFRA,R.P.P. Infra Projects Limited,NSE,RPPINFRA.NS,INE324L01013,107.19,2025-12-05,61.26,-42.85,87592.0,7694722.0,154.0,ok
RMDRIP,R M Drip and Sprinklers Systems Limited,NSE,RMDRIP.NS,INE219Y01026,47.25,2025-12-05,16.2,-65.71,3620282.0,181113886.0,156.0,ok
RUCHINFRA,Ruchi Infrastructure Limited,NSE,RUCHINFRA.NS,INE413B01023,6.97,2025-12-05,6.2,-11.05,113753.0,721164.0,153.0,ok
ROML,Raj Oil Mills Limited,NSE,ROML.NS,INE294G01026,50.06,2025-12-05,46.83,-6.45,17697.0,901586.0,153.0,ok
ROLEXRINGS,Rolex Rings Limited,NSE,ROLEXRINGS.NS,INE645S01024,109.15,2025-12-05,140.58,28.8,2878541.0,414362636.0,156.0,ok
RML,Rane (Madras) Limited,NSE,RML.NS,INE050H01012,750.8,2025-12-05,918.35,22.32,23168.0,19578827.0,156.0,ok
ROHLTD,Royal Orchid Hotels Limited,NSE,ROHLTD.NS,INE283H01019,408.35,2025-12-05,331.35,-18.86,53761.0,19890556.0,153.0,ok
RNBDENIMS,R&B Denims Limited,NSE,RNBDENIMS.NS,INE012Q01039,39.63,2025-12-05,10.92,-72.45,2838160.0,151875208.0,156.0,ok
ROSSARI,Rossari Biotech Limited,NSE,ROSSARI.NS,INE02A801020,603.25,2025-12-05,543.65,-9.88,117138.0,59825696.0,155.0,ok
RPGLIFE,RPG Life Sciences Limited,NSE,RPGLIFE.NS,INE105J01010,2201.0,2025-12-05,2192.7,-0.38,24229.0,54102985.0,155.0,ok
ROUTE,ROUTE MOBILE LIMITED,NSE,ROUTE.NS,INE450U01017,680.55,2025-12-05,536.1,-21.23,476401.0,293518023.0,156.0,ok
ROSSELLIND,Rossell India Limited,NSE,ROSSELLIND.NS,INE847C01020,55.91,2025-12-05,54.62,-2.31,37843.0,1934244.0,153.0,ok
RPEL,Raghav Productivity Enhancers Limited,NSE,RPEL.NS,INE912T01018,996.8,2025-12-05,1009.2,1.24,106270.0,88741628.0,154.0,ok
RPOWER,Reliance Power Limited,NSE,RPOWER.NS,INE614G01033,37.68,2025-12-05,26.97,-28.42,50701142.0,1562653759.0,156.0,ok
ROSSTECH,Rossell Techsys Limited,NSE,ROSSTECH.NS,INE0OJW01016,717.15,2025-12-05,1080.5,50.67,195866.0,150955468.0,155.0,ok
ROTO,Roto Pumps Limited,NSE,ROTO.NS,INE535D01037,60.19,2025-12-05,56.02,-6.93,1974350.0,136973587.0,155.0,ok
RUBYMILLS,The Ruby Mills Limited,NSE,RUBYMILLS.NS,INE301D01026,214.39,2025-12-05,279.05,30.16,49388.0,11591124.0,153.0,ok
RBA,Restaurant Brands Asia Limited,NSE,RBA.NS,INE07T201019,62.9,2025-12-05,68.74,9.28,4010635.0,259511806.0,155.0,ok
RAYMONDREL,Raymond Realty Limited,NSE,RAYMONDREL.NS,INE1SY401010,485.95,2025-12-05,581.1,19.58,592842.0,325425893.0,155.0,ok
RAYMONDLSL,Raymond Lifestyle Limited,NSE,RAYMONDLSL.NS,INE02ID01020,1034.5,2025-12-05,752.45,-27.26,163981.0,150492452.0,155.0,ok
PRUDMOULI,Prudential Sugar Corporation Limited,NSE,PRUDMOULI.NS,INE024D01016,24.06,2025-12-05,15.93,-33.79,26421.0,528677.0,153.0,ok
PRSMJOHNSN,Prism Johnson Limited,NSE,PRSMJOHNSN.NS,INE010A01011,132.78,2025-12-05,121.28,-8.66,682251.0,91908903.0,154.0,ok
RAYMOND,Raymond Limited,NSE,RAYMOND.NS,INE301A01014,455.3,2025-12-05,531.9,16.82,541769.0,248344889.0,156.0,ok
PSPPROJECT,PSP Projects Limited,NSE,PSPPROJECT.NS,INE488V01015,860.3,2025-12-05,842.65,-2.05,204361.0,178243966.0,153.0,ok
PTCIL,PTC Industries Limited,NSE,PTCIL.NS,INE596F01018,18875.0,2025-12-05,19380.0,2.68,18332.0,321245712.0,154.0,ok
PSB,Punjab & Sind Bank,NSE,PSB.NS,INE608A01012,28.3,2025-12-05,23.68,-16.33,2150678.0,58724347.0,156.0,ok
PTC,PTC India Limited,NSE,PTC.NS,INE877F01012,156.48,2025-12-05,188.46,20.44,1398055.0,249419335.0,156.0,ok
PURVA,Puravankara Limited,NSE,PURVA.NS,INE323I01011,239.8,2025-12-05,215.11,-10.3,808795.0,190448794.0,154.0,ok
PTL,PTL Enterprises Limited,NSE,PTL.NS,INE034D01049,40.05,2025-12-05,38.9,-2.87,53726.0,2126150.0,154.0,ok
PUNJABCHEM,Punjab Chemicals & Crop Protection Limited,NSE,PUNJABCHEM.NS,INE277B01014,1339.6,2025-12-05,955.6,-28.67,12003.0,14427961.0,153.0,ok
PRUDENT,Prudent Corporate Advisory Services Limited,NSE,PRUDENT.NS,INE00F201020,2562.4,2025-12-05,2708.2,5.69,39295.0,100352816.0,154.0,ok
PVSL,Popular Vehicles and Services Limited,NSE,PVSL.NS,INE772T01024,127.9,2025-12-05,98.82,-22.74,84033.0,9911833.0,154.0,ok
PROZONER,Prozone Realty Limited,NSE,PROZONER.NS,INE195N01013,49.41,2025-12-05,50.75,2.71,257190.0,14385256.0,154.0,ok
PVRINOX,PVR INOX Limited,NSE,PVRINOX.NS,INE191H01014,1091.0,2025-12-05,986.85,-9.55,377272.0,391305390.0,156.0,ok
PYRAMID,Pyramid Technoplast Limited,NSE,PYRAMID.NS,INE0MIS01010,160.57,2025-12-05,164.65,2.54,34141.0,5491522.0,153.0,ok
PWL,Physicswallah Limited,NSE,PWL.NS,INE0LP301011,135.9,2025-12-05,96.79,-28.78,18156210.0,2314776864.0,134.0,ok
PROTEAN,Protean eGov Technologies Limited,NSE,PROTEAN.NS,INE004A01022,779.55,2025-12-05,599.25,-23.13,349641.0,223082154.0,156.0,ok
PROSTARM,Prostarm Info Systems Limited,NSE,PROSTARM.NS,INE0BX301013,189.03,2025-12-05,137.88,-27.06,1075545.0,191037644.0,155.0,ok
PREMCO,Premco Global Limited,NSE,PREMCO.NS,INE001E01012,420.35,2026-04-20,370.4,-11.88,1797.0,735302.0,30.0,ok
PREMIERENE,Premier Energies Limited,NSE,PREMIERENE.NS,INE0BS701011,900.2,2025-12-05,1074.4,19.35,1998784.0,1770279516.0,156.0,ok
PRECOT,Precot Limited,NSE,PRECOT.NS,INE283A01014,401.45,2025-12-05,766.7,90.98,9412.0,4820963.0,153.0,ok
PREMEXPLN,Premier Explosives Limited,NSE,PREMEXPLN.NS,INE863B01029,529.45,2025-12-05,651.85,23.12,506672.0,299700450.0,155.0,ok
PVP,PVP Ventures Limited,NSE,PVP.NS,INE362A01016,34.86,2025-12-05,29.75,-14.66,1279924.0,41124974.0,155.0,ok
PRESTIGE,Prestige Estates Projects Limited,NSE,PRESTIGE.NS,INE811K01011,1689.7,2025-12-05,1395.0,-17.44,765241.0,1114350661.0,156.0,ok
PRECWIRE,Precision Wires India Limited,NSE,PRECWIRE.NS,INE372C01037,238.35,2025-12-05,428.45,79.76,1221498.0,357770592.0,155.0,ok
PRIVISCL,Privi Speciality Chemicals Limited,NSE,PRIVISCL.NS,INE959A01019,3201.2,2025-12-05,3284.4,2.6,152403.0,450163790.0,154.0,ok
PRITI,Priti International Limited,NSE,PRITI.NS,INE974Z01015,61.82,2025-12-05,42.21,-31.72,29981.0,1793118.0,153.0,ok
PRINCEPIPE,Prince Pipes And Fittings Limited,NSE,PRINCEPIPE.NS,INE689W01016,259.25,2025-12-05,272.75,5.21,278164.0,72916704.0,154.0,ok
PRICOLLTD,Pricol Limited,NSE,PRICOLLTD.NS,INE726V01018,601.95,2025-12-05,565.85,-6.0,706014.0,421657815.0,155.0,ok
PRIMESECU,Prime Securities Limited,NSE,PRIMESECU.NS,INE032B01021,283.85,2025-12-05,278.65,-1.83,44727.0,12791821.0,153.0,ok
PREMIERPOL,Premier Polyfilm Limited,NSE,PREMIERPOL.NS,INE309M01020,44.57,2025-12-05,55.85,25.31,200854.0,10549545.0,154.0,ok
QPOWER,Quality Power Electrical Equipments Limited,NSE,QPOWER.NS,INE0SII01026,717.2,2025-12-05,1040.5,45.08,944045.0,870305188.0,155.0,ok
QUESS,Quess Corp Limited,NSE,QUESS.NS,INE615P01015,201.83,2025-12-05,212.88,5.47,498217.0,107620370.0,155.0,ok
RAMANEWS,Shree Rama Newsprint Limited,NSE,RAMANEWS.NS,INE278B01020,30.14,2025-12-05,29.49,-2.16,72098.0,2376508.0,153.0,ok
QUADFUTURE,Quadrant Future Tek Limited,NSE,QUADFUTURE.NS,INE0LRY01011,287.55,2025-12-05,320.0,11.28,1295083.0,422298382.0,156.0,ok
PREMIER,Premier Limited,NSE,PREMIER.NS,INE342A01018,2.95,2025-12-05,2.93,-0.68,26014.0,76911.0,153.0,ok
RAMCOSYS,Ramco Systems Limited,NSE,RAMCOSYS.NS,INE246B01019,599.3,2025-12-05,461.05,-23.07,198818.0,99663409.0,156.0,ok
PRITIKAUTO,Pritika Auto Industries Limited,NSE,PRITIKAUTO.NS,INE583R01029,13.89,2025-12-05,13.56,-2.38,211516.0,2905048.0,155.0,ok
PRIMO,Primo Chemicals Limited,NSE,PRIMO.NS,INE607A01022,23.46,2025-12-05,22.75,-3.03,162532.0,3620675.0,153.0,ok
RAMAPHO,Rama Phosphates Limited,NSE,RAMAPHO.NS,INE809A01032,162.96,2025-12-05,120.1,-26.3,243011.0,42515137.0,155.0,ok
RAMKY,Ramky Infrastructure Limited,NSE,RAMKY.NS,INE874I01013,557.9,2025-12-05,440.5,-21.04,233039.0,114279126.0,153.0,ok
RAMRAT,Ram Ratna Wires Limited,NSE,RAMRAT.NS,INE207E01023,305.0,2025-12-05,395.9,29.8,172171.0,65241868.0,154.0,ok
RANASUG,Rana Sugars Limited,NSE,RANASUG.NS,INE625B01014,13.12,2025-12-05,12.35,-5.87,252090.0,3201162.0,155.0,ok
RAJSREESUG,Rajshree Sugars & Chemicals Limited,NSE,RAJSREESUG.NS,INE562B01019,31.45,2025-12-05,34.57,9.92,71275.0,2359808.0,155.0,ok
RATEGAIN,Rategain Travel Technologies Limited,NSE,RATEGAIN.NS,INE0CLI01024,665.0,2025-12-05,774.8,16.51,472560.0,298529434.0,155.0,ok
RAMCOCEM,The Ramco Cements Limited,NSE,RAMCOCEM.NS,INE331A01037,1011.0,2025-12-05,871.4,-13.81,264117.0,269905684.0,155.0,ok
RATNAVEER,Ratnaveer Precision Engineering Limited,NSE,RATNAVEER.NS,INE05CZ01011,159.77,2025-12-05,171.52,7.35,1472773.0,234997682.0,154.0,ok
RANEHOLDIN,Rane Holdings Limited,NSE,RANEHOLDIN.NS,INE384A01010,1382.5,2025-12-05,1462.0,5.75,24318.0,32173283.0,155.0,ok
RAMASTEEL,Rama Steel Tubes Limited,NSE,RAMASTEEL.NS,INE230R01035,9.86,2025-12-05,5.33,-45.94,11359956.0,82640256.0,155.0,ok
RATNAMANI,Ratnamani Metals & Tubes Limited,NSE,RATNAMANI.NS,INE703B01027,2407.6,2025-12-05,2543.8,5.66,58396.0,142478738.0,154.0,ok
RAJRILTD,Raj Rayon Industries Limited,NSE,RAJRILTD.NS,INE533D01032,21.84,2025-12-05,20.25,-7.28,11768.0,264080.0,153.0,ok
QUINT,Quint Digital Limited,NSE,QUINT.NS,INE641R01017,40.85,2026-04-21,39.88,-2.37,4116.0,165757.0,29.0,ok
RACE,Race Eco Chain Limited,NSE,RACE.NS,INE084Q01012,155.22,2025-12-05,114.33,-26.34,15812.0,1993369.0,153.0,ok
QUICKHEAL,Quick Heal Technologies Limited,NSE,QUICKHEAL.NS,INE306L01010,289.95,2025-12-05,191.91,-33.81,823719.0,186829328.0,156.0,ok
RALLIS,Rallis India Limited,NSE,RALLIS.NS,INE613A01020,255.5,2025-12-05,237.9,-6.89,856138.0,227408451.0,156.0,ok
RAJTV,Raj Television Network Limited,NSE,RAJTV.NS,INE952H01027,42.34,2025-12-05,15.45,-63.51,50298.0,1197106.0,154.0,ok
RACLGEAR,RACL Geartech Limited,NSE,RACLGEAR.NS,INE704B01017,1041.8,2025-12-05,1255.1,20.47,77467.0,102461163.0,154.0,ok
RADICO,Radico Khaitan Limited,NSE,RADICO.NS,INE944F01028,3201.9,2025-12-05,3487.5,8.92,456524.0,1409047584.0,154.0,ok
RADHIKAJWE,Radhika Jeweltech Limited,NSE,RADHIKAJWE.NS,INE583V01021,78.41,2025-12-05,56.91,-27.42,366385.0,27232892.0,153.0,ok
RADAAN,Radaan Mediaworks India Limited,NSE,RADAAN.NS,INE874F01027,3.35,2025-12-05,3.14,-6.27,36556.0,117940.0,153.0,ok
RAMCOIND,Ramco Industries Limited,NSE,RAMCOIND.NS,INE614A01028,308.4,2025-12-05,291.35,-5.53,115829.0,35604332.0,156.0,ok
RADIANTCMS,Radiant Cash Management Services Limited,NSE,RADIANTCMS.NS,INE855R01021,53.24,2025-12-05,38.4,-27.87,157792.0,6736777.0,155.0,ok
RADIOCITY,Music Broadcast Limited,NSE,RADIOCITY.NS,INE919I01024,6.73,2025-12-05,6.1,-9.36,132424.0,825413.0,154.0,ok
RAJPALAYAM,Rajapalayam Mills Limited,NSE,RAJPALAYAM.NS,INE296E01026,314.45,2026-04-15,848.85,169.95,1819.0,1476035.0,33.0,ok
NSIL,Nalwa Sons Investments Limited,NSE,NSIL.NS,INE023A01030,6540.0,2025-12-05,5611.0,-14.2,5926.0,41530622.0,155.0,ok
RAJRATAN,Rajratan Global Wire Limited,NSE,RAJRATAN.NS,INE451D01029,446.9,2025-12-05,415.3,-7.07,243985.0,106613114.0,155.0,ok
RAILTEL,Railtel Corporation Of India Limited,NSE,RAILTEL.NS,INE0DD101019,334.35,2025-12-05,316.0,-5.49,1984870.0,664764148.0,156.0,ok
RAJMET,Rajnandini Metal Limited,NSE,RAJMET.NS,INE00KV01022,4.05,2025-12-05,3.85,-4.94,454479.0,1890497.0,154.0,ok
NRL,Nupur Recyclers Limited,NSE,NRL.NS,INE0JM501013,58.25,2025-12-05,65.57,12.57,61852.0,3595207.0,155.0,ok
RAINBOW,Rainbow Childrens Medicare Limited,NSE,RAINBOW.NS,INE961O01016,1350.9,2025-12-05,1341.4,-0.7,171550.0,217129603.0,155.0,ok
MARKOLINES,Markolines Pavement Technologies Limited,NSE,MARKOLINES.NS,INE0FW001016,151.37,2025-12-05,164.8,8.87,277976.0,44083937.0,153.0,ok
MANCREDIT,Mangal Credit and Fincorp Limited,NSE,MANCREDIT.NS,INE545L01039,171.88,2025-12-05,206.33,20.04,64642.0,11554715.0,153.0,ok
MANGALAM,Mangalam Drugs And Organics Limited,NSE,MANGALAM.NS,INE584F01014,25.65,2025-12-05,28.29,10.29,117422.0,4024865.0,154.0,ok
NRBBEARING,NRB Bearing Limited,NSE,NRBBEARING.NS,INE349A01021,281.2,2025-12-05,356.45,26.76,332349.0,100504630.0,155.0,ok
MANGLMCEM,Mangalam Cement Limited,NSE,MANGLMCEM.NS,INE347A01017,784.45,2025-12-05,841.65,7.29,85419.0,70134247.0,153.0,ok
MANOMAY,Manomay Tex India Limited,NSE,MANOMAY.NS,INE784W01015,228.55,2025-12-05,176.54,-22.76,56848.0,12141672.0,153.0,ok
MANKIND,Mankind Pharma Limited,NSE,MANKIND.NS,INE634S01028,2205.5,2025-12-05,2299.0,4.24,531275.0,1192506548.0,155.0,ok
RAIN,Rain Industries Limited,NSE,RAIN.NS,INE855B01025,104.68,2025-12-05,197.9,89.05,4476922.0,654707209.0,156.0,ok
MAPMYINDIA,C.E. Info Systems Limited,NSE,MAPMYINDIA.NS,INE0BV301023,1672.4,2025-12-05,825.6,-50.63,205430.0,235878042.0,155.0,ok
MANYAVAR,Vedant Fashions Limited,NSE,MANYAVAR.NS,INE825V01034,597.25,2025-12-05,402.95,-32.53,280107.0,125313258.0,154.0,ok
MANORAMA,Manorama Industries Limited,NSE,MANORAMA.NS,INE00VM01036,1349.4,2025-12-05,1481.4,9.78,128239.0,175839520.0,156.0,ok
RAJOOENG,Rajoo Engineers Limited,NSE,RAJOOENG.NS,INE535F01024,69.74,2025-12-05,54.45,-21.92,1038934.0,71972511.0,155.0,ok
MANUGRAPH,Manugraph India Limited,NSE,MANUGRAPH.NS,INE867A01022,15.7,2025-12-05,14.38,-8.41,20108.0,310944.0,153.0,ok
MANINDS,Man Industries (India) Limited,NSE,MANINDS.NS,INE993A01026,442.85,2025-12-05,501.15,13.16,839319.0,372008464.0,156.0,ok
MANINFRA,Man Infraconstruction Limited,NSE,MANINFRA.NS,INE949H01023,134.38,2025-12-05,118.3,-11.97,1035908.0,121027688.0,155.0,ok
MANORG,Mangalam Organics Limited,NSE,MANORG.NS,INE370D01013,488.2,2025-12-05,521.15,6.75,9421.0,4720592.0,154.0,ok
MAHESHWARI,Maheshwari Logistics Limited,NSE,MAHESHWARI.NS,INE263W01010,48.22,2025-12-05,59.67,23.75,22990.0,1088242.0,153.0,ok
MARATHON,Marathon Nextgen Realty Limited,NSE,MARATHON.NS,INE182D01020,554.1,2025-12-05,432.7,-21.91,98778.0,49910578.0,155.0,ok
MANBA,Manba Finance Limited,NSE,MANBA.NS,INE939X01013,140.86,2025-12-05,112.99,-19.79,64255.0,8007125.0,153.0,ok
MAITHANALL,Maithan Alloys Limited,NSE,MAITHANALL.NS,INE683C01011,942.05,2025-12-05,1050.7,11.53,97269.0,102443225.0,155.0,ok
MANAPPURAM,Manappuram Finance Limited,NSE,MANAPPURAM.NS,INE522D01027,279.7,2025-12-05,313.55,12.1,4617944.0,1333294845.0,156.0,ok
MAHLOG,Mahindra Logistics Limited,NSE,MAHLOG.NS,INE766P01016,314.55,2025-12-05,348.6,10.82,281364.0,103228386.0,155.0,ok
MARICO,Marico Limited,NSE,MARICO.NS,INE196A01026,736.65,2025-12-05,810.95,10.09,1770550.0,1346914932.0,156.0,ok
MANALIPETC,Manali Petrochemicals Limited,NSE,MANALIPETC.NS,INE201A01024,61.57,2025-12-05,59.55,-3.28,458262.0,27954923.0,155.0,ok
MAHEPC,Mahindra EPC Irrigation Limited,NSE,MAHEPC.NS,INE215D01010,123.21,2025-12-05,117.27,-4.82,36689.0,4499564.0,156.0,ok
MARALOVER,Maral Overseas Limited,NSE,MARALOVER.NS,INE882A01013,46.23,2025-12-05,57.7,24.81,22117.0,1096820.0,153.0,ok
MAJESAUT,Majestic Auto Limited,NSE,MAJESAUT.NS,INE201B01022,316.0,2026-04-23,328.55,3.97,2375.0,769007.0,28.0,ok
MANAKSTEEL,Manaksia Steels Limited,NSE,MANAKSTEEL.NS,INE824Q01011,59.36,2025-12-05,66.85,12.62,62568.0,4311167.0,154.0,ok
MALLCOM,Mallcom (India) Limited,NSE,MALLCOM.NS,INE389C01015,1168.6,2025-12-05,973.0,-16.74,7588.0,8909056.0,154.0,ok
MALUPAPER,Malu Paper Mills Limited,NSE,MALUPAPER.NS,INE383H01017,36.89,2025-12-05,32.51,-11.87,14807.0,533252.0,154.0,ok
MAHLIFE,Mahindra Lifespace Developers Limited,NSE,MAHLIFE.NS,INE813A01018,412.6,2025-12-05,337.2,-18.27,186537.0,67576861.0,156.0,ok
MAHSEAMLES,Maharashtra Seamless Limited,NSE,MAHSEAMLES.NS,INE271B01025,571.8,2025-12-05,609.8,6.65,177613.0,102100901.0,155.0,ok
MANAKALUCO,Manaksia Aluminium Company Limited,NSE,MANAKALUCO.NS,INE859Q01017,24.54,2025-12-05,35.42,44.34,289331.0,12346734.0,155.0,ok
MAHSCOOTER,Maharashtra Scooters Limited,NSE,MAHSCOOTER.NS,INE288A01013,14554.0,2025-12-05,12755.0,-12.36,5116.0,68776200.0,154.0,ok
MAMATA,Mamata Machinery Limited,NSE,MAMATA.NS,INE0TO701015,420.5,2025-12-05,373.6,-11.15,116154.0,47832023.0,156.0,ok
MANAKSIA,Manaksia Limited,NSE,MANAKSIA.NS,INE015D01022,59.13,2025-12-05,58.4,-1.23,40026.0,2481030.0,154.0,ok
MARINE,Marine Electricals (India) Limited,NSE,MARINE.NS,INE01JE01028,207.12,2025-12-05,258.1,24.61,520259.0,114803655.0,156.0,ok
MANAKCOAT,Manaksia Coated Metals & Industries Limited,NSE,MANAKCOAT.NS,INE830Q01018,137.4,2025-12-05,104.53,-23.92,657546.0,86598114.0,154.0,ok
NRAIL,N R Agarwal Industries Limited,NSE,NRAIL.NS,INE740D01017,457.6,2025-12-05,460.65,0.67,11785.0,5517517.0,154.0,ok
MARKSANS,Marksans Pharma Limited,NSE,MARKSANS.NS,INE750C01026,183.97,2025-12-05,241.19,31.1,1378083.0,285523955.0,156.0,ok
MEDANTA,Global Health Limited,NSE,MEDANTA.NS,INE474Q01031,1163.5,2025-12-05,1198.8,3.03,207521.0,241687099.0,155.0,ok
MEDPLUS,Medplus Health Services Limited,NSE,MEDPLUS.NS,INE804L01022,810.45,2025-12-05,900.15,11.07,211562.0,177420012.0,154.0,ok
MCLOUD,Magellanic Cloud Limited,NSE,MCLOUD.NS,INE613C01026,26.78,2025-12-05,25.79,-3.7,8240883.0,322396316.0,155.0,ok
MEDICAMEQ,Medicamen Biotech Limited,NSE,MEDICAMEQ.NS,INE646B01010,381.1,2025-12-05,272.7,-28.44,35698.0,11994730.0,155.0,ok
MEDIASSIST,Medi Assist Healthcare Services Limited,NSE,MEDIASSIST.NS,INE456Z01021,470.05,2025-12-05,366.95,-21.93,194095.0,80103640.0,154.0,ok
MEGASTAR,Megastar Foods Limited,NSE,MEGASTAR.NS,INE00EM01016,259.6,2025-12-05,308.9,18.99,27651.0,7700322.0,154.0,ok
MEDICO,Medico Remedies Limited,NSE,MEDICO.NS,INE630Y01024,53.83,2025-12-05,47.47,-11.81,304773.0,13853446.0,155.0,ok
MERCURYEV,Mercury Ev-Tech Limited,NSE,MERCURYEV.NS,INE763M01028,,,,,,,,too_few_bars
MEIL,Mangal Electrical Industries Limited,NSE,MEIL.NS,INE0PKD01011,370.55,2025-12-05,322.3,-13.02,88257.0,28034534.0,154.0,ok
MERCANTILE,Mercantile Ventures Limited,NSE,MERCANTILE.NS,INE689O01013,22.1,2026-04-20,26.62,20.45,16586.0,461924.0,30.0,ok
MEESHO,Meesho Limited,NSE,MEESHO.NS,INE0VDM01015,170.09,2025-12-10,177.39,4.29,27030502.0,5140965679.0,118.0,ok
MCL,Madhav Copper Limited,NSE,MCL.NS,INE813V01022,45.82,2025-12-05,61.59,34.42,133912.0,9012153.0,154.0,ok
MARSONS,Marsons Limited,NSE,MARSONS.NS,INE415B01044,138.54,2026-03-13,141.61,2.22,1606052.0,241712828.0,54.0,ok
MCX,Multi Commodity Exchange of India Limited,NSE,MCX.NS,INE745G01043,2068.6,2025-12-05,2878.7,39.16,3289824.0,8076801580.0,156.0,ok
MENONBE,Menon Bearings Limited,NSE,MENONBE.NS,INE071D01033,106.54,2025-12-05,142.28,33.55,74207.0,9652434.0,154.0,ok
MENNPIS,Menon Pistons Limited,NSE,MENNPIS.NS,INE650G01029,57.0,2026-04-20,54.09,-5.11,17448.0,1017840.0,30.0,ok
MCCHRLS-B,Mac Charles India Limited,NSE,MCCHRLS-B.NS,INE435D01014,685.0,2026-04-21,681.5,-0.51,235.0,161002.0,29.0,ok
MBLINFRA,MBL Infrastructure Limited,NSE,MBLINFRA.NS,INE912H01013,36.68,2025-12-05,28.66,-21.86,117033.0,3204710.0,155.0,ok
MAWANASUG,Mawana Sugars Limited,NSE,MAWANASUG.NS,INE636A01039,81.09,2025-12-05,97.76,20.56,93690.0,9126006.0,155.0,ok
MCLEODRUSS,Mcleod Russel India Limited,NSE,MCLEODRUSS.NS,INE942G01012,46.25,2025-12-05,75.32,62.85,511278.0,25743547.0,153.0,ok
MASFIN,MAS Financial Services Limited,NSE,MASFIN.NS,INE348L01012,320.6,2025-12-05,309.4,-3.49,145856.0,46672441.0,155.0,ok
MASTERTR,Master Trust Limited,NSE,MASTERTR.NS,INE677D01037,128.44,2025-12-05,81.28,-36.72,367530.0,39191052.0,154.0,ok
MARUTI,Maruti Suzuki India Limited,NSE,MARUTI.NS,INE585B01010,16282.0,2025-12-05,13022.0,-20.02,427365.0,6192002104.0,155.0,ok
MBEL,M & B Engineering Limited,NSE,MBEL.NS,INE08N601015,364.75,2025-12-05,295.25,-19.05,362331.0,143277726.0,155.0,ok
MAXHEALTH,Max Healthcare Institute Limited,NSE,MAXHEALTH.NS,INE027H01010,1097.4,2025-12-05,948.7,-13.55,2786394.0,2903889130.0,155.0,ok
MAXESTATES,Max Estates Limited,NSE,MAXESTATES.NS,INE03EI01018,459.65,2025-12-05,445.4,-3.1,94056.0,39219111.0,154.0,ok
MATRIMONY,Matrimony.Com Limited,NSE,MATRIMONY.NS,INE866R01028,475.7,2025-12-05,414.9,-12.78,41207.0,20696109.0,154.0,ok
MASTEK,Mastek Limited,NSE,MASTEK.NS,INE759A01021,2157.1,2025-12-05,1727.9,-19.9,98910.0,189483179.0,156.0,ok
MAXIND,Max India Limited,NSE,MAXIND.NS,INE0CG601016,194.11,2025-12-05,162.92,-16.07,45326.0,7645578.0,153.0,ok
MASKINVEST,Mask Investments Limited,NSE,MASKINVEST.NS,INE885F01015,172.73,2025-12-05,150.49,-12.88,2739.0,534920.0,153.0,ok
MAZDA,Mazda Limited,NSE,MAZDA.NS,INE885E01042,235.49,2025-12-05,234.68,-0.34,23541.0,5046249.0,155.0,ok
LCCINFOTEC,LCC Infotech Limited,NSE,LCCINFOTEC.NS,INE938A01021,4.3,2025-12-05,4.29,-0.23,91369.0,436027.0,153.0,ok
MAYURUNIQ,Mayur Uniquoters Ltd,NSE,MAYURUNIQ.NS,INE040D01038,499.95,2025-12-05,745.25,49.06,129934.0,80928248.0,154.0,ok
MAHASTEEL,Mahamaya Steel Industries Limited,NSE,MAHASTEEL.NS,INE451L01014,777.2,2025-12-05,953.9,22.74,13224.0,9989724.0,153.0,ok
MAGNUM,Magnum Ventures Limited,NSE,MAGNUM.NS,INE387I01016,24.42,2025-12-05,20.15,-17.49,82732.0,1795082.0,153.0,ok
LEMONTREE,Lemon Tree Hotels Limited,NSE,LEMONTREE.NS,INE970X01018,164.53,2025-12-05,111.16,-32.44,4007152.0,514931011.0,156.0,ok
MAHAPEXLTD,Maha Rashtra Apex Corporation Limited,NSE,MAHAPEXLTD.NS,INE843B01013,82.2,2025-12-05,48.26,-41.29,29226.0,2192277.0,153.0,ok
LGEINDIA,LG Electronics India Limited,NSE,LGEINDIA.NS,INE324D01010,1598.7,2025-12-05,1542.9,-3.49,1017780.0,1588357177.0,156.0,ok
LEXUS,Lexus Granito (India) Limited,NSE,LEXUS.NS,INE500X01013,28.35,2025-12-05,18.05,-36.33,59537.0,1792678.0,153.0,ok
MAHABANK,Bank of Maharashtra,NSE,MAHABANK.NS,INE457A01014,56.98,2025-12-05,78.91,38.49,22319234.0,1488969935.0,156.0,ok
LGHL,Laxmi Goldorna House Limited,NSE,LGHL.NS,INE258Y01016,275.65,2025-12-05,234.35,-14.98,82231.0,23002394.0,154.0,ok
MAZDOCK,Mazagon Dock Shipbuilders Limited,NSE,MAZDOCK.NS,INE249Z01020,2616.3,2025-12-05,2444.9,-6.55,1443521.0,3602320628.0,156.0,ok
LFIC,Lakshmi Finance & Industrial Corporation Limited,NSE,LFIC.NS,INE850E01012,175.86,2025-12-05,142.55,-18.94,6462.0,972397.0,153.0,ok
LGBBROSLTD,LG Balakrishnan & Bros Limited,NSE,LGBBROSLTD.NS,INE337A01034,1879.6,2025-12-05,1499.2,-20.24,87195.0,154445092.0,155.0,ok
MBAPL,Madhya Bharat Agro Products Limited,NSE,MBAPL.NS,INE900L01010,407.0,2025-12-05,543.25,33.48,207633.0,98228839.0,154.0,ok
LIKHITHA,Likhitha Infrastructure Limited,NSE,LIKHITHA.NS,INE060901027,185.56,2025-12-05,192.21,3.58,100709.0,19074777.0,155.0,ok
LAXMIINDIA,Laxmi India Finance Limited,NSE,LAXMIINDIA.NS,INE06WU01026,134.27,2025-12-05,108.7,-19.04,384554.0,45937599.0,154.0,ok
LIBERTSHOE,Liberty Shoes Limited,NSE,LIBERTSHOE.NS,INE557B01019,286.75,2025-12-05,241.96,-15.62,31928.0,8339192.0,154.0,ok
LINC,Linc Limited,NSE,LINC.NS,INE802B01027,118.73,2025-12-05,100.6,-15.27,39790.0,4354890.0,154.0,ok
LAXMICOT,Laxmi Cotspin Limited,NSE,LAXMICOT.NS,INE801V01019,19.38,2025-12-05,13.7,-29.31,44260.0,830105.0,153.0,ok
KWIL,Kwality Wall's (India) Limited,NSE,KWIL.NS,INE2KCE01013,29.42,2026-02-16,29.6,0.61,15502713.0,421967270.0,72.0,ok
LENSKART,Lenskart Solutions Limited,NSE,LENSKART.NS,INE956O01016,417.2,2025-12-05,524.2,25.65,5456033.0,2529363663.0,140.0,ok
LEMERITE,Le Merite Exports Limited,NSE,LEMERITE.NS,INE0G1L01025,102.87,2025-12-05,34.35,-66.61,465587.0,36379519.0,155.0,ok
LAMBODHARA,Lambodhara Textiles Limited,NSE,LAMBODHARA.NS,INE112F01022,124.38,2025-12-05,112.26,-9.74,19821.0,2337538.0,154.0,ok
LICHSGFIN,LIC Housing Finance Limited,NSE,LICHSGFIN.NS,INE115A01026,541.8,2025-12-05,535.0,-1.26,1538226.0,822507856.0,156.0,ok
LIBAS,Libas Consumer Products Limited,NSE,LIBAS.NS,INE908V01012,11.0,2025-12-05,12.82,16.55,44002.0,489566.0,153.0,ok
KUANTUM,Kuantum Papers Limited,NSE,KUANTUM.NS,INE529I01021,92.59,2025-12-05,74.58,-19.45,64231.0,5403482.0,153.0,ok
LAHOTIOV,Lahoti Overseas Limited,NSE,LAHOTIOV.NS,INE515C01023,44.1,2026-04-20,42.31,-4.06,27854.0,1336712.0,30.0,ok
LAGNAM,Lagnam Spintex Limited,NSE,LAGNAM.NS,INE548Z01017,67.29,2025-12-05,80.3,19.33,17923.0,1340854.0,153.0,ok
LICI,Life Insurance Corporation Of India,NSE,LICI.NS,INE0J1Y01017,434.95,2025-12-05,400.7,-7.87,3190217.0,1343967136.0,156.0,ok
LAL,Lorenzini Apparels Limited,NSE,LAL.NS,INE740X01023,9.17,2025-12-05,7.69,-16.14,69754.0,578993.0,153.0,ok
LANCORHOL,Lancor Holdings Limited,NSE,LANCORHOL.NS,INE572G01025,25.75,2025-12-05,24.2,-6.02,111663.0,3011772.0,153.0,ok
LANDMARK,Landmark Cars Limited,NSE,LANDMARK.NS,INE559R01029,521.7,2025-12-05,373.3,-28.45,124687.0,54374647.0,155.0,ok
LAXMIDENTL,Laxmi Dental Limited,NSE,LAXMIDENTL.NS,INE0WO601020,269.75,2025-12-05,236.92,-12.17,310923.0,73476429.0,156.0,ok
LANDSMILL,Landsmill Green Limited,NSE,LANDSMILL.NS,INE688J01023,1.27,2025-12-05,0.88,-30.71,4561856.0,5479359.0,154.0,ok
LALPATHLAB,Dr. Lal Path Labs Ltd.,NSE,LALPATHLAB.NS,INE600L01024,1514.8,2025-12-05,1561.0,3.05,359333.0,534148573.0,156.0,ok
LASA,Lasa Supergenerics Limited,NSE,LASA.NS,INE670X01014,9.92,2025-12-05,7.68,-22.58,48635.0,449122.0,153.0,ok
LATENTVIEW,Latent View Analytics Limited,NSE,LATENTVIEW.NS,INE0I7C01011,450.9,2025-12-05,325.3,-27.86,1712879.0,638708101.0,156.0,ok
LATTEYS,Latteys Industries Limited,NSE,LATTEYS.NS,INE262Z01023,24.33,2025-12-05,22.86,-6.04,132907.0,3568605.0,153.0,ok
LAOPALA,La Opala RG Limited,NSE,LAOPALA.NS,INE059D01020,212.71,2025-12-05,173.86,-18.26,71403.0,13720343.0,155.0,ok
LINCOLN,Lincoln Pharmaceuticals Limited,NSE,LINCOLN.NS,INE405C01035,493.15,2025-12-05,590.0,19.64,82833.0,52380423.0,154.0,ok
MAANALU,Maan Aluminium Limited,NSE,MAANALU.NS,INE215I01027,149.5,2025-12-05,128.57,-14.0,205524.0,30951924.0,154.0,ok
LINDEINDIA,Linde India Limited,NSE,LINDEINDIA.NS,INE473A01011,5910.0,2025-12-05,6940.0,17.43,52689.0,351853472.0,154.0,ok
LUXIND,Lux Industries Limited,NSE,LUXIND.NS,INE150G01020,1156.7,2025-12-05,1432.7,23.86,131549.0,165355371.0,156.0,ok
LYKALABS,Lyka Labs Limited,NSE,LYKALABS.NS,INE933A01014,77.43,2025-12-05,57.93,-25.18,40916.0,2624604.0,153.0,ok
LLOYDSENGG,LLOYDS ENGINEERING WORKS LIMITED,NSE,LLOYDSENGG.NS,INE093R01011,52.64,2025-12-05,72.13,37.03,5547353.0,312426526.0,156.0,ok
LXCHEM,Laxmi Organic Industries Limited,NSE,LXCHEM.NS,INE576O01020,172.67,2025-12-05,150.67,-12.74,597852.0,87928135.0,156.0,ok
LYPSAGEMS,Lypsa Gems & Jewellery Limited,NSE,LYPSAGEMS.NS,INE142K01011,5.03,2025-12-05,5.01,-0.4,64340.0,340474.0,154.0,ok
MADHAVIPL,Madhav Infra Projects Limited,NSE,MADHAVIPL.NS,INE631R01026,8.9,2026-04-20,8.59,-3.48,139174.0,1237347.0,30.0,ok
MACPOWER,Macpower CNC Machines Limited,NSE,MACPOWER.NS,INE155Z01011,945.3,2025-12-05,931.25,-1.49,25640.0,24982573.0,155.0,ok
LAURUSLABS,Laurus Labs Limited,NSE,LAURUSLABS.NS,INE947Q01028,1026.1,2025-12-05,1382.6,34.74,1884183.0,2008157412.0,156.0,ok
MADRASFERT,Madras Fertilizers Limited,NSE,MADRASFERT.NS,INE414A01015,76.81,2025-12-05,66.66,-13.21,174933.0,12980933.0,154.0,ok
MADHUCON,Madhucon Projects Limited,NSE,MADHUCON.NS,INE378D01032,6.12,2025-12-05,5.35,-12.58,36324.0,196873.0,153.0,ok
M&M,Mahindra & Mahindra Limited,NSE,M&M.NS,INE101A01026,3717.1,2025-12-05,2998.3,-19.34,2657297.0,8923571217.0,156.0,ok
MAFATIND,Mafatlal Industries Limited,NSE,MAFATIND.NS,INE270B01035,139.4,2026-04-23,130.78,-6.18,33458.0,4535981.0,27.0,ok
LUMAXTECH,Lumax Auto Technologies Limited,NSE,LUMAXTECH.NS,INE872H01027,1524.8,2025-12-05,1746.8,14.56,269375.0,420939787.0,155.0,ok
M&MFIN,Mahindra & Mahindra Financial Services Limited,NSE,M&MFIN.NS,INE774D01024,367.55,2025-12-05,294.3,-19.93,3189889.0,1086774034.0,156.0,ok
LOTUSEYE,Lotus Eye Hospital and Institute Limited,NSE,LOTUSEYE.NS,INE947I01017,105.71,2025-12-05,108.37,2.52,24298.0,2894432.0,153.0,ok
MADHAV,Madhav Marbles and Granites Limited,NSE,MADHAV.NS,INE925C01016,41.82,2025-12-05,36.32,-13.15,10021.0,384257.0,153.0,ok
LUPIN,Lupin Limited,NSE,LUPIN.NS,INE326A01037,2098.8,2025-12-05,2249.8,7.19,1030143.0,2260023919.0,156.0,ok
LLOYDSME,Lloyds Metals And Energy Limited,NSE,LLOYDSME.NS,INE281B01032,1220.3,2025-12-05,1821.7,49.28,578448.0,804830722.0,155.0,ok
LMW,LMW Limited,NSE,LMW.NS,INE269B01029,15044.0,2025-12-05,15843.0,5.31,3782.0,54833279.0,153.0,ok
LLOYDSENT,Lloyds Enterprises Limited,NSE,LLOYDSENT.NS,INE080I01025,54.96,2025-12-05,68.6,24.82,3685023.0,215061096.0,154.0,ok
LOKESHMACH,Lokesh Machines Limited,NSE,LOKESHMACH.NS,INE397H01017,148.76,2025-12-05,248.95,67.35,85245.0,16784298.0,154.0,ok
LUMAXIND,Lumax Industries Limited,NSE,LUMAXIND.NS,INE162B01018,5669.5,2025-12-05,5448.0,-3.91,29042.0,165044879.0,154.0,ok
LORDSCHLO,Lords Chloro Alkali Limited,NSE,LORDSCHLO.NS,INE846D01012,175.74,2025-12-05,136.51,-22.32,27772.0,4696773.0,154.0,ok
LODHA,Lodha Developers Limited,NSE,LODHA.NS,INE670K01029,1111.6,2025-12-05,903.8,-18.69,2036467.0,1893871472.0,156.0,ok
MAGADSUGAR,Magadh Sugar & Energy Limited,NSE,MAGADSUGAR.NS,INE347W01011,472.35,2025-12-05,450.3,-4.67,14528.0,7051209.0,154.0,ok
LOTUSDEV,Sri Lotus Developers and Realty Limited,NSE,LOTUSDEV.NS,INE0V9Q01010,154.06,2025-12-05,139.36,-9.54,1148327.0,165097867.0,156.0,ok
LPDC,Landmark Property Development Company Limited,NSE,LPDC.NS,INE197J01017,7.16,2025-12-05,6.93,-3.21,98842.0,750559.0,154.0,ok
LOYALTEX,Loyal Textile Mills Limited,NSE,LOYALTEX.NS,INE970D01010,213.87,2025-12-05,216.05,1.02,2881.0,782270.0,153.0,ok
LTTS,L&T Technology Services Limited,NSE,LTTS.NS,INE010V01017,4546.4,2025-12-05,3508.3,-22.83,140565.0,525081858.0,156.0,ok
LTF,L&T Finance Limited,NSE,LTF.NS,INE498L01015,309.6,2025-12-05,270.7,-12.56,6905939.0,1983555984.0,156.0,ok
LT,Larsen & Toubro Limited,NSE,LT.NS,INE018A01030,4038.2,2025-12-05,4000.9,-0.92,2478667.0,9693545497.0,156.0,ok
METROGLOBL,Metroglobal Limited,NSE,METROGLOBL.NS,INE085D01033,133.05,2026-04-22,130.85,-1.65,1103.0,143576.0,28.0,ok
LTFOODS,LT Foods Limited,NSE,LTFOODS.NS,INE818H01020,396.4,2025-12-05,391.6,-1.21,1364689.0,550814776.0,155.0,ok
LTM,LTM Limited,NSE,LTM.NS,INE214T01019,6292.0,2025-12-05,4341.7,-31.0,339875.0,1730759343.0,156.0,ok
NEAGI,Neelamalai Agro Industries Limited,NSE,NEAGI.NS,INE605D01012,3400.0,2026-04-22,3300.0,-2.94,8.0,28732.0,15.0,ok
METROBRAND,Metro Brands Limited,NSE,METROBRAND.NS,INE317I01021,1088.5,2025-12-05,1027.6,-5.59,71682.0,76877342.0,153.0,ok
NDRAUTO,Ndr Auto Components Limited,NSE,NDRAUTO.NS,INE07OG01012,839.05,2025-12-05,804.15,-4.16,31656.0,25247734.0,155.0,ok
METROPOLIS,Metropolis Healthcare Limited,NSE,METROPOLIS.NS,INE112L01020,481.05,2025-12-05,541.5,12.57,297470.0,148579466.0,156.0,ok
LOVABLE,Lovable Lingerie Limited,NSE,LOVABLE.NS,INE597L01014,81.14,2025-12-05,69.9,-13.85,22605.0,1813555.0,154.0,ok
NARMADA,Narmada Agrobase Limited,NSE,NARMADA.NS,INE117Z01011,22.72,2025-12-05,36.54,60.83,213283.0,6892874.0,153.0,ok
NECCLTD,North Eastern Carrying Corporation Limited,NSE,NECCLTD.NS,INE553C01016,19.55,2025-12-05,15.28,-21.84,75839.0,1275706.0,154.0,ok
NEPHROPLUS,Nephrocare Health Services Limited,NSE,NEPHROPLUS.NS,INE428V01029,471.25,2025-12-17,660.45,40.15,388507.0,198749537.0,112.0,ok
NDTV,New Delhi Television Limited,NSE,NDTV.NS,INE155G01029,82.48,2025-12-05,82.24,-0.29,611382.0,54044252.0,156.0,ok
NECLIFE,Nectar Lifesciences Limited,NSE,NECLIFE.NS,INE023H01027,20.95,2025-12-05,12.01,-42.67,1220016.0,22140166.0,156.0,ok
NETWEB,Netweb Technologies India Limited,NSE,NETWEB.NS,INE0NT901020,3081.6,2025-12-05,4782.8,55.21,1731744.0,6287426276.0,156.0,ok
NETWORK18,Network18 Media & Investments Limited,NSE,NETWORK18.NS,INE870H01013,43.25,2025-12-05,30.27,-30.01,3389909.0,125719713.0,156.0,ok
NEOGEN,Neogen Chemicals Limited,NSE,NEOGEN.NS,INE136S01016,1054.7,2025-12-05,1876.9,77.96,175464.0,219638322.0,155.0,ok
NELCAST,Nelcast Limited,NSE,NELCAST.NS,INE189I01024,107.35,2025-12-05,139.87,30.29,188276.0,23844050.0,155.0,ok
NESCO,Nesco Limited,NSE,NESCO.NS,INE317F01035,1225.3,2025-12-05,1176.2,-4.01,53936.0,65420282.0,153.0,ok
NESTLEIND,Nestle India Limited,NSE,NESTLEIND.NS,INE239A01024,1246.9,2025-12-05,1398.7,12.17,1427025.0,1889615099.0,156.0,ok
NELCO,NELCO Limited,NSE,NELCO.NS,INE045B01015,810.5,2025-12-05,699.8,-13.66,134877.0,94571962.0,155.0,ok
NDLVENTURE,NDL Ventures Limited,NSE,NDLVENTURE.NS,INE353A01023,96.68,2025-12-05,133.54,38.13,43952.0,5053039.0,153.0,ok
NDL,Nandan Denim Limited,NSE,NDL.NS,INE875G01048,3.05,2025-12-05,2.49,-18.36,1743459.0,4899309.0,156.0,ok
NDGL,Naga Dhunseri Group Limited,NSE,NDGL.NS,INE756C01015,3030.0,2025-12-05,2500.3,-17.48,251.0,699871.0,153.0,ok
NATHBIOGEN,Nath Bio-Genes (India) Limited,NSE,NATHBIOGEN.NS,INE448G01010,141.35,2025-12-05,174.97,23.78,28476.0,4641355.0,154.0,ok
NAVKARURB,Navkar Urbanstructure Limited,NSE,NAVKARURB.NS,INE268H01044,1.52,2025-12-05,1.06,-30.26,2061320.0,2829811.0,153.0,ok
NEWGEN,Newgen Software Technologies Limited,NSE,NEWGEN.NS,INE619B01017,879.0,2025-12-05,518.1,-41.06,2547260.0,1486004142.0,156.0,ok
NAVKARCORP,Navkar Corporation Limited,NSE,NAVKARCORP.NS,INE278M01019,96.86,2025-12-05,95.87,-1.02,510893.0,52292617.0,155.0,ok
NEULANDLAB,Neuland Laboratories Limited,NSE,NEULANDLAB.NS,INE794A01010,16887.0,2025-12-05,16909.0,0.13,55278.0,858447539.0,156.0,ok
NATCOPHARM,Natco Pharma Limited,NSE,NATCOPHARM.NS,INE987B01026,933.6,2025-12-05,939.3,0.61,1331892.0,1250887859.0,156.0,ok
NATIONALUM,National Aluminium Company Limited,NSE,NATIONALUM.NS,INE139A01034,273.15,2025-12-05,434.4,59.03,13951217.0,4883558398.0,156.0,ok
NAVA,NAVA LIMITED,NSE,NAVA.NS,INE725A01030,526.4,2025-12-05,601.6,14.29,580385.0,366040945.0,156.0,ok
NAUKRI,Info Edge (India) Limited,NSE,NAUKRI.NS,INE663F01032,1388.7,2025-12-05,1015.7,-26.86,1624164.0,1792614387.0,156.0,ok
NAZARA,Nazara Technologies Limited,NSE,NAZARA.NS,INE418L01047,241.15,2025-12-05,274.85,13.97,2598778.0,696806808.0,156.0,ok
NAVNETEDUL,Navneet Education Limited,NSE,NAVNETEDUL.NS,INE060A01024,143.07,2025-12-05,140.86,-1.54,218727.0,32709807.0,156.0,ok
NCLIND,NCL Industries Limited,NSE,NCLIND.NS,INE732C01016,196.64,2025-12-05,185.67,-5.58,87740.0,16333447.0,154.0,ok
NEXTMEDIA,Next Mediaworks Limited,NSE,NEXTMEDIA.NS,INE747B01016,6.28,2025-12-05,4.0,-36.31,30547.0,161116.0,153.0,ok
NBCC,NBCC (India) Limited,NSE,NBCC.NS,INE095N01031,112.06,2025-12-05,104.11,-7.09,12506021.0,1280662081.0,156.0,ok
NATIONSTD,National Standard (India) Limited,NSE,NATIONSTD.NS,INE166R01015,1411.65,2026-04-20,1240.0,-12.16,129.0,162637.0,29.0,ok
NGIL,Nakoda Group of Industries Limited,NSE,NGIL.NS,INE236Y01012,27.53,2025-12-05,41.75,51.65,30577.0,950887.0,153.0,ok
NAVINFLUOR,Navin Fluorine International Limited,NSE,NAVINFLUOR.NS,INE048G01026,5772.0,2025-12-05,7052.0,22.18,250871.0,1555102459.0,155.0,ok
NITTAGELA,Nitta Gelatin India Limited,NSE,NITTAGELA.NS,INE265B01019,922.65,2026-04-23,1642.0,77.97,16466.0,21953230.0,28.0,ok
NITIRAJ,Nitiraj Engineers Limited,NSE,NITIRAJ.NS,INE439T01012,182.47,2025-12-05,194.52,6.6,4175.0,824154.0,153.0,ok
NFL,National Fertilizers Limited,NSE,NFL.NS,INE870D01012,88.8,2025-12-05,75.29,-15.21,1663510.0,132402449.0,156.0,ok
NITINSPIN,Nitin Spinners Limited,NSE,NITINSPIN.NS,INE229H01012,319.95,2025-12-05,507.3,58.56,368615.0,143722363.0,154.0,ok
NMDC,NMDC Limited,NSE,NMDC.NS,INE584A01023,76.46,2025-12-05,95.31,24.65,24376440.0,2010059863.0,156.0,ok
NIRLON,Nirlon Limited,NSE,NIRLON.NS,INE910A01012,545.38,2026-04-23,606.05,11.12,14406.0,8498942.0,27.0,ok
NORBTEAEXP,Norben Tea & Exports Limited,NSE,NORBTEAEXP.NS,INE369C01017,74.0,2025-12-05,82.85,11.96,4566.0,353360.0,153.0,ok
NORTHARC,Northern Arc Capital Limited,NSE,NORTHARC.NS,INE850M01015,257.3,2025-12-05,287.4,11.7,570883.0,151683178.0,156.0,ok
NOVARTIND,Novartis India Limited,NSE,NOVARTIND.NS,INE234A01025,672.25,2026-04-15,1465.5,118.0,34355.0,43535633.0,33.0,ok
NBIFIN,N. B. I. Industrial Finance Company Limited,NSE,NBIFIN.NS,INE365I01020,2283.8,2025-12-05,1868.6,-18.18,430.0,876201.0,153.0,ok
NOIDATOLL,Noida Toll Bridge Company Limited,NSE,NOIDATOLL.NS,INE781B01015,4.69,2025-12-05,5.3,13.01,254877.0,1276005.0,155.0,ok
NIVABUPA,Niva Bupa Health Insurance Company Limited,NSE,NIVABUPA.NS,INE995S01015,73.48,2025-12-05,84.03,14.36,1921824.0,150105209.0,155.0,ok
NLCINDIA,NLC India Limited,NSE,NLCINDIA.NS,INE589A01014,239.4,2025-12-05,349.1,45.82,3326962.0,1013943402.0,156.0,ok
NOCIL,NOCIL Limited,NSE,NOCIL.NS,INE163A01018,170.0,2025-12-05,163.87,-3.61,1799698.0,290876194.0,156.0,ok
NCC,NCC Limited,NSE,NCC.NS,INE868B01028,168.16,2025-12-05,150.64,-10.42,3406617.0,553338607.0,156.0,ok
NITCO,Nitco Limited,NSE,NITCO.NS,INE858F01012,82.2,2025-12-05,98.07,19.31,712001.0,64677817.0,154.0,ok
NIACL,The New India Assurance Company Limited,NSE,NIACL.NS,INE470Y01017,159.35,2025-12-05,149.32,-6.29,1501719.0,241379642.0,156.0,ok
NKIND,NK Industries Limited,NSE,NKIND.NS,INE542C01019,65.6,2025-12-05,64.5,-1.68,3081.0,207706.0,153.0,ok
NOVAAGRI,Nova Agritech Limited,NSE,NOVAAGRI.NS,INE02H701025,42.94,2025-12-05,26.49,-38.31,147115.0,4669431.0,153.0,ok
NPST,Network People Services Technologies Limited,NSE,NPST.NS,INE0FFK01017,1479.1,2025-12-05,1331.3,-9.99,35704.0,44368016.0,153.0,ok
NIITMTS,NIIT Learning Systems Limited,NSE,NIITMTS.NS,INE342G01023,368.2,2025-12-05,219.21,-40.46,197620.0,58959426.0,155.0,ok
NH,Narayana Hrudayalaya Ltd.,NSE,NH.NS,INE410P01011,1916.9,2025-12-05,1934.2,0.9,468182.0,880845751.0,156.0,ok
NIRAJISPAT,Niraj Ispat Industries Limited,NSE,NIRAJISPAT.NS,INE326T01011,209.98,2025-12-05,217.3,3.49,521.0,129288.0,153.0,ok
NHPC,NHPC Limited,NSE,NHPC.NS,INE848E01016,77.07,2025-12-05,72.29,-6.2,15507809.0,1217272921.0,156.0,ok
NILAINFRA,Nila Infrastructures Limited,NSE,NILAINFRA.NS,INE937C01029,9.42,2025-12-05,7.9,-16.14,365912.0,3216900.0,156.0,ok
NIBL,NRB Industrial Bearings Limited,NSE,NIBL.NS,INE047O01014,28.39,2025-12-05,30.18,6.31,65731.0,2169456.0,155.0,ok
NIITLTD,NIIT Limited,NSE,NIITLTD.NS,INE161A01038,91.33,2025-12-05,89.59,-1.91,877596.0,72345952.0,156.0,ok
NILE,Nile Limited,NSE,NILE.NS,INE445D01013,1703.65,2026-04-20,1767.4,3.74,3761.0,6707325.0,30.0,ok
NIRAJ,Niraj Cement Structurals Limited,NSE,NIRAJ.NS,INE368I01016,35.9,2025-12-05,28.73,-19.97,121193.0,4115965.0,154.0,ok
NILASPACES,Nila Spaces Limited,NSE,NILASPACES.NS,INE00S901012,15.97,2025-12-05,12.84,-19.6,563083.0,8273049.0,155.0,ok
NGLFINE,NGL Fine-Chem Limited,NSE,NGLFINE.NS,INE887E01022,1299.5,2025-12-05,2654.5,104.27,7752.0,17670585.0,155.0,ok
NIBE,NIBE Limited,NSE,NIBE.NS,INE149O01018,998.5,2025-12-05,1541.0,54.33,102273.0,124887000.0,156.0,ok
NATCAPSUQ,Natural Capsules Limited,NSE,NATCAPSUQ.NS,INE936B01015,188.44,2025-12-05,158.67,-15.8,10498.0,1700860.0,153.0,ok
NIMBSPROJ,Nimbus Projects Limited,NSE,NIMBSPROJ.NS,INE875B01015,198.98,2026-04-06,210.26,5.67,184744.0,36538167.0,39.0,ok
MFML,Mahalaxmi Fabric Mills Limited,NSE,MFML.NS,INE0US801024,25.84,2025-12-05,24.28,-6.04,6142.0,154944.0,153.0,ok
NAM-INDIA,Nippon Life India Asset Management Limited,NSE,NAM-INDIA.NS,INE298J01013,814.0,2025-12-05,1089.9,33.89,967058.0,901500142.0,156.0,ok
NILKAMAL,Nilkamal Limited,NSE,NILKAMAL.NS,INE310A01015,1379.1,2025-12-05,1294.8,-6.11,5751.0,7816665.0,153.0,ok
MMWL,Media Matrix Worldwide Limited,NSE,MMWL.NS,INE200D01020,10.35,2026-04-22,13.49,30.34,205875.0,2970969.0,29.0,ok
NIPPOBATRY,Indo-National Limited,NSE,NIPPOBATRY.NS,INE567A01028,422.85,2025-12-05,367.85,-13.01,10622.0,3958096.0,154.0,ok
MODINATUR,Modi Naturals Limited,NSE,MODINATUR.NS,INE537F01012,379.55,2025-12-11,472.25,24.42,11003.0,4341912.0,114.0,ok
MODIRUBBER,Modi Rubber Limited,NSE,MODIRUBBER.NS,INE832A01018,105.25,2025-12-05,128.43,22.02,22667.0,3257241.0,154.0,ok
MOBIKWIK,One Mobikwik Systems Limited,NSE,MOBIKWIK.NS,INE0HLU01028,234.82,2025-12-05,194.44,-17.2,2048371.0,444976068.0,156.0,ok
NAHARSPING,Nahar Spinning Mills Limited,NSE,NAHARSPING.NS,INE290A01027,199.36,2025-12-05,275.0,37.94,28857.0,5838988.0,154.0,ok
MODTHREAD,Modern Threads (India) Limited,NSE,MODTHREAD.NS,INE794W01014,45.0,2025-12-05,48.36,7.47,4049.0,193896.0,153.0,ok
MOKSH,Moksh Ornaments Limited,NSE,MOKSH.NS,INE514Y01020,14.51,2025-12-05,11.7,-19.37,258918.0,3540969.0,153.0,ok
MOHITIND,Mohit Industries Limited,NSE,MOHITIND.NS,INE954E01012,29.1,2025-12-05,24.0,-17.53,15077.0,401729.0,153.0,ok
MODIS,Modis Navnirman Limited,NSE,MODIS.NS,INE0L0L01012,334.6,2025-12-05,335.4,0.24,38396.0,13204625.0,133.0,ok
MONARCH,Monarch Networth Capital Limited,NSE,MONARCH.NS,INE903D01011,305.65,2025-12-05,340.4,11.37,119324.0,34911348.0,154.0,ok
NINSYS,NINtec Systems Limited,NSE,NINSYS.NS,INE395U01014,402.75,2025-12-05,721.35,79.11,13387.0,5346596.0,154.0,ok
MOIL,MOIL Limited,NSE,MOIL.NS,INE490G01020,326.45,2025-12-05,296.3,-9.24,1178244.0,381705633.0,155.0,ok
MOLDTECH,Mold-Tek Technologies Limited,NSE,MOLDTECH.NS,INE835B01035,155.82,2025-12-05,118.4,-24.01,52676.0,8014658.0,154.0,ok
MOL,Meghmani Organics Limited,NSE,MOL.NS,INE0CT101020,65.16,2025-12-05,47.31,-27.39,891214.0,49989678.0,155.0,ok
MONEYBOXX,Moneyboxx Finance Limited,NSE,MONEYBOXX.NS,INE296Q01012,67.36,2025-12-05,71.84,6.65,57821.0,3869185.0,153.0,ok
MOLDTKPAC,Mold-Tek Packaging Limited,NSE,MOLDTKPAC.NS,INE893J01029,582.9,2025-12-05,707.05,21.3,100606.0,62085213.0,155.0,ok
MMTC,MMTC Limited,NSE,MMTC.NS,INE123F01029,56.53,2025-12-05,64.81,14.65,6553943.0,430481542.0,156.0,ok
MODISONLTD,MODISON LIMITED,NSE,MODISONLTD.NS,INE737D01021,152.38,2025-12-05,313.7,105.87,106152.0,21320213.0,155.0,ok
MMP,MMP Industries Limited,NSE,MMP.NS,INE511Y01018,254.65,2025-12-05,268.2,5.32,27721.0,7251029.0,153.0,ok
MMFL,MM Forgings Limited,NSE,MMFL.NS,INE227C01017,351.45,2025-12-05,442.55,25.92,180941.0,71944402.0,156.0,ok
MIDHANI,Mishra Dhatu Nigam Limited,NSE,MIDHANI.NS,INE099Z01011,311.95,2025-12-05,410.75,31.67,1155677.0,416641818.0,156.0,ok
MFSL,Max Financial Services Limited,NSE,MFSL.NS,INE180A01020,1690.2,2025-12-05,1595.4,-5.61,733282.0,1218243529.0,155.0,ok
MHLXMIRU,Mahalaxmi Rubtech Limited,NSE,MHLXMIRU.NS,INE112D01035,221.09,2025-12-05,181.04,-18.11,13703.0,2711812.0,153.0,ok
MIDWESTLTD,Midwest Limited,NSE,MIDWESTLTD.NS,INE0XAD01024,1431.6,2025-12-05,1258.7,-12.08,156600.0,210789276.0,148.0,ok
MHRIL,Mahindra Holidays & Resorts India Limited,NSE,MHRIL.NS,INE998I01010,312.95,2025-12-05,214.55,-31.44,147939.0,40572806.0,156.0,ok
MICEL,MIC Electronics Limited,NSE,MICEL.NS,INE287C01037,44.6,2025-12-05,43.57,-2.31,1618169.0,74045607.0,155.0,ok
MKPL,M K Proteins Limited,NSE,MKPL.NS,INE964W01021,6.1,2025-12-05,4.98,-18.36,234614.0,1278043.0,154.0,ok
MINDTECK,Mindteck (India) Limited,NSE,MINDTECK.NS,INE110B01017,199.01,2025-12-05,215.12,8.1,150318.0,34699189.0,154.0,ok
MITCON,MITCON Consultancy & Engineering Services Limited,NSE,MITCON.NS,INE828O01033,68.57,2025-12-05,87.64,27.81,15026.0,1082871.0,153.0,ok
MIRCELECTR,MIRC Electronics Limited,NSE,MIRCELECTR.NS,INE831A01028,23.53,2025-12-05,41.04,74.42,1589952.0,56168512.0,155.0,ok
MINDACORP,Minda Corporation Limited,NSE,MINDACORP.NS,INE842C01021,586.15,2025-12-05,629.85,7.46,417787.0,237663162.0,154.0,ok
MITTAL,Mittal Life Style Limited,NSE,MITTAL.NS,INE997Y01027,1.3,2025-12-05,0.99,-23.85,881916.0,948895.0,154.0,ok
MOSCHIP,Moschip Technologies Limited,NSE,MOSCHIP.NS,INE935B01025,203.05,2025-12-05,218.28,7.5,2112875.0,442501395.0,156.0,ok
MGEL,Mangalam Global Enterprise Limited,NSE,MGEL.NS,INE0APB01032,14.87,2025-12-05,15.21,2.29,808143.0,11196574.0,155.0,ok
MIRZAINT,Mirza International Limited,NSE,MIRZAINT.NS,INE771A01026,40.01,2025-12-05,30.64,-23.42,228490.0,8355695.0,154.0,ok
MGL,Mahanagar Gas Limited,NSE,MGL.NS,INE002S01010,1170.0,2025-12-05,1092.2,-6.65,292296.0,321912315.0,155.0,ok
MVGJL,Manoj Vaibhav Gems N Jewellers Limited,NSE,MVGJL.NS,INE0KNT01012,187.82,2025-12-05,155.02,-17.46,73133.0,12709862.0,153.0,ok
MUTHOOTCAP,Muthoot Capital Services Limited,NSE,MUTHOOTCAP.NS,INE296G01013,267.55,2025-12-05,198.57,-25.78,35624.0,8320169.0,154.0,ok
MONTECARLO,Monte Carlo Fashions Limited,NSE,MONTECARLO.NS,INE950M01013,702.2,2025-12-05,546.9,-22.12,44195.0,28698227.0,153.0,ok
MURUDCERA,Murudeshwar Ceramics Limited,NSE,MURUDCERA.NS,INE692B01014,35.36,2025-12-05,31.58,-10.69,37414.0,1329773.0,154.0,ok
MUKKA,Mukka Proteins Limited,NSE,MUKKA.NS,INE0CG401037,26.01,2025-12-05,22.38,-13.96,539199.0,13096240.0,154.0,ok
MUTHOOTMF,Muthoot Microfin Limited,NSE,MUTHOOTMF.NS,INE046W01019,184.88,2025-12-05,179.6,-2.86,485954.0,90552773.0,155.0,ok
MUNJALAU,Munjal Auto Industries Limited,NSE,MUNJALAU.NS,INE672B01032,80.13,2025-12-05,86.87,8.41,188927.0,16243541.0,155.0,ok
MOREPENLAB,Morepen Laboratories Limited,NSE,MOREPENLAB.NS,INE083A01026,42.47,2025-12-05,45.79,7.82,3991248.0,172078145.0,156.0,ok
NAGREEKCAP,Nagreeka Capital & Infrastructure Limited,NSE,NAGREEKCAP.NS,INE245I01016,27.57,2025-12-05,27.97,1.45,20500.0,641935.0,153.0,ok
MUTHOOTFIN,Muthoot Finance Limited,NSE,MUTHOOTFIN.NS,INE414G01012,3800.1,2025-12-05,3262.1,-14.16,770731.0,2693986352.0,156.0,ok
MUNJALSHOW,Munjal Showa Limited,NSE,MUNJALSHOW.NS,INE577A01027,123.81,2025-12-05,127.26,2.79,39007.0,5009599.0,156.0,ok
NAGREEKEXP,Nagreeka Exports Limited,NSE,NAGREEKEXP.NS,INE123B01028,27.04,2025-12-05,27.37,1.22,12792.0,340513.0,153.0,ok
NAHARINDUS,Nahar Industrial Enterprises Limited,NSE,NAHARINDUS.NS,INE289A01011,110.55,2025-12-05,122.21,10.55,20241.0,2166455.0,154.0,ok
NAHARPOLY,Nahar Poly Films Limited,NSE,NAHARPOLY.NS,INE308A01027,244.0,2025-12-05,256.8,5.25,16747.0,4307289.0,154.0,ok
MUKTAARTS,Mukta Arts Limited,NSE,MUKTAARTS.NS,INE374B01019,63.47,2025-12-05,64.06,0.93,11890.0,683399.0,154.0,ok
MWL,Mangalam Worldwide Limited,NSE,MWL.NS,INE0JYY01011,260.41,2025-12-05,380.5,46.12,80111.0,22959736.0,153.0,ok
MRPL,Mangalore Refinery and Petrochemicals Limited,NSE,MRPL.NS,INE103A01014,153.74,2025-12-05,147.02,-4.37,12247434.0,2143607231.0,156.0,ok
MUKANDLTD,Mukand Limited,NSE,MUKANDLTD.NS,INE304A01026,132.89,2025-12-05,140.78,5.94,181136.0,24789032.0,156.0,ok
MOTOGENFIN,The Motor & General Finance Limited,NSE,MOTOGENFIN.NS,INE861B01023,24.99,2025-12-05,25.77,3.12,41468.0,1035045.0,154.0,ok
MOTHERSON,Samvardhana Motherson International Limited,NSE,MOTHERSON.NS,INE775A01035,117.05,2025-12-05,144.89,23.78,19754228.0,2389963359.0,156.0,ok
MOTISONS,Motisons Jewellers Limited,NSE,MOTISONS.NS,INE0FRK01020,16.46,2025-12-05,11.43,-30.56,4402222.0,63922015.0,156.0,ok
NACLIND,NACL Industries Limited,NSE,NACLIND.NS,INE295D01020,158.57,2025-12-05,157.37,-0.76,352810.0,55582206.0,155.0,ok
NAHARCAP,Nahar Capital and Financial Services Limited,NSE,NAHARCAP.NS,INE049I01012,265.65,2025-12-05,259.25,-2.41,7531.0,1833833.0,153.0,ok
MSPL,MSP Steel & Power Limited,NSE,MSPL.NS,INE752G01015,36.55,2025-12-05,40.97,12.09,1489572.0,52279686.0,153.0,ok
MTARTECH,Mtar Technologies Limited,NSE,MTARTECH.NS,INE864I01014,2383.9,2025-12-05,7216.0,202.7,765988.0,3648960518.0,156.0,ok
MUFTI,Credo Brands Marketing Limited,NSE,MUFTI.NS,INE220Q01020,95.53,2025-12-05,89.04,-6.79,170211.0,15103766.0,154.0,ok
MRF,MRF Limited,NSE,MRF.NS,INE883A01011,153210.0,2025-12-05,124695.0,-18.61,6789.0,957728967.0,155.0,ok
MSTCLTD,Mstc Limited,NSE,MSTCLTD.NS,INE255X01014,467.75,2025-12-05,451.3,-3.52,190884.0,90563889.0,156.0,ok
MPSLTD,MPS Limited,NSE,MPSLTD.NS,INE943D01017,2075.8,2025-12-05,1851.0,-10.83,28143.0,50854525.0,153.0,ok
MPHASIS,MphasiS Limited,NSE,MPHASIS.NS,INE356A01018,2953.6,2025-12-05,2387.7,-19.16,587650.0,1478766459.0,156.0,ok
MSUMI,Motherson Sumi Wiring India Limited,NSE,MSUMI.NS,INE0FS801015,45.6,2025-12-05,38.2,-16.23,7573502.0,326170913.0,156.0,ok
MTEDUCARE,MT Educare Limited,NSE,MTEDUCARE.NS,INE472M01018,1.9,2025-12-05,1.57,-17.37,27047.0,42781.0,153.0,ok
KSR,KSR Footwear Limited,NSE,KSR.NS,INE1SPP01016,23.7,2025-12-05,33.91,43.08,104804.0,2634057.0,124.0,ok
RUPA,Rupa & Company Limited,NSE,RUPA.NS,INE895B01021,167.34,2025-12-05,158.99,-4.99,245461.0,39058264.0,155.0,ok
MTNL,Mahanagar Telephone Nigam Limited,NSE,MTNL.NS,INE153A01019,36.47,2025-12-05,30.4,-16.64,1772854.0,58216628.0,156.0,ok
MOTILALOFS,Motilal Oswal Financial Services Limited,NSE,MOTILALOFS.NS,INE338I01027,885.1,2025-12-05,865.95,-2.16,1147541.0,968115567.0,156.0,ok
RUCHIRA,Ruchira Papers Limited,NSE,RUCHIRA.NS,INE803H01014,119.21,2025-12-05,115.46,-3.15,43151.0,5112494.0,154.0,ok
TRF,TRF Limited,NSE,TRF.NS,INE391D01019,292.25,2025-12-05,233.86,-19.98,19290.0,5249137.0,155.0,ok
TVSMOTOR,TVS Motor Company Limited,NSE,TVSMOTOR.NS,INE494B01023,3665.4,2025-12-05,3366.9,-8.14,870504.0,3109856511.0,156.0,ok
TRUALT,TruAlt Bioenergy Limited,NSE,TRUALT.NS,INE0MWH01014,420.1,2025-12-05,506.55,20.58,327855.0,146092342.0,156.0,ok
TRU,TruCap Finance Limited,NSE,TRU.NS,INE615R01029,8.54,2025-12-05,5.94,-30.44,146490.0,1086015.0,154.0,ok
TRIDENT,Trident Limited,NSE,TRIDENT.NS,INE064C01022,27.83,2025-12-05,24.32,-12.61,8239228.0,214754562.0,156.0,ok
TRIGYN,Trigyn Technologies Limited,NSE,TRIGYN.NS,INE948A01012,71.98,2025-12-05,58.58,-18.62,39628.0,2281731.0,154.0,ok
TRIVENI,Triveni Engineering & Industries Limited,NSE,TRIVENI.NS,INE256C01024,350.5,2025-12-05,366.65,4.61,516716.0,198126873.0,155.0,ok
TTKHLTCARE,TTK Healthcare Limited,NSE,TTKHLTCARE.NS,INE910C01018,1086.6,2025-12-05,924.5,-14.92,4648.0,4441140.0,154.0,ok
TSFINV,TSF INVESTMENTS LIMITED,NSE,TSFINV.NS,INE202Z01029,474.4,2025-12-05,406.8,-14.25,97613.0,44645103.0,155.0,ok
TTKPRESTIG,TTK Prestige Limited,NSE,TTKPRESTIG.NS,INE690A01028,641.45,2025-12-05,539.2,-15.94,281760.0,154856841.0,155.0,ok
TTL,T T Limited,NSE,TTL.NS,INE592B01024,9.04,2025-12-05,7.31,-19.14,135130.0,1178872.0,155.0,ok
TNTELE,Tamilnadu Telecommunication Limited,NSE,TNTELE.NS,INE141D01018,10.24,2025-12-05,9.46,-7.62,36321.0,374855.0,153.0,ok
MUFIN,Mufin Green Finance Limited,NSE,MUFIN.NS,INE08KJ01020,107.47,2025-12-05,122.5,13.99,1758038.0,200614025.0,155.0,ok
TRENT,Trent Limited,NSE,TRENT.NS,INE849A01020,4183.1,2025-12-05,4210.4,0.65,982754.0,4013903846.0,155.0,ok
TNPETRO,Tamilnadu PetroProducts Limited,NSE,TNPETRO.NS,INE148A01019,104.82,2025-12-05,88.06,-15.99,253124.0,26138419.0,155.0,ok
TREL,Transindia Real Estate Limited,NSE,TREL.NS,INE0O3901029,25.33,2025-12-05,26.2,3.43,131608.0,3391418.0,153.0,ok
TORNTPOWER,Torrent Power Limited,NSE,TORNTPOWER.NS,INE813H01021,1289.9,2025-12-05,1423.9,10.39,559568.0,809665607.0,156.0,ok
TRITURBINE,Triveni Turbine Limited,NSE,TRITURBINE.NS,INE152M01016,545.4,2025-12-05,689.25,26.38,1535016.0,905960309.0,156.0,ok
TOLINS,Tolins Tyres Limited,NSE,TOLINS.NS,INE0RWQ01014,137.55,2025-12-05,101.05,-26.54,188579.0,28241369.0,155.0,ok
TOKYOPLAST,Tokyo Plast International Limited,NSE,TOKYOPLAST.NS,INE932C01012,115.28,2025-12-05,86.14,-25.28,12255.0,1249712.0,153.0,ok
TTML,Tata Teleservices (Maharashtra) Limited,NSE,TTML.NS,INE517B01013,49.14,2025-12-05,43.15,-12.19,5449236.0,254673091.0,155.0,ok
TRAVELFOOD,Travel Food Services Limited,NSE,TRAVELFOOD.NS,INE103V01028,1306.0,2025-12-05,1234.4,-5.48,76758.0,93763096.0,156.0,ok
TORNTPHARM,Torrent Pharmaceuticals Limited,NSE,TORNTPHARM.NS,INE685A01028,3785.9,2025-12-05,4317.9,14.05,324505.0,1337672082.0,156.0,ok
TPHQ,Teamo Productions HQ Limited,NSE,TPHQ.NS,INE065J01024,0.55,2025-12-05,0.5,-9.09,2579561.0,1609233.0,155.0,ok
TRACXN,Tracxn Technologies Limited,NSE,TRACXN.NS,INE0HMF01019,40.94,2025-12-05,31.72,-22.52,274062.0,10197461.0,155.0,ok
TPLPLASTEH,TPL Plastech Limited,NSE,TPLPLASTEH.NS,INE413G01022,67.11,2025-12-05,71.21,6.11,132388.0,8849058.0,155.0,ok
TRANSWORLD,TRANSWORLD SHIPPING LINES LIMITED,NSE,TRANSWORLD.NS,INE757B01015,176.14,2025-12-05,164.65,-6.52,37315.0,6169427.0,154.0,ok
TREEHOUSE,Tree House Education & Accessories Limited,NSE,TREEHOUSE.NS,INE040M01013,8.45,2025-12-05,6.76,-20.0,45394.0,374104.0,154.0,ok
TREJHARA,TREJHARA SOLUTIONS LIMITED,NSE,TREJHARA.NS,INE00CA01015,260.75,2025-12-05,144.36,-44.64,24908.0,4859207.0,153.0,ok
TRANSPEK,Transpek Industry Limited,NSE,TRANSPEK.NS,INE687A01016,1170.52,2026-04-22,1000.1,-14.56,2286.0,2588359.0,29.0,ok
TNPL,Tamil Nadu Newsprint & Papers Limited,NSE,TNPL.NS,INE107A01015,140.69,2025-12-05,147.88,5.11,117400.0,16992802.0,155.0,ok
TVSELECT,TVS Electronics Limited,NSE,TVSELECT.NS,INE236G01019,474.9,2025-12-05,485.6,2.25,137692.0,77449661.0,154.0,ok
TVSSCS,TVS Supply Chain Solutions Limited,NSE,TVSSCS.NS,INE395N01027,104.87,2025-12-05,114.05,8.75,1126766.0,134397868.0,154.0,ok
TVSHLTD,TVS Holdings Limited,NSE,TVSHLTD.NS,INE105A01035,14641.0,2025-12-05,13549.0,-7.46,6583.0,95296670.0,153.0,ok
TOTAL,Total Transport Systems Limited,NSE,TOTAL.NS,INE336X01012,79.43,2025-12-05,53.57,-32.56,18771.0,1335429.0,153.0,ok
UNIDT,United Drilling Tools Limited,NSE,UNIDT.NS,INE961D01019,196.26,2025-12-05,243.27,23.95,17585.0,3533899.0,153.0,ok
TOUCHWOOD,Touchwood Entertainment Limited,NSE,TOUCHWOOD.NS,INE486Y01013,104.85,2025-12-05,70.04,-33.2,7093.0,655299.0,154.0,ok
UNICHEMLAB,Unichem Laboratories Limited,NSE,UNICHEMLAB.NS,INE351A01035,445.55,2025-12-05,364.9,-18.1,30027.0,11439686.0,155.0,ok
UNIMECH,Unimech Aerospace and Manufacturing Limited,NSE,UNIMECH.NS,INE0U3I01011,988.4,2025-12-05,993.15,0.48,82262.0,75497417.0,154.0,ok
UNIECOM,Unicommerce Esolutions Limited,NSE,UNIECOM.NS,INE00U401027,119.51,2025-12-05,87.58,-26.72,692998.0,76354713.0,156.0,ok
UNIINFO,Uniinfo Telecom Services Limited,NSE,UNIINFO.NS,INE481Z01011,17.16,2025-12-05,11.94,-30.42,7676.0,107370.0,153.0,ok
TVSSRICHAK,TVS Srichakra Limited,NSE,TVSSRICHAK.NS,INE421C01016,4591.6,2025-12-05,3955.2,-13.86,8444.0,35041676.0,155.0,ok
UNIENTER,Uniphos Enterprises Limited,NSE,UNIENTER.NS,INE037A01022,143.65,2025-12-05,104.79,-27.05,9282.0,1095596.0,154.0,ok
UNIONBANK,Union Bank of India,NSE,UNIONBANK.NS,INE692A01016,153.3,2025-12-05,162.68,6.12,16099327.0,2739388980.0,156.0,ok
UNITEDPOLY,United Polyfab Gujarat Limited,NSE,UNITEDPOLY.NS,INE368U01029,38.61,2025-12-05,33.74,-12.61,150427.0,4971353.0,153.0,ok
TRANSRAILL,Transrail Lighting Limited,NSE,TRANSRAILL.NS,INE454P01035,569.3,2025-12-05,488.2,-14.25,754640.0,427396783.0,156.0,ok
UNITDSPR,United Spirits Limited,NSE,UNITDSPR.NS,INE854D01024,1455.6,2025-12-05,1275.0,-12.41,1002436.0,1355240238.0,156.0,ok
UMIYA-MRO,UMIYA BUILDCON LIMITED,NSE,UMIYA-MRO.NS,INE398B01018,88.97,2025-12-05,87.34,-1.83,37986.0,3598465.0,154.0,ok
UMESLTD,Usha Martin Education & Solutions Limited,NSE,UMESLTD.NS,INE240C01028,4.88,2025-12-05,5.56,13.93,63657.0,354245.0,153.0,ok
UPL,UPL Limited,NSE,UPL.NS,INE628A01036,759.1,2025-12-05,641.65,-15.47,2755790.0,1922784140.0,155.0,ok
UNIVPHOTO,Universus Photo Imagings Limited,NSE,UNIVPHOTO.NS,INE03V001013,262.5,2025-12-05,403.95,53.89,16716.0,6969568.0,154.0,ok
UMAEXPORTS,Uma Exports Limited,NSE,UMAEXPORTS.NS,INE0GIU01018,39.08,2025-12-05,25.19,-35.54,76651.0,2494655.0,154.0,ok
UNITEDTEA,The United Nilgiri Tea Estates Company Limited,NSE,UNITEDTEA.NS,INE458F01011,445.0,2025-12-05,528.9,18.85,4339.0,2105681.0,153.0,ok
UNIPARTS,Uniparts India Limited,NSE,UNIPARTS.NS,INE244O01017,476.9,2025-12-05,599.2,25.64,178055.0,92896080.0,155.0,ok
UEL,Ujaas Energy Limited,NSE,UEL.NS,INE899L01030,150.16,2025-12-05,137.94,-8.14,9424.0,1506137.0,154.0,ok
TVVISION,TV Vision Limited,NSE,TVVISION.NS,INE871L01013,5.61,2025-12-05,5.3,-5.53,49335.0,356206.0,153.0,ok
UNITECH,Unitech Limited,NSE,UNITECH.NS,INE694A01020,6.23,2025-12-05,4.77,-23.43,6616068.0,34411727.0,156.0,ok
UBL,United Breweries Limited,NSE,UBL.NS,INE686F01025,1683.3,2025-12-05,1318.8,-21.65,173342.0,270967865.0,156.0,ok
UDS,Updater Services Limited,NSE,UDS.NS,INE851I01011,170.58,2025-12-05,179.75,5.38,235455.0,40817740.0,154.0,ok
UFBL,United Foodbrands Limited,NSE,UFBL.NS,INE382M01027,180.54,2025-12-05,487.2,169.86,231800.0,78230543.0,153.0,ok
UNIVASTU,Univastu India Limited,NSE,UNIVASTU.NS,INE562X01013,67.73,2025-12-05,77.68,14.69,82146.0,5678053.0,154.0,ok
UFO,UFO Moviez India Limited,NSE,UFO.NS,INE527H01019,74.91,2025-12-05,74.11,-1.07,169795.0,13470117.0,155.0,ok
UGROCAP,Ugro Capital Limited,NSE,UGROCAP.NS,INE583D01011,174.02,2025-12-05,95.15,-45.32,592282.0,73780393.0,155.0,ok
UJJIVANSFB,Ujjivan Small Finance Bank Limited,NSE,UJJIVANSFB.NS,INE551W01018,53.4,2025-12-05,53.18,-0.41,14273143.0,816145441.0,155.0,ok
UCAL,UCAL LIMITED,NSE,UCAL.NS,INE139B01016,111.02,2025-12-05,98.56,-11.22,21185.0,2414253.0,154.0,ok
UGARSUGAR,The Ugar Sugar Works Limited,NSE,UGARSUGAR.NS,INE071E01023,41.23,2025-12-05,40.18,-2.55,180442.0,7361553.0,155.0,ok
UNIVCABLES,Universal Cables Limited,NSE,UNIVCABLES.NS,INE279A01012,907.25,2025-12-05,1239.2,36.59,178517.0,167694382.0,156.0,ok
UFLEX,UFLEX Limited,NSE,UFLEX.NS,INE516A01017,479.75,2025-12-05,446.1,-7.01,74111.0,32207370.0,155.0,ok
TCC,TCC Concept Limited,NSE,TCC.NS,INE887D01016,466.25,2026-02-25,374.55,-19.67,23547.0,9539639.0,63.0,ok
ULTRACEMCO,UltraTech Cement Limited,NSE,ULTRACEMCO.NS,INE481G01011,11597.0,2025-12-05,11165.0,-3.73,288850.0,3401567276.0,156.0,ok
TMB,Tamilnad Mercantile Bank Limited,NSE,TMB.NS,INE668A01016,534.25,2025-12-05,739.75,38.47,370313.0,234509629.0,155.0,ok
TCIFINANCE,TCI Finance Limited,NSE,TCIFINANCE.NS,INE911B01018,11.27,2025-12-05,13.17,16.86,57342.0,1069635.0,153.0,ok
ULTRAMAR,Ultramarine & Pigments Limited,NSE,ULTRAMAR.NS,INE405A01021,410.55,2026-04-22,397.0,-3.3,14985.0,6155249.0,28.0,ok
TMPV,Tata Motors Passenger Vehicles Limited,NSE,TMPV.NS,INE155A01022,353.6,2025-12-05,390.2,10.35,11431477.0,4128448811.0,156.0,ok
TCI,Transport Corporation of India Limited,NSE,TCI.NS,INE688A01022,1042.2,2025-12-05,919.1,-11.81,34765.0,35145645.0,154.0,ok
TCIEXP,TCI Express Limited,NSE,TCIEXP.NS,INE586V01016,576.55,2025-12-05,495.35,-14.08,24926.0,13709501.0,153.0,ok
TITAN,Titan Company Limited,NSE,TITAN.NS,INE280A01028,3813.3,2025-12-05,4078.1,6.94,995397.0,4090144252.0,156.0,ok
TMCV,Tata Motors Limited,NSE,TMCV.NS,INE1TAE01010,359.55,2025-12-05,370.55,3.06,12739087.0,5154892642.0,138.0,ok
TVTODAY,TV Today Network Limited,NSE,TVTODAY.NS,INE038F01029,137.07,2025-12-05,113.15,-17.45,77820.0,9694340.0,154.0,ok
TEAMGTY,Team India Guaranty Limited,NSE,TEAMGTY.NS,INE289C01025,277.15,2025-12-05,250.05,-9.78,3817.0,1073918.0,153.0,ok
UCOBANK,UCO Bank,NSE,UCOBANK.NS,INE691A01018,29.46,2025-12-05,24.83,-15.72,8008077.0,231216687.0,156.0,ok
TCS,Tata Consultancy Services Limited,NSE,TCS.NS,INE467B01029,3238.2,2025-12-05,2446.9,-24.44,3628202.0,9964116586.0,156.0,ok
TECHNVISN,TechNVision Ventures Limited,NSE,TECHNVISN.NS,INE314H01012,5900.0,2026-04-22,5400.0,-8.47,136.0,755057.0,28.0,ok
TDPOWERSYS,TD Power Systems Limited,NSE,TDPOWERSYS.NS,INE419M01027,696.7,2025-12-05,1235.0,77.26,1286644.0,1164292450.0,156.0,ok
TECHM,Tech Mahindra Limited,NSE,TECHM.NS,INE669C01036,1570.8,2025-12-05,1571.4,0.04,2185289.0,3262624538.0,156.0,ok
TEGA,Tega Industries Limited,NSE,TEGA.NS,INE011K01018,1906.4,2025-12-05,1827.1,-4.16,122281.0,220149126.0,155.0,ok
TECHNOE,Techno Electric & Engineering Company Limited,NSE,TECHNOE.NS,INE285K01026,1097.9,2025-12-05,1065.8,-2.92,257486.0,296642450.0,156.0,ok
TBOTEK,TBO Tek Limited,NSE,TBOTEK.NS,INE673O01025,1625.3,2025-12-05,1229.6,-24.35,168451.0,247167270.0,155.0,ok
TBZ,Tribhovandas Bhimji Zaveri Limited,NSE,TBZ.NS,INE760L01018,168.27,2025-12-05,178.84,6.28,788927.0,134595442.0,156.0,ok
TEJASNET,Tejas Networks Limited,NSE,TEJASNET.NS,INE010J01012,494.15,2025-12-05,537.3,8.73,7336060.0,3326116208.0,156.0,ok
TCPLPACK,TCPL Packaging Limited,NSE,TCPLPACK.NS,INE822C01015,3054.1,2025-12-05,2580.9,-15.49,4705.0,13278054.0,154.0,ok
TATVA,Tatva Chintan Pharma Chem Limited,NSE,TATVA.NS,INE0GK401011,1387.2,2025-12-05,1214.4,-12.46,129730.0,173902261.0,155.0,ok
TARAPUR,Tarapur Transformers Limited,NSE,TARAPUR.NS,INE747K01017,30.86,2025-12-05,18.82,-39.01,35754.0,1088002.0,153.0,ok
TARC,TARC Limited,NSE,TARC.NS,INE0EK901012,150.16,2025-12-05,131.15,-12.66,885678.0,132120340.0,155.0,ok
TEAMLEASE,Teamlease Services Limited,NSE,TEAMLEASE.NS,INE985S01024,1635.1,2025-12-05,1381.7,-15.5,58822.0,89818757.0,154.0,ok
TATACAP,Tata Capital Limited,NSE,TATACAP.NS,INE976I01016,325.45,2025-12-05,300.75,-7.59,3022403.0,1006943721.0,156.0,ok
TECILCHEM,TECIL Chemicals and Hydro Power Limited,NSE,TECILCHEM.NS,INE014B01011,17.97,2025-12-05,11.87,-33.95,6853.0,95694.0,153.0,ok
TARMAT,Tarmat Limited,NSE,TARMAT.NS,INE924H01018,55.57,2025-12-05,51.95,-6.51,36156.0,2112254.0,154.0,ok
TARSONS,Tarsons Products Limited,NSE,TARSONS.NS,INE144Z01023,221.83,2025-12-05,207.54,-6.44,283353.0,62407617.0,156.0,ok
TASTYBITE,Tasty Bite Eatables Limited,NSE,TASTYBITE.NS,INE488B01017,8087.5,2025-12-05,7569.5,-6.4,2455.0,18917140.0,154.0,ok
TARIL,Transformers And Rectifiers (India) Limited,NSE,TARIL.NS,INE763I01026,236.9,2025-12-05,312.35,31.85,6101180.0,1816086385.0,155.0,ok
TEMBO,Tembo Global Industries Limited,NSE,TEMBO.NS,INE869Y01010,704.3,2025-12-05,592.5,-15.87,143815.0,88495461.0,155.0,ok
TATACOMM,Tata Communications Limited,NSE,TATACOMM.NS,INE151A01013,1837.9,2025-12-05,1906.2,3.72,464187.0,809607502.0,155.0,ok
TERASOFT,Tera Software Limited,NSE,TERASOFT.NS,INE482B01010,487.35,2025-12-05,430.1,-11.75,22657.0,9340484.0,154.0,ok
TATACONSUM,TATA CONSUMER PRODUCTS LIMITED,NSE,TATACONSUM.NS,INE192A01025,1162.9,2025-12-05,1154.7,-0.71,1576997.0,1831130986.0,156.0,ok
TIMEX,Timex Group India Limited,NSE,TIMEX.NS,INE064A01026,344.55,2026-04-23,435.6,26.43,589996.0,239828516.0,28.0,ok
TIGERLOGS,Tiger Logistics (India) Limited,NSE,TIGERLOGS.NS,INE906O01029,38.15,2025-12-05,33.02,-13.45,159074.0,5997011.0,155.0,ok
TATAINVEST,Tata Investment Corporation Limited,NSE,TATAINVEST.NS,INE672A01026,708.5,2025-12-05,670.55,-5.36,1252189.0,921616868.0,156.0,ok
TATASTEEL,Tata Steel Limited,NSE,TATASTEEL.NS,INE081A01020,167.11,2025-12-05,210.6,26.02,29239770.0,5649651683.0,156.0,ok
TATAPOWER,Tata Power Company Limited,NSE,TATAPOWER.NS,INE245A01021,384.5,2025-12-05,414.9,7.91,5826182.0,2321476052.0,156.0,ok
TIJARIA,Tijaria Polypipes Limited,NSE,TIJARIA.NS,INE440L01017,6.27,2025-12-05,4.36,-30.46,75901.0,411744.0,154.0,ok
TATATECH,Tata Technologies Limited,NSE,TATATECH.NS,INE142M01025,666.45,2025-12-05,737.95,10.73,1165347.0,731731454.0,156.0,ok
TIINDIA,Tube Investments of India Limited,NSE,TIINDIA.NS,INE974X01010,2666.7,2025-12-05,3110.7,16.65,427859.0,1147286691.0,156.0,ok
TIIL,Technocraft Industries (India) Limited,NSE,TIIL.NS,INE545H01011,2276.0,2025-12-05,2461.1,8.13,13881.0,32421418.0,153.0,ok
TATACHEM,Tata Chemicals Limited,NSE,TATACHEM.NS,INE092A01019,774.05,2025-12-05,738.1,-4.64,946781.0,712439379.0,156.0,ok
TIPSFILMS,Tips Films Limited,NSE,TIPSFILMS.NS,INE0LQS01015,404.8,2025-12-05,376.2,-7.07,8972.0,3618309.0,153.0,ok
TINNARUBR,Tinna Rubber and Infrastructure Limited,NSE,TINNARUBR.NS,INE015C01016,807.05,2025-12-05,829.55,2.79,34538.0,26043727.0,155.0,ok
TIMKEN,Timken India Limited,NSE,TIMKEN.NS,INE325A01013,3093.7,2025-12-05,3529.2,14.08,56781.0,187099895.0,154.0,ok
TATAELXSI,Tata Elxsi Limited,NSE,TATAELXSI.NS,INE670A01012,5217.5,2025-12-05,4530.3,-13.17,318575.0,1563744373.0,156.0,ok
TIRUPATIFL,Tirupati Forge Limited,NSE,TIRUPATIFL.NS,INE319Y01024,32.87,2025-12-05,45.05,37.06,462084.0,18197860.0,154.0,ok
TENNIND,Tenneco Clean Air India Limited,NSE,TENNIND.NS,INE19RI01016,490.15,2025-12-05,578.25,17.97,2187999.0,1126459958.0,133.0,ok
TI,Tilaknagar Industries Limited,NSE,TI.NS,INE133E01013,452.1,2025-12-05,427.35,-5.47,799085.0,373193370.0,156.0,ok
TICL,Twamev Construction and Infrastructure Limited,NSE,TICL.NS,INE388G01026,26.37,2025-12-05,22.69,-13.96,737989.0,18666560.0,155.0,ok
TIRUMALCHM,Thirumalai Chemicals Limited,NSE,TIRUMALCHM.NS,INE338A01024,225.22,2025-12-05,186.44,-17.22,323511.0,66663932.0,155.0,ok
THYROCARE,Thyrocare Technologies Limited,NSE,THYROCARE.NS,INE594H01019,410.05,2025-12-05,521.65,27.22,897559.0,397257734.0,155.0,ok
TIPSMUSIC,Tips Music Limited,NSE,TIPSMUSIC.NS,INE716B01029,525.7,2025-12-05,672.3,27.89,383287.0,219962613.0,156.0,ok
TITAGARH,TITAGARH RAIL SYSTEMS LIMITED,NSE,TITAGARH.NS,INE615H01020,789.05,2025-12-05,834.4,5.75,1211415.0,954502204.0,156.0,ok
TIL,TIL Limited,NSE,TIL.NS,INE806C01018,275.7,2025-12-05,174.68,-36.64,68760.0,14797534.0,154.0,ok
TEXRAIL,Texmaco Rail & Engineering Limited,NSE,TEXRAIL.NS,INE621L01012,122.65,2025-12-05,104.19,-15.05,3287817.0,382105851.0,156.0,ok
TEXINFRA,Texmaco Infrastructure & Holdings Limited,NSE,TEXINFRA.NS,INE435C01024,105.0,2025-12-05,96.02,-8.55,135455.0,13418631.0,155.0,ok
THACKER,Thacker & Company Limited,NSE,THACKER.NS,INE077P01034,1033.45,2026-04-20,1435.2,38.87,179.0,231822.0,28.0,ok
TFL,Transwarranty Finance Limited,NSE,TFL.NS,INE804H01012,13.42,2025-12-05,12.3,-8.35,55270.0,800039.0,153.0,ok
TIMETECHNO,Time Technoplast Limited,NSE,TIMETECHNO.NS,INE508G01029,182.06,2025-12-05,172.24,-5.39,2312101.0,431029464.0,156.0,ok
TGBHOTELS,TGB Banquets And Hotels Limited,NSE,TGBHOTELS.NS,INE797H01018,10.18,2025-12-05,9.03,-11.3,28385.0,273832.0,153.0,ok
THANGAMAYL,Thangamayil Jewellery Limited,NSE,THANGAMAYL.NS,INE085J01014,3223.3,2025-12-05,4590.7,42.42,166767.0,586276283.0,156.0,ok
THOMASCOTT,Thomas Scott (India) Limited,NSE,THOMASCOTT.NS,INE480M01011,340.5,2025-12-05,278.4,-18.24,37859.0,12236026.0,156.0,ok
TFCILTD,Tourism Finance Corporation of India Limited,NSE,TFCILTD.NS,INE305A01023,64.81,2025-12-05,75.5,16.49,8189216.0,559317981.0,155.0,ok
THEJO,Thejo Engineering Limited,NSE,THEJO.NS,INE121N01019,1673.3,2025-12-05,1554.6,-7.09,8532.0,14481269.0,153.0,ok
THELEELA,Leela Palaces Hotels & Resorts Limited,NSE,THELEELA.NS,INE0AQ201015,397.75,2025-12-05,409.45,2.94,338338.0,143677021.0,154.0,ok
THAKDEV,Thakkers Developers Limited,NSE,THAKDEV.NS,INE403F01017,135.6,2026-04-22,123.65,-8.81,190.0,26749.0,24.0,ok
TEXMOPIPES,Texmo Pipes and Products Limited,NSE,TEXMOPIPES.NS,INE141K01013,49.5,2025-12-05,42.91,-13.31,41150.0,1933246.0,153.0,ok
THEMISMED,Themis Medicare Limited,NSE,THEMISMED.NS,INE083B01024,105.79,2025-12-05,108.12,2.2,91671.0,8800112.0,155.0,ok
URAVIDEF,Uravi Defence and Technology Limited,NSE,URAVIDEF.NS,INE568Z01015,167.87,2025-12-05,116.61,-30.54,18825.0,3080314.0,153.0,ok
THERMAX,Thermax Limited,NSE,THERMAX.NS,INE152A01029,2845.7,2025-12-05,4969.7,74.64,191692.0,723235302.0,154.0,ok
RUSHIL,Rushil Decor Limited,NSE,RUSHIL.NS,INE573K01025,22.74,2025-12-05,15.19,-33.2,514171.0,9626500.0,156.0,ok
UNOMINDA,UNO Minda Limited,NSE,UNOMINDA.NS,INE405E01023,1272.4,2025-12-05,1089.8,-14.35,868396.0,1016535338.0,155.0,ok
WELINV,Welspun Investments and Commercials Limited,NSE,WELINV.NS,INE389K01018,1295.1,2025-12-05,1859.0,43.54,3116.0,4390274.0,153.0,ok
WELSPLSOL,Welspun Specialty Solutions Limited,NSE,WELSPLSOL.NS,INE731F01037,38.05,2026-04-21,42.22,10.96,395181.0,16788647.0,29.0,ok
WELCORP,Welspun Corp Limited,NSE,WELCORP.NS,INE191B01025,826.6,2025-12-05,1386.8,67.77,753239.0,736121110.0,156.0,ok
THEINVEST,The Investment Trust Of India Limited,NSE,THEINVEST.NS,INE924D01017,118.24,2025-12-05,98.92,-16.34,21557.0,2385536.0,153.0,ok
WELENT,Welspun Enterprises Limited,NSE,WELENT.NS,INE625G01013,520.45,2025-12-05,517.5,-0.57,207458.0,106342135.0,155.0,ok
WIPRO,Wipro Limited,NSE,WIPRO.NS,INE075A01022,259.91,2025-12-05,209.84,-19.26,16377130.0,3546434950.0,156.0,ok
WEWIN,WE WIN LIMITED,NSE,WEWIN.NS,INE082W01014,46.25,2025-12-05,58.3,26.05,16790.0,1031212.0,154.0,ok
WENDT,Wendt (India) Limited,NSE,WENDT.NS,INE274C01019,7770.0,2025-12-05,6837.5,-12.0,8076.0,59419961.0,154.0,ok
WIMPLAST,Wim Plast Limited,NSE,WIMPLAST.NS,INE015B01018,383.56,2026-04-23,323.7,-15.61,7664.0,2735619.0,27.0,ok
WEWORK,WeWork India Management Limited,NSE,WEWORK.NS,INE085001019,595.8,2025-12-05,617.4,3.63,261278.0,150168885.0,154.0,ok
WILLAMAGOR,Williamson Magor & Company Limited,NSE,WILLAMAGOR.NS,INE210A01017,31.09,2025-12-05,26.48,-14.83,12246.0,342914.0,153.0,ok
THOMASCOOK,Thomas Cook  (India)  Limited,NSE,THOMASCOOK.NS,INE332A01027,141.38,2025-12-05,91.97,-34.95,1009903.0,114487999.0,156.0,ok
WHEELS,Wheels India Limited,NSE,WHEELS.NS,INE715A01015,828.35,2025-12-05,1517.9,83.24,115858.0,138430485.0,155.0,ok
WEL,Wonder Electricals Limited,NSE,WEL.NS,INE02WG01024,176.39,2025-12-05,93.72,-46.87,1101472.0,103719204.0,156.0,ok
WINDMACHIN,Windsor Machines Limited,NSE,WINDMACHIN.NS,INE052A01021,278.6,2025-12-05,281.3,0.97,79179.0,21780509.0,154.0,ok
WAAREEENER,Waaree Energies Limited,NSE,WAAREEENER.NS,INE377N01017,2871.4,2025-12-05,3099.8,7.95,1603916.0,4873608695.0,156.0,ok
WEIZMANIND,Weizmann Limited,NSE,WEIZMANIND.NS,INE080A01014,103.5,2025-12-05,80.43,-22.29,3694.0,327941.0,154.0,ok
WESTLIFE,WESTLIFE FOODWORLD LIMITED,NSE,WESTLIFE.NS,INE274F01020,558.55,2025-12-05,419.85,-24.83,249254.0,130845424.0,154.0,ok
VSTL,Vibhor Steel Tubes Limited,NSE,VSTL.NS,INE0QTF01015,130.34,2025-12-05,115.07,-11.72,21924.0,2679325.0,154.0,ok
VSSL,Vardhman Special Steels Limited,NSE,VSSL.NS,INE050M01012,280.4,2025-12-05,270.15,-3.66,113767.0,32544067.0,154.0,ok
VRLLOG,VRL Logistics Limited,NSE,VRLLOG.NS,INE366I01010,273.85,2025-12-05,241.61,-11.77,202038.0,53973036.0,154.0,ok
WELSPUNLIV,Welspun Living Limited,NSE,WELSPUNLIV.NS,INE192B01031,134.7,2025-12-05,143.65,6.64,3603690.0,492752058.0,155.0,ok
WHIRLPOOL,Whirlpool of India Limited,NSE,WHIRLPOOL.NS,INE716A01013,949.5,2025-12-05,829.5,-12.64,595109.0,619593227.0,156.0,ok
VSTIND,VST Industries Limited,NSE,VSTIND.NS,INE710A01016,252.2,2025-12-05,255.0,1.11,407851.0,102680016.0,156.0,ok
WINDLAS,Windlas Biotech Limited,NSE,WINDLAS.NS,INE0H5O01029,769.4,2025-12-05,812.3,5.58,45681.0,37146181.0,154.0,ok
WAAREEINDO,Indosolar Limited,NSE,WAAREEINDO.NS,INE866K01023,500.1,2025-12-05,422.9,-15.44,78012.0,35491424.0,155.0,ok
WEALTH,Wealth First Portfolio Managers Limited,NSE,WEALTH.NS,INE658T01017,1020.65,2025-12-05,936.3,-8.26,4632.0,4524629.0,155.0,ok
VSTTILLERS,V.S.T Tillers Tractors Limited,NSE,VSTTILLERS.NS,INE764D01017,5574.0,2025-12-05,4613.6,-17.23,19558.0,108946340.0,154.0,ok
WABAG,VA Tech Wabag Limited,NSE,WABAG.NS,INE956G01038,1366.9,2025-12-05,1551.8,13.53,325255.0,428534229.0,156.0,ok
WAKEFIT,Wakefit Innovations Limited,NSE,WAKEFIT.NS,INE0E7301029,192.29,2025-12-15,121.3,-36.92,1534126.0,268906110.0,114.0,ok
VTL,Vardhman Textiles Limited,NSE,VTL.NS,INE825A01020,432.65,2025-12-05,613.85,41.88,594440.0,299414481.0,155.0,ok
WCIL,Western Carriers (India) Limited,NSE,WCIL.NS,INE0CJF01024,121.07,2025-12-05,94.03,-22.33,160789.0,18168294.0,155.0,ok
WIPL,The Western India Plywoods Limited,NSE,WIPL.NS,INE215F01023,159.07,2025-12-05,152.06,-4.41,4742.0,764683.0,153.0,ok
URBANCO,Urban Company Limited,NSE,URBANCO.NS,INE0CAZ01013,130.02,2025-12-05,121.16,-6.81,6848524.0,893295627.0,156.0,ok
WALCHANNAG,Walchandnagar Industries Limited,NSE,WALCHANNAG.NS,INE711A01022,158.5,2025-12-05,238.75,50.63,1713614.0,341305219.0,156.0,ok
WEBELSOLAR,Websol Energy System Limited,NSE,WEBELSOLAR.NS,INE855C01023,105.81,2025-12-05,106.47,0.62,6963022.0,636340052.0,156.0,ok
WOCKPHARMA,Wockhardt Limited,NSE,WOCKPHARMA.NS,INE049B01025,1360.0,2025-12-05,1966.2,44.57,1356621.0,2119258309.0,156.0,ok
WONDERLA,Wonderla Holidays Limited,NSE,WONDERLA.NS,INE066O01014,554.8,2025-12-05,474.35,-14.5,88758.0,46899147.0,154.0,ok
ZIMLAB,Zim Laboratories Limited,NSE,ZIMLAB.NS,INE518E01015,71.41,2025-12-05,103.91,45.51,123906.0,9644192.0,154.0,ok
ZENITHSTL,Zenith Steel Pipes & Industries Limited,NSE,ZENITHSTL.NS,INE318D01020,7.51,2025-12-05,5.9,-21.44,179930.0,1166322.0,155.0,ok
ZFSTEERING,ZF Steering Gear (India) Limited,NSE,ZFSTEERING.NS,INE116C01012,839.75,2026-04-21,648.95,-22.72,1990.0,1476442.0,29.0,ok
WAAREERTL,Waaree Renewable Technologies Limited,NSE,WAAREERTL.NS,INE299N01021,985.1,2025-12-05,977.7,-0.75,712323.0,785781030.0,156.0,ok
ZENTEC,Zen Technologies Limited,NSE,ZENTEC.NS,INE251B01027,1388.7,2025-12-05,1672.4,20.43,563652.0,828885994.0,156.0,ok
ZFCVINDIA,ZF Commercial Vehicle Control Systems India Limited,NSE,ZFCVINDIA.NS,INE342J01019,14793.0,2025-12-05,14289.0,-3.41,22386.0,322693797.0,155.0,ok
ZODIAC,Zodiac Energy Limited,NSE,ZODIAC.NS,INE761Y01019,316.5,2025-12-05,287.95,-9.02,34136.0,10788724.0,153.0,ok
WANBURY,Wanbury Limited,NSE,WANBURY.NS,INE107F01022,238.75,2025-12-05,258.0,8.06,94261.0,22822127.0,154.0,ok
ZOTA,Zota Health Care LImited,NSE,ZOTA.NS,INE358U01012,1579.1,2025-12-05,1143.3,-27.6,56740.0,79163535.0,154.0,ok
ZSARACOM,Saraswati Commercial India Limited,NSE,ZSARACOM.NS,INE967G01019,9809.0,2026-04-20,9521.5,-2.93,31.0,313724.0,30.0,ok
ZODIACLOTH,Zodiac Clothing Company Limited,NSE,ZODIACLOTH.NS,INE206B01013,87.88,2025-12-05,75.56,-14.02,7734.0,622740.0,153.0,ok
ZUARI,Zuari Agro Chemicals Limited,NSE,ZUARI.NS,INE840M01016,294.8,2025-12-05,220.73,-25.13,345266.0,95482100.0,155.0,ok
ZUARIIND,ZUARI INDUSTRIES LIMITED,NSE,ZUARIIND.NS,INE217A01012,319.15,2025-12-05,248.65,-22.09,150354.0,46773130.0,154.0,ok
21STCENMGM,21st Century Management Services Limited,NSE,21STCENMGM.NS,INE253B01015,42.21,2025-12-05,33.81,-19.9,5288.0,215657.0,153.0,ok
ZEEMEDIA,Zee Media Corporation Limited,NSE,ZEEMEDIA.NS,INE966H01019,9.03,2025-12-05,8.19,-9.3,2110380.0,19273408.0,154.0,ok
ZYDUSLIFE,Zydus Lifesciences Limited,NSE,ZYDUSLIFE.NS,INE010B01027,931.45,2025-12-05,1078.3,15.77,949980.0,910829005.0,156.0,ok
ZENITHEXPO,Zenith Exports Limited,NSE,ZENITHEXPO.NS,INE058B01018,237.25,2025-12-05,204.5,-13.8,566.0,125474.0,153.0,ok
ZENSARTECH,Zensar Technologies Limited,NSE,ZENSARTECH.NS,INE520A01027,746.15,2025-12-05,519.95,-30.32,508570.0,318531610.0,155.0,ok
ZEELEARN,Zee Learn Limited,NSE,ZEELEARN.NS,INE565L01011,6.93,2025-12-05,7.01,1.15,737485.0,4584724.0,154.0,ok
WPIL,WPIL Limited,NSE,WPIL.NS,INE765D01022,428.4,2026-04-20,437.0,2.01,53560.0,23568573.0,30.0,ok
XELPMOC,Xelpmoc Design And Tech Limited,NSE,XELPMOC.NS,INE01P501012,119.43,2025-12-05,94.79,-20.63,26085.0,3089714.0,153.0,ok
WORTHPERI,Worth Peripherals Limited,NSE,WORTHPERI.NS,INE196Y01018,141.39,2025-12-05,128.91,-8.83,13903.0,1961916.0,153.0,ok
ZYDUSWELL,Zydus Wellness Limited,NSE,ZYDUSWELL.NS,INE768C01028,409.8,2025-12-05,497.8,21.47,1245700.0,573552883.0,156.0,ok
WSTCSTPAPR,West Coast Paper Mills Limited,NSE,WSTCSTPAPR.NS,INE976A01021,411.45,2025-12-05,520.75,26.56,85862.0,39457493.0,155.0,ok
XPROINDIA,Xpro India Limited,NSE,XPROINDIA.NS,INE445C01015,987.1,2025-12-05,1152.9,16.8,40619.0,41052085.0,156.0,ok
XTGLOBAL,Xtglobal Infotech Limited,NSE,XTGLOBAL.NS,INE547B01028,36.9,2025-12-05,31.48,-14.69,64427.0,2236888.0,154.0,ok
WSI,W S Industries (I) Limited,NSE,WSI.NS,INE100D01014,76.82,2025-12-05,68.03,-11.44,115777.0,9074891.0,153.0,ok
XCHANGING,Xchanging Solutions Limited,NSE,XCHANGING.NS,INE692G01013,84.66,2025-12-05,66.84,-21.05,198723.0,16436199.0,154.0,ok
YATHARTH,Yatharth Hospital & Trauma Care Services Limited,NSE,YATHARTH.NS,INE0JO301016,686.9,2025-12-05,812.95,18.35,547767.0,394406770.0,156.0,ok
ZAGGLE,Zaggle Prepaid Ocean Services Limited,NSE,ZAGGLE.NS,INE07K301024,351.85,2025-12-05,200.23,-43.09,1512209.0,399863227.0,156.0,ok
YUKEN,Yuken India Limited,NSE,YUKEN.NS,INE384C01016,853.1,2025-12-05,678.7,-20.44,8000.0,5924561.0,154.0,ok
YATRA,Yatra Online Limited,NSE,YATRA.NS,INE0JR601024,172.61,2025-12-05,97.21,-43.68,3019703.0,424514171.0,156.0,ok
YASHO,Yasho Industries Limited,NSE,YASHO.NS,INE616Z01012,1578.6,2025-12-05,2168.0,37.34,25060.0,38929130.0,153.0,ok
YESBANK,Yes Bank Limited,NSE,YESBANK.NS,INE528G01035,22.6,2025-12-05,22.83,1.02,101168364.0,2164654968.0,156.0,ok
ZEEL,Zee Entertainment Enterprises Limited,NSE,ZEEL.NS,INE256A01028,97.5,2025-12-05,94.32,-3.26,11873383.0,1054303551.0,156.0,ok
VPRPL,Vishnu Prakash R Punglia Limited,NSE,VPRPL.NS,INE0AE001013,76.81,2025-12-05,36.03,-53.09,2311603.0,120194743.0,155.0,ok
VASCONEQ,Vascon Engineers Limited,NSE,VASCONEQ.NS,INE893I01013,47.46,2025-12-05,32.31,-31.92,1355293.0,64599651.0,156.0,ok
VOLTAMP,Voltamp Transformers Limited,NSE,VOLTAMP.NS,INE540H01012,7881.0,2025-12-05,9127.0,15.81,54035.0,481345594.0,155.0,ok
VOLTAS,Voltas Limited,NSE,VOLTAS.NS,INE226A01021,1327.0,2025-12-05,1240.4,-6.53,987974.0,1358831637.0,155.0,ok
VBL,Varun Beverages Limited,NSE,VBL.NS,INE200M01039,479.95,2025-12-05,537.0,11.89,6210649.0,2921304476.0,156.0,ok
VASWANI,Vaswani Industries Limited,NSE,VASWANI.NS,INE590L01019,53.52,2025-12-05,55.29,3.31,118104.0,6952252.0,153.0,ok
VRAJ,Vraj Iron and Steel Limited,NSE,VRAJ.NS,INE0S2V01010,127.74,2025-12-05,125.73,-1.57,24818.0,3119800.0,156.0,ok
VELJAN,Veljan Denison Limited,NSE,VELJAN.NS,INE232E01013,990.0,2026-04-20,1065.1,7.59,201.0,208713.0,30.0,ok
VCL,Vaxtex Cotfab Limited,NSE,VCL.NS,INE098201036,2.31,2025-12-05,1.39,-39.83,1383252.0,2443188.0,154.0,ok
VERTOZ,Vertoz Limited,NSE,VERTOZ.NS,INE188Y01031,72.31,2025-12-05,45.23,-37.45,194303.0,11415864.0,154.0,ok
VENUSPIPES,Venus Pipes & Tubes Limited,NSE,VENUSPIPES.NS,INE0JA001018,1250.0,2025-12-05,1418.8,13.5,60519.0,72424399.0,154.0,ok
VEEDOL,Veedol Corporation Limited,NSE,VEEDOL.NS,INE484C01030,1618.7,2025-12-05,1419.7,-12.29,10475.0,15579851.0,155.0,ok
VEDL,Vedanta Limited,NSE,VEDL.NS,INE205A01025,524.5,2025-12-05,333.55,-36.41,18691086.0,10096434453.0,156.0,ok
VENKEYS,Venky's (India) Limited,NSE,VENKEYS.NS,INE398A01010,1332.7,2025-12-05,1449.1,8.73,110267.0,164998945.0,155.0,ok
VENUSREM,Venus Remedies Limited,NSE,VENUSREM.NS,INE411B01019,745.05,2025-12-05,1411.3,89.42,67923.0,53423363.0,154.0,ok
URJA,Urja Global Limited,NSE,URJA.NS,INE550C01020,11.82,2025-12-05,10.69,-9.56,1563769.0,17067728.0,156.0,ok
VARDMNPOLY,Vardhman Polytex Limited,NSE,VARDMNPOLY.NS,INE835A01029,6.51,2025-12-05,6.92,6.3,759819.0,5509244.0,154.0,ok
VETO,Veto Switchgears And Cables Limited,NSE,VETO.NS,INE918N01018,111.27,2025-12-05,122.74,10.31,41073.0,4496558.0,156.0,ok
VARDHACRLC,Vardhman Acrylics Limited,NSE,VARDHACRLC.NS,INE116G01013,37.42,2025-12-05,44.03,17.66,50240.0,1963231.0,155.0,ok
UTTAMSUGAR,Uttam Sugar Mills Limited,NSE,UTTAMSUGAR.NS,INE786F01031,228.33,2025-12-05,231.66,1.46,128688.0,30872582.0,155.0,ok
VARROC,Varroc Engineering Limited,NSE,VARROC.NS,INE665L01035,638.1,2025-12-05,574.3,-10.0,190622.0,112358255.0,154.0,ok
UTIAMC,UTI Asset Management Company Limited,NSE,UTIAMC.NS,INE094J01016,1122.2,2025-12-05,929.55,-17.17,145803.0,155426004.0,156.0,ok
VERANDA,Veranda Learning Solutions Limited,NSE,VERANDA.NS,INE0IQ001011,205.2,2025-12-05,234.29,14.18,364744.0,74668842.0,155.0,ok
USK,Udayshivakumar Infra Limited,NSE,USK.NS,INE0N0Y01013,24.62,2025-12-05,23.45,-4.75,64886.0,1599058.0,153.0,ok
VESUVIUS,Vesuvius India Limited,NSE,VESUVIUS.NS,INE386A01023,480.2,2025-12-05,468.05,-2.53,185187.0,96009549.0,155.0,ok
UTKARSHBNK,Utkarsh Small Finance Bank Limited,NSE,UTKARSHBNK.NS,INE735W01017,15.76,2025-12-05,13.06,-17.13,11033625.0,172776678.0,156.0,ok
UTLSOLAR,Fujiyama Power Systems Limited,NSE,UTLSOLAR.NS,INE12UR01024,204.28,2025-12-05,319.8,56.55,728867.0,169077687.0,132.0,ok
VENTIVE,Ventive Hospitality Limited,NSE,VENTIVE.NS,INE781S01027,727.7,2025-12-05,634.15,-12.86,82995.0,57952254.0,155.0,ok
UYFINCORP,U. Y. Fincorp Limited,NSE,UYFINCORP.NS,INE152C01025,14.59,2025-12-05,14.84,1.71,114700.0,1669160.0,153.0,ok
V2RETAIL,V2 Retail Limited,NSE,V2RETAIL.NS,INE945H01021,224.63,2025-12-05,240.32,6.98,1211928.0,262011288.0,156.0,ok
USHAMART,Usha Martin Limited,NSE,USHAMART.NS,INE228A01035,432.0,2025-12-05,492.0,13.89,651618.0,291316331.0,156.0,ok
VALIANTORG,Valiant Organics Limited,NSE,VALIANTORG.NS,INE565V01010,268.8,2025-12-05,286.2,6.47,67903.0,17936480.0,153.0,ok
VAISHALI,Vaishali Pharma Limited,NSE,VAISHALI.NS,INE972X01022,8.42,2025-12-05,6.98,-17.1,288796.0,2421684.0,153.0,ok
VALIANTLAB,Valiant Laboratories Limited,NSE,VALIANTLAB.NS,INE0JWS01017,71.63,2025-12-05,76.76,7.16,78921.0,5261595.0,154.0,ok
VAIBHAVGBL,Vaibhav Global Limited,NSE,VAIBHAVGBL.NS,INE884A01027,234.9,2025-12-05,234.74,-0.07,688409.0,169495773.0,154.0,ok
VGL,VARVEE GLOBAL LIMITED,NSE,VGL.NS,INE273D01027,72.91,2025-12-05,66.9,-8.24,115757.0,7680865.0,155.0,ok
VAKRANGEE,Vakrangee Limited,NSE,VAKRANGEE.NS,INE051B01021,8.0,2025-12-05,6.49,-18.88,2833606.0,20266764.0,156.0,ok
VIVIANA,Viviana Power Tech Limited,NSE,VIVIANA.NS,INE0MEG01014,756.4,2025-12-05,909.2,20.2,22583.0,18898179.0,153.0,ok
VHL,Vardhman Holdings Limited,NSE,VHL.NS,INE701A01023,3654.2,2025-12-05,3370.3,-7.77,734.0,2599565.0,155.0,ok
VISACHROME,VISA Chrome Limited,NSE,VISACHROME.NS,INE286H01012,52.89,2025-12-05,54.4,2.85,35518.0,1775193.0,154.0,ok
VIRINCHI,Virinchi Limited,NSE,VIRINCHI.NS,INE539B01017,22.27,2025-12-05,15.8,-29.05,120322.0,2488353.0,156.0,ok
VGUARD,V-Guard Industries Limited,NSE,VGUARD.NS,INE951I01027,342.55,2025-12-05,303.75,-11.33,324641.0,107402116.0,155.0,ok
VIVIDHA,Visagar Polytex Limited,NSE,VIVIDHA.NS,INE370E01029,0.72,2025-12-05,0.55,-23.61,397539.0,245843.0,155.0,ok
VITAL,Vital Chemtech Limited,NSE,VITAL.NS,INE0L4K01016,60.2,2025-12-05,50.03,-16.89,9126.0,481111.0,153.0,ok
VISHWARAJ,Vishwaraj Sugar Industries Limited,NSE,VISHWARAJ.NS,INE430N01022,6.86,2025-12-05,5.87,-14.43,393563.0,2363603.0,154.0,ok
VISAKAIND,Visaka Industries Limited,NSE,VISAKAIND.NS,INE392A01021,68.53,2025-12-05,71.37,4.14,91493.0,6175613.0,154.0,ok
VISHNU,Vishnu Chemicals Limited,NSE,VISHNU.NS,INE270I01022,497.0,2025-12-05,626.7,26.1,112958.0,61368338.0,156.0,ok
VLEGOV,VL E-Governance & IT Solutions Limited,NSE,VLEGOV.NS,INE03HW01020,22.39,2025-12-05,13.64,-39.08,561301.0,9409083.0,155.0,ok
VADILALIND,Vadilal Industries Limited,NSE,VADILALIND.NS,INE694D01016,5340.0,2025-12-05,5384.9,0.84,14937.0,71943279.0,154.0,ok
VIVIMEDLAB,Vivimed Labs Limited,NSE,VIVIMEDLAB.NS,INE526G01021,4.95,2025-12-05,6.45,30.3,197986.0,1617667.0,154.0,ok
VIPIND,VIP Industries Limited,NSE,VIPIND.NS,INE054A01027,345.4,2025-12-05,318.15,-7.89,799923.0,289706831.0,155.0,ok
VMART,V-Mart Retail Limited,NSE,VMART.NS,INE665J01013,760.3,2025-12-05,690.25,-9.21,854636.0,528284375.0,154.0,ok
VHLTD,Viceroy Hotels Limited,NSE,VHLTD.NS,INE048C01025,125.09,2025-12-05,139.99,11.91,29243.0,4027823.0,153.0,ok
VLSFINANCE,VLS Finance Limited,NSE,VLSFINANCE.NS,INE709A01018,333.45,2025-12-05,228.98,-31.33,61171.0,17474601.0,153.0,ok
VIPCLOTHNG,VIP Clothing Limited,NSE,VIPCLOTHNG.NS,INE450G01024,35.63,2025-12-05,25.5,-28.43,241047.0,6046159.0,154.0,ok
VIKRAMSOLR,Vikram Solar Limited,NSE,VIKRAMSOLR.NS,INE078V01014,247.8,2025-12-05,197.72,-20.21,2132468.0,472952389.0,156.0,ok
VMSTMT,VMS TMT Limited,NSE,VMSTMT.NS,INE0SJA01013,53.7,2025-12-05,46.42,-13.56,171926.0,9564516.0,154.0,ok
VIDYAWIRES,Vidya Wires Limited,NSE,VIDYAWIRES.NS,INE14UN01029,53.17,2025-12-10,109.16,105.3,6140145.0,425284204.0,118.0,ok
VIDHIING,Vidhi Specialty Food Ingredients Limited,NSE,VIDHIING.NS,INE632C01026,334.6,2025-12-05,296.8,-11.3,20916.0,6630998.0,153.0,ok
VIJIFIN,Viji Finance Limited,NSE,VIJIFIN.NS,INE159N01027,2.5,2025-12-05,3.83,53.2,373680.0,1066654.0,153.0,ok
VIYASH,Viyash Scientific Limited,NSE,VIYASH.NS,INE807F01027,199.7,2025-12-05,249.95,25.16,1361951.0,308237796.0,156.0,ok
VIKASLIFE,Vikas Lifecare Limited,NSE,VIKASLIFE.NS,INE161L01027,1.84,2025-12-05,1.48,-19.57,3443322.0,5712784.0,155.0,ok
VIKASECO,Vikas EcoTech Limited,NSE,VIKASECO.NS,INE806A01020,1.61,2025-12-05,1.28,-20.5,2462074.0,3755014.0,155.0,ok
VIKRAN,Vikran Engineering Limited,NSE,VIKRAN.NS,INE01R501028,95.91,2025-12-05,71.33,-25.63,5103398.0,458021411.0,155.0,ok
VIPULLTD,Vipul Limited,NSE,VIPULLTD.NS,INE946H01037,8.38,2025-12-05,8.9,6.21,438575.0,4573472.0,155.0,ok
VINCOFE,Vintage Coffee And Beverages Limited,NSE,VINCOFE.NS,INE498Q01014,169.36,2025-12-05,147.11,-13.14,2396313.0,366055112.0,156.0,ok
VINEETLAB,Vineet Laboratories Limited,NSE,VINEETLAB.NS,INE505Y01010,41.85,2025-12-05,34.8,-16.85,97807.0,3551147.0,154.0,ok
VINATIORGA,Vinati Organics Limited,NSE,VINATIORGA.NS,INE410B01037,1586.3,2025-12-05,1314.3,-17.15,50257.0,70647831.0,156.0,ok
VINNY,Vinny Overseas Limited,NSE,VINNY.NS,INE01KI01027,1.24,2025-12-05,1.08,-12.9,584163.0,697019.0,154.0,ok
VIMTALABS,Vimta Labs Limited,NSE,VIMTALABS.NS,INE579C01029,601.55,2025-12-05,469.7,-21.92,228546.0,122223081.0,156.0,ok
SHEKHAWATI,Shekhawati Industries Limited,NSE,SHEKHAWATI.NS,INE268L01046,20.26,2025-12-05,14.47,-28.58,56371.0,908462.0,154.0,ok
TARACHAND,Tara Chand InfraLogistic Solutions Limited,NSE,TARACHAND.NS,INE555Z01020,71.99,2025-12-05,60.24,-16.32,155244.0,11295260.0,154.0,ok
VINDHYATEL,Vindhya Telelinks Limited,NSE,VINDHYATEL.NS,INE707A01012,1471.3,2025-12-05,2117.9,43.95,45347.0,72522246.0,156.0,ok
SHAH,Shah Metacorp Limited,NSE,SHAH.NS,INE482J01021,4.54,2025-12-05,4.81,5.95,3029183.0,14751330.0,154.0,ok
SHADOWFAX,Shadowfax Technologies Limited,NSE,SHADOWFAX.NS,INE12UN01015,109.98,2026-01-28,191.03,73.7,3057431.0,440901339.0,85.0,ok
SHAILY,Shaily Engineering Plastics Limited,NSE,SHAILY.NS,INE151G01028,2495.3,2025-12-05,3038.0,21.75,342318.0,794786975.0,156.0,ok
SHAHALLOYS,Shah Alloys Limited,NSE,SHAHALLOYS.NS,INE640C01011,69.21,2025-12-05,68.84,-0.53,16629.0,1160121.0,154.0,ok
VIJAYA,Vijaya Diagnostic Centre Limited,NSE,VIJAYA.NS,INE043W01024,1017.35,2025-12-05,1317.0,29.45,207666.0,225806560.0,154.0,ok
VINYLINDIA,Vinyl Chemicals (India) Limited,NSE,VINYLINDIA.NS,INE250B01029,239.12,2025-12-05,251.65,5.24,19598.0,4852935.0,154.0,ok
SHALBY,Shalby Limited,NSE,SHALBY.NS,INE597J01018,198.6,2025-12-05,176.84,-10.96,134765.0,24315785.0,156.0,ok
SHALPAINTS,Shalimar Paints Limited,NSE,SHALPAINTS.NS,INE849C01026,61.86,2025-12-05,50.32,-18.66,93147.0,5736173.0,156.0,ok
SHANKARA,Shankara Building Products Limited,NSE,SHANKARA.NS,INE274V01019,116.45,2025-12-05,117.0,0.47,169460.0,20142198.0,153.0,ok
SHANTI,Shanti Overseas (India) Limited,NSE,SHANTI.NS,INE933X01016,9.13,2025-12-05,6.51,-28.7,42430.0,329048.0,153.0,ok
TAMBOLIIN,Tamboli Industries Limited,NSE,TAMBOLIIN.NS,INE864J01012,164.9,2026-04-20,180.0,9.16,9304.0,1685876.0,30.0,ok
SHAKTIPUMP,Shakti Pumps (India) Limited,NSE,SHAKTIPUMP.NS,INE908D01010,602.7,2025-12-05,514.75,-14.59,1999520.0,1303601472.0,155.0,ok
TANLA,Tanla Platforms Limited,NSE,TANLA.NS,INE483C01032,551.9,2025-12-05,543.05,-1.6,806194.0,418399351.0,156.0,ok
SHARDAMOTR,Sharda Motor Industries Limited,NSE,SHARDAMOTR.NS,INE597I01028,973.05,2025-12-05,842.8,-13.39,66029.0,61365320.0,154.0,ok
SHANTIGOLD,Shanti Gold International Limited,NSE,SHANTIGOLD.NS,INE06ZD01017,200.1,2025-12-05,230.62,15.25,949619.0,205140207.0,156.0,ok
SHARDACROP,Sharda Cropchem Limited,NSE,SHARDACROP.NS,INE221J01015,868.25,2025-12-05,908.0,4.58,510049.0,504370538.0,155.0,ok
SGMART,SG Mart Limited,NSE,SGMART.NS,INE385F01024,343.55,2025-12-05,578.2,68.3,315854.0,140431158.0,154.0,ok
SHAREINDIA,Share India Securities Limited,NSE,SHAREINDIA.NS,INE932X01026,159.1,2025-12-05,138.35,-13.04,1082360.0,182123632.0,156.0,ok
SGL,STL Global Limited,NSE,SGL.NS,INE353H01010,12.92,2025-12-05,11.77,-8.9,26837.0,331237.0,153.0,ok
SGIL,Synergy Green Industries Limited,NSE,SGIL.NS,INE00QT01015,552.45,2025-12-05,591.9,7.14,28222.0,14580117.0,154.0,ok
SEDEMAC,SEDEMAC Mechatronics Limited,NSE,SEDEMAC.NS,INE00XB01019,1451.1,2026-03-11,2326.0,60.29,271618.0,469516081.0,55.0,ok
SEIL,Shanti Educational Initiatives Limited,NSE,SEIL.NS,INE440T01028,181.0,2026-04-21,185.38,2.42,432299.0,86280240.0,29.0,ok
SENORES,Senores Pharmaceuticals Limited,NSE,SENORES.NS,INE0RB801010,776.75,2025-12-05,1033.5,33.05,322491.0,283226030.0,156.0,ok
SEJALLTD,Sejal Glass Limited,NSE,SEJALLTD.NS,INE955I01044,836.55,2025-12-05,773.05,-7.59,14549.0,10363147.0,155.0,ok
SELMC,SEL Manufacturing Company Limited,NSE,SELMC.NS,INE105I01020,30.77,2025-12-05,29.21,-5.07,14068.0,455939.0,153.0,ok
SENCO,Senco Gold Limited,NSE,SENCO.NS,INE602W01027,308.15,2025-12-05,345.35,12.07,1436722.0,481090050.0,156.0,ok
SHARDUL,Shardul Securities Limited,NSE,SHARDUL.NS,INE037B01020,28.9,2026-04-22,28.45,-1.56,5608.0,159491.0,28.0,ok
SEMAC,Semac Construction Limited,NSE,SEMAC.NS,INE617A01013,320.9,2025-12-05,335.05,4.41,2401.0,720711.0,153.0,ok
SEPC,SEPC Limited,NSE,SEPC.NS,INE964H01014,8.8,2025-12-05,7.0,-20.45,20964922.0,166255724.0,156.0,ok
SERVOTECH,Servotech Renewable Power System Limited,NSE,SERVOTECH.NS,INE782X01033,83.71,2025-12-05,100.91,20.55,1139557.0,98406834.0,156.0,ok
SHBAJRG,Shri Bajrang Alliance Limited,NSE,SHBAJRG.NS,INE402H01015,174.0,2026-04-21,181.18,4.13,1723.0,292001.0,29.0,ok
SHANTIGEAR,Shanthi Gears Limited,NSE,SHANTIGEAR.NS,INE631A01022,470.05,2025-12-05,440.25,-6.34,29559.0,14067154.0,154.0,ok
SFL,Sheela Foam Limited,NSE,SFL.NS,INE916U01025,596.3,2025-12-05,604.95,1.45,214672.0,128474106.0,156.0,ok
SETCO,Setco Automotive Limited,NSE,SETCO.NS,INE878E01021,15.65,2025-12-05,15.93,1.79,149521.0,3088266.0,153.0,ok
SESHAPAPER,Seshasayee Paper and Boards Limited,NSE,SESHAPAPER.NS,INE630A01024,238.1,2025-12-05,232.48,-2.36,18924.0,4761744.0,154.0,ok
SHEMAROO,Shemaroo Entertainment Limited,NSE,SHEMAROO.NS,INE363M01019,108.26,2025-12-05,105.45,-2.6,15179.0,1540153.0,153.0,ok
SHRIRAMPPS,Shriram Properties Limited,NSE,SHRIRAMPPS.NS,INE217L01019,86.2,2025-12-05,88.57,2.75,758231.0,64081091.0,155.0,ok
SHILCTECH,Shilchar Technologies Limited,NSE,SHILCTECH.NS,INE024F01011,3967.9,2025-12-05,4057.2,2.25,36373.0,145812960.0,130.0,ok
TALBROAUTO,Talbros Automotive Components Limited,NSE,TALBROAUTO.NS,INE187D01029,285.2,2025-12-05,342.35,20.04,168898.0,50673525.0,155.0,ok
SGFIN,SG Finserve Limited,NSE,SGFIN.NS,INE618R01015,396.7,2025-12-05,567.9,43.16,272272.0,125301291.0,155.0,ok
SHYAMMETL,Shyam Metalics and Energy Limited,NSE,SHYAMMETL.NS,INE810G01011,802.9,2025-12-05,984.65,22.64,328169.0,284923565.0,155.0,ok
SETL,Standard Engineering Technology Limited,NSE,SETL.NS,INE0M4D01010,154.84,2025-12-05,139.71,-9.77,259013.0,35243405.0,155.0,ok
SHRIRAMFIN,Shriram Finance Limited,NSE,SHRIRAMFIN.NS,INE721A01047,854.9,2025-12-05,911.7,6.64,7532022.0,6986646965.0,156.0,ok
SICALLOG,Sical Logistics Limited,NSE,SICALLOG.NS,INE075B01020,87.79,2025-12-05,64.64,-26.37,17147.0,1224436.0,154.0,ok
SICAGEN,Sicagen India Limited,NSE,SICAGEN.NS,INE176J01011,24.35,2026-04-15,57.04,134.25,19422.0,1071225.0,33.0,ok
SHYAMCENT,Shyam Century Ferrous Limited,NSE,SHYAMCENT.NS,INE979R01011,6.36,2025-12-05,5.01,-21.23,304344.0,1803081.0,153.0,ok
SEYAIND,Seya Industries Limited,NSE,SEYAIND.NS,INE573R01012,19.53,2025-12-05,14.99,-23.25,9186.0,126060.0,153.0,ok
SIGACHI,Sigachi Industries Limited,NSE,SIGACHI.NS,INE0D0K01022,34.85,2025-12-05,21.88,-37.22,4421120.0,122741543.0,154.0,ok
SIGMAADV,SIGMA ADVANCED SYSTEMS LIMITED,NSE,SIGMAADV.NS,INE933B01012,197.8,2025-12-05,416.1,110.36,250310.0,61443438.0,154.0,ok
SIGMA,Sigma Solve Limited,NSE,SIGMA.NS,INE0A0S01028,52.04,2025-12-05,40.79,-21.62,103559.0,5016387.0,154.0,ok
SHRIKRISH,Shri Krishna Devcon Limited,NSE,SHRIKRISH.NS,INE997I01012,43.8,2026-04-20,40.55,-7.42,5792.0,265561.0,30.0,ok
SHRIPISTON,Shriram Pistons & Rings Limited,NSE,SHRIPISTON.NS,INE526E01018,2837.9,2025-12-05,3452.1,21.64,115956.0,357508175.0,154.0,ok
SIEMENS,Siemens Limited,NSE,SIEMENS.NS,INE003A01024,3325.9,2025-12-05,3729.7,12.14,426728.0,1427293708.0,155.0,ok
SIGNPOST,Signpost India Limited,NSE,SIGNPOST.NS,INE0KGZ01021,205.94,2025-12-05,275.0,33.53,66339.0,16390133.0,153.0,ok
SIGNATURE,Signatureglobal (India) Limited,NSE,SIGNATURE.NS,INE903U01023,1123.8,2025-12-05,827.0,-26.41,438105.0,416511118.0,154.0,ok
SHRINGARMS,Shringar House of Mangalsutra Limited,NSE,SHRINGARMS.NS,INE1B3L01017,219.37,2025-12-05,209.23,-4.62,1365577.0,298765572.0,154.0,ok
SIGIND,Signet Industries Limited,NSE,SIGIND.NS,INE529F01035,49.13,2025-12-05,49.1,-0.06,22122.0,1115006.0,153.0,ok
SHINDL,Sharat Industries Limited,NSE,SHINDL.NS,INE220Z01013,148.8,2026-04-20,155.14,4.26,148496.0,22504187.0,30.0,ok
SHIVAUM,Shiv Aum Steels Limited,NSE,SHIVAUM.NS,INE719F01016,282.0,2025-12-05,318.0,12.77,530.0,169390.0,152.0,ok
SHIVALIK,Shivalik Rasayan Limited,NSE,SHIVALIK.NS,INE788J01021,383.75,2025-12-05,252.5,-34.2,44666.0,13492922.0,155.0,ok
SHYAMTEL,Shyam Telecom Limited,NSE,SHYAMTEL.NS,INE635A01023,12.23,2025-12-05,17.48,42.93,17673.0,254254.0,154.0,ok
SHIVAMAUTO,Shivam Autotech Limited,NSE,SHIVAMAUTO.NS,INE637H01024,27.39,2025-12-05,17.31,-36.8,76220.0,1699295.0,154.0,ok
SHILPAMED,Shilpa Medicare Limited,NSE,SHILPAMED.NS,INE790G01031,331.65,2025-12-05,517.35,55.99,565995.0,221330996.0,156.0,ok
SHIVAMILLS,Shiva Mills Limited,NSE,SHIVAMILLS.NS,INE644Y01017,62.28,2025-12-05,66.0,5.97,5369.0,321567.0,153.0,ok
SHREYANIND,Shreyans Industries Limited,NSE,SHREYANIND.NS,INE231C01019,178.39,2025-12-05,144.53,-18.98,8007.0,1336843.0,153.0,ok
SHIVATEX,Shiva Texyarn Limited,NSE,SHIVATEX.NS,INE705C01020,178.29,2025-12-05,147.12,-17.48,10651.0,1917378.0,154.0,ok
SHK,S H Kelkar and Company Limited,NSE,SHK.NS,INE500L01026,164.67,2025-12-05,128.29,-22.09,350453.0,54791677.0,156.0,ok
SHREEJISPG,Shreeji Shipping Global Limited,NSE,SHREEJISPG.NS,INE1B6101010,329.7,2025-12-05,465.65,41.23,1118487.0,401062662.0,156.0,ok
SHREDIGCEM,Shree Digvijay Cement Co.Ltd,NSE,SHREDIGCEM.NS,INE232A01011,90.1,2025-12-05,73.0,-18.98,251255.0,20283109.0,156.0,ok
SHOPERSTOP,Shoppers Stop Limited,NSE,SHOPERSTOP.NS,INE498B01024,403.45,2025-12-05,367.05,-9.02,120726.0,43295806.0,155.0,ok
SHRADHA,Shradha Realty Limited,NSE,SHRADHA.NS,INE715Y01031,41.85,2025-12-05,35.44,-15.32,36510.0,1470301.0,153.0,ok
SHREEPUSHK,Shree Pushkar Chemicals & Fertilisers Limited,NSE,SHREEPUSHK.NS,INE712K01011,396.15,2025-12-05,363.3,-8.29,141760.0,53286468.0,155.0,ok
SHREECEM,SHREE CEMENT LIMITED,NSE,SHREECEM.NS,INE070A01015,26075.0,2025-12-05,24995.0,-4.14,30232.0,782777605.0,156.0,ok
SAIPARENT,Sai Parenterals Limited,NSE,SAIPARENT.NS,INE0H9F01037,405.7,2026-04-02,501.4,23.59,305461.0,142308819.0,41.0,ok
SECURKLOUD,SECUREKLOUD TECHNOLOGIES LIMITED,NSE,SECURKLOUD.NS,INE650K01021,25.05,2025-12-05,20.03,-20.04,66358.0,1678819.0,154.0,ok
SHREERAMA,Shree Rama Multi-Tech Limited,NSE,SHREERAMA.NS,INE879A01019,51.03,2025-12-05,46.22,-9.43,174855.0,9725357.0,154.0,ok
SAKAR,Sakar Healthcare Limited,NSE,SAKAR.NS,INE732S01012,375.9,2025-12-05,834.6,122.03,107262.0,62579338.0,155.0,ok
SECMARK,SecMark Consultancy Limited,NSE,SECMARK.NS,INE0BTM01013,118.76,2025-12-05,128.92,8.56,6301.0,790760.0,153.0,ok
SALASAR,Salasar Techno Engineering Limited,NSE,SALASAR.NS,INE170V01027,8.99,2025-12-05,6.85,-23.8,7171874.0,63898264.0,156.0,ok
SDBL,Som Distilleries & Breweries Limited,NSE,SDBL.NS,INE480C01038,108.62,2025-12-05,77.33,-28.81,795122.0,73750425.0,155.0,ok
SALSTEEL,S.A.L. Steel Limited,NSE,SALSTEEL.NS,INE658G01014,36.63,2025-12-05,61.67,68.36,137644.0,6300905.0,153.0,ok
SALONA,Salona Cotspin Limited,NSE,SALONA.NS,INE498E01010,275.35,2025-12-05,291.9,6.01,2595.0,717949.0,153.0,ok
SAMBHV,Sambhv Steel Tubes Limited,NSE,SAMBHV.NS,INE12NJ01018,95.04,2025-12-05,104.57,10.03,1240436.0,132092033.0,155.0,ok
SAMBHAAV,Sambhaav Media Limited,NSE,SAMBHAAV.NS,INE699B01027,9.97,2025-12-05,6.62,-33.6,173270.0,1573105.0,153.0,ok
SAKUMA,Sakuma Exports Limited,NSE,SAKUMA.NS,INE190H01024,2.3,2025-12-05,1.98,-13.91,1730049.0,3621634.0,154.0,ok
SALZERELEC,Salzer Electronics Limited,NSE,SALZERELEC.NS,INE457F01013,708.8,2025-12-05,643.05,-9.28,117846.0,81869993.0,155.0,ok
SAMHI,Samhi Hotels Limited,NSE,SAMHI.NS,INE08U801020,181.08,2025-12-05,169.53,-6.38,977828.0,164895840.0,156.0,ok
SANATHAN,Sanathan Textiles Limited,NSE,SANATHAN.NS,INE0JPD01013,451.7,2025-12-05,407.85,-9.71,28359.0,12496555.0,154.0,ok
SAHYADRI,Sahyadri Industries Limited,NSE,SAHYADRI.NS,INE280H01015,252.15,2025-12-05,291.2,15.49,6282.0,1727951.0,154.0,ok
SAILIFE,Sai Life Sciences Limited,NSE,SAILIFE.NS,INE570L01029,875.9,2025-12-05,1128.3,28.82,545305.0,532187509.0,156.0,ok
SAMMAANCAP,Sammaan Capital Limited,NSE,SAMMAANCAP.NS,INE148I01020,148.32,2025-12-05,178.91,20.62,17184979.0,2666545558.0,156.0,ok
SEAMECLTD,Seamec Limited,NSE,SEAMECLTD.NS,INE497B01018,1011.3,2025-12-05,1643.3,62.49,78861.0,102556467.0,153.0,ok
RVHL,Ravinder Heights Limited,NSE,RVHL.NS,INE09E501017,55.97,2025-12-05,36.35,-35.05,28491.0,1274146.0,153.0,ok
SABEVENTS,Sab Events & Governance Now Media Limited,NSE,SABEVENTS.NS,INE860T01019,7.6,2025-12-05,8.74,15.0,10956.0,108512.0,155.0,ok
RUSTOMJEE,Keystone Realtors Limited,NSE,RUSTOMJEE.NS,INE263M01029,543.45,2025-12-05,394.8,-27.35,90364.0,43276526.0,154.0,ok
SAKHTISUG,Sakthi Sugars Limited,NSE,SAKHTISUG.NS,INE623A01011,19.01,2025-12-05,17.91,-5.79,128025.0,2243178.0,155.0,ok
SAKSOFT,Saksoft Limited,NSE,SAKSOFT.NS,INE667G01023,195.7,2025-12-05,147.63,-24.56,322157.0,51711454.0,156.0,ok
RVTH,Revathi Equipment India Limited,NSE,RVTH.NS,INE0DAB01012,735.3,2025-12-05,739.25,0.54,1783.0,1244739.0,154.0,ok
RVNL,Rail Vikas Nigam Limited,NSE,RVNL.NS,INE415G01027,310.85,2025-12-05,240.75,-22.55,8239308.0,2573137761.0,156.0,ok
SAIL,Steel Authority of India Limited,NSE,SAIL.NS,INE114A01011,132.54,2025-12-05,205.85,55.31,23818901.0,3792434661.0,156.0,ok
SADBHAV,Sadbhav Engineering Limited,NSE,SADBHAV.NS,INE226H01026,10.42,2025-12-05,9.41,-9.69,290545.0,2932701.0,153.0,ok
SAMPANN,Sampann Utpadan India Limited,NSE,SAMPANN.NS,INE735M01018,30.85,2025-12-05,26.8,-13.13,100263.0,3509340.0,153.0,ok
SAATVIKGL,Saatvik Green Energy Limited,NSE,SAATVIKGL.NS,INE13B501022,379.9,2025-12-05,447.4,17.77,279970.0,124617428.0,156.0,ok
SAFARI,Safari Industries (India) Limited,NSE,SAFARI.NS,INE429E01023,2379.3,2025-12-05,1629.0,-31.53,67656.0,118687152.0,153.0,ok
SAHLIBHFI,Shalibhadra Finance Limited,NSE,SAHLIBHFI.NS,INE861D01011,84.3,2026-04-10,82.71,-1.89,27247.0,2182396.0,35.0,ok
SADBHIN,Sadbhav Infrastructure Project Limited,NSE,SADBHIN.NS,INE764L01010,3.74,2025-12-05,2.88,-22.99,254952.0,810705.0,154.0,ok
SAGILITY,SAGILITY LIMITED,NSE,SAGILITY.NS,INE0W2G01015,49.3,2025-12-05,41.6,-15.62,33158043.0,1581384713.0,156.0,ok
SAGARDEEP,Sagardeep Alloys Limited,NSE,SAGARDEEP.NS,INE976T01013,26.73,2025-12-05,25.64,-4.08,16398.0,430907.0,154.0,ok
S&SPOWER,S&S Power Switchgears Limited,NSE,S&SPOWER.NS,INE902B01017,226.68,2025-12-05,406.0,79.11,3505.0,1042798.0,153.0,ok
SAGCEM,Sagar Cements Limited,NSE,SAGCEM.NS,INE229C01021,206.52,2025-12-05,180.35,-12.67,91651.0,17989093.0,154.0,ok
SANDHAR,Sandhar Technologies Limited,NSE,SANDHAR.NS,INE278H01035,548.9,2025-12-05,697.15,27.01,336171.0,196422804.0,156.0,ok
SANDESH,The Sandesh Limited,NSE,SANDESH.NS,INE583B01015,1064.4,2025-12-05,945.2,-11.2,1012.0,1051636.0,154.0,ok
SANDUMA,Sandur Manganese & Iron Ores Limited,NSE,SANDUMA.NS,INE149K01016,201.97,2025-12-05,229.2,13.48,3553679.0,797589374.0,156.0,ok
SBFC,SBFC Finance Limited,NSE,SBFC.NS,INE423Y01016,106.27,2025-12-05,92.22,-13.22,2150878.0,213831053.0,156.0,ok
SBGLP,Suratwwala Business Group Limited,NSE,SBGLP.NS,INE05ST01028,28.06,2025-12-05,26.19,-6.66,81333.0,2339783.0,153.0,ok
SBICARD,SBI Cards and Payment Services Limited,NSE,SBICARD.NS,INE018E01016,885.15,2025-12-05,605.5,-31.59,1322445.0,1005616237.0,156.0,ok
SADHNANIQ,Sadhana Nitrochem Limited,NSE,SADHNANIQ.NS,INE888C01040,6.46,2025-12-05,2.5,-61.3,4072713.0,11694238.0,155.0,ok
SBCL,Shivalik Bimetal Controls Limited,NSE,SBCL.NS,INE386D01027,436.05,2025-12-05,734.55,68.46,254543.0,144524795.0,154.0,ok
SBILIFE,SBI Life Insurance Company Limited,NSE,SBILIFE.NS,INE123W01016,2023.7,2025-12-05,1801.7,-10.97,1073253.0,2078297796.0,156.0,ok
SCANSTL,Scan Steels Limited,NSE,SCANSTL.NS,INE099G01011,33.7,2026-04-20,37.48,11.22,53912.0,2072197.0,30.0,ok
SCILAL,Shipping Corporation of India Land and Assets Limited,NSE,SCILAL.NS,INE0PB301013,47.04,2025-12-05,44.44,-5.53,719369.0,34296387.0,155.0,ok
SAYAJIHOTL,Sayaji Hotels Limited,NSE,SAYAJIHOTL.NS,INE318C01014,138.7,2026-04-13,299.0,115.57,90.0,25427.0,35.0,ok
SCODATUBES,Scoda Tubes Limited,NSE,SCODATUBES.NS,INE090501011,162.08,2025-12-05,122.88,-24.19,246445.0,36219987.0,155.0,ok
SCHAND,S Chand And Company Limited,NSE,SCHAND.NS,INE807K01035,161.6,2025-12-05,154.29,-4.52,45607.0,7342675.0,153.0,ok
SCPL,Sheetal Cool Products Limited,NSE,SCPL.NS,INE501Y01019,199.66,2025-12-05,456.2,128.49,23087.0,7025137.0,153.0,ok
SCHAEFFLER,Schaeffler India Limited,NSE,SCHAEFFLER.NS,INE513A01022,3928.2,2025-12-05,4071.6,3.65,85177.0,344730360.0,156.0,ok
SBC,SBC Exports Limited,NSE,SBC.NS,INE04AK01028,27.5,2025-12-05,36.81,33.85,11848893.0,357019102.0,156.0,ok
SBIN,State Bank of India,NSE,SBIN.NS,INE062A01020,971.5,2025-12-05,956.65,-1.53,13454817.0,13994626232.0,156.0,ok
SCHNEIDER,Schneider Electric Infrastructure Limited,NSE,SCHNEIDER.NS,INE839M01018,753.45,2025-12-05,1181.3,56.79,310628.0,263348751.0,156.0,ok
SANGINITA,Sanginita Chemicals Limited,NSE,SANGINITA.NS,INE753W01010,9.72,2025-12-05,29.77,206.28,169348.0,2775086.0,154.0,ok
SAURASHCEM,Saurashtra Cement Limited,NSE,SAURASHCEM.NS,INE626A01014,85.11,2025-12-05,59.27,-30.36,95856.0,6681159.0,155.0,ok
SAPPHIRE,Sapphire Foods India Limited,NSE,SAPPHIRE.NS,INE806T01020,244.92,2025-12-05,174.12,-28.91,1260902.0,262311871.0,155.0,ok
SCI,Shipping Corporation Of India Limited,NSE,SCI.NS,INE109A01011,232.26,2025-12-05,302.7,30.33,8209022.0,2276113028.0,156.0,ok
SANGAMIND,Sangam (India) Limited,NSE,SANGAMIND.NS,INE495C01010,425.4,2025-12-05,527.2,23.93,40027.0,19477553.0,154.0,ok
SATIN,Satin Creditcare Network Limited,NSE,SATIN.NS,INE836B01017,144.21,2025-12-05,231.12,60.27,463830.0,92437459.0,155.0,ok
SANSERA,Sansera Engineering Limited,NSE,SANSERA.NS,INE953O01021,1657.1,2025-12-05,2953.3,78.22,220483.0,481770721.0,156.0,ok
SANGHVIMOV,Sanghvi Movers Limited,NSE,SANGHVIMOV.NS,INE989A01032,301.85,2025-12-05,357.45,18.42,361918.0,117552775.0,156.0,ok
SANOFICONR,Sanofi Consumer Healthcare India Limited,NSE,SANOFICONR.NS,INE0UOS01011,4655.3,2025-12-05,4670.9,0.34,16344.0,74099014.0,155.0,ok
SAPPL,Shree Ajit Pulp & Paper Limited,NSE,SAPPL.NS,INE185C01017,290.2,2026-04-22,269.75,-7.05,1331.0,395284.0,28.0,ok
SANOFI,Sanofi India Limited,NSE,SANOFI.NS,INE058A01010,4330.2,2025-12-05,3169.2,-26.81,22878.0,86767027.0,155.0,ok
SARVESHWAR,Sarveshwar Foods Limited,NSE,SARVESHWAR.NS,INE324X01026,4.18,2025-12-05,3.71,-11.24,4781675.0,20452710.0,155.0,ok
SARDAEN,Sarda Energy & Minerals Limited,NSE,SARDAEN.NS,INE385C01021,475.85,2025-12-05,520.3,9.34,597302.0,320074882.0,155.0,ok
SANSTAR,Sanstar Limited,NSE,SANSTAR.NS,INE08NE01025,88.66,2025-12-05,115.77,30.58,369196.0,36312464.0,156.0,ok
SAREGAMA,Saregama India Limited,NSE,SAREGAMA.NS,INE979A01025,370.3,2025-12-05,457.6,23.58,1723437.0,686788359.0,155.0,ok
SARLAPOLY,Sarla Performance Fibers Limited,NSE,SARLAPOLY.NS,INE453D01025,87.98,2025-12-05,98.01,11.4,131769.0,11567743.0,155.0,ok
SIKA,Sika Interplant Systems Limited,NSE,SIKA.NS,INE438E01032,963.9,2026-04-20,897.8,-6.86,24695.0,24536336.0,30.0,ok
SATIA,Satia Industries Limited,NSE,SATIA.NS,INE170E01023,69.12,2025-12-05,55.99,-19.0,117841.0,7634398.0,155.0,ok
SASKEN,Sasken Technologies Limited,NSE,SASKEN.NS,INE231F01020,1259.9,2025-12-05,2338.5,85.61,106517.0,180258472.0,154.0,ok
SIKKO,Sikko Industries Limited,NSE,SIKKO.NS,INE112X01025,5.52,2025-12-05,4.07,-26.27,2012653.0,10969730.0,155.0,ok
SUMIT,Sumit Woods Limited,NSE,SUMIT.NS,INE748Z01013,72.23,2025-12-05,44.46,-38.45,96770.0,5208254.0,153.0,ok
SUNDARAM,Sundaram Multi Pap Limited,NSE,SUNDARAM.NS,INE108E01023,1.78,2025-12-05,1.37,-23.03,632131.0,1013560.0,154.0,ok
SUNCLAY,Sundaram Clayton Limited,NSE,SUNCLAY.NS,INE0Q3R01026,1229.6,2025-12-05,1300.0,5.73,20212.0,26501319.0,155.0,ok
SUMMITSEC,Summit Securities Limited,NSE,SUMMITSEC.NS,INE519C01017,2058.2,2025-12-05,1540.0,-25.18,9527.0,18799348.0,155.0,ok
SUMICHEM,Sumitomo Chemical India Limited,NSE,SUMICHEM.NS,INE258G01013,465.25,2025-12-05,487.75,4.84,305657.0,136986321.0,155.0,ok
SIL,Standard Industries Limited,NSE,SIL.NS,INE173A01025,16.41,2025-12-05,16.29,-0.73,30339.0,476008.0,153.0,ok
STEELCITY,Steel City Securities Limited,NSE,STEELCITY.NS,INE395H01011,98.32,2025-12-05,78.83,-19.82,8415.0,744691.0,153.0,ok
SUNDRMFAST,Sundram Fasteners Limited,NSE,SUNDRMFAST.NS,INE387A01021,942.45,2025-12-05,835.25,-11.37,124798.0,110317668.0,154.0,ok
SUNDRMBRAK,Sundaram Brake Linings Limited,NSE,SUNDRMBRAK.NS,INE073D01013,715.4,2025-12-05,692.7,-3.17,2762.0,1877138.0,156.0,ok
SUNTV,Sun TV Network Limited,NSE,SUNTV.NS,INE424H01027,548.6,2025-12-05,517.9,-5.6,356861.0,203559408.0,156.0,ok
SUPERSPIN,Super Spinning Mills Limited,NSE,SUPERSPIN.NS,INE662A01027,8.88,2025-12-05,5.11,-42.45,58504.0,365794.0,153.0,ok
SUPERHOUSE,Superhouse Limited,NSE,SUPERHOUSE.NS,INE712B01010,149.11,2025-12-05,151.09,1.33,6994.0,1092727.0,154.0,ok
SUNTECK,Sunteck Realty Limited,NSE,SUNTECK.NS,INE805D01034,404.85,2025-12-05,288.15,-28.83,436679.0,160589287.0,156.0,ok
SUNDARMFIN,Sundaram Finance Limited,NSE,SUNDARMFIN.NS,INE660A01013,4848.3,2025-12-05,4250.2,-12.34,70836.0,348158764.0,156.0,ok
SUNFLAG,Sunflag Iron And Steel Company Limited,NSE,SUNFLAG.NS,INE947A01014,254.0,2025-12-05,375.85,47.97,402607.0,133921589.0,156.0,ok
SUKHJITS,Sukhjit Starch & Chemicals Limited,NSE,SUKHJITS.NS,INE450E01029,149.85,2025-12-05,175.62,17.2,26742.0,4865843.0,153.0,ok
SUNDROP,Sundrop Brands Limited,NSE,SUNDROP.NS,INE209A01019,734.75,2025-12-05,654.25,-10.96,16808.0,11206155.0,154.0,ok
SUNPHARMA,Sun Pharmaceutical Industries Limited,NSE,SUNPHARMA.NS,INE044A01036,1805.3,2025-12-05,1789.9,-0.85,2837957.0,4940343771.0,156.0,ok
STEL,Stel Holdings Limited,NSE,STEL.NS,INE577L01016,547.4,2025-12-05,485.4,-11.33,13073.0,6425558.0,155.0,ok
STLNETWORK,STL Networks Limited,NSE,STLNETWORK.NS,INE1VXE01018,22.06,2025-12-05,28.58,29.56,2723950.0,68523107.0,156.0,ok
STYL,Seshaasai Technologies Limited,NSE,STYL.NS,INE04VU01023,310.95,2025-12-05,271.75,-12.61,188360.0,53027039.0,155.0,ok
STYLAMIND,Stylam Industries Limited,NSE,STYLAMIND.NS,INE239C01020,2147.5,2025-12-05,2957.9,37.74,65437.0,145906971.0,155.0,ok
STERTOOLS,Sterling Tools Limited,NSE,STERTOOLS.NS,INE334A01023,276.2,2025-12-05,231.7,-16.11,82687.0,19688226.0,155.0,ok
STUDDS,Studds Accessories Limited,NSE,STUDDS.NS,INE00Q601028,535.95,2025-12-05,450.45,-15.95,161414.0,88233890.0,140.0,ok
STOVEKRAFT,Stove Kraft Limited,NSE,STOVEKRAFT.NS,INE00IN01015,573.35,2025-12-05,622.9,8.64,245335.0,135463140.0,154.0,ok
SUMEETINDS,Sumeet Industries Limited,NSE,SUMEETINDS.NS,INE235C01036,30.73,2025-12-05,29.32,-4.59,148822.0,4568965.0,153.0,ok
SULA,Sula Vineyards Limited,NSE,SULA.NS,INE142Q01026,222.12,2025-12-05,158.31,-28.73,378066.0,73109665.0,156.0,ok
STYLEBAAZA,Baazar Style Retail Limited,NSE,STYLEBAAZA.NS,INE01FR01028,275.55,2025-12-05,326.8,18.6,956023.0,311470125.0,155.0,ok
STLTECH,Sterlite Technologies Limited,NSE,STLTECH.NS,INE089C01029,98.96,2025-12-05,591.05,497.26,5171316.0,1020738202.0,156.0,ok
SUDEEPPHRM,Sudeep Pharma Limited,NSE,SUDEEPPHRM.NS,INE0QPI01025,663.45,2025-12-05,776.9,17.1,698525.0,504624762.0,126.0,ok
STYRENIX,Styrenix Performance Materials Limited,NSE,STYRENIX.NS,INE189B01011,2071.8,2025-12-05,2263.1,9.23,34563.0,73198379.0,156.0,ok
SUBEXLTD,Subex Limited,NSE,SUBEXLTD.NS,INE754A01055,11.8,2025-12-05,10.69,-9.41,2073651.0,21470142.0,156.0,ok
SUBROS,Subros Limited,NSE,SUBROS.NS,INE287B01021,880.95,2025-12-05,721.35,-18.12,86112.0,74705906.0,155.0,ok
SYNCOMF,Syncom Formulations (India) Limited,NSE,SYNCOMF.NS,INE312C01025,15.14,2025-12-05,14.93,-1.39,1770982.0,24858088.0,156.0,ok
SWANDEF,Swan Defence and Heavy Industries Limited,NSE,SWANDEF.NS,INE542F01020,1142.2,2025-12-05,2038.3,78.45,12164.0,22230836.0,154.0,ok
SWIGGY,Swiggy Limited,NSE,SWIGGY.NS,INE00H001014,394.4,2025-12-05,254.15,-35.56,10824024.0,3595568535.0,156.0,ok
SWSOLAR,Sterling and Wilson Renewable Energy Limited,NSE,SWSOLAR.NS,INE00M201021,220.85,2025-12-05,191.59,-13.25,2695819.0,560285548.0,156.0,ok
SUPRAJIT,Suprajit Engineering Limited,NSE,SUPRAJIT.NS,INE399C01030,459.3,2025-12-05,459.25,-0.01,167795.0,75632976.0,154.0,ok
SUDARSCHEM,Sudarshan Chemical Industries Limited,NSE,SUDARSCHEM.NS,INE659A01023,992.7,2025-12-05,897.25,-9.62,183525.0,170892536.0,155.0,ok
SWELECTES,Swelect Energy Systems Limited,NSE,SWELECTES.NS,INE409B01013,655.75,2025-12-05,651.4,-0.66,28823.0,18084989.0,153.0,ok
SUPREMEIND,Supreme Industries Limited,NSE,SUPREMEIND.NS,INE195A01028,3371.1,2025-12-05,3553.1,5.4,281361.0,1034953178.0,155.0,ok
SYMPHONY,Symphony Limited,NSE,SYMPHONY.NS,INE225D01027,874.15,2025-12-05,692.7,-20.76,111950.0,91933016.0,155.0,ok
SWARAJENG,Swaraj Engines Limited,NSE,SWARAJENG.NS,INE277A01016,3733.2,2025-12-05,3797.8,1.73,18600.0,70510817.0,153.0,ok
TAALTECH,Taal Tech Limited,NSE,TAALTECH.NS,INE524T01011,2986.0,2026-04-20,3607.9,20.83,1157.0,3749818.0,30.0,ok
SYSTMTXC,Systematix Corporate Services Limited,NSE,SYSTMTXC.NS,INE356B01024,157.77,2025-12-05,64.74,-58.97,360183.0,44023161.0,155.0,ok
TAINWALCHM,Tainwala Chemical and Plastic (I) Limited,NSE,TAINWALCHM.NS,INE123C01018,169.61,2025-12-05,196.07,15.6,11527.0,2315856.0,153.0,ok
SUPREME,Supreme Holdings & Hospitality (India) Limited,NSE,SUPREME.NS,INE822E01011,81.18,2025-12-05,47.2,-41.86,87614.0,5491540.0,153.0,ok
TAKE,Take Solutions Limited,NSE,TAKE.NS,INE142I01023,33.52,2025-12-05,30.62,-8.65,1206256.0,43464600.0,153.0,ok
SUDARCOLOR,Sudarshan Colorants India Limited,NSE,SUDARCOLOR.NS,INE492A01029,435.1,2025-12-05,362.0,-16.8,11636.0,4377664.0,155.0,ok
SVLL,Shree Vasu Logistics Limited,NSE,SVLL.NS,INE00CE01017,690.0,2025-12-05,655.6,-4.99,2408.0,1506168.0,153.0,ok
TAJGVK,Taj GVK Hotels & Resorts Limited,NSE,TAJGVK.NS,INE586B01026,383.1,2025-12-05,340.5,-11.12,200071.0,75695616.0,156.0,ok
SWANCORP,SWAN CORP LIMITED,NSE,SWANCORP.NS,INE665A01038,446.9,2025-12-05,315.3,-29.45,1275747.0,508359043.0,156.0,ok
SVPGLOB,SVP GLOBAL TEXTILES LIMITED,NSE,SVPGLOB.NS,INE308E01029,5.31,2025-12-05,3.99,-24.86,108453.0,448136.0,153.0,ok
SYNGENE,Syngene International Limited,NSE,SYNGENE.NS,INE398R01022,639.8,2025-12-05,440.85,-31.1,1448302.0,703007412.0,156.0,ok
SURYALA,Suryalata Spinning Mills Limited,NSE,SURYALA.NS,INE132C01027,357.25,2026-04-20,462.7,29.52,3667.0,1637467.0,30.0,ok
SUPRIYA,Supriya Lifescience Limited,NSE,SUPRIYA.NS,INE07RO01027,745.2,2025-12-05,917.25,23.09,288601.0,229977859.0,155.0,ok
SURAJLTD,Suraj Limited,NSE,SURAJLTD.NS,INE713C01016,269.4,2025-12-05,230.17,-14.56,16609.0,4595315.0,153.0,ok
SURAKSHA,Suraksha Diagnostic Limited,NSE,SURAKSHA.NS,INE877V01027,280.75,2025-12-05,290.25,3.38,29250.0,8409900.0,154.0,ok
SYRMA,Syrma SGS Technology Limited,NSE,SYRMA.NS,INE0DYJ01015,743.25,2025-12-05,1166.8,56.99,1593114.0,1369097618.0,156.0,ok
SURANAT&P,Surana Telecom and Power Limited,NSE,SURANAT&P.NS,INE130B01031,19.19,2025-12-05,18.16,-5.37,112399.0,2170369.0,153.0,ok
SURYODAY,Suryoday Small Finance Bank Limited,NSE,SURYODAY.NS,INE428Q01011,136.71,2025-12-05,168.92,23.56,395349.0,58827908.0,154.0,ok
SUZLON,Suzlon Energy Limited,NSE,SUZLON.NS,INE040H01021,51.74,2025-12-05,54.52,5.37,75999432.0,3880063838.0,156.0,ok
SUVIDHAA,Suvidhaa Infoserve Limited,NSE,SUVIDHAA.NS,INE018401013,3.79,2025-12-05,2.68,-29.29,113523.0,359477.0,154.0,ok
SUPREMEINF,Supreme Infrastructure India Limited,NSE,SUPREMEINF.NS,INE550H01011,82.37,2025-12-05,82.18,-0.23,34756.0,2858615.0,154.0,ok
SURYALAXMI,Suryalakshmi Cotton Mills Limited,NSE,SURYALAXMI.NS,INE713B01026,58.51,2025-12-05,57.45,-1.81,7319.0,417412.0,153.0,ok
SUVEN,Suven Life Sciences Limited,NSE,SUVEN.NS,INE495B01038,170.18,2025-12-05,275.2,61.71,638575.0,138713818.0,156.0,ok
SUYOG,Suyog Telematics Limited,NSE,SUYOG.NS,INE442P01014,627.65,2025-12-05,770.2,22.71,32165.0,21969941.0,154.0,ok
STEELCAS,Steelcast Limited,NSE,STEELCAS.NS,INE124E01038,216.84,2025-12-05,273.5,26.13,87397.0,20563380.0,154.0,ok
SURAJEST,Suraj Estate Developers Limited,NSE,SURAJEST.NS,INE843S01025,279.7,2025-12-05,196.49,-29.75,284603.0,73055316.0,155.0,ok
SMARTWORKS,Smartworks Coworking Spaces Limited,NSE,SMARTWORKS.NS,INE0NAZ01010,447.15,2025-12-05,442.35,-1.07,89833.0,41986291.0,154.0,ok
SURYAROSNI,Surya Roshni Limited,NSE,SURYAROSNI.NS,INE335A01020,257.0,2025-12-05,249.94,-2.75,663972.0,164113825.0,156.0,ok
STCINDIA,The State Trading Corporation of India Limited,NSE,STCINDIA.NS,INE655A01013,112.8,2025-12-05,118.38,4.95,128714.0,15801167.0,156.0,ok
SURANASOL,Surana Solar Limited,NSE,SURANASOL.NS,INE272L01022,27.36,2025-12-05,26.87,-1.79,86516.0,2315737.0,154.0,ok
SMARTLINK,Smartlink Holdings Limited,NSE,SMARTLINK.NS,INE178C01020,135.83,2025-12-05,153.62,13.1,14622.0,2254108.0,154.0,ok
SMCGLOBAL,SMC Global Securities Limited,NSE,SMCGLOBAL.NS,INE103C01036,73.54,2025-12-05,60.26,-18.06,1061490.0,83311311.0,153.0,ok
SMLT,Sarthak Metals Limited,NSE,SMLT.NS,INE017W01010,94.09,2025-12-05,73.11,-22.3,31210.0,2804221.0,154.0,ok
SNOWMAN,Snowman Logistics Limited,NSE,SNOWMAN.NS,INE734N01019,41.33,2025-12-05,36.92,-10.67,285710.0,11668893.0,155.0,ok
SMLMAH,SML Mahindra Limited,NSE,SMLMAH.NS,INE294B01019,3370.8,2025-12-05,3713.5,10.17,87278.0,347496198.0,155.0,ok
STEELXIND,STEEL EXCHANGE INDIA LIMITED,NSE,STEELXIND.NS,INE503B01021,8.63,2025-12-05,12.14,40.67,2076630.0,20488258.0,156.0,ok
SILGO,Silgo Retail Limited,NSE,SILGO.NS,INE01II01013,70.28,2025-12-05,82.82,17.84,253952.0,19125101.0,154.0,ok
SOLARA,Solara Active Pharma Sciences Limited,NSE,SOLARA.NS,INE624Z01016,552.0,2025-12-05,543.05,-1.62,172193.0,95327554.0,155.0,ok
SOFTTECH,Softtech Engineers Limited,NSE,SOFTTECH.NS,INE728Z01015,313.65,2025-12-05,463.0,47.62,7456.0,2679817.0,153.0,ok
SMSPHARMA,SMS Pharmaceuticals Limited,NSE,SMSPHARMA.NS,INE812G01025,317.0,2025-12-05,363.95,14.81,531031.0,181061501.0,154.0,ok
SOBHA,Sobha Limited,NSE,SOBHA.NS,INE671H01015,1537.8,2025-12-05,1387.0,-9.81,178809.0,260748375.0,154.0,ok
SUTLEJTEX,Sutlej Textiles and Industries Limited,NSE,SUTLEJTEX.NS,INE645H01027,33.29,2025-12-05,35.66,7.12,55566.0,1823207.0,156.0,ok
SOLARWORLD,Solarworld Energy Solutions Limited,NSE,SOLARWORLD.NS,INE0TY101024,287.15,2025-12-05,204.02,-28.95,439942.0,107922923.0,155.0,ok
SINGERIND,Singer India Limited,NSE,SINGERIND.NS,INE638A01035,70.42,2026-03-19,69.82,-0.85,51426.0,3605560.0,48.0,ok
SOLEX,Solex Energy Limited,NSE,SOLEX.NS,INE880Y01017,1516.4,2025-12-05,1213.1,-20.0,63335.0,81327597.0,155.0,ok
SOMATEX,Soma Textiles & Industries Limited,NSE,SOMATEX.NS,INE314C01013,113.0,2025-12-05,105.95,-6.24,18135.0,2147844.0,153.0,ok
SOLARINDS,Solar Industries India Limited,NSE,SOLARINDS.NS,INE343H01029,12819.0,2025-12-05,18386.0,43.43,153780.0,2197742937.0,155.0,ok
SKYGOLD,SKY GOLD AND DIAMONDS LIMITED,NSE,SKYGOLD.NS,INE01IU01018,336.5,2025-12-05,559.7,66.33,1051487.0,412557444.0,156.0,ok
SKIPPER,Skipper Limited,NSE,SKIPPER.NS,INE439E01022,451.55,2025-12-05,572.4,26.76,512114.0,229332329.0,154.0,ok
SKMEGGPROD,SKM Egg Products Export (India) Limited,NSE,SKMEGGPROD.NS,INE411D01023,200.98,2025-12-05,232.77,15.82,443543.0,86246752.0,156.0,ok
SINCLAIR,Sinclairs Hotels Limited,NSE,SINCLAIR.NS,INE985A01022,84.19,2025-12-05,75.02,-10.89,51600.0,4127167.0,154.0,ok
SOMANYCERA,Somany Ceramics Limited,NSE,SOMANYCERA.NS,INE355A01028,418.65,2025-12-05,518.05,23.74,86030.0,39190996.0,154.0,ok
SILVERTUC,Silver Touch Technologies Limited,NSE,SILVERTUC.NS,INE625X01026,737.4,2025-12-05,174.83,-76.29,737107.0,142820691.0,156.0,ok
SIMPLEXINF,Simplex Infrastructures Limited,NSE,SIMPLEXINF.NS,INE059B01024,274.8,2025-12-05,237.95,-13.41,149152.0,34454541.0,153.0,ok
SKFINDUS,SKF India (Industrial) Limited,NSE,SKFINDUS.NS,INE2J8701016,2693.0,2025-12-08,2172.3,-19.34,30011.0,72150721.0,118.0,ok
SINTERCOM,Sintercom India Limited,NSE,SINTERCOM.NS,INE129Z01016,115.39,2025-12-05,73.4,-36.39,45137.0,4007872.0,153.0,ok
SIRCA,Sirca Paints India Limited,NSE,SIRCA.NS,INE792Z01011,501.45,2025-12-05,420.35,-16.17,352059.0,162728168.0,155.0,ok
SIS,SIS LIMITED,NSE,SIS.NS,INE285J01028,329.05,2025-12-05,412.5,25.36,124871.0,43007231.0,154.0,ok
SILLYMONKS,Silly Monks Entertainment Limited,NSE,SILLYMONKS.NS,INE203Y01012,23.07,2025-12-05,17.01,-26.27,37162.0,820766.0,153.0,ok
SILINV,SIL Investments Limited,NSE,SILINV.NS,INE923A01015,526.8,2025-12-05,426.55,-19.03,6673.0,3901528.0,154.0,ok
SIYSIL,Siyaram Silk Mills Limited,NSE,SIYSIL.NS,INE076B01028,666.0,2025-12-05,584.15,-12.29,110859.0,71102815.0,155.0,ok
SONAL,Sonal Mercantile Limited,NSE,SONAL.NS,INE321M01017,99.8,2026-04-22,88.0,-11.82,105.0,9848.0,21.0,ok
SINDHUTRAD,Sindhu Trade Links Limited,NSE,SINDHUTRAD.NS,INE325D01025,23.08,2025-12-05,26.35,14.17,2010621.0,48193463.0,154.0,ok
SONACOMS,Sona BLW Precision Forgings Limited,NSE,SONACOMS.NS,INE073K01018,492.85,2025-12-05,611.35,24.04,2089110.0,1090340646.0,156.0,ok
SJS,S.J.S. Enterprises Limited,NSE,SJS.NS,INE284S01014,1668.3,2025-12-05,2018.2,20.97,148723.0,258484716.0,155.0,ok
SRGHFL,SRG Housing Finance Limited,NSE,SRGHFL.NS,INE559N01010,265.35,2025-12-05,288.6,8.76,4113.0,1115130.0,153.0,ok
SRTL,Shree Ram Twistex Limited,NSE,SRTL.NS,INE19GK01015,71.4,2026-03-02,41.94,-41.26,273622.0,15639739.0,61.0,ok
SRHHYPOLTD,Sree Rayalaseema Hi-Strength Hypo Limited,NSE,SRHHYPOLTD.NS,INE917H01012,492.15,2025-12-05,510.95,3.82,12180.0,5958318.0,155.0,ok
SJVN,SJVN Limited,NSE,SJVN.NS,INE002L01015,74.07,2025-12-05,72.04,-2.74,6030415.0,469163516.0,156.0,ok
SRD,Shankar Lal Rampal Dye-Chem Limited,NSE,SRD.NS,INE01NE01012,67.75,2025-12-05,40.61,-40.06,35872.0,1993757.0,153.0,ok
SSDL,Saraswati Saree Depot Limited,NSE,SSDL.NS,INE0PQ101010,80.52,2025-12-05,59.03,-26.69,29047.0,2003512.0,154.0,ok
SKFINDIA,SKF India Limited,NSE,SKFINDIA.NS,INE640A01023,1878.3,2025-12-05,1612.0,-14.18,56207.0,100745809.0,156.0,ok
STALLION,Stallion India Fluorochemicals Limited,NSE,STALLION.NS,INE0RYC01010,184.92,2025-12-05,177.91,-3.79,1210120.0,232573085.0,156.0,ok
SRM,SRM Contractors Limited,NSE,SRM.NS,INE0R6Z01013,510.45,2025-12-05,509.35,-0.22,174640.0,86489290.0,154.0,ok
SSWL,Steel Strips Wheels Limited,NSE,SSWL.NS,INE802C01033,191.66,2025-12-05,209.59,9.36,275420.0,56751732.0,154.0,ok
SOMICONVEY,Somi Conveyor Beltings Limited,NSE,SOMICONVEY.NS,INE323J01019,135.41,2025-12-05,99.58,-26.46,19529.0,2242966.0,154.0,ok
STAR,Strides Pharma Science Limited,NSE,STAR.NS,INE939A01011,880.65,2025-12-05,1075.0,22.07,435268.0,412805766.0,155.0,ok
STARHEALTH,Star Health and Allied Insurance Company Limited,NSE,STARHEALTH.NS,INE575P01011,457.85,2025-12-05,533.7,16.57,623904.0,301568387.0,155.0,ok
STANLEY,Stanley Lifestyles Limited,NSE,STANLEY.NS,INE01A001028,224.83,2025-12-05,147.2,-34.53,300638.0,52907507.0,155.0,ok
STARTECK,Starteck Finance Limited,NSE,STARTECK.NS,INE992I01013,276.5,2025-12-05,267.65,-3.2,11681.0,3225675.0,154.0,ok
SRF,SRF Limited,NSE,SRF.NS,INE647A01010,2885.4,2025-12-05,2745.3,-4.86,524123.0,1439147798.0,156.0,ok
SPORTKING,Sportking India Limited,NSE,SPORTKING.NS,INE885H01029,89.73,2025-12-05,190.64,112.46,289619.0,39793235.0,154.0,ok
SONAMLTD,SONAM LIMITED,NSE,SONAMLTD.NS,INE00LM01029,44.27,2025-12-05,57.08,28.94,65110.0,3102375.0,153.0,ok
SREEL,Sreeleathers Limited,NSE,SREEL.NS,INE099F01013,231.53,2025-12-05,200.63,-13.35,9019.0,1818406.0,153.0,ok
SPARC,Sun Pharma Advanced Research Company Limited,NSE,SPARC.NS,INE232I01014,152.94,2025-12-05,204.24,33.54,4229222.0,715338341.0,156.0,ok
STARPAPER,Star Paper Mills Limited,NSE,STARPAPER.NS,INE733A01018,163.56,2025-12-05,138.69,-15.21,10629.0,1533172.0,155.0,ok
SOUTHWEST,South West Pinnacle Exploration Limited,NSE,SOUTHWEST.NS,INE980Y01015,204.28,2025-12-05,265.0,29.72,270589.0,57797659.0,156.0,ok
SOUTHBANK,The South Indian Bank Limited,NSE,SOUTHBANK.NS,INE683A01023,39.71,2025-12-05,42.08,5.97,27066739.0,1067515607.0,156.0,ok
STARCEMENT,Star Cement Limited,NSE,STARCEMENT.NS,INE460H01021,222.8,2025-12-05,211.41,-5.11,284984.0,63612838.0,154.0,ok
SOTL,Savita Oil Technologies Limited,NSE,SOTL.NS,INE035D01020,363.9,2025-12-05,437.75,20.29,53144.0,21138388.0,156.0,ok
SPANDANA,Spandana Sphoorty Financial Limited,NSE,SPANDANA.NS,INE572J01011,255.5,2025-12-05,255.3,-0.08,336548.0,85281420.0,155.0,ok
SONATSOFTW,Sonata Software Limited,NSE,SONATSOFTW.NS,INE269A01021,361.2,2025-12-05,278.35,-22.94,1259328.0,381155308.0,156.0,ok
SPAL,S. P. Apparels Limited,NSE,SPAL.NS,INE212I01016,754.8,2025-12-05,807.1,6.93,55261.0,41232524.0,154.0,ok
SPCENET,Spacenet Enterprises India Limited,NSE,SPCENET.NS,INE970N01027,7.38,2025-12-05,3.56,-51.76,994692.0,5620610.0,154.0,ok
SPENCERS,Spencer's Retail Limited,NSE,SPENCERS.NS,INE020801028,42.9,2025-12-05,34.8,-18.88,114399.0,4312527.0,155.0,ok
SPMLINFRA,SPML Infra Limited,NSE,SPMLINFRA.NS,INE937A01023,187.21,2025-12-05,206.61,10.36,825250.0,154732914.0,156.0,ok
SPECIALITY,Speciality Restaurants Limited,NSE,SPECIALITY.NS,INE247M01014,118.16,2025-12-05,108.38,-8.28,52607.0,5842427.0,154.0,ok
SPECTRUM,Spectrum Electrical Industries Limited,NSE,SPECTRUM.NS,INE01EO01010,1135.2,2025-12-05,1473.7,29.82,8251.0,11024955.0,153.0,ok
SPLIL,SPL Industries Limited,NSE,SPLIL.NS,INE978G01016,37.55,2025-12-05,30.35,-19.17,18079.0,639344.0,153.0,ok
KSOLVES,Ksolves India Limited,NSE,KSOLVES.NS,INE0D6I01023,300.15,2025-12-05,286.45,-4.56,61386.0,18300604.0,155.0,ok
VMM,Vishal Mega Mart Limited,NSE,VMM.NS,INE01EA01019,133.03,2025-12-05,119.28,-10.34,15564591.0,1885980740.0,156.0,ok
KTKBANK,The Karnataka Bank Limited,NSE,KTKBANK.NS,INE614B01018,213.17,2025-12-05,264.0,23.84,4626175.0,990614344.0,156.0,ok
CEIGALL,Ceigall India Limited,NSE,CEIGALL.NS,INE0AG901020,232.91,2025-12-05,347.8,49.33,388225.0,117298617.0,155.0,ok
CAPILLARY,Capillary Technologies India Limited,NSE,CAPILLARY.NS,INE0ILV01024,703.15,2025-12-05,510.75,-27.36,1892316.0,1277043283.0,130.0,ok
CAPITALSFB,Capital Small Finance Bank Limited,NSE,CAPITALSFB.NS,INE646H01017,273.9,2025-12-05,268.7,-1.9,42465.0,11173017.0,153.0,ok
CAPTRUST,Capital Trust Limited,NSE,CAPTRUST.NS,INE707C01018,11.89,2025-12-05,13.75,15.64,92263.0,1350311.0,153.0,ok
SPLPETRO,Supreme Petrochem Limited,NSE,SPLPETRO.NS,INE663A01033,628.4,2025-12-05,702.3,11.76,123343.0,85122241.0,155.0,ok
CAPLIPOINT,Caplin Point Laboratories Limited,NSE,CAPLIPOINT.NS,INE475E01026,1963.4,2025-12-05,1988.1,1.26,91670.0,170363142.0,154.0,ok
CARRARO,Carraro India Limited,NSE,CARRARO.NS,INE0V7W01012,546.1,2025-12-05,513.75,-5.92,181498.0,99430306.0,153.0,ok
CARTRADE,Cartrade Tech Limited,NSE,CARTRADE.NS,INE290S01011,2968.4,2025-12-05,1795.0,-39.53,506116.0,1159950512.0,155.0,ok
CARBORUNIV,Carborundum Universal Limited,NSE,CARBORUNIV.NS,INE120A01034,869.85,2025-12-05,1023.1,17.62,244194.0,218351086.0,154.0,ok
CARYSIL,CARYSIL LIMITED,NSE,CARYSIL.NS,INE482D01024,937.2,2025-12-05,1113.5,18.81,118994.0,112937101.0,156.0,ok
SPIC,Southern Petrochemicals Industries Corporation  Limited,NSE,SPIC.NS,INE147A01011,83.31,2025-12-05,68.53,-17.74,616576.0,45558133.0,155.0,ok
CCCL,Consolidated Construction Consortium Limited,NSE,CCCL.NS,INE429I01024,18.62,2025-12-05,15.01,-19.39,367464.0,6610847.0,153.0,ok
CCAVENUE,AvenuesAI Limited,NSE,CCAVENUE.NS,INE483S01020,17.67,2025-12-05,13.83,-21.73,10706015.0,177161074.0,156.0,ok
CAPACITE,Capacit'e Infraprojects Limited,NSE,CAPACITE.NS,INE264T01014,261.9,2025-12-05,223.42,-14.69,497031.0,115828505.0,156.0,ok
CCHHL,Country Club Hospitality & Holidays Limited,NSE,CCHHL.NS,INE652F01027,15.8,2025-12-05,12.94,-18.1,34930.0,484651.0,153.0,ok
CANHLIFE,Canara HSBC Life Insurance Company Limited,NSE,CANHLIFE.NS,INE01TY01017,122.67,2025-12-05,137.3,11.93,2050688.0,269836447.0,153.0,ok
CDSL,Central Depository Services (India) Limited,NSE,CDSL.NS,INE736A01011,1550.6,2025-12-05,1226.8,-20.88,1825818.0,2501354294.0,156.0,ok
CASTROLIND,Castrol India Limited,NSE,CASTROLIND.NS,INE172A01027,191.23,2025-12-05,183.71,-3.93,1940939.0,363552540.0,156.0,ok
CCL,CCL Products (India) Limited,NSE,CCL.NS,INE421D01022,949.8,2025-12-05,1070.5,12.71,379385.0,388957391.0,156.0,ok
BTTL,Bhilwara Technical Textiles Limited,NSE,BTTL.NS,INE274K01012,34.7,2026-04-22,37.36,7.67,21119.0,760799.0,28.0,ok
BTML,Bodhi Tree Multimedia Limited,NSE,BTML.NS,INE0EEJ01023,8.77,2025-12-05,6.21,-29.19,393333.0,2925371.0,154.0,ok
BUILDPRO,Shankara Buildpro Limited,NSE,BUILDPRO.NS,INE24OJ01011,812.55,2026-01-09,1146.3,41.07,80372.0,79712540.0,95.0,ok
CARERATING,CARE Ratings Limited,NSE,CARERATING.NS,INE752H01013,1544.6,2025-12-05,1639.2,6.12,55958.0,90295077.0,155.0,ok
BSL,BSL Limited,NSE,BSL.NS,INE594B01012,170.86,2025-12-05,126.53,-25.95,11197.0,1713714.0,153.0,ok
BYKE,The Byke Hospitality Ltd,NSE,BYKE.NS,INE319B01014,51.94,2025-12-05,36.14,-30.42,102422.0,4524238.0,153.0,ok
BSOFT,BIRLASOFT LIMITED,NSE,BSOFT.NS,INE836A01035,432.75,2025-12-05,344.8,-20.32,1784450.0,694054091.0,156.0,ok
CALSOFT,California Software Company Limited,NSE,CALSOFT.NS,INE526B01014,16.7,2025-12-05,22.12,32.46,107328.0,1969930.0,154.0,ok
CAMLINFINE,Camlin Fine Sciences Limited,NSE,CAMLINFINE.NS,INE052I01032,150.14,2025-12-05,118.29,-21.21,1107576.0,151245305.0,155.0,ok
CEINSYS,Ceinsys Tech Limited,NSE,CEINSYS.NS,INE016Q01014,1010.8,2026-02-19,951.1,-5.91,100489.0,100591620.0,69.0,ok
CAMPUS,Campus Activewear Limited,NSE,CAMPUS.NS,INE278Y01022,273.95,2025-12-05,250.7,-8.49,334873.0,86512306.0,155.0,ok
CANFINHOME,Can Fin Homes Limited,NSE,CANFINHOME.NS,INE477A01020,900.8,2025-12-05,829.3,-7.94,218926.0,193058660.0,156.0,ok
BUTTERFLY,Butterfly Gandhimathi Appliances Limited,NSE,BUTTERFLY.NS,INE295F01017,675.6,2025-12-05,651.05,-3.63,104023.0,70632162.0,154.0,ok
BSHSL,Bombay Super Hybrid Seeds Limited,NSE,BSHSL.NS,INE032Z01020,101.97,2025-12-05,97.3,-4.58,66602.0,6807896.0,153.0,ok
CAMS,Computer Age Management Services Limited,NSE,CAMS.NS,INE596I01020,775.7,2025-12-05,772.65,-0.39,1491034.0,1106484299.0,156.0,ok
CLSEL,Chaman Lal Setia Exports Limited,NSE,CLSEL.NS,INE419D01026,265.55,2025-12-05,284.7,7.21,158629.0,44130633.0,153.0,ok
CHEMFAB,Chemfab Alkalis Limited,NSE,CHEMFAB.NS,INE783X01023,501.25,2025-12-05,405.9,-19.02,14672.0,6469711.0,153.0,ok
CELEBRITY,Celebrity Fashions Limited,NSE,CELEBRITY.NS,INE185H01016,8.76,2025-12-05,7.66,-12.56,41622.0,345600.0,154.0,ok
CEATLTD,CEAT Limited,NSE,CEATLTD.NS,INE482A01020,3906.9,2025-12-05,3223.1,-17.5,201340.0,767673664.0,155.0,ok
CHEMPLASTS,Chemplast Sanmar Limited,NSE,CHEMPLASTS.NS,INE488A01050,262.1,2025-12-05,214.52,-18.15,325154.0,84718039.0,155.0,ok
BVCL,Barak Valley Cements Limited,NSE,BVCL.NS,INE139I01011,42.8,2025-12-05,41.69,-2.59,27986.0,1233318.0,153.0,ok
CANBK,Canara Bank,NSE,CANBK.NS,INE476A01022,148.64,2025-12-05,129.08,-13.16,26399471.0,3753613890.0,156.0,ok
CIFL,Capital India Finance Limited,NSE,CIFL.NS,INE345H01024,37.0,2025-12-05,24.27,-34.41,574315.0,18917322.0,153.0,ok
CHEVIOT,Cheviot Company Limited,NSE,CHEVIOT.NS,INE974B01016,1066.4,2025-12-05,1122.0,5.21,2375.0,2680386.0,156.0,ok
CIEINDIA,CIE Automotive India Limited,NSE,CIEINDIA.NS,INE536H01010,414.85,2025-12-05,445.2,7.32,385428.0,176823128.0,153.0,ok
CINELINE,Cineline India Limited,NSE,CINELINE.NS,INE704H01022,84.3,2025-12-05,80.13,-4.95,21423.0,1839537.0,154.0,ok
CINEVISTA,Cinevista Limited,NSE,CINEVISTA.NS,INE039B01026,15.39,2025-12-05,15.1,-1.88,36318.0,600739.0,154.0,ok
CLEANMAX,Clean Max Enviro Energy Solutions Limited,NSE,CLEANMAX.NS,INE647U01026,867.5,2026-03-02,1123.8,29.54,425527.0,408396174.0,60.0,ok
CLEAN,Clean Science and Technology Limited,NSE,CLEAN.NS,INE227W01023,888.05,2025-12-05,783.15,-11.81,357267.0,298470929.0,155.0,ok
CHOLAHLDNG,Cholamandalam Financial Holdings Limited,NSE,CHOLAHLDNG.NS,INE149A01033,1917.6,2025-12-05,1480.5,-22.79,248580.0,420218468.0,156.0,ok
CHOICEIN,Choice International Limited,NSE,CHOICEIN.NS,INE102B01014,766.0,2025-12-05,662.95,-13.45,587421.0,432606767.0,155.0,ok
CHEMBOND,Chembond Material Technologies Limited,NSE,CHEMBOND.NS,INE995D01025,158.53,2025-12-05,159.9,0.86,13515.0,2173063.0,154.0,ok
CHEMCON,Chemcon Speciality Chemicals Limited,NSE,CHEMCON.NS,INE03YM01018,201.53,2025-12-05,183.68,-8.86,58348.0,11577758.0,153.0,ok
CIPLA,Cipla Limited,NSE,CIPLA.NS,INE059A01026,1520.8,2025-12-05,1379.3,-9.3,1718902.0,2386214536.0,156.0,ok
CANTABIL,Cantabil Retail India Limited,NSE,CANTABIL.NS,INE068L01024,257.05,2025-12-05,215.19,-16.28,219184.0,56961499.0,153.0,ok
CHEMBONDCH,Chembond Chemicals Limited,NSE,CHEMBONDCH.NS,INE0TGX01019,155.07,2025-12-05,176.78,14.0,17217.0,2712166.0,154.0,ok
CELLO,Cello World Limited,NSE,CELLO.NS,INE0LMW01024,561.85,2025-12-05,385.4,-31.41,265078.0,127522806.0,153.0,ok
CENTRUM,Centrum Capital Limited,NSE,CENTRUM.NS,INE660C01027,29.42,2025-12-05,22.08,-24.95,423912.0,11456245.0,155.0,ok
CENTEXT,Century Extrusions Limited,NSE,CENTEXT.NS,INE281A01026,22.35,2025-12-05,19.34,-13.47,121731.0,2710824.0,154.0,ok
CHENNPETRO,Chennai Petroleum Corporation Limited,NSE,CHENNPETRO.NS,INE178A01016,928.15,2025-12-05,1141.6,23.0,2687844.0,2563908739.0,156.0,ok
CEWATER,Concord Enviro Systems Limited,NSE,CEWATER.NS,INE037Z01029,378.45,2025-12-05,257.4,-31.99,75035.0,24348613.0,155.0,ok
CHAMBLFERT,Chambal Fertilizers & Chemicals Limited,NSE,CHAMBLFERT.NS,INE085A01013,431.85,2025-12-05,469.55,8.73,961466.0,434125480.0,156.0,ok
CENTUM,Centum Electronics Limited,NSE,CENTUM.NS,INE320B01020,2210.9,2025-12-05,3600.0,62.83,68176.0,184770949.0,153.0,ok
CLCIND,CLC Industries Limited,NSE,CLCIND.NS,INE376C01038,280.0,2025-12-05,33.22,-88.14,17.0,333.0,156.0,ok
CERA,Cera Sanitaryware Limited,NSE,CERA.NS,INE739E01017,5344.0,2025-12-05,5605.0,4.88,18623.0,99530651.0,155.0,ok
CENTRALBK,Central Bank of India,NSE,CENTRALBK.NS,INE483A01010,36.89,2025-12-05,29.62,-19.71,9076026.0,328763286.0,155.0,ok
CENTENKA,Century Enka Limited,NSE,CENTENKA.NS,INE485A01015,438.95,2025-12-05,505.25,15.1,30947.0,14855430.0,155.0,ok
CHOLAFIN,Cholamandalam Investment and Finance Company Limited,NSE,CHOLAFIN.NS,INE121A01024,1730.4,2025-12-05,1482.8,-14.31,1747892.0,2844381363.0,155.0,ok
CHALET,Chalet Hotels Limited,NSE,CHALET.NS,INE427F01016,898.45,2025-12-05,782.1,-12.95,150187.0,126913079.0,155.0,ok
BROOKS,Brooks Laboratories Limited,NSE,BROOKS.NS,INE650L01011,97.82,2025-12-05,67.05,-31.46,94050.0,6504862.0,154.0,ok
CGCL,Capri Global Capital Limited,NSE,CGCL.NS,INE180C01042,188.99,2025-12-05,198.77,5.17,1910007.0,355239392.0,155.0,ok
BRNL,Bharat Road Network Limited,NSE,BRNL.NS,INE727S01012,23.41,2025-12-05,19.57,-16.4,92483.0,2029589.0,154.0,ok
CENTURYPLY,Century Plyboards (India) Limited,NSE,CENTURYPLY.NS,INE348B01021,801.5,2025-12-05,756.95,-5.56,99787.0,77488175.0,154.0,ok
CEMPRO,Cemindia Projects Limited,NSE,CEMPRO.NS,INE686A01026,820.85,2025-12-05,1041.7,26.91,723142.0,601795440.0,156.0,ok
BSE,BSE Limited,NSE,BSE.NS,INE118H01025,2815.9,2025-12-05,3931.9,39.63,4489526.0,13458612958.0,156.0,ok
CGPOWER,CG Power and Industrial Solutions Limited,NSE,CGPOWER.NS,INE067A01029,661.35,2025-12-05,907.7,37.25,3333942.0,2376459429.0,156.0,ok
CESC,CESC Limited,NSE,CESC.NS,INE486A01021,174.0,2025-12-05,178.9,2.82,2538827.0,436423977.0,156.0,ok
BI,Bilcare Limited,NSE,BI.NS,INE986A01012,63.7,2026-04-20,66.14,3.83,7895.0,522829.0,30.0,ok
BHARTIARTL,Bharti Airtel Limited,NSE,BHARTIARTL.NS,INE397D01024,2108.8,2025-12-05,1814.2,-13.97,8445069.0,16440209534.0,156.0,ok
BRITANNIA,Britannia Industries Limited,NSE,BRITANNIA.NS,INE216A01030,5961.0,2025-12-05,5117.0,-14.16,382648.0,2207020534.0,155.0,ok
BHARTIHEXA,Bharti Hexacom Limited,NSE,BHARTIHEXA.NS,INE343G01021,1758.7,2025-12-05,1489.6,-15.3,177546.0,294971712.0,155.0,ok
BHEL,Bharat Heavy Electricals Limited,NSE,BHEL.NS,INE257A01026,277.75,2025-12-05,410.75,47.88,14219092.0,4257508843.0,156.0,ok
BIGBLOC,Bigbloc Construction Limited,NSE,BIGBLOC.NS,INE412U01025,65.57,2025-12-05,50.13,-23.55,235419.0,14767734.0,155.0,ok
BHARATSE,Bharat Seats Limited,NSE,BHARATSE.NS,INE415D01024,175.25,2025-12-05,184.53,5.3,461235.0,91993597.0,156.0,ok
BIMETAL,Bimetal Bearings Limited,NSE,BIMETAL.NS,INE469A01019,470.9,2026-04-15,651.7,38.39,821.0,521871.0,33.0,ok
BIOFILCHEM,Biofil Chemicals & Pharmaceuticals Limited,NSE,BIOFILCHEM.NS,INE829A01014,35.11,2025-12-05,34.37,-2.11,36805.0,1360496.0,154.0,ok
BIKAJI,Bikaji Foods International Limited,NSE,BIKAJI.NS,INE00E101023,716.8,2025-12-05,665.3,-7.18,167292.0,113940656.0,154.0,ok
BILVYAPAR,BIL VYAPAR LIMITED,NSE,BILVYAPAR.NS,INE071A01013,6.95,2025-12-05,4.55,-34.53,9838.0,70868.0,155.0,ok
BHARATWIRE,Bharat Wire Ropes Limited,NSE,BHARATWIRE.NS,INE316L01019,171.78,2025-12-05,217.23,26.46,706050.0,149201039.0,156.0,ok
BIL,Bhartiya International Limited,NSE,BIL.NS,INE828A01016,814.65,2025-12-05,731.05,-10.26,7829.0,6312104.0,154.0,ok
BIOCON,Biocon Limited,NSE,BIOCON.NS,INE376G01013,392.65,2025-12-05,416.8,6.15,3695581.0,1430053569.0,155.0,ok
BIRLACABLE,Birla Cable Limited,NSE,BIRLACABLE.NS,INE800A01015,138.38,2025-12-05,213.78,54.49,67483.0,10370071.0,154.0,ok
BETA,Beta Drugs Limited,NSE,BETA.NS,INE351Y01019,1632.2,2025-12-05,1416.1,-13.24,12250.0,16685742.0,154.0,ok
BHARATGEAR,Bharat Gears Limited,NSE,BHARATGEAR.NS,INE561C01019,105.25,2025-12-05,112.35,6.75,38716.0,4263704.0,156.0,ok
BENGALASM,Bengal & Assam Company Limited,NSE,BENGALASM.NS,INE083K01017,5880.45,2026-04-20,7062.0,20.09,275.0,1824154.0,30.0,ok
BHARATRAS,Bharat Rasayan Limited,NSE,BHARATRAS.NS,INE838B01021,2520.5,2025-12-05,1460.1,-42.07,32529.0,68349681.0,154.0,ok
BHARATFORG,Bharat Forge Limited,NSE,BHARATFORG.NS,INE465A01025,1406.0,2025-12-05,1902.9,35.34,1257721.0,2089276251.0,155.0,ok
BFINVEST,BF Investment Limited,NSE,BFINVEST.NS,INE878K01010,421.35,2025-12-05,435.75,3.42,25300.0,10555941.0,155.0,ok
BEML,BEML Limited,NSE,BEML.NS,INE258A01024,1710.3,2025-12-05,1729.3,1.11,330605.0,606994044.0,156.0,ok
BHARATCOAL,Bharat Coking Coal Limited,NSE,BHARATCOAL.NS,INE05XR01022,40.58,2026-01-19,38.76,-4.48,39417557.0,1501402657.0,91.0,ok
BESTAGRO,Best Agrolife Limited,NSE,BESTAGRO.NS,INE052T01021,25.32,2025-12-05,16.49,-34.88,3323142.0,86654117.0,156.0,ok
BFUTILITIE,BF Utilities Limited,NSE,BFUTILITIE.NS,INE243D01012,599.95,2025-12-05,599.15,-0.13,32000.0,18445671.0,155.0,ok
BERGEPAINT,Berger Paints (I) Limited,NSE,BERGEPAINT.NS,INE463A01038,554.5,2025-12-05,508.25,-8.34,461477.0,231056113.0,156.0,ok
BGRENERGY,BGR Energy Systems Limited,NSE,BGRENERGY.NS,INE661I01014,398.8,2025-12-05,339.3,-14.92,141336.0,50653749.0,154.0,ok
BEPL,Bhansali Engineering Polymers Limited,NSE,BEPL.NS,INE922A01025,90.24,2025-12-05,95.74,6.09,399579.0,36523137.0,156.0,ok
BIRLAMONEY,Aditya Birla Money Limited,NSE,BIRLAMONEY.NS,INE865C01022,150.29,2025-12-05,138.75,-7.68,73211.0,10244343.0,155.0,ok
BHANDARI,Bhandari Hosiery Exports Limited,NSE,BHANDARI.NS,INE474E01029,4.16,2025-12-05,3.17,-23.8,457769.0,1572943.0,155.0,ok
BHAGYANGR,Bhagyanagar India Limited,NSE,BHAGYANGR.NS,INE458B01036,132.42,2025-12-05,323.2,144.07,311777.0,55570842.0,155.0,ok
BIRLAPREC,Birla Precision Technologies Limited,NSE,BIRLAPREC.NS,INE372E01025,35.05,2026-04-20,38.94,11.1,133120.0,5589479.0,30.0,ok
BELRISE,Belrise Industries Limited,NSE,BELRISE.NS,INE894V01022,160.97,2025-12-05,217.89,35.36,6332717.0,1134754522.0,156.0,ok
BIRLACORPN,Birla Corporation Limited,NSE,BIRLACORPN.NS,INE340A01012,1084.5,2025-12-05,967.4,-10.8,90732.0,91102966.0,154.0,ok
BORORENEW,BOROSIL RENEWABLES LIMITED,NSE,BORORENEW.NS,INE666D01022,552.0,2025-12-05,501.35,-9.18,589659.0,320552057.0,156.0,ok
BOHRAIND,Bohra Industries Limited,NSE,BOHRAIND.NS,INE802W01023,18.01,2025-12-05,17.8,-1.17,13705.0,258144.0,154.0,ok
BONLON,Bonlon Industries Limited,NSE,BONLON.NS,INE0B9A01018,45.68,2026-02-23,43.8,-4.12,18872.0,910613.0,65.0,ok
BOROLTD,Borosil Limited,NSE,BOROLTD.NS,INE02PY01013,310.4,2025-12-05,220.04,-29.11,132460.0,34694760.0,155.0,ok
BOROSCI,Borosil Scientific Limited,NSE,BOROSCI.NS,INE02L001032,122.1,2025-12-05,151.47,24.05,103416.0,12793735.0,155.0,ok
BNAGROCHEM,BN Agrochem Limited,NSE,BNAGROCHEM.NS,INE00HZ01011,244.4,2026-04-20,339.35,38.85,8260.0,2521400.0,30.0,ok
BOMDYEING,Bombay Dyeing & Mfg Company Limited,NSE,BOMDYEING.NS,INE032A01023,133.46,2025-12-05,125.06,-6.29,982716.0,122951745.0,156.0,ok
BHAGERIA,Bhageria Industries Limited,NSE,BHAGERIA.NS,INE354C01027,176.91,2025-12-05,154.92,-12.43,225571.0,47324133.0,154.0,ok
BPL,BPL Limited,NSE,BPL.NS,INE110A01019,59.83,2025-12-05,52.85,-11.67,94091.0,5475931.0,156.0,ok
BRIGHOTEL,Brigade Hotel Ventures Limited,NSE,BRIGHOTEL.NS,INE03NU01014,74.98,2025-12-05,61.28,-18.27,198624.0,13319751.0,153.0,ok
BNALTD,B & A Limited,NSE,BNALTD.NS,INE489D01011,420.0,2026-04-20,340.0,-19.05,464.0,179351.0,26.0,ok
BOSCHLTD,Bosch Limited,NSE,BOSCHLTD.NS,INE323A01026,36920.0,2025-12-05,37220.0,0.81,30693.0,1107868741.0,154.0,ok
BMWVENTLTD,BMW Ventures Limited,NSE,BMWVENTLTD.NS,INE965W01036,59.86,2025-12-05,59.24,-1.04,304428.0,18909635.0,156.0,ok
BRIGADE,Brigade Enterprises Limited,NSE,BRIGADE.NS,INE791I01019,883.15,2025-12-05,650.5,-26.34,517511.0,395673625.0,155.0,ok
BLACKBUCK,BLACKBUCK LIMITED,NSE,BLACKBUCK.NS,INE0UIZ01018,630.7,2025-12-05,515.3,-18.3,845647.0,523875153.0,155.0,ok
BOSCH-HCIL,BOSCH HOME COMFORT INDIA LIMITED,NSE,BOSCH-HCIL.NS,INE782A01015,1473.4,2025-12-05,1395.2,-5.31,17385.0,25476124.0,155.0,ok
BLS,BLS International Services Limited,NSE,BLS.NS,INE153T01027,332.75,2025-12-05,269.15,-19.11,4239810.0,1238570816.0,156.0,ok
BIRLANU,BirlaNu Limited,NSE,BIRLANU.NS,INE557A01011,1571.8,2025-12-05,1300.4,-17.27,25228.0,40848212.0,153.0,ok
BLIL,Balmer Lawrie Investments Limited,NSE,BLIL.NS,INE525F01025,73.15,2026-04-20,72.17,-1.34,94787.0,7058409.0,30.0,ok
BODALCHEM,Bodal Chemicals Limited,NSE,BODALCHEM.NS,INE338D01028,52.02,2025-12-05,72.37,39.12,304318.0,18659456.0,154.0,ok
BLAL,BEML Land Assets Limited,NSE,BLAL.NS,INE0N7W01012,200.81,2025-12-05,185.88,-7.43,29050.0,5582425.0,155.0,ok
BLBLIMITED,BLB Limited,NSE,BLBLIMITED.NS,INE791A01024,15.0,2025-12-05,17.31,15.4,175198.0,2931413.0,155.0,ok
BLACKROSE,Black Rose Inds. Limited,NSE,BLACKROSE.NS,INE761G01016,83.25,2026-04-20,96.9,16.4,34358.0,3379738.0,30.0,ok
BPCL,Bharat Petroleum Corporation Limited,NSE,BPCL.NS,INE029A01011,360.3,2025-12-05,294.4,-18.29,9634076.0,3186031864.0,156.0,ok
BORANA,Borana Weaves Limited,NSE,BORANA.NS,INE16SF01016,271.0,2025-12-05,322.95,19.17,119509.0,36702638.0,153.0,ok
BLUSPRING,Bluspring Enterprises Limited,NSE,BLUSPRING.NS,INE0U4101014,67.54,2025-12-05,82.6,22.3,290571.0,17970091.0,155.0,ok
BLUECHIP,Blue Chip India Limited,NSE,BLUECHIP.NS,INE657B01025,3.34,2025-12-05,2.37,-29.04,10587.0,23338.0,153.0,ok
BLKASHYAP,B. L. Kashyap and Sons Limited,NSE,BLKASHYAP.NS,INE350H01032,47.46,2025-12-05,54.39,14.6,650434.0,34226373.0,155.0,ok
BLSE,BLS E-Services Limited,NSE,BLSE.NS,INE0NLT01010,208.96,2025-12-05,224.21,7.3,562357.0,104638024.0,155.0,ok
BLISSGVS,Bliss GVS Pharma Limited,NSE,BLISSGVS.NS,INE416D01022,171.23,2025-12-05,434.45,153.72,3516006.0,742738922.0,155.0,ok
BHAGCHEM,Bhagiradha Chemicals & Industries Limited,NSE,BHAGCHEM.NS,INE414D01027,233.3,2025-12-05,240.1,2.91,146993.0,32801694.0,153.0,ok
BLUEJET,Blue Jet Healthcare Limited,NSE,BLUEJET.NS,INE0KBH01020,544.6,2025-12-05,452.5,-16.91,588064.0,267474417.0,155.0,ok
BLUESTONE,BlueStone Jewellery and Lifestyle Limited,NSE,BLUESTONE.NS,INE304W01038,527.9,2025-12-05,494.85,-6.26,465370.0,249260101.0,154.0,ok
BLUECOAST,Blue Coast Hotels Limited,NSE,BLUECOAST.NS,INE472B01011,39.58,2025-12-05,31.0,-21.68,5308.0,184926.0,153.0,ok
BLUEDART,Blue Dart Express Limited,NSE,BLUEDART.NS,INE233B01017,5564.5,2025-12-05,4730.4,-14.99,73538.0,463096344.0,156.0,ok
CMPDI,Central Mine Planning & Design Institute Limited,NSE,CMPDI.NS,INE05HV01027,154.06,2026-03-30,235.55,52.89,5917477.0,1246906624.0,44.0,ok
CLEDUCATE,CL Educate Limited,NSE,CLEDUCATE.NS,INE201M01029,83.94,2025-12-05,46.47,-44.64,70551.0,3891429.0,153.0,ok
EBGNG,GNG Electronics Limited,NSE,EBGNG.NS,INE18JU01028,315.2,2025-12-05,441.4,40.04,297348.0,111122771.0,155.0,ok
DGCONTENT,Digicontent Limited,NSE,DGCONTENT.NS,INE03JI01017,32.13,2025-12-05,27.04,-15.84,31398.0,980620.0,153.0,ok
DISAQ,Disa India Limited,NSE,DISAQ.NS,INE131C01011,12307.15,2026-04-21,11593.0,-5.8,315.0,3726441.0,29.0,ok
DHANBANK,Dhanlaxmi Bank Limited,NSE,DHANBANK.NS,INE680A01011,25.52,2025-12-05,33.72,32.13,1244824.0,35691732.0,156.0,ok
DIAMINESQ,Diamines & Chemicals Limited,NSE,DIAMINESQ.NS,INE591D01014,271.95,2025-12-05,240.57,-11.54,11545.0,2984203.0,153.0,ok
DHRUV,Dhruv Consultancy Services Limited,NSE,DHRUV.NS,INE506Z01015,47.67,2025-12-05,28.38,-40.47,40385.0,1448904.0,154.0,ok
DHARMAJ,Dharmaj Crop Guard Limited,NSE,DHARMAJ.NS,INE00OQ01016,234.24,2025-12-05,285.8,22.01,54890.0,13960459.0,154.0,ok
DIACABS,Diamond Power Infrastructure Limited,NSE,DIACABS.NS,INE989C01038,144.32,2025-12-05,194.65,34.87,2458372.0,401369833.0,156.0,ok
DHANUKA,Dhanuka Agritech Limited,NSE,DHANUKA.NS,INE435G01025,1252.0,2025-12-05,1096.2,-12.44,69393.0,79431261.0,154.0,ok
BLUESTARCO,Blue Star Limited,NSE,BLUESTARCO.NS,INE472A01039,1734.4,2025-12-05,1579.6,-8.93,490438.0,872544433.0,155.0,ok
DHUNINV,Dhunseri Investments Limited,NSE,DHUNINV.NS,INE320L01011,1181.0,2025-12-05,790.55,-33.06,1900.0,1832053.0,153.0,ok
DIFFNKG,Diffusion Engineers Limited,NSE,DIFFNKG.NS,INE184O01015,283.25,2025-12-05,322.15,13.73,106824.0,32118864.0,153.0,ok
DIGITIDE,Digitide Solutions Limited,NSE,DIGITIDE.NS,INE0U4701011,130.73,2025-12-05,88.64,-32.2,378571.0,39353667.0,155.0,ok
DIGIDRIVE,Digidrive Distributors Limited,NSE,DIGIDRIVE.NS,INE0PSC01024,27.31,2025-12-05,18.94,-30.65,34812.0,809826.0,155.0,ok
DEVYANI,Devyani International Limited,NSE,DEVYANI.NS,INE872J01023,136.75,2025-12-05,111.83,-18.22,4040503.0,518580477.0,155.0,ok
DICIND,DIC India Limited,NSE,DICIND.NS,INE303A01010,509.8,2025-12-05,500.5,-1.82,2025.0,1048961.0,153.0,ok
DIGISPICE,DiGiSPICE Technologies Limited,NSE,DIGISPICE.NS,INE927C01020,25.35,2025-12-05,19.88,-21.58,114778.0,2353378.0,154.0,ok
DDEVPLSTIK,Ddev Plastiks Industries Limited,NSE,DDEVPLSTIK.NS,INE0HR601026,287.2,2025-12-05,244.75,-14.78,120255.0,31620964.0,154.0,ok
DEVX,Dev Accelerator Limited,NSE,DEVX.NS,INE0VOV01021,41.54,2025-12-05,36.87,-11.24,209614.0,8626108.0,154.0,ok
DECNGOLD,Deccan Gold Mines Limited,NSE,DECNGOLD.NS,INE945F01025,120.2,2026-04-20,165.8,37.94,1729583.0,256218802.0,30.0,ok
DHAMPURSUG,Dhampur Sugar Mills Limited,NSE,DHAMPURSUG.NS,INE041A01016,120.44,2025-12-05,138.85,15.29,432175.0,59493677.0,156.0,ok
DECCANCE,Deccan Cements Limited,NSE,DECCANCE.NS,INE583C01021,781.45,2025-12-05,618.95,-20.79,36159.0,27777838.0,153.0,ok
DCXINDIA,DCX Systems Limited,NSE,DCXINDIA.NS,INE0KL801015,170.28,2025-12-05,197.59,16.04,2479505.0,464629380.0,156.0,ok
DELHIVERY,Delhivery Limited,NSE,DELHIVERY.NS,INE148O01028,404.6,2025-12-05,437.95,8.24,2628371.0,1154541515.0,155.0,ok
DIAMONDYD,Prataap Snacks Limited,NSE,DIAMONDYD.NS,INE393P01035,1085.8,2025-12-05,1087.1,0.12,67032.0,71712029.0,153.0,ok
DEVIT,Dev Information Technology Limited,NSE,DEVIT.NS,INE060X01034,39.23,2025-12-05,28.87,-26.41,227656.0,7085093.0,154.0,ok
DEEPAKNTR,Deepak Nitrite Limited,NSE,DEEPAKNTR.NS,INE288B01029,1569.0,2025-12-05,1686.5,7.49,169748.0,275879917.0,155.0,ok
DENTA,Denta Water and Infra Solutions Limited,NSE,DENTA.NS,INE0R4L01018,350.2,2025-12-05,245.3,-29.95,346898.0,108566053.0,155.0,ok
DEEPINDS,Deep Industries Limited,NSE,DEEPINDS.NS,INE0FHS01024,432.3,2025-12-05,518.8,20.01,344864.0,149546692.0,156.0,ok
DEEPAKFERT,Deepak Fertilizers and Petrochemicals Corporation Limited,NSE,DEEPAKFERT.NS,INE501A01019,1292.6,2025-12-05,1405.7,8.75,432620.0,517088636.0,155.0,ok
DELTAMAGNT,Delta Manufacturing Limited,NSE,DELTAMAGNT.NS,INE393A01011,69.49,2025-12-05,62.45,-10.13,6896.0,456827.0,153.0,ok
DELTACORP,Delta Corp Limited,NSE,DELTACORP.NS,INE124G01033,70.2,2025-12-05,63.79,-9.13,3064346.0,220033312.0,156.0,ok
DEN,Den Networks Limited,NSE,DEN.NS,INE947J01015,31.29,2025-12-05,26.53,-15.21,449976.0,12874107.0,153.0,ok
DEEDEV,DEE Development Engineers Limited,NSE,DEEDEV.NS,INE841L01016,209.4,2025-12-05,654.2,212.42,2198565.0,641314939.0,154.0,ok
CMSINFO,CMS Info Systems Limited,NSE,CMSINFO.NS,INE925R01014,349.1,2025-12-05,305.95,-12.36,627516.0,204754078.0,156.0,ok
DIGJAMLMTD,Digjam Limited,NSE,DIGJAMLMTD.NS,INE731U01028,40.01,2025-12-05,44.88,12.17,8432.0,407054.0,154.0,ok
DENORA,De Nora India Limited,NSE,DENORA.NS,INE244A01016,700.4,2025-12-05,709.05,1.24,6091.0,4349442.0,154.0,ok
DIVGIITTS,Divgi Torqtransfer Systems Limited,NSE,DIVGIITTS.NS,INE753U01022,600.75,2025-12-05,789.45,31.41,32966.0,24062823.0,153.0,ok
DELPHIFX,DELPHI WORLD MONEY LIMITED,NSE,DELPHIFX.NS,INE726L01027,16.72,2025-12-05,8.07,-51.74,1168569.0,16846917.0,154.0,ok
DRCSYSTEMS,DRC Systems India Limited,NSE,DRCSYSTEMS.NS,INE03RS01027,17.31,2025-12-05,14.85,-14.21,77822.0,1273799.0,153.0,ok
DREDGECORP,Dredging Corporation of India Limited,NSE,DREDGECORP.NS,INE506A01018,880.55,2025-12-05,1223.3,38.92,624090.0,619106763.0,155.0,ok
DISHTV,Dish TV India Limited,NSE,DISHTV.NS,INE836F01026,4.03,2025-12-05,3.18,-21.09,4551418.0,15371400.0,156.0,ok
DREAMFOLKS,Dreamfolks Services Limited,NSE,DREAMFOLKS.NS,INE0JS101016,113.79,2025-12-05,73.58,-35.34,186216.0,18703326.0,154.0,ok
DTIL,Dhunseri Tea & Industries Limited,NSE,DTIL.NS,INE341R01014,162.47,2025-12-05,132.31,-18.56,9763.0,1490954.0,153.0,ok
DSFCL,DCM Shriram Fine Chemicals Limited,NSE,DSFCL.NS,INE0OFM01015,47.5,2026-02-17,24.47,-48.48,118079.0,3044619.0,70.0,ok
DVL,Dhunseri Ventures Limited,NSE,DVL.NS,INE477B01010,287.25,2025-12-05,237.93,-17.17,40495.0,11855128.0,153.0,ok
DUCON,Ducon Infratechnologies Limited,NSE,DUCON.NS,INE741L01018,3.6,2025-12-05,3.4,-5.56,632787.0,2389554.0,154.0,ok
DSSL,Dynacons Systems & Solutions Limited,NSE,DSSL.NS,INE417B01040,895.9,2025-12-05,1502.9,67.75,167332.0,189948514.0,155.0,ok
DYCL,Dynamic Cables Limited,NSE,DYCL.NS,INE600Y01019,333.45,2025-12-05,317.7,-4.72,286189.0,96176942.0,156.0,ok
DWARKESH,Dwarikesh Sugar Industries Limited,NSE,DWARKESH.NS,INE366A01041,38.41,2025-12-05,44.31,15.36,1590231.0,70745243.0,155.0,ok
DMCC,DMCC SPECIALITY CHEMICALS LIMITED,NSE,DMCC.NS,INE505A01010,263.1,2025-12-05,265.45,0.89,48295.0,13337541.0,153.0,ok
DRAGARWQ,Dr Agarwals Eye Hospital Limited,NSE,DRAGARWQ.NS,INE934C01018,4787.85,2026-04-20,5031.4,5.09,1030.0,5203419.0,30.0,ok
DYNPRO,Dynemic Products Limited,NSE,DYNPRO.NS,INE256H01015,268.6,2025-12-05,257.45,-4.15,23541.0,5768155.0,154.0,ok
DRREDDY,Dr. Reddy's Laboratories Limited,NSE,DRREDDY.NS,INE089A01031,1275.2,2025-12-05,1274.0,-0.09,1988536.0,2513648023.0,156.0,ok
DPSCLTD,DPSC Limited,NSE,DPSCLTD.NS,INE360C01024,10.23,2025-12-05,8.24,-19.45,141946.0,1343591.0,154.0,ok
EASEMYTRIP,Easy Trip Planners Limited,NSE,EASEMYTRIP.NS,INE07O001026,7.7,2025-12-05,6.95,-9.74,32524627.0,269161740.0,156.0,ok
DJML,DJ Mediaprint & Logistics Limited,NSE,DJML.NS,INE0B1K01014,59.53,2025-12-05,104.14,74.94,144967.0,11670622.0,154.0,ok
DIXON,Dixon Technologies (India) Limited,NSE,DIXON.NS,INE935N01020,13749.0,2025-12-05,11604.0,-15.6,599914.0,6937700795.0,156.0,ok
DYNAMATECH,Dynamatic Technologies Limited,NSE,DYNAMATECH.NS,INE221B01012,8478.5,2025-12-05,10321.0,21.73,30985.0,302201562.0,154.0,ok
DIVISLAB,Divi's Laboratories Limited,NSE,DIVISLAB.NS,INE361B01024,6473.5,2025-12-05,6533.0,0.92,334153.0,2141011404.0,155.0,ok
DNAMEDIA,Diligent Media Corporation Limited,NSE,DNAMEDIA.NS,INE016M01021,4.02,2025-12-05,2.9,-27.86,69286.0,253243.0,154.0,ok
E2E,E2E Networks Limited,NSE,E2E.NS,INE255Z01019,2123.8,2025-12-05,4324.4,103.62,133078.0,365389283.0,156.0,ok
DMART,Avenue Supermarts Limited,NSE,DMART.NS,INE192R01011,3952.1,2025-12-05,4057.0,2.65,469637.0,1903463987.0,156.0,ok
DODLA,Dodla Dairy Limited,NSE,DODLA.NS,INE021O01019,1221.8,2025-12-05,1098.2,-10.12,46686.0,54221101.0,153.0,ok
DLINKINDIA,D-Link (India) Limited,NSE,DLINKINDIA.NS,INE250K01012,434.65,2025-12-05,475.4,9.38,115020.0,49740337.0,156.0,ok
DPABHUSHAN,D. P. Abhushan Limited,NSE,DPABHUSHAN.NS,INE266Y01019,1532.4,2025-12-05,927.9,-39.45,22814.0,29140504.0,154.0,ok
DOLLAR,Dollar Industries Limited,NSE,DOLLAR.NS,INE325C01035,338.95,2025-12-05,260.25,-23.22,188657.0,59720185.0,155.0,ok
DPWIRES,D P Wires Limited,NSE,DPWIRES.NS,INE864X01013,200.61,2025-12-05,183.79,-8.38,23348.0,4407001.0,153.0,ok
DLF,DLF Limited,NSE,DLF.NS,INE271C01023,719.75,2025-12-05,591.85,-17.77,3588497.0,2230729703.0,156.0,ok
DOLPHIN,Dolphin Offshore Enterprises (India) Limited,NSE,DOLPHIN.NS,INE920A01037,348.8,2025-12-05,402.25,15.32,164611.0,70233724.0,155.0,ok
DONEAR,Donear Industries Limited,NSE,DONEAR.NS,INE668D01028,101.31,2025-12-05,93.34,-7.87,56086.0,5420545.0,154.0,ok
DCMSIL,DCM Shriram International Limited,NSE,DCMSIL.NS,INE0OU201013,52.21,2026-02-17,59.49,13.94,179681.0,14078613.0,69.0,ok
DCMSRIND,DCM Shriram Industries Limited,NSE,DCMSRIND.NS,INE843D01027,162.51,2025-12-05,36.84,-77.33,161533.0,12190118.0,155.0,ok
DCW,DCW Limited,NSE,DCW.NS,INE500A01029,54.68,2025-12-05,46.8,-14.41,1559038.0,81549516.0,156.0,ok
DCMSHRIRAM,DCM Shriram Limited,NSE,DCMSHRIRAM.NS,INE499A01024,1220.9,2025-12-05,1032.8,-15.41,153165.0,189473731.0,154.0,ok
DOMS,DOMS Industries Limited,NSE,DOMS.NS,INE321T01012,2600.5,2025-12-05,2182.4,-16.08,104573.0,241016983.0,155.0,ok
DOLATALGO,Dolat Algotech Limited,NSE,DOLATALGO.NS,INE966A01022,71.89,2025-12-05,74.53,3.67,519114.0,42980328.0,154.0,ok
CRAFTSMAN,Craftsman Automation Limited,NSE,CRAFTSMAN.NS,INE00LO01017,7102.5,2025-12-05,8979.0,26.42,80855.0,644934910.0,154.0,ok
CPEDU,Career Point Edutech Limited,NSE,CPEDU.NS,INE0P6P01016,279.0,2025-12-05,182.0,-34.77,12871.0,3243914.0,154.0,ok
CRAMC,Canara Robeco Asset Management Company Limited,NSE,CRAMC.NS,INE218I01013,284.35,2025-12-05,250.12,-12.04,1364489.0,405312638.0,154.0,ok
COROMANDEL,Coromandel International Limited,NSE,COROMANDEL.NS,INE169A01031,2300.3,2025-12-05,1758.3,-23.56,363118.0,771201585.0,156.0,ok
COUNCODOS,Country Condo's Limited,NSE,COUNCODOS.NS,INE695B01025,6.0,2025-12-05,5.0,-16.67,72457.0,400833.0,153.0,ok
CPPLUS,Aditya Infotech Limited,NSE,CPPLUS.NS,INE819V01029,1511.9,2025-12-05,3213.7,112.56,278738.0,534878508.0,156.0,ok
CREDITACC,CREDITACCESS GRAMEEN LIMITED,NSE,CREDITACC.NS,INE741K01010,1290.7,2025-12-05,1315.4,1.91,675967.0,925995534.0,155.0,ok
CREATIVEYE,Creative Eye Limited,NSE,CREATIVEYE.NS,INE230B01021,7.59,2025-12-05,6.66,-12.25,23589.0,167056.0,153.0,ok
CORONA,CORONA Remedies Limited,NSE,CORONA.NS,INE02ZQ01018,1438.4,2025-12-15,1700.5,18.22,219197.0,319008241.0,113.0,ok
CPCAP,CP Capital Limited,NSE,CPCAP.NS,INE521J01018,110.73,2025-12-05,96.29,-13.04,19120.0,1946270.0,154.0,ok
CRIZAC,Crizac Limited,NSE,CRIZAC.NS,INE0S4R01014,274.3,2025-12-05,216.05,-21.24,363489.0,95325535.0,155.0,ok
COSMOFIRST,COSMO FIRST LIMITED,NSE,COSMOFIRST.NS,INE757A01017,718.65,2025-12-05,734.35,2.18,98782.0,70616591.0,154.0,ok
CORDSCABLE,Cords Cable Industries Limited,NSE,CORDSCABLE.NS,INE792I01017,191.43,2025-12-05,223.04,16.51,59904.0,11965439.0,154.0,ok
CORALFINAC,Coral India Finance & Housing Limited,NSE,CORALFINAC.NS,INE558D01021,39.92,2025-12-05,31.8,-20.34,28326.0,1079310.0,154.0,ok
CONSOFINVT,Consolidated Finvest & Holdings Limited,NSE,CONSOFINVT.NS,INE025A01027,162.73,2025-12-05,240.97,48.08,20281.0,4336072.0,153.0,ok
COFORGE,Coforge Limited,NSE,COFORGE.NS,INE591G01025,1977.9,2025-12-05,1519.5,-23.18,2930466.0,4196221910.0,156.0,ok
CONTROLPR,Control Print Limited,NSE,CONTROLPR.NS,INE663B01015,726.25,2025-12-05,610.5,-15.94,27044.0,18227264.0,153.0,ok
CNL,Creative Newtech Limited,NSE,CNL.NS,INE985W01018,702.35,2025-12-05,633.0,-9.87,14306.0,9636080.0,153.0,ok
CRISIL,CRISIL Limited,NSE,CRISIL.NS,INE007A01025,4449.3,2025-12-05,3849.7,-13.48,57395.0,250023318.0,156.0,ok
COASTCORP,Coastal Corporation Limited,NSE,COASTCORP.NS,INE377E01024,42.54,2025-12-05,48.18,13.26,175350.0,8375940.0,154.0,ok
COCKERILL,John Cockerill India Limited,NSE,COCKERILL.NS,INE515A01019,5277.35,2026-04-22,7593.5,43.89,11548.0,74360919.0,30.0,ok
COALINDIA,Coal India Limited,NSE,COALINDIA.NS,INE522F01014,379.95,2025-12-05,472.15,24.27,10858246.0,4757625621.0,156.0,ok
CREST,Crest Ventures Limited,NSE,CREST.NS,INE559D01011,365.1,2025-12-05,345.0,-5.51,16603.0,6026623.0,153.0,ok
COCHINSHIP,Cochin Shipyard Limited,NSE,COCHINSHIP.NS,INE704P01025,1644.0,2025-12-05,1467.7,-10.72,1278589.0,2013082208.0,156.0,ok
COFFEEDAY,Coffee Day Enterprises Limited,NSE,COFFEEDAY.NS,INE335K01011,33.34,2025-12-05,40.76,22.26,1560550.0,49278784.0,155.0,ok
CONFIPET,Confidence Petroleum India Limited,NSE,CONFIPET.NS,INE552D01024,36.03,2025-12-05,69.81,93.76,2240758.0,110981798.0,156.0,ok
COMPUSOFT,Compucom Software Limited,NSE,COMPUSOFT.NS,INE453B01029,16.94,2025-12-05,13.55,-20.01,45128.0,665228.0,154.0,ok
COMSYN,Commercial Syn Bags Limited,NSE,COMSYN.NS,INE073V01015,139.75,2025-12-05,153.01,9.49,75787.0,11868805.0,154.0,ok
CONCORDBIO,Concord Biotech Limited,NSE,CONCORDBIO.NS,INE338H01029,1408.4,2025-12-05,1166.2,-17.2,289903.0,353539193.0,155.0,ok
CSBBANK,CSB Bank Limited,NSE,CSBBANK.NS,INE679A01013,386.7,2025-12-05,368.7,-4.65,846710.0,366411459.0,155.0,ok
DBREALTY,Valor Estate Limited,NSE,DBREALTY.NS,INE879I01012,120.41,2025-12-05,114.53,-4.88,2196915.0,261478880.0,155.0,ok
CROWN,Crown Lifters Limited,NSE,CROWN.NS,INE491V01019,131.85,2025-12-05,109.79,-16.73,24493.0,3275696.0,153.0,ok
COLPAL,Colgate Palmolive (India) Limited,NSE,COLPAL.NS,INE259A01022,2164.4,2025-12-05,1998.8,-7.65,420002.0,888288423.0,156.0,ok
CONCOR,Container Corporation of India Limited,NSE,CONCOR.NS,INE111A01025,511.05,2025-12-05,459.45,-10.1,1726778.0,864779933.0,156.0,ok
DATAPATTNS,Data Patterns (India) Limited,NSE,DATAPATTNS.NS,INE0IX101010,2766.3,2025-12-05,4025.2,45.51,867566.0,2864670421.0,156.0,ok
CROMPTON,Crompton Greaves Consumer Electricals Limited,NSE,CROMPTON.NS,INE299U01018,260.1,2025-12-05,273.45,5.13,3422310.0,904466623.0,156.0,ok
DAVANGERE,Davangere Sugar Company Limited,NSE,DAVANGERE.NS,INE179G01029,3.9,2025-12-05,3.69,-5.38,15702311.0,64864060.0,156.0,ok
DBL,Dilip Buildcon Limited,NSE,DBL.NS,INE917M01012,452.05,2025-12-05,420.65,-6.95,307985.0,140671471.0,153.0,ok
DBOL,Dhampur Bio Organics Limited,NSE,DBOL.NS,INE0I3401014,77.56,2025-12-05,112.72,45.33,183060.0,18790207.0,154.0,ok
COHANCE,Cohance Lifesciences Limited,NSE,COHANCE.NS,INE03QK01018,542.55,2025-12-05,428.9,-20.95,2087427.0,922923732.0,156.0,ok
DBEIL,Deepak Builders & Engineers India Limited,NSE,DBEIL.NS,INE0OPA01019,124.5,2025-12-05,81.34,-34.67,91446.0,8480601.0,153.0,ok
COMFINTE,Comfort Intech Limited,NSE,COMFINTE.NS,INE819A01049,7.45,2026-04-20,6.04,-18.93,603119.0,4491451.0,30.0,ok
DBSTOCKBRO,DB (International) Stock Brokers Limited,NSE,DBSTOCKBRO.NS,INE921B01025,25.03,2025-12-05,34.09,36.2,17817.0,467875.0,153.0,ok
DCBBANK,DCB Bank Limited,NSE,DCBBANK.NS,INE503A01015,173.12,2025-12-05,173.2,0.05,2825759.0,491420911.0,155.0,ok
DCI,Dc Infotech And Communication Limited,NSE,DCI.NS,INE0A1101019,241.65,2025-12-05,278.15,15.1,24769.0,7406726.0,153.0,ok
DCAL,Dishman Carbogen Amcis Limited,NSE,DCAL.NS,INE385W01011,222.8,2025-12-05,199.1,-10.64,413532.0,84055714.0,155.0,ok
DCMNVL,DCM Nouvelle Limited,NSE,DCMNVL.NS,INE08KP01019,133.81,2025-12-05,155.0,15.84,15771.0,2142661.0,155.0,ok
DCM,DCM  Limited,NSE,DCM.NS,INE498A01018,94.43,2025-12-05,94.11,-0.34,15704.0,1304524.0,153.0,ok
DANGEE,Dangee Dums Limited,NSE,DANGEE.NS,INE688Y01022,3.62,2025-12-05,3.24,-10.5,142082.0,512898.0,153.0,ok
DAMODARIND,Damodar Industries Limited,NSE,DAMODARIND.NS,INE497D01022,31.77,2025-12-05,30.79,-3.08,13694.0,394689.0,154.0,ok
CYBERMEDIA,Cyber Media (India) Limited,NSE,CYBERMEDIA.NS,INE278G01037,16.11,2025-12-05,17.52,8.75,16328.0,274946.0,153.0,ok
CTE,Cambridge Technology Enterprises Limited,NSE,CTE.NS,INE627H01017,40.41,2025-12-05,32.95,-18.46,32719.0,1208661.0,153.0,ok
CSLFINANCE,CSL Finance Limited,NSE,CSLFINANCE.NS,INE718F01018,294.0,2025-12-05,227.74,-22.54,32734.0,8259568.0,153.0,ok
CUBEXTUB,Cubex Tubings Limited,NSE,CUBEXTUB.NS,INE144D01012,89.98,2025-12-05,87.86,-2.36,250088.0,27940575.0,155.0,ok
DBCORP,D.B.Corp Limited,NSE,DBCORP.NS,INE950I01011,254.0,2025-12-05,205.25,-19.19,118503.0,27973117.0,154.0,ok
DCMFINSERV,DCM Financial Services Limited,NSE,DCMFINSERV.NS,INE891B01012,5.51,2025-12-05,5.92,7.44,34197.0,196489.0,153.0,ok
CUB,City Union Bank Limited,NSE,CUB.NS,INE491A01021,271.85,2025-12-05,249.6,-8.18,2939594.0,778235857.0,155.0,ok
DATAMATICS,Datamatics Global Services Limited,NSE,DATAMATICS.NS,INE365B01017,837.3,2025-12-05,834.75,-0.3,187852.0,153683829.0,156.0,ok
CURAA,Cura Technologies Limited,NSE,CURAA.NS,INE117B01020,136.82,2025-12-05,88.0,-35.68,752.0,90817.0,153.0,ok
CUPID,Cupid Limited,NSE,CUPID.NS,INE509F01029,73.02,2025-12-05,128.35,75.77,29649432.0,2523688213.0,156.0,ok
CUMMINSIND,Cummins India Limited,NSE,CUMMINSIND.NS,INE298A01020,4468.9,2025-12-05,5708.0,27.73,633467.0,2937891140.0,156.0,ok
CYBERTECH,Cybertech Systems And Software Limited,NSE,CYBERTECH.NS,INE214A01019,150.12,2025-12-05,143.55,-4.38,61690.0,8558789.0,155.0,ok
DAMCAPITAL,Dam Capital Advisors Limited,NSE,DAMCAPITAL.NS,INE284H01025,213.71,2025-12-05,147.13,-31.15,788847.0,156099283.0,156.0,ok
CYIENTDLM,Cyient DLM Limited,NSE,CYIENTDLM.NS,INE055S01018,426.95,2025-12-05,463.9,8.65,626253.0,209168646.0,156.0,ok
DAICHI,Dai-Ichi Karkaria Limited,NSE,DAICHI.NS,INE928C01010,255.6,2026-04-21,234.97,-8.07,4038.0,1009000.0,29.0,ok
BELLACASA,Bella Casa Fashion & Retail Limited,NSE,BELLACASA.NS,INE344T01014,398.95,2025-12-05,243.97,-38.85,15072.0,4918867.0,154.0,ok
DALBHARAT,Dalmia Bharat Limited,NSE,DALBHARAT.NS,INE00R701025,1989.0,2025-12-05,1749.7,-12.03,292663.0,585282250.0,154.0,ok
BEEKAY,Beekay Steel Industries Limited,NSE,BEEKAY.NS,INE213D01015,424.3,2026-04-20,405.25,-4.49,2035.0,835501.0,30.0,ok
AKASH,Akash Infra-Projects Limited,NSE,AKASH.NS,INE737W01013,24.77,2025-12-05,27.36,10.46,33051.0,990065.0,153.0,ok
DABUR,Dabur India Limited,NSE,DABUR.NS,INE016A01026,510.1,2025-12-05,425.5,-16.58,2044446.0,991212611.0,156.0,ok
CYIENT,Cyient Limited,NSE,CYIENT.NS,INE136B01020,1169.2,2025-12-05,925.6,-20.83,406750.0,420634771.0,156.0,ok
AKCAPIT,AK Capital Services Limited,NSE,AKCAPIT.NS,INE701G01012,1549.2,2026-04-20,1740.8,12.37,513.0,835645.0,30.0,ok
AKI,AKI India Limited,NSE,AKI.NS,INE642Z01026,6.88,2025-12-05,4.78,-30.52,142847.0,764937.0,154.0,ok
AKSHAR,Akshar Spintex Limited,NSE,AKSHAR.NS,INE256Z01025,0.54,2025-12-05,0.46,-14.81,1224085.0,594981.0,154.0,ok
BEL,Bharat Electronics Limited,NSE,BEL.NS,INE263A01024,406.9,2025-12-05,407.85,0.23,15530846.0,6616182613.0,156.0,ok
ALKYLAMINE,Alkyl Amines Chemicals Limited,NSE,ALKYLAMINE.NS,INE150B01039,1637.4,2025-12-05,1778.7,8.63,138675.0,224421735.0,156.0,ok
DALMIASUG,Dalmia Bharat Sugar and Industries Limited,NSE,DALMIASUG.NS,INE495A01022,295.45,2025-12-05,338.35,14.52,450436.0,169825572.0,153.0,ok
AKUMS,Akums Drugs and Pharmaceuticals Limited,NSE,AKUMS.NS,INE09XN01023,420.0,2025-12-05,531.25,26.49,220720.0,105322449.0,153.0,ok
ALBERTDAVD,Albert David Limited,NSE,ALBERTDAVD.NS,INE155C01010,783.55,2025-12-05,715.45,-8.69,4664.0,3406378.0,153.0,ok
ALANKIT,Alankit Limited,NSE,ALANKIT.NS,INE914E01040,10.82,2025-12-05,8.42,-22.18,274880.0,2632987.0,154.0,ok
AJOONI,Ajooni Biotech Limited,NSE,AJOONI.NS,INE820Y01021,4.54,2025-12-05,4.01,-11.67,404635.0,1819535.0,154.0,ok
ALEMBICLTD,Alembic Limited,NSE,ALEMBICLTD.NS,INE426A01027,100.85,2025-12-05,87.35,-13.39,262692.0,24543458.0,155.0,ok
ALIVUS,Alivus Life Sciences Limited,NSE,ALIVUS.NS,INE03Q201024,883.75,2025-12-05,1047.6,18.54,90790.0,86672293.0,155.0,ok
AHLADA,Ahlada Engineers Limited,NSE,AHLADA.NS,INE00PV01013,50.36,2025-12-05,41.2,-18.19,21407.0,1066689.0,155.0,ok
AKG,Akg Exim Limited,NSE,AKG.NS,INE00Y801016,12.17,2025-12-05,11.26,-7.48,65866.0,831150.0,154.0,ok
AJAXENGG,Ajax Engineering Limited,NSE,AJAXENGG.NS,INE274Y01021,615.4,2025-12-05,590.4,-4.06,93444.0,50439736.0,154.0,ok
AGARWALEYE,Dr. Agarwal's Health Care Limited,NSE,AGARWALEYE.NS,INE943P01029,506.0,2025-12-05,476.55,-5.82,187186.0,90646787.0,153.0,ok
ALKALI,Alkali Metals Limited,NSE,ALKALI.NS,INE773I01017,79.51,2025-12-05,97.86,23.08,16476.0,1325546.0,153.0,ok
AJMERA,Ajmera Realty & Infra India Limited,NSE,AJMERA.NS,INE298G01035,197.38,2025-12-05,115.44,-41.51,460716.0,65132727.0,155.0,ok
ALICON,Alicon Castalloy Limited,NSE,ALICON.NS,INE062D01024,882.45,2025-12-05,663.8,-24.78,32034.0,28607581.0,153.0,ok
AGIIL,Agi Infra Limited,NSE,AGIIL.NS,INE976R01033,276.75,2025-12-05,381.6,37.89,1877497.0,604661065.0,156.0,ok
ALGOQUANT,Algoquant Fintech Limited,NSE,ALGOQUANT.NS,INE598D01035,69.15,2026-01-06,55.71,-19.44,1108533.0,64392692.0,98.0,ok
AGRITECH,Agri-Tech (India) Limited,NSE,AGRITECH.NS,INE449G01018,130.99,2025-12-05,108.86,-16.89,24430.0,3599635.0,153.0,ok
AHLEAST,Asian Hotels (East) Limited,NSE,AHLEAST.NS,INE926K01017,135.48,2025-12-05,156.71,15.67,6833.0,1039024.0,153.0,ok
AKSHOPTFBR,Aksh Optifibre Limited,NSE,AKSHOPTFBR.NS,INE523B01011,6.22,2025-12-05,6.34,1.93,298022.0,1709067.0,154.0,ok
AGI,AGI Greenpac Limited,NSE,AGI.NS,INE415A01038,746.6,2025-12-05,611.35,-18.12,298450.0,188108294.0,154.0,ok
AHLWEST,Asian Hotels (West) Limited,NSE,AHLWEST.NS,INE915K01010,144.15,2025-12-05,579.85,302.25,831.0,409244.0,155.0,ok
AHLUCONT,Ahluwalia Contracts (India) Limited,NSE,AHLUCONT.NS,INE758C01029,993.1,2025-12-05,793.45,-20.1,128241.0,116515671.0,156.0,ok
AIRAN,Airan Limited,NSE,AIRAN.NS,INE645W01026,18.22,2025-12-05,16.95,-6.97,111285.0,2032789.0,154.0,ok
AGROPHOS,Agro Phos India Limited,NSE,AGROPHOS.NS,INE740V01019,38.55,2025-12-05,31.16,-19.17,28153.0,1017416.0,154.0,ok
AIAENG,AIA Engineering Limited,NSE,AIAENG.NS,INE212H01026,3765.8,2025-12-05,4552.3,20.89,76830.0,295682844.0,153.0,ok
AHCL,Anlon Healthcare Limited,NSE,AHCL.NS,INE0Y8W01025,14.85,2025-12-05,13.63,-8.23,2634321.0,35516449.0,156.0,ok
AIIL,Authum Investment & Infrastructure Limited,NSE,AIIL.NS,INE206F01022,528.26,2025-12-05,453.65,-14.12,594475.0,310321291.0,156.0,ok
AIROLAM,Airo Lam limited,NSE,AIROLAM.NS,INE801L01010,106.5,2025-12-05,80.55,-24.37,4259.0,404838.0,153.0,ok
ALKEM,Alkem Laboratories Limited,NSE,ALKEM.NS,INE540L01014,5675.5,2025-12-05,5239.0,-7.69,128034.0,711049674.0,155.0,ok
BEDMUTHA,Bedmutha Industries Limited,NSE,BEDMUTHA.NS,INE844K01012,101.44,2025-12-05,114.61,12.98,13492.0,1589602.0,153.0,ok
ALLCARGO,Allcargo Logistics Limited,NSE,ALLCARGO.NS,INE418H01029,12.99,2025-12-05,8.89,-31.56,5170951.0,62270444.0,156.0,ok
ANANTRAJ,Anant Raj Limited,NSE,ANANTRAJ.NS,INE242C01024,526.3,2025-12-05,552.2,4.92,2905228.0,1578368453.0,156.0,ok
AKSHARCHEM,AksharChem India Limited,NSE,AKSHARCHEM.NS,INE542B01011,250.3,2025-12-05,191.0,-23.69,5621.0,1202107.0,154.0,ok
ANMOL,Anmol India Limited,NSE,ANMOL.NS,INE02AR01019,13.96,2025-12-05,11.41,-18.27,57203.0,721436.0,154.0,ok
ANDHRAPAP,ANDHRA PAPER LIMITED,NSE,ANDHRAPAP.NS,INE435A01051,66.56,2025-12-05,61.82,-7.12,128844.0,8404846.0,154.0,ok
ANDHRSUGAR,The Andhra Sugars Limited,NSE,ANDHRSUGAR.NS,INE715B01021,75.44,2025-12-05,77.97,3.35,319969.0,26800900.0,156.0,ok
AJANTPHARM,Ajanta Pharma Limited,NSE,AJANTPHARM.NS,INE031B01049,2640.6,2025-12-05,2912.2,10.29,117614.0,333149079.0,154.0,ok
ANTHEM,Anthem Biosciences Limited,NSE,ANTHEM.NS,INE0CZ201020,654.45,2025-12-05,755.6,15.46,378217.0,263947861.0,156.0,ok
ANTELOPUS,Antelopus Selan Energy Limited,NSE,ANTELOPUS.NS,INE818A01017,380.4,2025-12-05,854.2,124.55,391453.0,215505754.0,156.0,ok
ANUHPHR,Anuh Pharma Limited,NSE,ANUHPHR.NS,INE489G01022,82.25,2025-12-05,75.53,-8.17,50383.0,4020795.0,154.0,ok
ANURAS,Anupam Rasayan India Limited,NSE,ANURAS.NS,INE930P01018,1261.4,2025-12-05,1324.9,5.03,332723.0,421287504.0,155.0,ok
ANIKINDS,Anik Industries Limited,NSE,ANIKINDS.NS,INE087B01017,55.93,2025-12-05,44.5,-20.44,36439.0,1927671.0,154.0,ok
ALLTIME,All Time Plastics Limited,NSE,ALLTIME.NS,INE0GV601021,277.0,2025-12-05,219.22,-20.86,151438.0,38406240.0,155.0,ok
ANGELONE,Angel One Limited,NSE,ANGELONE.NS,INE732I01021,264.17,2025-12-05,342.65,29.71,9444410.0,2557173717.0,156.0,ok
ANANDRATHI,Anand Rathi Wealth Limited,NSE,ANANDRATHI.NS,INE463V01026,2897.9,2025-12-05,3539.3,22.13,271249.0,872333997.0,156.0,ok
ALLDIGI,Alldigi Tech Limited,NSE,ALLDIGI.NS,INE835G01018,846.3,2025-12-05,829.75,-1.96,8833.0,7413357.0,153.0,ok
APARINDS,Apar Industries Limited,NSE,APARINDS.NS,INE372A01015,8899.0,2025-12-05,13270.0,49.12,108912.0,1101231987.0,156.0,ok
APCL,Anjani Portland Cement Limited,NSE,APCL.NS,INE071F01012,120.12,2025-12-05,122.17,1.71,9965.0,1257042.0,153.0,ok
ANUP,The Anup Engineering Limited,NSE,ANUP.NS,INE294Z01018,2184.4,2025-12-05,1870.3,-14.38,37593.0,71460423.0,155.0,ok
AMANTA,Amanta Healthcare Limited,NSE,AMANTA.NS,INE084K01015,103.24,2025-12-05,115.32,11.7,112232.0,13039565.0,154.0,ok
ALPA,Alpa Laboratories Limited,NSE,ALPA.NS,INE385I01010,81.31,2025-12-05,69.7,-14.28,25602.0,1852790.0,153.0,ok
ANTGRAPHIC,Antarctica Limited,NSE,ANTGRAPHIC.NS,INE414B01021,0.95,2025-12-05,0.81,-14.74,234338.0,212925.0,153.0,ok
APCOTEXIND,Apcotex Industries Limited,NSE,APCOTEXIND.NS,INE116A01032,383.9,2025-12-05,494.1,28.71,47947.0,21182934.0,155.0,ok
AMRUTANJAN,Amrutanjan Health Care Limited,NSE,AMRUTANJAN.NS,INE098F01031,656.95,2025-12-05,555.85,-15.39,20286.0,12133489.0,155.0,ok
AMNPLST,Amines & Plasticizers Limited,NSE,AMNPLST.NS,INE275D01022,187.36,2025-12-05,202.46,8.06,20389.0,4050692.0,154.0,ok
AMBER,Amber Enterprises India Limited,NSE,AMBER.NS,INE371P01015,6562.5,2025-12-05,7591.5,15.68,349557.0,2512367658.0,156.0,ok
AMAGI,Amagi Media Labs Limited,NSE,AMAGI.NS,INE121R01077,348.25,2026-01-21,425.55,22.2,798591.0,294948901.0,88.0,ok
ALMONDZ,Almondz Global Securities Limited,NSE,ALMONDZ.NS,INE326B01035,16.87,2025-12-05,13.14,-22.11,188565.0,2942507.0,156.0,ok
ALPHAGEO,Alphageo (India) Limited,NSE,ALPHAGEO.NS,INE137C01018,225.71,2025-12-05,211.78,-6.17,11282.0,2534665.0,154.0,ok
AMBALALSA,Ambalal Sarabhai Enterprises Limited,NSE,AMBALALSA.NS,INE432A01017,33.35,2026-04-22,37.3,11.84,107112.0,3633985.0,29.0,ok
AMJLAND,Amj Land Holdings Limited,NSE,AMJLAND.NS,INE606A01024,52.48,2025-12-05,36.84,-29.8,27521.0,1253172.0,153.0,ok
AMBICAAGAR,Ambica Agarbathies & Aroma industries Limited,NSE,AMBICAAGAR.NS,INE792B01012,25.7,2025-12-05,23.69,-7.82,9865.0,247946.0,153.0,ok
AMIRCHAND,Amir Chand Jagdish Kumar (Exports) Limited,NSE,AMIRCHAND.NS,INE05TO01019,180.0,2026-04-02,121.94,-32.26,2071204.0,295902887.0,42.0,ok
ALOKINDS,Alok Industries Limited,NSE,ALOKINDS.NS,INE270A01029,16.19,2025-12-05,12.3,-24.03,5860557.0,85896621.0,156.0,ok
AMDIND,AMD Industries Limited,NSE,AMDIND.NS,INE005I01014,52.11,2025-12-05,48.94,-6.08,25076.0,1236151.0,153.0,ok
AMBIKCO,Ambika Cotton Mills Limited,NSE,AMBIKCO.NS,INE540G01014,1237.2,2025-12-05,1697.6,37.21,10179.0,14424835.0,155.0,ok
AMBUJACEM,Ambuja Cements Limited,NSE,AMBUJACEM.NS,INE079A01024,533.8,2025-12-05,439.35,-17.69,2458627.0,1192734716.0,156.0,ok
AFSL,Abans Financial Services Limited,NSE,AFSL.NS,INE00ZE01026,201.07,2025-12-05,201.22,0.07,25975.0,5262286.0,153.0,ok
ABANSENT,Abans Enterprises Limited,NSE,ABANSENT.NS,INE365O01028,26.5,2026-04-20,25.7,-3.02,34360.0,1184441.0,30.0,ok
AARTIPHARM,Aarti Pharmalabs Limited,NSE,AARTIPHARM.NS,INE0LRU01027,721.55,2025-12-05,635.2,-11.97,208027.0,150763494.0,155.0,ok
AFFORDABLE,Affordable Robotic & Automation Limited,NSE,AFFORDABLE.NS,INE692Z01013,215.38,2025-12-05,185.94,-13.67,45221.0,9180292.0,153.0,ok
AFIL,Akme Fintrade (India) Limited,NSE,AFIL.NS,INE916Y01027,7.05,2025-12-05,10.04,42.41,1653831.0,12455820.0,154.0,ok
AARTISURF,Aarti Surfactants Limited,NSE,AARTISURF.NS,INE09EO01013,402.05,2025-12-05,380.25,-5.42,14796.0,6090171.0,153.0,ok
AAVAS,Aavas Financiers Limited,NSE,AAVAS.NS,INE216P01012,1497.1,2025-12-05,1305.0,-12.83,204199.0,287531533.0,156.0,ok
AARVI,Aarvi Encon Limited,NSE,AARVI.NS,INE754X01016,124.09,2025-12-05,131.64,6.08,30241.0,3999332.0,153.0,ok
ABCOTS,A B Cotspin India Limited,NSE,ABCOTS.NS,INE08PH01015,409.9,2025-12-05,219.03,-46.57,42208.0,13477585.0,154.0,ok
ABCAPITAL,Aditya Birla Capital Limited,NSE,ABCAPITAL.NS,INE674K01013,358.75,2025-12-05,351.3,-2.08,5553987.0,1896525979.0,156.0,ok
ABB,ABB India Limited,NSE,ABB.NS,INE117A01022,5173.5,2025-12-05,7146.0,38.13,355712.0,2161522484.0,156.0,ok
AGARIND,Agarwal Industrial Corporation Limited,NSE,AGARIND.NS,INE204E01012,728.0,2025-12-05,424.7,-41.66,46011.0,23850993.0,154.0,ok
ABBOTINDIA,Abbott India Limited,NSE,ABBOTINDIA.NS,INE358A01014,28945.0,2025-12-05,26295.0,-9.16,9186.0,252022429.0,156.0,ok
ABFRL,Aditya Birla Fashion and Retail Limited,NSE,ABFRL.NS,INE647O01011,77.41,2025-12-05,61.9,-20.04,5765020.0,393331814.0,156.0,ok
ABDL,Allied Blenders and Distillers Limited,NSE,ABDL.NS,INE552Z01027,628.45,2025-12-05,546.6,-13.02,505591.0,277269120.0,154.0,ok
ABLBL,Aditya Birla Lifestyle Brands Limited,NSE,ABLBL.NS,INE14LE01019,128.55,2025-12-05,99.08,-22.92,2059513.0,233505665.0,155.0,ok
ABMKNO,ABM Knowledgeware Limited,NSE,ABMKNO.NS,INE850B01026,252.0,2026-04-20,209.0,-17.06,1951.0,437368.0,30.0,ok
ABINFRA,A B Infrabuild Limited,NSE,ABINFRA.NS,INE00YB01025,18.13,2025-12-05,11.22,-38.11,1265167.0,23020380.0,155.0,ok
ABMINTLLTD,ABM International Limited,NSE,ABMINTLLTD.NS,INE251C01025,45.06,2025-12-05,45.76,1.55,1603.0,79857.0,154.0,ok
360ONE,360 ONE WAM LIMITED,NSE,360ONE.NS,INE466L01038,1146.7,2025-12-05,1089.2,-5.01,984802.0,1084663508.0,154.0,ok
3BBLACKBIO,3B Blackbio Dx Limited,NSE,3BBLACKBIO.NS,INE994E01018,1301.9,2026-04-20,1113.5,-14.47,10976.0,13736645.0,30.0,ok
AARTIDRUGS,Aarti Drugs Limited,NSE,AARTIDRUGS.NS,INE767A01016,405.0,2025-12-05,380.8,-5.98,165692.0,67772195.0,156.0,ok
AARTECH,Aartech Solonics Limited,NSE,AARTECH.NS,INE01C001026,50.24,2025-12-05,41.45,-17.5,75839.0,3697711.0,154.0,ok
3MINDIA,3M India Limited,NSE,3MINDIA.NS,INE470A01017,34125.0,2025-12-05,32610.0,-4.44,6970.0,239854257.0,153.0,ok
3PLAND,3P Land Holdings Limited,NSE,3PLAND.NS,INE105C01023,39.1,2025-12-05,31.85,-18.54,6772.0,245219.0,154.0,ok
A2ZINFRA,A2Z Infra Engineering Limited,NSE,A2ZINFRA.NS,INE619I01012,16.04,2025-12-05,14.38,-10.35,263330.0,4264486.0,154.0,ok
AARTIIND,Aarti Industries Limited,NSE,AARTIIND.NS,INE769A01020,363.05,2025-12-05,469.75,29.39,1096665.0,464940185.0,156.0,ok
3IINFOLTD,3i Infotech Limited,NSE,3IINFOLTD.NS,INE748C01038,16.65,2025-12-05,17.4,4.5,579671.0,9460411.0,154.0,ok
AADHARHFC,Aadhar Housing Finance Limited,NSE,AADHARHFC.NS,INE883F01010,481.4,2025-12-05,465.15,-3.38,360897.0,173517330.0,155.0,ok
AARON,Aaron Industries Limited,NSE,AARON.NS,INE721Z01010,180.3,2025-12-05,117.61,-34.77,17024.0,2869476.0,154.0,ok
AAKASH,Aakash Exploration Services Limited,NSE,AAKASH.NS,INE087Z01024,8.86,2025-12-05,9.38,5.87,282796.0,2810040.0,154.0,ok
KSL,Kalyani Steels Limited,NSE,KSL.NS,INE907A01026,763.05,2025-12-05,854.8,12.02,46905.0,35589777.0,155.0,ok
AAREYDRUGS,Aarey Drugs & Pharmaceuticals Limited,NSE,AAREYDRUGS.NS,INE198H01019,75.62,2025-12-05,75.6,-0.03,173483.0,12860665.0,153.0,ok
ABSLAMC,Aditya Birla Sun Life AMC Limited,NSE,ABSLAMC.NS,INE404A01024,726.5,2025-12-05,1027.2,41.39,404581.0,369654192.0,155.0,ok
63MOONS,63 moons technologies limited,NSE,63MOONS.NS,INE111B01023,807.05,2025-12-05,624.15,-22.66,245171.0,178936957.0,156.0,ok
AEPL,Artemis Electricals and Projects Limited,NSE,AEPL.NS,INE757T01025,18.19,2026-03-12,16.24,-10.72,34923.0,597644.0,53.0,ok
ABREL,Aditya Birla Real Estate Limited,NSE,ABREL.NS,INE055A01016,1750.3,2025-12-05,1230.1,-29.72,251979.0,362146614.0,156.0,ok
5PAISA,5Paisa Capital Limited,NSE,5PAISA.NS,INE618L01018,314.45,2025-12-05,324.75,3.28,188362.0,64649898.0,154.0,ok
ADVENTHTL,Advent Hotels International Limited,NSE,ADVENTHTL.NS,INE28GN01010,207.84,2025-12-05,140.48,-32.41,287089.0,59301634.0,137.0,ok
ADVANCE,Advance Agrolife Limited,NSE,ADVANCE.NS,INE1B0W01010,118.21,2025-12-05,102.63,-13.18,654046.0,84326657.0,154.0,ok
AAATECH,AAA Technologies Limited,NSE,AAATECH.NS,INE0D0U01013,96.83,2025-12-05,92.47,-4.5,62819.0,6107649.0,153.0,ok
ACC,ACC Limited,NSE,ACC.NS,INE012A01025,1798.2,2025-12-05,1369.9,-23.82,235741.0,384950452.0,156.0,ok
ADVENZYMES,Advanced Enzyme Technologies Limited,NSE,ADVENZYMES.NS,INE837H01020,305.9,2025-12-05,392.1,28.18,262873.0,87886747.0,155.0,ok
ADVANIHOTR,Advani Hotels & Resorts (India) Limited,NSE,ADVANIHOTR.NS,INE199C01026,56.83,2025-12-05,53.04,-6.67,46371.0,2612579.0,154.0,ok
AARNAV,Aarnav Fashions Limited,NSE,AARNAV.NS,INE750R01016,27.93,2026-02-25,25.54,-8.56,82474.0,1999019.0,63.0,ok
AEQUS,Aequs Limited,NSE,AEQUS.NS,INE947N01017,151.29,2025-12-10,181.6,20.03,5224914.0,831261562.0,118.0,ok
AEROENTER,Aeroflex Enterprises Limited,NSE,AEROENTER.NS,INE065D01027,82.84,2025-12-05,96.25,16.19,338467.0,29076768.0,154.0,ok
AEGISVOPAK,Aegis Vopak Terminals Limited,NSE,AEGISVOPAK.NS,INE0INX01018,259.6,2025-12-05,195.41,-24.73,905633.0,201139818.0,156.0,ok
AEGISLOG,Aegis Logistics Limited,NSE,AEGISLOG.NS,INE208C01025,740.95,2025-12-05,767.15,3.54,700763.0,489230032.0,155.0,ok
AEROFLEX,Aeroflex Industries Limited,NSE,AEROFLEX.NS,INE024001021,176.75,2025-12-05,419.45,137.31,2332849.0,624838132.0,156.0,ok
ADROITINFO,Adroit Infotech Limited,NSE,ADROITINFO.NS,INE737B01033,10.28,2025-12-05,9.03,-12.16,66434.0,652400.0,153.0,ok
AFFLE,Affle 3i Limited,NSE,AFFLE.NS,INE00WC01027,1632.8,2025-12-05,1498.9,-8.2,305638.0,479872751.0,155.0,ok
AERONEU,Aeroflex Neu Limited,NSE,AERONEU.NS,INE035801013,76.35,2025-12-05,88.04,15.31,48069.0,3849605.0,154.0,ok
ADVAIT,Advait Energy Transitions Limited,NSE,ADVAIT.NS,INE0ALI01010,1391.8,2026-01-20,1972.4,41.72,54825.0,100096301.0,90.0,ok
AFCONS,Afcons Infrastructure Limited,NSE,AFCONS.NS,INE101I01011,398.9,2025-12-05,327.15,-17.99,995840.0,345286766.0,156.0,ok
ADSL,Allied Digital Services Limited,NSE,ADSL.NS,INE102I01027,161.29,2025-12-05,123.41,-23.49,273025.0,36608070.0,155.0,ok
ACCURACY,Accuracy Shipping Limited,NSE,ACCURACY.NS,INE648Z01023,5.85,2025-12-05,5.69,-2.74,151701.0,797319.0,154.0,ok
AETHER,Aether Industries Limited,NSE,AETHER.NS,INE0BWX01014,847.5,2025-12-05,1098.7,29.64,332404.0,335763664.0,156.0,ok
ACEINTEG,Ace Integrated Solutions Limited,NSE,ACEINTEG.NS,INE543V01017,22.0,2025-12-05,20.65,-6.14,11579.0,242722.0,153.0,ok
ACSTECH,ACS Technologies Limited,NSE,ACSTECH.NS,INE366C01021,40.0,2026-04-20,32.47,-18.82,78361.0,2780918.0,30.0,ok
ACL,Andhra Cements Limited,NSE,ACL.NS,INE666E01020,73.76,2025-12-05,54.34,-26.33,32106.0,1928884.0,153.0,ok
ACUTAAS,Acutaas Chemicals Limited,NSE,ACUTAAS.NS,INE00FF01025,1707.6,2025-12-05,3037.6,77.89,437874.0,938168414.0,155.0,ok
ACCELYA,Accelya Solutions India Limited,NSE,ACCELYA.NS,INE793A01012,1319.9,2025-12-05,1156.1,-12.41,18452.0,23728154.0,156.0,ok
ACI,Archean Chemical Industries Limited,NSE,ACI.NS,INE128X01021,503.25,2025-12-05,536.2,6.55,140765.0,80943727.0,155.0,ok
ACMESOLAR,Acme Solar Holdings Limited,NSE,ACMESOLAR.NS,INE622W01025,212.64,2025-12-05,334.75,57.43,1447928.0,387119778.0,156.0,ok
ADANIENSOL,Adani Energy Solutions Limited,NSE,ADANIENSOL.NS,INE931S01010,978.85,2025-12-05,1530.6,56.37,2122950.0,2423403464.0,156.0,ok
ADANIGREEN,Adani Green Energy Limited,NSE,ADANIGREEN.NS,INE364U01010,1017.7,2025-12-05,1449.4,42.42,3653106.0,3887980298.0,156.0,ok
ADANIPOWER,Adani Power Limited,NSE,ADANIPOWER.NS,INE814H01029,143.78,2025-12-05,235.93,64.09,32978854.0,5861357150.0,156.0,ok
ADL,Archidply Decor Limited,NSE,ADL.NS,INE0CHO01012,73.08,2025-12-05,72.01,-1.46,3021.0,239308.0,153.0,ok
ADANIPORTS,Adani Ports and Special Economic Zone Limited,NSE,ADANIPORTS.NS,INE742F01042,1509.4,2025-12-05,1814.5,20.21,2557393.0,3895267949.0,156.0,ok
ADFFOODS,ADF Foods Limited,NSE,ADFFOODS.NS,INE982B01027,201.5,2025-12-05,273.15,35.56,229534.0,52795383.0,155.0,ok
ADOR,Ador Welding Limited,NSE,ADOR.NS,INE045A01017,1065.0,2025-12-05,1108.8,4.11,33138.0,35632825.0,155.0,ok
APEX,Apex Frozen Foods Limited,NSE,APEX.NS,INE346W01013,266.85,2025-12-05,441.2,65.34,1312291.0,486922407.0,156.0,ok
BAGFILMS,B.A.G Films and Media Limited,NSE,BAGFILMS.NS,INE116D01028,6.39,2025-12-05,5.0,-21.75,125205.0,726391.0,155.0,ok
APLAPOLLO,APL Apollo Tubes Limited,NSE,APLAPOLLO.NS,INE702C01027,1771.0,2025-12-05,1769.2,-0.1,690486.0,1351017245.0,155.0,ok
BAIDFIN,Baid Finserv Limited,NSE,BAIDFIN.NS,INE020D01022,9.99,2025-12-05,10.48,4.9,155836.0,1717240.0,153.0,ok
BAJAJ-AUTO,Bajaj Auto Limited,NSE,BAJAJ-AUTO.NS,INE917I01010,9109.0,2025-12-05,10281.0,12.87,352553.0,3348780325.0,156.0,ok
BAJAJELEC,Bajaj Electricals Limited,NSE,BAJAJELEC.NS,INE193E01025,481.1,2025-12-05,312.9,-34.96,341837.0,137317730.0,156.0,ok
BAJAJHFL,Bajaj Housing Finance Limited,NSE,BAJAJHFL.NS,INE377Y01014,95.55,2025-12-05,83.28,-12.84,8741970.0,810624955.0,156.0,ok
BAJAJINDEF,Indef Manufacturing Limited,NSE,BAJAJINDEF.NS,INE0O9T01021,338.55,2025-12-05,247.8,-26.81,37822.0,11530520.0,154.0,ok
BAJAJFINSV,Bajaj Finserv Limited,NSE,BAJAJFINSV.NS,INE918I01026,2096.5,2025-12-05,1741.4,-16.94,1156934.0,2213090974.0,156.0,ok
BAJAJCON,Bajaj Consumer Care Limited,NSE,BAJAJCON.NS,INE933K01021,268.95,2025-12-05,571.65,112.55,1356837.0,499980318.0,156.0,ok
ADANIENT,Adani Enterprises Limited,NSE,ADANIENT.NS,INE423A01024,2265.4,2025-12-05,2968.1,31.02,1866739.0,4275678964.0,156.0,ok
AZAD,Azad Engineering Limited,NSE,AZAD.NS,INE02IJ01035,1626.8,2025-12-05,2066.1,27.0,266378.0,485291049.0,156.0,ok
AYMSYNTEX,AYM Syntex Limited,NSE,AYMSYNTEX.NS,INE193B01039,155.16,2025-12-05,223.99,44.36,29914.0,5734024.0,154.0,ok
BAFNAPH,Bafna Pharmaceuticals Limited,NSE,BAFNAPH.NS,INE878I01022,143.15,2025-12-05,145.41,1.58,4196.0,584822.0,153.0,ok
BAJAJHIND,Bajaj Hindusthan Sugar Limited,NSE,BAJAJHIND.NS,INE306A01021,19.56,2025-12-05,18.72,-4.29,7548683.0,137264839.0,156.0,ok
AVADHSUGAR,Avadh Sugar & Energy Limited,NSE,AVADHSUGAR.NS,INE349W01017,358.1,2025-12-05,456.45,27.46,74846.0,31171486.0,154.0,ok
BAJAJHLDNG,Bajaj Holdings & Investment Limited,NSE,BAJAJHLDNG.NS,INE118A01012,11181.0,2025-12-05,10240.0,-8.42,67703.0,751348677.0,156.0,ok
BAJEL,Bajel Projects Limited,NSE,BAJEL.NS,INE0KQN01018,172.44,2025-12-05,194.01,12.51,895281.0,156184926.0,156.0,ok
APLLTD,Alembic Pharmaceuticals Limited,NSE,APLLTD.NS,INE901L01018,899.8,2025-12-05,725.5,-19.37,123557.0,102238997.0,155.0,ok
BAJFINANCE,Bajaj Finance Limited,NSE,BAJFINANCE.NS,INE296A01032,1048.0,2025-12-05,882.0,-15.84,8261424.0,7869158138.0,156.0,ok
BAJAJHCARE,Bajaj Healthcare Limited,NSE,BAJAJHCARE.NS,INE411U01027,419.65,2025-12-05,299.8,-28.56,168663.0,60326260.0,156.0,ok
BAJAJST,Bajaj Steel Industries Limited,NSE,BAJAJST.NS,INE704G01024,474.45,2026-04-21,386.3,-18.58,14991.0,6007147.0,29.0,ok
AVANTEL,Avantel Limited,NSE,AVANTEL.NS,INE005B01027,147.99,2025-12-05,176.14,19.02,2098039.0,329953939.0,156.0,ok
AVG,AVG Logistics Limited,NSE,AVG.NS,INE680Z01018,163.24,2025-12-05,154.15,-5.57,41696.0,6751990.0,154.0,ok
AYE,Aye Finance Limited,NSE,AYE.NS,INE501X01029,128.91,2026-02-16,163.98,27.21,2033070.0,270153517.0,72.0,ok
AVL,Aditya Vision Limited,NSE,AVL.NS,INE679V01027,504.5,2025-12-05,508.2,0.73,193600.0,99730615.0,154.0,ok
AVANTIFEED,Avanti Feeds Limited,NSE,AVANTIFEED.NS,INE871C01038,819.6,2025-12-05,1158.6,41.36,1165067.0,1313454681.0,155.0,ok
AVALON,Avalon Technologies Limited,NSE,AVALON.NS,INE0LCL01028,862.45,2025-12-05,1511.9,75.3,307391.0,353783103.0,156.0,ok
AXITA,Axita Cotton Limited,NSE,AXITA.NS,INE02EZ01022,9.71,2025-12-05,7.81,-19.56,1028949.0,9166236.0,155.0,ok
AWFIS,Awfis Space Solutions Limited,NSE,AWFIS.NS,INE108V01019,492.5,2025-12-05,317.15,-35.6,381783.0,141586971.0,156.0,ok
AVONMORE,Avonmore Capital & Management Services Limited,NSE,AVONMORE.NS,INE323B01024,17.03,2025-12-05,10.32,-39.4,275680.0,4181710.0,153.0,ok
AVTNPL,AVT Natural Products Limited,NSE,AVTNPL.NS,INE488D01021,66.6,2025-12-05,71.01,6.62,158250.0,11224768.0,154.0,ok
AWHCL,Antony Waste Handling Cell Limited,NSE,AWHCL.NS,INE01BK01022,432.4,2025-12-05,463.15,7.11,552149.0,289714161.0,156.0,ok
AXISCADES,AXISCADES Technologies Limited,NSE,AXISCADES.NS,INE555B01013,1352.8,2025-12-05,1682.2,24.35,109160.0,171627386.0,156.0,ok
AVG-RE,AVG Logistics Limited-RE,NSE,AVG-RE.NS,INE680Z20018,,,,,,,,too_few_bars
BBTCL,B&B Triplewall Containers Limited,NSE,BBTCL.NS,INE01EE01011,199.93,2025-12-05,209.13,4.6,5635.0,1144891.0,153.0,ok
BALAJEE,Shree Tirupati Balajee Agro Trading Company Limited,NSE,BALAJEE.NS,INE0S2G01011,40.5,2025-12-05,29.05,-28.27,106272.0,3664070.0,154.0,ok
AWL,AWL Agri Business Limited,NSE,AWL.NS,INE699H01024,252.8,2025-12-05,190.65,-24.58,3194309.0,697328604.0,156.0,ok
BATLIBOI,Batliboi Limited,NSE,BATLIBOI.NS,INE177C01022,15.7,2026-04-15,78.62,400.76,19870.0,1610085.0,34.0,ok
AVROIND,AVRO INDIA LIMITED,NSE,AVROIND.NS,INE652Z01025,13.0,2025-12-05,10.23,-21.33,305825.0,3877793.0,155.0,ok
BALAMINES,Balaji Amines Limited,NSE,BALAMINES.NS,INE050E01027,1126.2,2025-12-05,2016.1,79.02,342002.0,459063890.0,156.0,ok
BALAJITELE,Balaji Telefilms Limited,NSE,BALAJITELE.NS,INE794B01026,113.08,2025-12-05,90.58,-19.9,478792.0,49204890.0,154.0,ok
AXISBANK,Axis Bank Limited,NSE,AXISBANK.NS,INE238A01034,1282.5,2025-12-05,1251.1,-2.45,6493455.0,8310365673.0,155.0,ok
BAYERCROP,Bayer Cropscience Limited,NSE,BAYERCROP.NS,INE462A01022,4495.1,2025-12-05,4465.8,-0.65,26180.0,120237434.0,155.0,ok
BCONCEPTS,Brand Concepts Limited,NSE,BCONCEPTS.NS,INE977Y01011,299.9,2025-12-05,199.9,-33.34,10331.0,2693772.0,153.0,ok
BCLIND,Bcl Industries Limited,NSE,BCLIND.NS,INE412G01024,32.11,2025-12-05,32.36,0.78,649416.0,20969358.0,155.0,ok
BBOX,Black Box Limited,NSE,BBOX.NS,INE676A01027,528.5,2025-12-05,1031.8,95.23,658350.0,440871579.0,156.0,ok
BBL,Bharat Bijlee Limited,NSE,BBL.NS,INE464A01036,2887.8,2025-12-05,2747.8,-4.85,38079.0,104366335.0,156.0,ok
BASF,BASF India Limited,NSE,BASF.NS,INE373A01013,4045.7,2025-12-05,3348.5,-17.23,21499.0,80619051.0,155.0,ok
BBTC,The Bombay Burmah Trading Corporation Limited,NSE,BBTC.NS,INE050A01025,1850.5,2025-12-05,1512.4,-18.27,130374.0,244583049.0,155.0,ok
BCPL,BCPL Railway Infrastructure Limited,NSE,BCPL.NS,INE00SW01015,72.28,2026-03-27,77.2,6.81,66379.0,5186776.0,44.0,ok
BCG,Brightcom Group Limited,NSE,BCG.NS,INE425B01027,11.41,2025-12-05,10.52,-7.8,6876425.0,79342997.0,156.0,ok
BDL,Bharat Dynamics Limited,NSE,BDL.NS,INE171Z01026,1512.5,2025-12-05,1206.1,-20.26,1547793.0,2155279659.0,156.0,ok
BECTORFOOD,Mrs. Bectors Food Specialities Limited,NSE,BECTORFOOD.NS,INE495P01020,255.48,2025-12-05,172.09,-32.64,646499.0,141440077.0,156.0,ok
BEARDSELL,Beardsell Limited,NSE,BEARDSELL.NS,INE520H01022,29.56,2025-12-05,29.66,0.34,33610.0,997321.0,154.0,ok
BALAXI,BALAXI PHARMACEUTICALS LIMITED,NSE,BALAXI.NS,INE618N01022,34.1,2025-12-05,25.43,-25.43,128045.0,3334129.0,153.0,ok
BASML,Bannari Amman Spinning Mills Limited,NSE,BASML.NS,INE186H01022,29.32,2025-12-05,24.92,-15.01,157030.0,3848409.0,154.0,ok
BALKRISHNA,Balkrishna Paper Mills Limited,NSE,BALKRISHNA.NS,INE875R01011,20.63,2025-12-05,18.21,-11.73,33528.0,572997.0,154.0,ok
BANSWRAS,Banswara Syntex Limited,NSE,BANSWRAS.NS,INE629D01020,116.83,2025-12-05,124.18,6.29,31270.0,3574715.0,153.0,ok
BANARBEADS,Banaras Beads Limited,NSE,BANARBEADS.NS,INE655B01011,128.04,2025-12-05,108.02,-15.64,8089.0,1095790.0,154.0,ok
BATAINDIA,Bata India Limited,NSE,BATAINDIA.NS,INE176A01028,966.95,2025-12-05,670.3,-30.68,166956.0,142066346.0,156.0,ok
BALKRISIND,Balkrishna Industries Limited,NSE,BALKRISIND.NS,INE787D01026,2383.0,2025-12-05,2150.3,-9.77,180374.0,424314399.0,154.0,ok
BALUFORGE,Balu Forge Industries Limited,NSE,BALUFORGE.NS,INE011E01029,620.15,2025-12-05,465.2,-24.99,974442.0,487282998.0,156.0,ok
BANSALWIRE,Bansal Wire Industries Limited,NSE,BANSALWIRE.NS,INE0B9K01025,322.8,2025-12-05,309.45,-4.14,119683.0,35470178.0,154.0,ok
BALPHARMA,Bal Pharma Limited,NSE,BALPHARMA.NS,INE083D01012,71.47,2025-12-05,87.39,22.28,15029.0,1202652.0,153.0,ok
BALMLAWRIE,Balmer Lawrie & Company Limited,NSE,BALMLAWRIE.NS,INE164A01016,181.33,2025-12-05,181.15,-0.1,175651.0,31676650.0,155.0,ok
BANG,Bang Overseas Limited,NSE,BANG.NS,INE863I01016,52.24,2025-12-05,38.99,-25.36,24591.0,1215134.0,154.0,ok
BANARISUG,Bannari Amman Sugars Limited,NSE,BANARISUG.NS,INE459A01010,3600.0,2025-12-05,3600.4,0.01,591.0,2127372.0,154.0,ok
AVAILFC,Available Finance Limited,NSE,AVAILFC.NS,INE325G01010,153.65,2026-04-20,159.5,3.81,3458.0,539694.0,30.0,ok
BALRAMCHIN,Balrampur Chini Mills Limited,NSE,BALRAMCHIN.NS,INE119A01028,444.15,2025-12-05,537.4,21.0,624498.0,304389211.0,156.0,ok
BANDHANBNK,Bandhan Bank Limited,NSE,BANDHANBNK.NS,INE545U01014,140.08,2025-12-05,206.33,47.29,10603016.0,1797907679.0,156.0,ok
BANCOINDIA,Banco Products (I) Limited,NSE,BANCOINDIA.NS,INE213C01025,747.75,2025-12-05,654.8,-12.43,532287.0,386131210.0,155.0,ok
AUTOIND,Autoline Industries Limited,NSE,AUTOIND.NS,INE718H01014,71.94,2025-12-05,77.5,7.73,174805.0,13130588.0,155.0,ok
BANKA,Banka BioLoo Limited,NSE,BANKA.NS,INE862Y01015,70.16,2025-12-05,92.33,31.6,9635.0,658562.0,153.0,ok
ARMANFIN,Arman Financial Services Limited,NSE,ARMANFIN.NS,INE109C01017,1490.1,2025-12-05,1589.0,6.64,43399.0,69561761.0,155.0,ok
AROGRANITE,Aro Granite Industries Limited,NSE,AROGRANITE.NS,INE210C01013,30.55,2025-12-05,25.0,-18.17,29825.0,926298.0,153.0,ok
BANKBARODA,Bank of Baroda,NSE,BANKBARODA.NS,INE028A01039,292.6,2025-12-05,265.8,-9.16,10014819.0,2842255120.0,156.0,ok
ARVEE,Arvee Laboratories (India) Limited,NSE,ARVEE.NS,INE006Z01016,197.48,2025-12-05,158.61,-19.68,12197.0,2852739.0,153.0,ok
AUTOAXLES,Automotive Axles Limited,NSE,AUTOAXLES.NS,INE449A01011,1822.8,2025-12-05,1752.2,-3.87,14103.0,26021919.0,154.0,ok
ARSSBL,Anand Rathi Share and Stock Brokers Limited,NSE,ARSSBL.NS,INE549H01021,604.25,2025-12-05,536.15,-11.27,819176.0,494346458.0,156.0,ok
APOLLO,Apollo Micro Systems Limited,NSE,APOLLO.NS,INE713T01028,261.9,2025-12-05,437.0,66.86,8990866.0,2785261673.0,156.0,ok
ARTNIRMAN,Art Nirman Limited,NSE,ARTNIRMAN.NS,INE738V01013,48.18,2025-12-05,42.95,-10.86,4815.0,234153.0,154.0,ok
BANKINDIA,Bank of India,NSE,BANKINDIA.NS,INE084A01016,143.11,2025-12-05,137.29,-4.07,10914927.0,1629493934.0,156.0,ok
ARTEMISMED,Artemis Medicare Services Limited,NSE,ARTEMISMED.NS,INE025R01021,269.9,2025-12-05,270.9,0.37,206476.0,52634698.0,153.0,ok
ARVINDFASN,Arvind Fashions Limited,NSE,ARVINDFASN.NS,INE955V01021,489.4,2025-12-05,476.05,-2.73,288532.0,136229757.0,155.0,ok
ARVSMART,Arvind SmartSpaces Limited,NSE,ARVSMART.NS,INE034S01021,604.65,2025-12-05,594.5,-1.68,145789.0,83563479.0,154.0,ok
ARROWGREEN,Arrow Greentech Limited,NSE,ARROWGREEN.NS,INE570D01018,508.95,2025-12-05,564.6,10.93,63504.0,33664436.0,154.0,ok
ASAL,Automotive Stampings and Assemblies Limited,NSE,ASAL.NS,INE900C01027,506.15,2025-12-05,531.7,5.05,32979.0,16596843.0,155.0,ok
ARVIND,Arvind Limited,NSE,ARVIND.NS,INE034A01011,331.8,2025-12-05,500.65,50.89,649058.0,249466056.0,156.0,ok
ASAHISONG,Asahi Songwon Colors Limited,NSE,ASAHISONG.NS,INE228I01012,255.75,2025-12-05,259.14,1.33,18794.0,4686793.0,154.0,ok
ASALCBR,Associated Alcohols & Breweries Ltd.,NSE,ASALCBR.NS,INE073G01016,970.5,2025-12-05,833.15,-14.15,77688.0,79099587.0,155.0,ok
ARIS,Arisinfra Solutions Limited,NSE,ARIS.NS,INE0H9P01028,129.04,2025-12-05,115.66,-10.37,1100895.0,135222328.0,155.0,ok
ARKADE,Arkade Developers Limited,NSE,ARKADE.NS,INE0QRL01017,163.11,2025-12-05,114.62,-29.73,521567.0,69242827.0,154.0,ok
ARIHANTSUP,Arihant Superstructures Limited,NSE,ARIHANTSUP.NS,INE643K01018,333.6,2025-12-05,266.85,-20.01,111246.0,30344406.0,154.0,ok
APOLLOPIPE,Apollo Pipes Limited,NSE,APOLLOPIPE.NS,INE126J01016,292.4,2025-12-05,478.85,63.77,949146.0,383841409.0,155.0,ok
APOLSINHOT,Apollo Sindoori Hotels Limited,NSE,APOLSINHOT.NS,INE451F01024,1257.0,2025-12-05,1273.6,1.32,1145.0,1379818.0,153.0,ok
APOLLOTYRE,Apollo Tyres Limited,NSE,APOLLOTYRE.NS,INE438A01022,521.45,2025-12-05,391.75,-24.87,1106120.0,506697814.0,156.0,ok
AQYLON,Aqylon Nexus Limited,NSE,AQYLON.NS,INE416A01051,1365.6,2025-12-05,59.6,-95.64,1117322.0,106660207.0,155.0,ok
ASHAPURMIN,Ashapura Minechem Limited,NSE,ASHAPURMIN.NS,INE348A01023,679.55,2025-12-05,726.5,6.91,861602.0,578983985.0,156.0,ok
ASAHIINDIA,Asahi India Glass Limited,NSE,ASAHIINDIA.NS,INE439A01020,1027.1,2025-12-05,899.15,-12.46,252347.0,232933870.0,156.0,ok
APOLLOHOSP,Apollo Hospitals Enterprise Limited,NSE,APOLLOHOSP.NS,INE437A01024,7189.5,2025-12-05,8089.5,12.52,398803.0,3002226055.0,156.0,ok
ARCHIDPLY,Archidply Industries Limited,NSE,ARCHIDPLY.NS,INE877I01016,88.23,2025-12-05,77.51,-12.15,21396.0,1753991.0,155.0,ok
ARENTERP,Rajdarshan Industries Limited,NSE,ARENTERP.NS,INE610C01014,57.5,2025-12-05,38.16,-33.63,2374.0,107398.0,153.0,ok
APTUS,Aptus Value Housing Finance India Limited,NSE,APTUS.NS,INE852O01025,281.7,2025-12-05,260.6,-7.49,1631913.0,417089668.0,155.0,ok
APTECHT,Aptech Limited,NSE,APTECHT.NS,INE266F01018,100.64,2025-12-05,104.18,3.52,339573.0,33654171.0,156.0,ok
ARFIN,Arfin India Limited,NSE,ARFIN.NS,INE784R01023,60.77,2025-12-05,90.85,49.5,1120121.0,94347128.0,154.0,ok
ASHIKA,Ashika Credit Capital Limited,NSE,ASHIKA.NS,INE094B01013,382.25,2026-04-20,364.9,-4.54,110062.0,41613933.0,30.0,ok
ARIHANT,Arihant Foundations & Housing Limited,NSE,ARIHANT.NS,INE413D01011,39.65,2026-04-13,812.65,1949.56,4879.0,4035758.0,34.0,ok
ASHIMASYN,Ashima Limited,NSE,ASHIMASYN.NS,INE440A01010,18.21,2025-12-05,16.66,-8.51,129486.0,2135133.0,155.0,ok
ARIHANTCAP,Arihant Capital Markets Limited,NSE,ARIHANTCAP.NS,INE420B01036,95.94,2025-12-05,66.01,-31.2,1597357.0,159538349.0,155.0,ok
ARE&M,Amara Raja Energy & Mobility Limited,NSE,ARE&M.NS,INE885A01032,945.6,2025-12-05,866.15,-8.4,850392.0,750225285.0,156.0,ok
ARCHIES,Archies Limited,NSE,ARCHIES.NS,INE731A01020,19.0,2025-12-05,14.36,-24.42,25056.0,403668.0,153.0,ok
ARIES,Aries Agro Limited,NSE,ARIES.NS,INE298I01015,325.75,2025-12-05,332.05,1.93,36598.0,12927414.0,154.0,ok
ASHIANA,Ashiana Housing Limited,NSE,ASHIANA.NS,INE365D01021,302.1,2025-12-05,362.35,19.94,136009.0,45012667.0,155.0,ok
ATL,Allcargo Terminals Limited,NSE,ATL.NS,INE0NN701020,25.96,2025-12-05,24.08,-7.24,316296.0,8770597.0,154.0,ok
ATGL,Adani Total Gas Limited,NSE,ATGL.NS,INE399L01023,593.15,2025-12-05,738.15,24.45,3810434.0,2415596376.0,156.0,ok
ATUL,Atul Limited,NSE,ATUL.NS,INE100A01010,5865.5,2025-12-05,6641.0,13.22,33109.0,208023568.0,156.0,ok
ATLANTAELE,Atlanta Electricals Limited,NSE,ATLANTAELE.NS,INE0Z4F01028,871.25,2025-12-05,1952.5,124.1,202411.0,236124625.0,155.0,ok
ATLANTAA,ATLANTAA LIMITED,NSE,ATLANTAA.NS,INE285H01022,40.58,2025-12-05,41.54,2.37,101683.0,4468087.0,154.0,ok
ATLASCYCLE,Atlas Cycles (Haryana) Limited,NSE,ATLASCYCLE.NS,INE446A01025,97.23,2025-12-05,99.45,2.28,13269.0,1426001.0,153.0,ok
AURIGROW,Auri Grow India Limited,NSE,AURIGROW.NS,INE925Y01036,0.57,2025-12-05,0.31,-45.61,15618982.0,8710719.0,155.0,ok
ATULAUTO,Atul Auto Limited,NSE,ATULAUTO.NS,INE951D01028,443.2,2025-12-05,476.3,7.47,421495.0,202159365.0,155.0,ok
AUBANK,AU Small Finance Bank Limited,NSE,AUBANK.NS,INE949L01017,960.7,2025-12-05,976.45,1.64,2597424.0,2477257695.0,155.0,ok
ATALREAL,Atal Realtech Limited,NSE,ATALREAL.NS,INE0ALR01029,24.31,2025-12-05,29.01,19.33,3545675.0,89776323.0,153.0,ok
AUSOMENT,Ausom Enterprise Limited,NSE,AUSOMENT.NS,INE218C01016,117.25,2025-12-05,123.15,5.03,36795.0,5167594.0,154.0,ok
AURUM,Aurum PropTech Limited,NSE,AURUM.NS,INE898S01029,171.64,2025-12-05,180.11,4.93,101983.0,18362310.0,155.0,ok
ATAM,Atam Valves Limited,NSE,ATAM.NS,INE09KD01013,82.53,2025-12-05,70.3,-14.82,21887.0,1765116.0,154.0,ok
ATHERENERG,Ather Energy Limited,NSE,ATHERENERG.NS,INE0LEZ01016,675.2,2025-12-05,960.6,42.27,3532907.0,2732550305.0,156.0,ok
ASTRON,Astron Paper & Board Mill Limited,NSE,ASTRON.NS,INE646X01014,6.19,2025-12-05,3.95,-36.19,80558.0,483977.0,154.0,ok
AUROPHARMA,Aurobindo Pharma Limited,NSE,AUROPHARMA.NS,INE406A01037,1217.6,2025-12-05,1429.2,17.38,1393853.0,1757305992.0,154.0,ok
ASKAUTOLTD,ASK Automotive Limited,NSE,ASKAUTOLTD.NS,INE491J01022,479.15,2025-12-05,440.5,-8.07,251069.0,115570185.0,156.0,ok
ASHOKA,Ashoka Buildcon Limited,NSE,ASHOKA.NS,INE442H01029,160.58,2025-12-05,124.23,-22.64,1186752.0,175588081.0,156.0,ok
ASHOKAMET,Ashoka Metcast Limited,NSE,ASHOKAMET.NS,INE760Y01011,15.8,2025-12-05,15.61,-1.2,33148.0,516070.0,154.0,ok
ASIANHOTNR,Asian Hotels (North) Limited,NSE,ASIANHOTNR.NS,INE363A01022,317.45,2025-12-05,307.45,-3.15,16869.0,5162770.0,153.0,ok
ASMS,Bartronics India Limited,NSE,ASMS.NS,INE855F01042,11.2,2025-12-05,7.55,-32.59,1632444.0,17110687.0,154.0,ok
ASTAR,Asian Star Company Limited,NSE,ASTAR.NS,INE194D01017,625.0,2026-04-20,627.0,0.32,157.0,104437.0,29.0,ok
ASIANTILES,Asian Granito India Limited,NSE,ASIANTILES.NS,INE022I01019,62.43,2025-12-05,60.98,-2.32,3219145.0,220029819.0,155.0,ok
ASHOKLEY,Ashok Leyland Limited,NSE,ASHOKLEY.NS,INE208A01029,160.86,2025-12-05,149.05,-7.34,20411630.0,3462754412.0,156.0,ok
ASTEC,Astec LifeSciences Limited,NSE,ASTEC.NS,INE563J01010,760.65,2025-12-05,787.9,3.58,728811.0,590932140.0,155.0,ok
AURIONPRO,Aurionpro Solutions Limited,NSE,AURIONPRO.NS,INE132H01018,1074.7,2025-12-05,827.9,-22.96,194675.0,185110604.0,156.0,ok
ASTERDM,Aster DM Healthcare Limited,NSE,ASTERDM.NS,INE914M01019,635.1,2025-12-05,726.95,14.46,741057.0,489928997.0,156.0,ok
ASTRAZEN,AstraZeneca Pharma India Limited,NSE,ASTRAZEN.NS,INE203A01020,9226.5,2025-12-05,8710.0,-5.6,10166.0,88678730.0,154.0,ok
ASIANPAINT,Asian Paints Limited,NSE,ASIANPAINT.NS,INE021A01026,2968.5,2025-12-05,2660.7,-10.37,1314974.0,3385225367.0,156.0,ok
ASPINWALL,Aspinwall and Company Limited,NSE,ASPINWALL.NS,INE991I01015,231.0,2025-12-05,244.21,5.72,7164.0,1728570.0,153.0,ok
EASTSILK,Eastern Silk Industries Limited,NSE,EASTSILK.NS,INE962C01035,94.53,2025-12-05,54.01,-42.86,2189.0,149238.0,155.0,ok
ASIANENE,Asian Energy Services Limited,NSE,ASIANENE.NS,INE276G01015,283.3,2025-12-05,346.8,22.41,222484.0,70683827.0,155.0,ok
INOXINDIA,INOX India Limited,NSE,INOXINDIA.NS,INE616N01034,1137.8,2025-12-05,1452.2,27.63,132801.0,176950511.0,154.0,ok
ECLERX,eClerx Services Limited,NSE,ECLERX.NS,INE738I01010,2416.1,2025-12-05,1517.2,-37.2,291724.0,559311951.0,155.0,ok
INOXGREEN,Inox Green Energy Services Limited,NSE,INOXGREEN.NS,INE510W01014,206.38,2025-12-05,173.09,-16.13,2126651.0,389725264.0,156.0,ok
ACE,Action Construction Equipment Limited,NSE,ACE.NS,INE731H01025,962.25,2025-12-05,876.8,-8.88,253003.0,231190456.0,156.0,ok
INSPIRISYS,Inspirisys Solutions Limited,NSE,INSPIRISYS.NS,INE020G01017,89.32,2025-12-05,125.1,40.06,16483.0,1651753.0,153.0,ok
ASTRAL,Astral Limited,NSE,ASTRAL.NS,INE006I01046,1459.5,2025-12-05,1526.7,4.6,707000.0,1087528939.0,155.0,ok
INSECTICID,Insecticides (India) Limited,NSE,INSECTICID.NS,INE070I01018,717.15,2025-12-05,729.8,1.76,30158.0,19871190.0,154.0,ok
INTELLECT,Intellect Design Arena Limited,NSE,INTELLECT.NS,INE306R01017,1056.1,2025-12-05,748.25,-29.15,573214.0,503763935.0,156.0,ok
INTERARCH,Interarch Building Solutions Limited,NSE,INTERARCH.NS,INE00M901018,2349.3,2025-12-05,1733.0,-26.23,122909.0,263484473.0,153.0,ok
INTLCONV,International Conveyors Limited,NSE,INTLCONV.NS,INE575C01027,86.77,2025-12-05,81.7,-5.84,94322.0,8083090.0,156.0,ok
INTENTECH,Intense Technologies Limited,NSE,INTENTECH.NS,INE781A01025,122.08,2025-12-05,95.48,-21.79,95486.0,10751868.0,153.0,ok
IPL,India Pesticides Limited,NSE,IPL.NS,INE0D6701023,172.46,2025-12-05,157.87,-8.46,449345.0,76121651.0,155.0,ok
ASTRAMICRO,Astra Microwave Products Limited,NSE,ASTRAMICRO.NS,INE386C01029,908.35,2025-12-05,1323.8,45.74,454285.0,506019787.0,156.0,ok
INVPRECQ,Investment & Precision Castings Limited,NSE,INVPRECQ.NS,INE155E01016,672.1,2026-04-20,608.8,-9.42,5963.0,3635646.0,30.0,ok
INVENTURE,Inventure Growth & Securities Limited,NSE,INVENTURE.NS,INE878H01024,1.2,2025-12-05,0.96,-20.0,1367845.0,1483073.0,154.0,ok
IOB,Indian Overseas Bank,NSE,IOB.NS,INE565A01014,37.78,2025-12-05,32.82,-13.13,7322841.0,265861207.0,156.0,ok
INNOVANA,Innovana Thinklabs Limited,NSE,INNOVANA.NS,INE403Y01018,439.95,2025-12-05,332.0,-24.54,9706.0,3901822.0,154.0,ok
IONEXCHANG,ION Exchange (India) Limited,NSE,IONEXCHANG.NS,INE570A01022,339.85,2025-12-05,360.2,5.99,306558.0,115841639.0,154.0,ok
INDOSTAR,IndoStar Capital Finance Limited,NSE,INDOSTAR.NS,INE896L01010,254.74,2025-12-05,227.0,-10.89,169961.0,37946773.0,155.0,ok
INOXWIND,Inox Wind Limited,NSE,INOXWIND.NS,INE066P01011,130.24,2025-12-05,84.28,-35.29,11511041.0,1218874696.0,156.0,ok
INDOTECH,Indo Tech Transformers Limited,NSE,INDOTECH.NS,INE332H01014,1592.5,2025-12-05,2722.8,70.98,47112.0,91376747.0,154.0,ok
INDOUS,Indo Us Biotech Limited,NSE,INDOUS.NS,INE250Z01010,128.54,2025-12-05,97.9,-23.84,55381.0,7090335.0,154.0,ok
IOC,Indian Oil Corporation Limited,NSE,IOC.NS,INE242A01010,163.66,2025-12-05,138.83,-15.17,16107648.0,2534444914.0,156.0,ok
IOLCP,IOL Chemicals and Pharmaceuticals Limited,NSE,IOLCP.NS,INE485C01029,84.4,2025-12-05,131.42,55.71,1982482.0,198243085.0,156.0,ok
INDOWIND,Indowind Energy Limited,NSE,INDOWIND.NS,INE227G01018,16.4,2025-12-05,9.7,-40.85,772208.0,9731408.0,155.0,ok
INDPRUD,Industrial & Prudential Investment Company Limited,NSE,INDPRUD.NS,INE620D01011,6572.65,2026-04-20,6500.0,-1.11,57.0,384782.0,29.0,ok
INDRAMEDCO,Indraprastha Medical Corporation Limited,NSE,INDRAMEDCO.NS,INE681B01017,473.4,2025-12-05,375.75,-20.63,338247.0,158367140.0,156.0,ok
INDSWFTLAB,Ind-Swift Laboratories Limited,NSE,INDSWFTLAB.NS,INE915B01019,95.9,2025-12-05,162.1,69.03,701828.0,95944627.0,155.0,ok
INDTERRAIN,Indian Terrain Fashions Limited,NSE,INDTERRAIN.NS,INE611L01021,36.47,2025-12-05,32.99,-9.54,36501.0,1245161.0,153.0,ok
INDUSTOWER,Indus Towers Limited,NSE,INDUSTOWER.NS,INE121J01017,415.7,2025-12-05,429.15,3.24,6829484.0,2857825184.0,155.0,ok
INFOBEAN,InfoBeans Technologies Limited,NSE,INFOBEAN.NS,INE344S01016,170.6,2025-12-05,178.35,4.54,1424541.0,276125500.0,156.0,ok
INFOMEDIA,Infomedia Press Limited,NSE,INFOMEDIA.NS,INE669A01022,6.59,2025-12-05,5.37,-18.51,25406.0,144673.0,154.0,ok
INNOVISION,Innovision Limited,NSE,INNOVISION.NS,INE0ADB01012,374.2,2026-03-23,298.7,-20.18,462986.0,163236767.0,48.0,ok
INNOVACAP,Innova Captab Limited,NSE,INNOVACAP.NS,INE0DUT01020,708.3,2025-12-05,862.4,21.76,70180.0,50863150.0,154.0,ok
INDUSINDBK,IndusInd Bank Limited,NSE,INDUSINDBK.NS,INE095A01012,870.1,2025-12-05,912.5,4.87,3652645.0,3163288784.0,156.0,ok
INGERRAND,Ingersoll Rand (India) Limited,NSE,INGERRAND.NS,INE177A01018,3638.4,2025-12-05,3728.7,2.48,16497.0,64057409.0,156.0,ok
HISARMETAL,Hisar Metal Industries Limited,NSE,HISARMETAL.NS,INE598C01011,174.47,2025-12-05,143.14,-17.96,3864.0,605452.0,153.0,ok
IZMO,IZMO Limited,NSE,IZMO.NS,INE848A01014,865.35,2025-12-05,827.8,-4.34,111788.0,89685181.0,154.0,ok
INFY,Infosys Limited,NSE,INFY.NS,INE009A01021,1616.2,2025-12-05,1270.8,-21.37,11482050.0,15794871441.0,156.0,ok
INDOTHAI,Indo Thai Securities Limited,NSE,INDOTHAI.NS,INE337M01021,400.5,2025-12-05,228.66,-42.91,680023.0,198124761.0,155.0,ok
IRB,IRB Infrastructure Developers Limited,NSE,IRB.NS,INE821I01022,21.4,2025-12-05,21.56,0.75,19883671.0,428479382.0,156.0,ok
IPCALAB,IPCA Laboratories Limited,NSE,IPCALAB.NS,INE571A01038,1459.1,2025-12-05,1507.7,3.33,256650.0,381985589.0,155.0,ok
JAINREC,Jain Resource Recycling Limited,NSE,JAINREC.NS,INE0YD401026,366.85,2025-12-05,365.65,-0.33,2385991.0,1003423063.0,156.0,ok
JAGRAN,Jagran Prakashan Limited,NSE,JAGRAN.NS,INE199G01027,70.16,2025-12-05,76.99,9.73,246144.0,16900905.0,155.0,ok
JAIBALAJI,Jai Balaji Industries Limited,NSE,JAIBALAJI.NS,INE091G01026,64.69,2025-12-05,70.04,8.27,2825529.0,198479009.0,155.0,ok
JAGSNPHARM,Jagsonpal Pharmaceuticals Limited,NSE,JAGSNPHARM.NS,INE048B01035,208.38,2025-12-05,201.74,-3.19,121484.0,23455296.0,155.0,ok
JARO,Jaro Institute of Technology Management and Research Limited,NSE,JARO.NS,INE00YJ01010,555.7,2025-12-05,576.0,3.65,313520.0,160923365.0,153.0,ok
JAIPURKURT,Nandani Creation Limited,NSE,JAIPURKURT.NS,INE696V01013,30.3,2025-12-05,31.57,4.19,51450.0,1753138.0,153.0,ok
IWP,The Indian Wood Products Company Limited,NSE,IWP.NS,INE586E01020,33.0,2026-04-20,34.44,4.36,6243.0,217779.0,30.0,ok
JAMNAAUTO,Jamna Auto Industries Limited,NSE,JAMNAAUTO.NS,INE039C01032,122.1,2025-12-05,120.67,-1.17,3094136.0,394948962.0,156.0,ok
JAYAGROGN,Jayant Agro Organics Limited,NSE,JAYAGROGN.NS,INE785A01026,215.41,2025-12-05,235.63,9.39,10262.0,2053280.0,153.0,ok
IRCON,Ircon International Limited,NSE,IRCON.NS,INE962Y01021,151.58,2025-12-05,135.97,-10.3,4500844.0,698546317.0,156.0,ok
JAICORPLTD,Jai Corp Limited,NSE,JAICORPLTD.NS,INE070D01027,130.09,2025-12-05,114.99,-11.61,984303.0,128731323.0,156.0,ok
JASH,Jash Engineering Limited,NSE,JASH.NS,INE039O01029,441.2,2025-12-05,426.55,-3.32,104718.0,42979476.0,154.0,ok
JAYNECOIND,Jayaswal Neco Industries Limited,NSE,JAYNECOIND.NS,INE854B01010,66.28,2025-12-05,99.52,50.15,6724334.0,567731315.0,156.0,ok
JAYBARMARU,Jay Bharat Maruti Limited,NSE,JAYBARMARU.NS,INE571B01036,84.46,2025-12-05,126.14,49.35,584910.0,62670182.0,154.0,ok
IREDA,Indian Renewable Energy Development Agency Limited,NSE,IREDA.NS,INE202E01016,133.4,2025-12-05,124.93,-6.35,8867782.0,1179314992.0,156.0,ok
IRFC,Indian Railway Finance Corporation Limited,NSE,IRFC.NS,INE053F01010,114.6,2025-12-05,96.67,-15.65,14704413.0,1640801991.0,156.0,ok
IRCTC,Indian Railway Catering And Tourism Corporation Limited,NSE,IRCTC.NS,INE335Y01020,675.2,2025-12-05,516.9,-23.44,1566206.0,941783963.0,156.0,ok
IVP,IVP Limited,NSE,IVP.NS,INE043C01018,160.1,2025-12-05,174.47,8.98,11429.0,1775509.0,154.0,ok
IRIS,IRIS RegTech Solutions Limited,NSE,IRIS.NS,INE864K01010,310.6,2025-12-05,262.4,-15.52,26412.0,7145279.0,153.0,ok
IRISDOREME,Iris Clothings Limited,NSE,IRISDOREME.NS,INE01GN01025,33.28,2025-12-05,35.61,7.0,431196.0,14599139.0,153.0,ok
ISHANCH,Ishan Dyes and Chemicals Limited,NSE,ISHANCH.NS,INE561M01018,65.42,2025-12-05,61.66,-5.75,22582.0,1456242.0,154.0,ok
ISGEC,Isgec Heavy Engineering Limited,NSE,ISGEC.NS,INE858B01029,785.0,2025-12-05,899.45,14.58,83359.0,76001774.0,155.0,ok
IXIGO,Le Travenues Technology Limited,NSE,IXIGO.NS,INE0HV901016,233.5,2025-12-05,159.6,-31.65,2441905.0,548193029.0,156.0,ok
JAYKAY,Jaykay Enterprises Limited,NSE,JAYKAY.NS,INE903A01025,202.86,2025-12-05,177.81,-12.35,217223.0,37322150.0,123.0,ok
ISFT,Intrasoft Technologies Limited,NSE,ISFT.NS,INE566K01011,90.96,2025-12-05,85.48,-6.02,19916.0,1686745.0,153.0,ok
J&KBANK,The Jammu & Kashmir Bank Limited,NSE,J&KBANK.NS,INE168A01041,103.15,2025-12-05,141.92,37.59,4437763.0,521600543.0,156.0,ok
IVC,IL&FS Investment Managers Limited,NSE,IVC.NS,INE050B01023,8.05,2025-12-05,8.12,0.87,303871.0,2445167.0,156.0,ok
ITI,ITI Limited,NSE,ITI.NS,INE248A01017,301.6,2025-12-05,296.6,-1.66,3196712.0,943720353.0,156.0,ok
INDOFARM,Indo Farm Equipment Limited,NSE,INDOFARM.NS,INE622H01018,195.42,2025-12-05,126.83,-35.1,294341.0,54770223.0,155.0,ok
IVALUE,Ivalue Infosolutions Limited,NSE,IVALUE.NS,INE056801025,300.65,2025-12-05,236.35,-21.39,256925.0,71612073.0,155.0,ok
ITC,ITC Limited,NSE,ITC.NS,INE154A01025,404.95,2025-12-05,283.25,-30.05,20718984.0,6963952932.0,156.0,ok
INDOBORAX,Indo Borax & Chemicals Limited,NSE,INDOBORAX.NS,INE803D01021,251.69,2025-12-05,345.9,37.43,94235.0,26332560.0,155.0,ok
IRMENERGY,IRM Energy Limited,NSE,IRMENERGY.NS,INE07U701015,288.45,2025-12-05,268.4,-6.95,2228745.0,702356845.0,155.0,ok
INDORAMA,Indo Rama Synthetics (India) Limited,NSE,INDORAMA.NS,INE156A01020,49.07,2025-12-05,42.82,-12.74,300588.0,15731659.0,156.0,ok
INDOCO,Indoco Remedies Limited,NSE,INDOCO.NS,INE873D01024,251.7,2025-12-05,207.25,-17.66,77301.0,17436973.0,155.0,ok
HYUNDAI,Hyundai Motor India Limited,NSE,HYUNDAI.NS,INE0V6F01027,2309.5,2025-12-05,1871.8,-18.95,976630.0,2012206992.0,156.0,ok
HYBRIDFIN,Hybrid Financial Services Limited,NSE,HYBRIDFIN.NS,INE965B01022,19.24,2025-12-05,16.86,-12.37,45509.0,1099499.0,154.0,ok
ICDSLTD,ICDS Limited,NSE,ICDSLTD.NS,INE613B01010,43.99,2025-12-05,43.61,-0.86,3135.0,152850.0,153.0,ok
IBULLSLTD,Indiabulls Limited,NSE,IBULLSLTD.NS,INE126M01010,19.02,2025-12-05,23.18,21.87,6621647.0,99720244.0,156.0,ok
ICICIAMC,ICICI Prudential Asset Management Company Limited,NSE,ICICIAMC.NS,INE346A01027,2585.9,2025-12-19,3322.1,28.47,821225.0,2324164339.0,111.0,ok
ITDC,India Tourism Development Corporation Limited,NSE,ITDC.NS,INE353K01014,558.45,2025-12-05,542.1,-2.93,477915.0,286054604.0,155.0,ok
HUHTAMAKI,Huhtamaki India Limited,NSE,HUHTAMAKI.NS,INE275B01026,213.93,2025-12-05,167.31,-21.79,292297.0,66041675.0,156.0,ok
ICICIGI,ICICI Lombard General Insurance Company Limited,NSE,ICICIGI.NS,INE765G01017,1974.4,2025-12-05,1746.5,-11.54,684970.0,1288028076.0,156.0,ok
ICICIPRULI,ICICI Prudential Life Insurance Company Limited,NSE,ICICIPRULI.NS,INE726G01019,626.05,2025-12-05,482.45,-22.94,1419946.0,841753840.0,156.0,ok
ICIL,Indo Count Industries Limited,NSE,ICIL.NS,INE483B01026,296.4,2025-12-05,346.25,16.82,642477.0,190150026.0,156.0,ok
IDEAFORGE,Ideaforge Technology Limited,NSE,IDEAFORGE.NS,INE349Y01013,445.35,2025-12-05,828.9,86.12,1083002.0,617081602.0,156.0,ok
ICICIBANK,ICICI Bank Limited,NSE,ICICIBANK.NS,INE090A01021,1392.5,2025-12-05,1226.6,-11.91,14779288.0,19673748057.0,156.0,ok
ITCHOTELS,ITC Hotels Limited,NSE,ITCHOTELS.NS,INE379A01028,205.91,2025-12-05,152.63,-25.88,3753816.0,648282515.0,156.0,ok
ICRA,ICRA Limited,NSE,ICRA.NS,INE725G01011,6076.5,2025-12-05,5153.5,-15.19,5723.0,33157026.0,153.0,ok
IDEA,Vodafone Idea Limited,NSE,IDEA.NS,INE669E01016,10.8,2025-12-05,14.16,31.11,511512159.0,5487755669.0,156.0,ok
HNDFDS,Hindustan Foods Limited,NSE,HNDFDS.NS,INE254N01026,520.65,2025-12-05,540.25,3.76,52533.0,26756691.0,155.0,ok
HUBTOWN,Hubtown Limited,NSE,HUBTOWN.NS,INE703H01016,298.5,2025-12-05,206.92,-30.68,787869.0,185489978.0,156.0,ok
ICEMAKE,Ice Make Refrigeration Limited,NSE,ICEMAKE.NS,INE520Y01019,694.25,2025-12-05,770.6,11.0,33264.0,26201712.0,156.0,ok
HUDCO,Housing & Urban Development Corporation Limited,NSE,HUDCO.NS,INE031A01017,225.22,2025-12-05,202.76,-9.97,4466538.0,931886495.0,156.0,ok
IDBI,IDBI Bank Limited,NSE,IDBI.NS,INE008A01015,97.4,2025-12-05,73.19,-24.86,17016044.0,1606157169.0,156.0,ok
HITECHGEAR,The Hi-Tech Gears Limited,NSE,HITECHGEAR.NS,INE127B01011,668.85,2025-12-05,576.0,-13.88,2271.0,1536861.0,153.0,ok
HLEGLAS,HLE Glascoat Limited,NSE,HLEGLAS.NS,INE461D01028,450.9,2025-12-05,361.65,-19.79,232672.0,104660457.0,155.0,ok
HLVLTD,HLV LIMITED,NSE,HLVLTD.NS,INE102A01024,8.86,2025-12-05,7.89,-10.95,399968.0,3420980.0,155.0,ok
HITECHCORP,Hitech Corporation Limited,NSE,HITECHCORP.NS,INE120D01012,176.92,2025-12-05,279.7,58.09,11878.0,1905393.0,153.0,ok
HMAAGRO,HMA Agro Industries Limited,NSE,HMAAGRO.NS,INE0ECP01024,29.96,2025-12-05,23.83,-20.46,487530.0,12744619.0,154.0,ok
HOMEFIRST,Home First Finance Company India Limited,NSE,HOMEFIRST.NS,INE481N01025,1094.1,2025-12-05,1069.6,-2.24,390366.0,443858648.0,154.0,ok
HONASA,Honasa Consumer Limited,NSE,HONASA.NS,INE0J5401028,274.95,2025-12-05,407.05,48.05,1648646.0,543091737.0,155.0,ok
HSCL,Himadri Speciality Chemical Limited,NSE,HSCL.NS,INE019C01026,476.75,2025-12-05,607.1,27.34,3657898.0,1997088010.0,156.0,ok
HPAL,HP Adhesives Limited,NSE,HPAL.NS,INE0GSL01024,43.8,2025-12-05,35.9,-18.04,90014.0,3632762.0,154.0,ok
HPIL,Hindprakash Industries Limited,NSE,HPIL.NS,INE05X901010,129.12,2025-12-05,128.97,-0.12,4951.0,667104.0,154.0,ok
HTMEDIA,HT Media Limited,NSE,HTMEDIA.NS,INE501G01024,23.16,2025-12-05,22.15,-4.36,97366.0,2217891.0,154.0,ok
IFBAGRO,IFB Agro Industries Limited,NSE,IFBAGRO.NS,INE076C01018,1222.2,2025-12-05,978.7,-19.92,55756.0,70147406.0,155.0,ok
HONAUT,Honeywell Automation India Limited,NSE,HONAUT.NS,INE671A01010,34895.0,2025-12-05,34895.0,0.0,8777.0,292804357.0,153.0,ok
HPL,HPL Electric & Power Limited,NSE,HPL.NS,INE495S01016,390.75,2025-12-05,344.25,-11.9,221739.0,78507107.0,156.0,ok
IDFCFIRSTB,IDFC First Bank Limited,NSE,IDFCFIRSTB.NS,INE092T01019,80.87,2025-12-05,71.59,-11.48,35004026.0,2604016297.0,156.0,ok
HONDAPOWER,Honda India Power Products Limited,NSE,HONDAPOWER.NS,INE634A01018,2415.9,2025-12-05,2287.3,-5.32,5774.0,13090297.0,153.0,ok
INDGN,Indegene Limited,NSE,INDGN.NS,INE065X01017,533.6,2025-12-05,518.45,-2.84,309724.0,154638138.0,155.0,ok
HMVL,Hindustan Media Ventures Limited,NSE,HMVL.NS,INE871K01015,64.88,2025-12-05,74.39,14.66,63476.0,4488906.0,153.0,ok
INDIAMART,Indiamart Intermesh Limited,NSE,INDIAMART.NS,INE933S01016,2312.4,2025-12-05,1971.4,-14.75,113640.0,249295346.0,156.0,ok
IEX,Indian Energy Exchange Limited,NSE,IEX.NS,INE022Q01020,145.31,2025-12-05,125.25,-13.8,10232174.0,1390142601.0,156.0,ok
INDIACEM,The India Cements Limited,NSE,INDIACEM.NS,INE383A01012,416.2,2025-12-05,384.0,-7.74,671764.0,284499151.0,156.0,ok
INCREDIBLE,INCREDIBLE INDUSTRIES LIMITED,NSE,INCREDIBLE.NS,INE452L01012,37.74,2025-12-05,34.78,-7.84,13987.0,519491.0,153.0,ok
INDIASHLTR,India Shelter Finance Corporation Limited,NSE,INDIASHLTR.NS,INE922K01024,852.65,2025-12-05,772.6,-9.39,147429.0,117622343.0,154.0,ok
INDIGOPNTS,Indigo Paints Limited,NSE,INDIGOPNTS.NS,INE09VQ01012,1235.5,2025-12-05,977.0,-20.92,156873.0,162749681.0,156.0,ok
INDIANCARD,Indian Card Clothing Company Limited,NSE,INDIANCARD.NS,INE061A01014,249.15,2025-12-05,217.45,-12.72,3656.0,823411.0,153.0,ok
INDIGO,InterGlobe Aviation Limited,NSE,INDIGO.NS,INE646L01027,5370.5,2025-12-05,4466.1,-16.84,1641620.0,7877152883.0,154.0,ok
INDIANHUME,Indian Hume Pipe Company Limited,NSE,INDIANHUME.NS,INE323C01030,406.95,2025-12-05,306.4,-24.71,83330.0,28490198.0,154.0,ok
INDIQUBE,Indiqube Spaces Limited,NSE,INDIQUBE.NS,INE06ST01018,203.96,2025-12-05,157.52,-22.77,98266.0,17941723.0,153.0,ok
INA,Insolation Energy Limited,NSE,INA.NS,INE0LGX01024,96.81,2026-03-09,124.11,28.2,1290477.0,164241548.0,57.0,ok
INDOAMIN,Indo Amines Limited,NSE,INDOAMIN.NS,INE760F01028,117.99,2025-12-05,134.83,14.27,104958.0,12800848.0,155.0,ok
INDBANK,Indbank Merchant Banking Services Limited,NSE,INDBANK.NS,INE841B01017,35.44,2025-12-05,32.66,-7.84,80039.0,2989407.0,155.0,ok
INDNIPPON,India Nippon Electricals Limited,NSE,INDNIPPON.NS,INE092B01025,814.15,2025-12-05,895.7,10.02,40384.0,34580609.0,155.0,ok
IGCL,Indogulf Cropsciences Limited,NSE,IGCL.NS,INE05J901018,82.45,2025-12-05,57.96,-29.7,141534.0,10643049.0,155.0,ok
IGIL,International Gemological Institute Limited,NSE,IGIL.NS,INE0Q9301021,315.95,2025-12-05,362.4,14.7,793690.0,267033061.0,155.0,ok
INDHOTEL,The Indian Hotels Company Limited,NSE,INDHOTEL.NS,INE053A01029,730.9,2025-12-05,661.65,-9.47,2754730.0,1863416658.0,156.0,ok
IGPL,IG Petrochemicals Limited,NSE,IGPL.NS,INE204A01010,395.9,2025-12-05,437.75,10.57,34898.0,13848753.0,153.0,ok
IFGLEXPOR,IFGL Refractories Limited,NSE,IFGLEXPOR.NS,INE133Y01011,203.77,2025-12-05,194.46,-4.57,42418.0,8035784.0,156.0,ok
IGARASHI,Igarashi Motors India Limited,NSE,IGARASHI.NS,INE188B01013,436.15,2025-12-05,378.75,-13.16,166673.0,71493192.0,156.0,ok
INDIAGLYCO,India Glycols Limited,NSE,INDIAGLYCO.NS,INE560A01023,1062.4,2025-12-05,981.55,-7.61,173424.0,175690425.0,156.0,ok
IFBIND,IFB Industries Limited,NSE,IFBIND.NS,INE559A01017,1570.2,2025-12-05,1317.8,-16.07,92497.0,116065829.0,155.0,ok
INDIANB,Indian Bank,NSE,INDIANB.NS,INE562A01011,808.95,2025-12-05,825.55,2.05,2341484.0,2016717235.0,156.0,ok
IIFLCAPS,IIFL Capital Services Limited,NSE,IIFLCAPS.NS,INE489L01022,319.3,2025-12-05,338.15,5.9,821624.0,271590534.0,155.0,ok
IFCI,IFCI Limited,NSE,IFCI.NS,INE039A01010,49.38,2025-12-05,71.64,45.08,23743607.0,1414728354.0,156.0,ok
IMAGICAA,Imagicaaworld Entertainment Limited,NSE,IMAGICAA.NS,INE172N01012,47.4,2025-12-05,44.73,-5.63,639520.0,29806511.0,154.0,ok
IMPAL,India Motor Parts and Accessories Limited,NSE,IMPAL.NS,INE547E01014,1049.6,2025-12-05,1047.2,-0.23,3521.0,3717240.0,154.0,ok
IKS,Inventurus Knowledge Solutions Limited,NSE,IKS.NS,INE115Q01022,1645.0,2025-12-05,1670.2,1.53,274809.0,431202812.0,154.0,ok
IGL,Indraprastha Gas Limited,NSE,IGL.NS,INE203G01027,191.8,2025-12-05,160.85,-16.14,3225399.0,564000489.0,156.0,ok
KIOCL,KIOCL Limited,NSE,KIOCL.NS,INE880L01014,339.65,2025-12-05,388.1,14.26,369046.0,137144207.0,155.0,ok
IITL,Industrial Investment Trust Limited,NSE,IITL.NS,INE886A01014,168.6,2025-12-05,141.28,-16.2,44711.0,7051183.0,153.0,ok
IKIO,IKIO Technologies Limited,NSE,IKIO.NS,INE0LOJ01019,181.66,2025-12-05,154.36,-15.03,277697.0,44456029.0,156.0,ok
KIRANVYPAR,Kiran Vyapar Limited,NSE,KIRANVYPAR.NS,INE555P01013,189.5,2026-04-20,158.6,-16.31,6237.0,1060290.0,29.0,ok
IIFL,IIFL Finance Limited,NSE,IIFL.NS,INE530B01024,569.35,2025-12-05,479.45,-15.79,2371211.0,1203179822.0,155.0,ok
IMFA,Indian Metals & Ferro Alloys Limited,NSE,IMFA.NS,INE919H01018,1322.1,2025-12-05,1461.5,10.54,252476.0,341139293.0,155.0,ok
JBCHEPHARM,JB Chemicals & Pharmaceuticals Limited,NSE,JBCHEPHARM.NS,INE572A01036,1825.4,2025-12-05,2129.6,16.66,257814.0,510035370.0,155.0,ok
JBMA,JBM Auto Limited,NSE,JBMA.NS,INE927D01051,590.05,2025-12-05,647.35,9.71,1790833.0,1088771702.0,156.0,ok
JAYSREETEA,Jayshree Tea & Industries Limited,NSE,JAYSREETEA.NS,INE364A01020,86.55,2025-12-05,82.21,-5.01,39349.0,3411216.0,154.0,ok
KCPSUGIND,KCP Sugar and Industries Corporation Limited,NSE,KCPSUGIND.NS,INE790B01024,26.5,2025-12-05,23.92,-9.74,137849.0,3431857.0,154.0,ok
KIRIINDUS,Kiri Industries Limited,NSE,KIRIINDUS.NS,INE415I01015,609.85,2025-12-05,392.4,-35.66,1169056.0,665425955.0,155.0,ok
KIRLFER,Kirloskar Ferrous Industries Limited,NSE,KIRLFER.NS,INE884B01025,452.2,2026-04-13,431.35,-4.61,71968.0,31850963.0,34.0,ok
KIRLOSENG,Kirloskar Oil Engines Limited,NSE,KIRLOSENG.NS,INE146L01010,1130.8,2025-12-05,1856.9,64.21,603370.0,787323242.0,155.0,ok
KIRLPNU,Kirloskar Pneumatic Company Limited,NSE,KIRLPNU.NS,INE811A01020,1033.3,2025-12-05,1578.5,52.76,116975.0,149979643.0,155.0,ok
KLBRENG-B,Kilburn Engineering Limited,NSE,KLBRENG-B.NS,INE338F01015,519.8,2026-04-20,495.95,-4.59,63200.0,31652194.0,30.0,ok
KITEX,Kitex Garments Limited,NSE,KITEX.NS,INE602G01020,200.0,2025-12-05,160.89,-19.56,1576345.0,300813446.0,156.0,ok
KIRLOSIND,Kirloskar Industries Limited,NSE,KIRLOSIND.NS,INE250A01039,3248.2,2025-12-05,3135.4,-3.47,7041.0,22737469.0,155.0,ok
KNAGRI,KN Agri Resources Limited,NSE,KNAGRI.NS,INE0KNW01016,196.4,2025-12-05,187.0,-4.79,26711.0,5268677.0,153.0,ok
KISSHT,OnEMI Technology Solutions Limited,NSE,KISSHT.NS,INE12F801023,208.63,2026-05-08,275.55,32.08,9225440.0,2063798114.0,18.0,ok
KKCL,Kewal Kiran Clothing Limited,NSE,KKCL.NS,INE401H01017,504.65,2025-12-05,434.0,-14.0,33787.0,16510243.0,153.0,ok
KMSUGAR,K.M.Sugar Mills Limited,NSE,KMSUGAR.NS,INE157H01023,26.86,2025-12-05,26.74,-0.45,130913.0,3607614.0,155.0,ok
KERNEX,Kernex Microsystems (India) Limited,NSE,KERNEX.NS,INE202H01019,1007.5,2025-12-05,1804.7,79.13,257605.0,336091441.0,156.0,ok
KIMS,Krishna Institute of Medical Sciences Limited,NSE,KIMS.NS,INE967H01025,704.0,2025-12-05,746.4,6.02,417481.0,284452913.0,155.0,ok
KILITCH,Kilitch Drugs (India) Limited,NSE,KILITCH.NS,INE729D01010,168.3,2025-12-05,178.6,6.12,75771.0,13034951.0,154.0,ok
KEEPLEARN,DSJ Keep Learning Limited,NSE,KEEPLEARN.NS,INE055C01020,2.38,2025-12-05,2.11,-11.34,84568.0,195831.0,153.0,ok
KECL,Kirloskar Electric Company Limited,NSE,KECL.NS,INE134B01017,103.8,2025-12-05,113.06,8.92,320746.0,34330430.0,155.0,ok
KINGFA,Kingfa Science & Technology (India) Limited,NSE,KINGFA.NS,INE473D01015,3927.2,2025-12-05,5340.0,35.97,6147.0,28347801.0,153.0,ok
KMEW,Knowledge Marine & Engineering Works Limited,NSE,KMEW.NS,INE0CJD01029,1516.3,2025-12-05,1780.5,17.42,187606.0,314836997.0,156.0,ok
KEC,KEC International Limited,NSE,KEC.NS,INE389H01022,703.9,2025-12-05,498.65,-29.16,1082718.0,681465766.0,156.0,ok
KIRLOSBROS,Kirloskar Brothers Limited,NSE,KIRLOSBROS.NS,INE732A01036,1595.5,2025-12-05,1619.5,1.5,98406.0,161170994.0,156.0,ok
KENNAMET,Kennametal India Limited,NSE,KENNAMET.NS,INE717A01029,2476.1,2026-04-15,2879.5,16.29,12937.0,38591552.0,35.0,ok
KFINTECH,Kfin Technologies Limited,NSE,KFINTECH.NS,INE138Y01010,1066.4,2025-12-05,858.75,-19.47,989960.0,978573649.0,156.0,ok
KICL,Kalyani Investment Company Limited,NSE,KICL.NS,INE029L01018,5005.0,2025-12-05,4957.5,-0.95,3297.0,17407313.0,153.0,ok
KELLTONTEC,Kellton Tech Solutions Limited,NSE,KELLTONTEC.NS,INE164B01030,18.71,2025-12-05,16.82,-10.1,3659952.0,66629309.0,156.0,ok
KESORAMIND,Kesoram Industries Limited,NSE,KESORAMIND.NS,INE087A01019,6.54,2025-12-05,11.98,83.18,2456177.0,23097623.0,155.0,ok
KEI,KEI Industries Limited,NSE,KEI.NS,INE878B01027,4163.5,2025-12-05,5261.5,26.37,346858.0,1566620997.0,155.0,ok
KHAITANLTD,Khaitan (India) Limited,NSE,KHAITANLTD.NS,INE731C01018,100.75,2025-12-05,130.8,29.83,5261.0,639667.0,153.0,ok
KROSS,Kross Limited,NSE,KROSS.NS,INE0O6601022,165.19,2025-12-05,192.48,16.52,903729.0,182500216.0,156.0,ok
KHADIM,Khadim India Limited,NSE,KHADIM.NS,INE834I01025,188.55,2025-12-05,99.82,-47.06,111035.0,13964512.0,155.0,ok
KOHINOOR,Kohinoor Foods Limited,NSE,KOHINOOR.NS,INE080B01012,27.62,2025-12-05,25.07,-9.23,86608.0,2258017.0,153.0,ok
KHANDSE,Khandwala Securities Limited,NSE,KHANDSE.NS,INE060B01014,22.42,2025-12-05,18.76,-16.32,12203.0,245601.0,153.0,ok
KRISHNADEF,Krishna Defence And Allied Industries Limited,NSE,KRISHNADEF.NS,INE0J5601015,741.7,2025-12-05,1148.8,54.89,122053.0,123324597.0,154.0,ok
KRITI,Kriti Industries (India) Limited,NSE,KRITI.NS,INE479D01038,80.39,2025-12-05,74.62,-7.18,52257.0,4257682.0,153.0,ok
KHAICHEM,Khaitan Chemicals & Fertilizers Limited,NSE,KHAICHEM.NS,INE745B01028,85.83,2025-12-05,53.54,-37.62,344203.0,26999673.0,154.0,ok
KOKUYOCMLN,Kokuyo Camlin Limited,NSE,KOKUYOCMLN.NS,INE760A01029,91.98,2025-12-05,83.58,-9.13,45373.0,3998670.0,154.0,ok
KNRCON,KNR Constructions Limited,NSE,KNRCON.NS,INE634I01029,149.03,2025-12-05,131.98,-11.44,2753336.0,367417338.0,156.0,ok
KEYFINSERV,Keynote Financial Services Limited,NSE,KEYFINSERV.NS,INE681C01015,338.85,2025-12-05,259.7,-23.36,12032.0,3852863.0,154.0,ok
KRITINUT,Kriti Nutrients Limited,NSE,KRITINUT.NS,INE798K01010,73.11,2025-12-05,89.47,22.38,38120.0,3047535.0,153.0,ok
KSHITIJPOL,Kshitij Polyline Limited,NSE,KSHITIJPOL.NS,INE013801027,2.28,2025-12-05,5.19,127.63,435675.0,1576685.0,154.0,ok
KRYSTAL,Krystal Integrated Services Limited,NSE,KRYSTAL.NS,INE0QN801017,548.85,2025-12-05,583.25,6.27,60597.0,36345507.0,153.0,ok
KRSNAA,Krsnaa Diagnostics Limited,NSE,KRSNAA.NS,INE08LI01020,750.8,2025-12-05,544.7,-27.45,89205.0,62291510.0,155.0,ok
KRN,KRN Heat Exchanger and Refrigeration Limited,NSE,KRN.NS,INE0Q3J01015,783.05,2025-12-05,1104.6,41.06,896932.0,864543772.0,155.0,ok
KSCL,Kaveri Seed Company Limited,NSE,KSCL.NS,INE455I01029,977.55,2025-12-05,856.8,-12.35,129583.0,116073161.0,155.0,ok
KSHINTL,KSH International Limited,NSE,KSHINTL.NS,INE987S01020,355.0,2025-12-23,814.75,129.51,466511.0,236602995.0,109.0,ok
KSB,Ksb Limited,NSE,KSB.NS,INE999A01023,748.75,2025-12-05,771.1,2.98,308230.0,249977087.0,156.0,ok
KRISHIVAL,Krishival Foods Limited,NSE,KRISHIVAL.NS,INE0GGO01015,460.45,2025-12-05,399.3,-13.28,20580.0,8542273.0,154.0,ok
KRIDHANINF,Kridhan Infra Limited,NSE,KRIDHANINF.NS,INE524L01026,3.85,2025-12-05,3.09,-19.74,132821.0,433441.0,154.0,ok
KOTYARK,Kotyark Industries Limited,NSE,KOTYARK.NS,INE0J0B01017,267.7,2025-12-05,420.45,57.06,29031.0,10769169.0,153.0,ok
KOLTEPATIL,Kolte - Patil Developers Limited,NSE,KOLTEPATIL.NS,INE094I01018,375.0,2025-12-05,366.9,-2.16,118144.0,43951406.0,154.0,ok
KRITIKA,Kritika Wires Limited,NSE,KRITIKA.NS,INE00Z501029,7.51,2025-12-05,6.17,-17.84,205617.0,1339296.0,153.0,ok
KRONOX,Kronox Lab Sciences Limited,NSE,KRONOX.NS,INE0ATZ01017,137.67,2025-12-05,133.15,-3.28,56157.0,7358358.0,154.0,ok
KRISHANA,Krishana Phoschem Limited,NSE,KRISHANA.NS,INE506W01012,497.3,2025-12-05,686.45,38.04,167885.0,98876095.0,154.0,ok
ECOSMOBLTY,Ecos (India) Mobility & Hospitality Limited,NSE,ECOSMOBLTY.NS,INE06HJ01020,227.84,2025-12-05,128.3,-43.69,413342.0,73404599.0,156.0,ok
KREBSBIO,Krebs Biochemicals and Industries Limited,NSE,KREBSBIO.NS,INE268B01013,68.97,2025-12-05,64.89,-5.92,14031.0,869848.0,153.0,ok
KOTIC,Kothari Industrial Corporation Limited,NSE,KOTIC.NS,INE972A01020,174.8,2026-04-20,158.03,-9.59,9076.0,1722106.0,30.0,ok
KOTARISUG,Kothari Sugars And Chemicals Limited,NSE,KOTARISUG.NS,INE419A01022,27.92,2025-12-05,24.75,-11.35,47114.0,1255973.0,155.0,ok
KOPRAN,Kopran Limited,NSE,KOPRAN.NS,INE082A01010,135.42,2025-12-05,195.92,44.68,514291.0,82497495.0,156.0,ok
KOTHARIPRO,Kothari Products Limited,NSE,KOTHARIPRO.NS,INE823A01017,76.2,2025-12-05,73.03,-4.16,34882.0,2651198.0,155.0,ok
KPIGREEN,KPI Green Energy Limited,NSE,KPIGREEN.NS,INE542W01025,423.55,2025-12-05,420.6,-0.7,1865170.0,837607809.0,155.0,ok
KOVAI,Kovai Medical Center & Hospital Limited,NSE,KOVAI.NS,INE177F01017,2576.65,2026-04-13,5342.0,107.32,3677.0,20242759.0,35.0,ok
KPL,Kwality Pharmaceuticals Limited,NSE,KPL.NS,INE552U01010,1662.6,2026-04-20,2298.8,38.27,46665.0,93165731.0,30.0,ok
KOTAKBANK,Kotak Mahindra Bank Limited,NSE,KOTAKBANK.NS,INE237A01036,430.98,2025-12-05,379.05,-12.05,16984068.0,6831727663.0,156.0,ok
KPEL,K.P. Energy Limited,NSE,KPEL.NS,INE127T01021,352.85,2025-12-05,357.55,1.33,362227.0,126537029.0,155.0,ok
KOTHARIPET,Kothari Petrochemicals Limited,NSE,KOTHARIPET.NS,INE720A01015,123.29,2025-12-05,121.14,-1.74,55530.0,7020260.0,154.0,ok
JETFREIGHT,Jet Freight Logistics Limited,NSE,JETFREIGHT.NS,INE982V01025,19.88,2025-12-05,21.89,10.11,171698.0,3202625.0,154.0,ok
KDDL,KDDL Limited,NSE,KDDL.NS,INE291D01011,2347.7,2025-12-05,2831.6,20.61,26030.0,66001856.0,153.0,ok
KPIL,Kalpataru Projects International Limited,NSE,KPIL.NS,INE220B01022,1165.4,2025-12-05,1290.8,10.76,180990.0,215926724.0,155.0,ok
KCP,KCP Limited,NSE,KCP.NS,INE805C01028,182.33,2025-12-05,163.14,-10.52,195769.0,32626893.0,155.0,ok
KPRMILL,K.P.R. Mill Limited,NSE,KPRMILL.NS,INE930H01031,981.6,2025-12-05,999.1,1.78,446491.0,418166599.0,155.0,ok
KRBL,KRBL Limited,NSE,KRBL.NS,INE001B01026,394.0,2025-12-05,347.1,-11.9,627969.0,233996866.0,155.0,ok
KAYNES,Kaynes Technology India Limited,NSE,KAYNES.NS,INE918Z01012,4353.5,2025-12-05,3169.1,-27.21,1859730.0,7473454029.0,156.0,ok
JMA,Jullundur Motor Agency (Delhi) Limited,NSE,JMA.NS,INE412C01023,83.28,2025-12-05,88.0,5.67,11965.0,1025830.0,153.0,ok
JSFB,Jana Small Finance Bank Limited,NSE,JSFB.NS,INE953L01027,443.6,2025-12-05,490.75,10.63,494191.0,211563360.0,155.0,ok
JLHL,Jupiter Life Line Hospitals Limited,NSE,JLHL.NS,INE682M01012,1432.3,2025-12-05,1314.6,-8.22,52118.0,72639047.0,153.0,ok
JNKINDIA,JNK India Limited,NSE,JNKINDIA.NS,INE0OAF01028,220.54,2025-12-05,361.4,63.87,354233.0,98079929.0,155.0,ok
JPPOWER,Jaiprakash Power Ventures Limited,NSE,JPPOWER.NS,INE351F01018,18.92,2025-12-05,18.99,0.37,90746295.0,1666996904.0,156.0,ok
JSWCEMENT,JSW Cement Limited,NSE,JSWCEMENT.NS,INE718I01012,111.36,2025-12-05,130.23,16.95,3601084.0,454747950.0,156.0,ok
JOCIL,Jocil Limited,NSE,JOCIL.NS,INE839G01010,150.85,2025-12-05,149.0,-1.23,6335.0,864953.0,153.0,ok
JSWHL,JSW Holdings Limited,NSE,JSWHL.NS,INE824G01012,20280.0,2025-12-05,12521.0,-38.26,4509.0,72880065.0,156.0,ok
JSL,Jindal Stainless Limited,NSE,JSL.NS,INE220G01021,755.4,2025-12-05,686.3,-9.15,701065.0,537286898.0,156.0,ok
JPOLYINVST,Jindal Poly Investment and Finance Company Limited,NSE,JPOLYINVST.NS,INE147P01019,1101.1,2025-12-05,998.2,-9.35,64166.0,81691184.0,153.0,ok
JMFINANCIL,JM Financial Limited,NSE,JMFINANCIL.NS,INE780C01023,141.66,2025-12-05,129.16,-8.82,3709957.0,521469448.0,156.0,ok
JSLL,Jeena Sikho Lifecare Limited,NSE,JSLL.NS,INE0J5801029,684.6,2025-12-05,590.6,-13.73,429018.0,278712295.0,156.0,ok
JSWINFRA,JSW Infrastructure Limited,NSE,JSWINFRA.NS,INE880J01026,269.25,2025-12-05,275.7,2.4,1528940.0,412324379.0,156.0,ok
JSWENERGY,JSW Energy Limited,NSE,JSWENERGY.NS,INE121E01018,461.95,2025-12-05,588.55,27.41,3364552.0,1708501709.0,156.0,ok
JINDRILL,Jindal Drilling And Industries Limited,NSE,JINDRILL.NS,INE742C01031,538.05,2025-12-05,606.9,12.8,1568031.0,938066263.0,156.0,ok
JHS,JHS Svendgaard Laboratories Limited,NSE,JHS.NS,INE544H01014,10.45,2025-12-05,8.67,-17.03,149073.0,1533403.0,154.0,ok
JKPAPER,JK Paper Limited,NSE,JKPAPER.NS,INE789E01012,369.2,2025-12-05,361.85,-1.99,281067.0,102745970.0,155.0,ok
JKLAKSHMI,JK Lakshmi Cement Limited,NSE,JKLAKSHMI.NS,INE786A01032,750.25,2025-12-05,603.1,-19.61,156484.0,112405458.0,156.0,ok
JKTYRE,JK Tyre & Industries Limited,NSE,JKTYRE.NS,INE573A01042,464.3,2025-12-05,388.4,-16.35,1582857.0,727416615.0,156.0,ok
JINDALPHOT,Jindal Photo Limited,NSE,JINDALPHOT.NS,INE796G01012,1472.9,2025-12-05,995.4,-32.42,28176.0,39405229.0,153.0,ok
JGCHEM,J.G.Chemicals Limited,NSE,JGCHEM.NS,INE0MB501011,369.65,2025-12-05,431.25,16.66,117915.0,46686610.0,154.0,ok
JINDALPOLY,Jindal Poly Films Limited,NSE,JINDALPOLY.NS,INE197D01010,509.6,2025-12-05,655.15,28.56,228585.0,151580031.0,155.0,ok
JINDALSAW,Jindal Saw Limited,NSE,JINDALSAW.NS,INE324A01032,161.6,2025-12-05,241.12,49.21,5395182.0,1041536454.0,155.0,ok
JINDWORLD,Jindal Worldwide Limited,NSE,JINDWORLD.NS,INE247D01039,31.59,2025-12-05,29.84,-5.54,1444161.0,41171570.0,155.0,ok
JINDALSTEL,JINDAL STEEL LIMITED,NSE,JINDALSTEL.NS,INE749A01030,1006.8,2025-12-05,1203.4,19.53,1429878.0,1608261184.0,156.0,ok
JIOFIN,Jio Financial Services Limited,NSE,JIOFIN.NS,INE758E01017,303.75,2025-12-05,237.64,-21.76,13699588.0,3569208446.0,156.0,ok
JISLDVREQS,Jain Irrigation Systems Limited,NSE,JISLDVREQS.NS,IN9175A01010,28.44,2025-12-05,22.6,-20.53,23813.0,592594.0,154.0,ok
JSWDULUX,JSW Dulux Limited,NSE,JSWDULUX.NS,INE133A01011,3513.4,2025-12-05,3126.2,-11.02,148854.0,478620987.0,155.0,ok
JISLJALEQS,Jain Irrigation Systems Limited,NSE,JISLJALEQS.NS,INE175A01038,42.23,2025-12-05,29.47,-30.22,2974241.0,107272434.0,156.0,ok
JITFINFRA,JITF Infralogistics Limited,NSE,JITFINFRA.NS,INE863T01013,286.8,2025-12-05,319.6,11.44,24765.0,7882757.0,154.0,ok
JTLIND,JTL INDUSTRIES LIMITED,NSE,JTLIND.NS,INE391J01032,62.48,2025-12-05,66.79,6.9,4789307.0,322633504.0,155.0,ok
JKIL,J.Kumar Infraprojects Limited,NSE,JKIL.NS,INE576I01022,563.4,2025-12-05,501.25,-11.03,133472.0,71503329.0,155.0,ok
KAMATHOTEL,Kamat Hotels (I) Limited,NSE,KAMATHOTEL.NS,INE967C01018,237.46,2025-12-05,180.45,-24.01,73220.0,15234892.0,155.0,ok
KANPRPLA,Kanpur Plastipack Limited,NSE,KANPRPLA.NS,INE694E01014,200.56,2025-12-05,186.78,-6.87,15606.0,3078048.0,153.0,ok
JTEKTINDIA,Jtekt India Limited,NSE,JTEKTINDIA.NS,INE643A01035,143.55,2025-12-05,125.54,-12.55,169963.0,24454990.0,155.0,ok
KAMOPAINTS,Kamdhenu Ventures Limited,NSE,KAMOPAINTS.NS,INE0BTI01037,6.89,2025-12-05,5.21,-24.38,845330.0,4999274.0,154.0,ok
JKIPL,Jinkushal Industries Limited,NSE,JKIPL.NS,INE1FF001016,111.65,2025-12-05,93.38,-16.36,210391.0,19792161.0,155.0,ok
KANANIIND,Kanani Industries Limited,NSE,KANANIIND.NS,INE879E01037,1.73,2025-12-05,1.55,-10.4,214833.0,350708.0,154.0,ok
KAMDHENU,Kamdhenu Limited,NSE,KAMDHENU.NS,INE390H01020,25.49,2025-12-05,23.64,-7.26,1471978.0,34158048.0,156.0,ok
KALYANKJIL,Kalyan Jewellers India Limited,NSE,KALYANKJIL.NS,INE303R01014,492.5,2025-12-05,353.1,-28.3,5648069.0,2343987398.0,156.0,ok
KAPSTON,Kapston Services Limited,NSE,KAPSTON.NS,INE542Z01028,299.55,2025-12-05,336.65,12.39,24284.0,8004437.0,155.0,ok
KARMAENG,Karma Energy Limited,NSE,KARMAENG.NS,INE725L01011,52.96,2025-12-05,43.98,-16.96,5644.0,269052.0,153.0,ok
KAUSHALYA,Kaushalya Infrastructure Development Corporation Limited,NSE,KAUSHALYA.NS,INE234I01028,916.1,2025-12-05,862.35,-5.87,367.0,324187.0,153.0,ok
KAYA,Kaya Limited,NSE,KAYA.NS,INE587G01015,379.75,2025-12-05,231.69,-38.99,14876.0,4596201.0,155.0,ok
KANORICHEM,Kanoria Chemicals & Industries Limited,NSE,KANORICHEM.NS,INE138C01024,74.81,2025-12-05,97.2,29.93,25851.0,2008478.0,155.0,ok
KAMAHOLD,Kama Holdings Limited,NSE,KAMAHOLD.NS,INE411F01010,2506.1,2026-04-20,2650.6,5.77,5042.0,13002076.0,30.0,ok
KANSAINER,Kansai Nerolac Paints Limited,NSE,KANSAINER.NS,INE531A01024,228.11,2025-12-05,215.01,-5.74,532192.0,113847600.0,153.0,ok
KARURVYSYA,Karur Vysya Bank Limited,NSE,KARURVYSYA.NS,INE036D01028,248.15,2025-12-05,293.05,18.09,3295270.0,930721234.0,156.0,ok
KANCHI,Kanchi Karpooram Limited,NSE,KANCHI.NS,INE081G01019,400.65,2026-04-20,363.65,-9.23,2092.0,853190.0,30.0,ok
JSWSTEEL,JSW Steel Limited,NSE,JSWSTEEL.NS,INE019A01038,1162.2,2025-12-05,1310.8,12.79,1751026.0,2096878583.0,156.0,ok
JKCEMENT,JK Cement Limited,NSE,JKCEMENT.NS,INE823G01014,5625.0,2025-12-05,5068.5,-9.89,94012.0,530229380.0,156.0,ok
JUBLFOOD,Jubilant Foodworks Limited,NSE,JUBLFOOD.NS,INE797F01020,593.2,2025-12-05,430.7,-27.39,2739901.0,1356115099.0,156.0,ok
JUBLCPL,Jubilant Agri and Consumer Products Limited,NSE,JUBLCPL.NS,INE03CC01015,2282.7,2025-12-05,1776.6,-22.17,5659.0,10939496.0,154.0,ok
JYOTHYLAB,Jyothy Labs Limited,NSE,JYOTHYLAB.NS,INE668F01031,290.15,2025-12-05,199.99,-31.07,567187.0,140519638.0,156.0,ok
JUSTDIAL,Just Dial Limited,NSE,JUSTDIAL.NS,INE599M01018,729.9,2025-12-05,529.5,-27.46,153421.0,93535825.0,155.0,ok
JWL,Jupiter Wagons Limited,NSE,JWL.NS,INE209L01016,267.05,2025-12-05,284.1,6.38,5090748.0,1575466319.0,156.0,ok
KAVDEFENCE,Kavveri Defence & Wireless Technologies Limited,NSE,KAVDEFENCE.NS,INE641C01019,83.09,2025-12-05,61.39,-26.12,146068.0,11545402.0,155.0,ok
JYOTICNC,Jyoti CNC Automation Limited,NSE,JYOTICNC.NS,INE980O01024,950.5,2025-12-05,600.0,-36.88,860620.0,682586839.0,156.0,ok
JUBLINGREA,Jubilant Ingrevia Limited,NSE,JUBLINGREA.NS,INE0BY001018,687.3,2025-12-05,637.2,-7.29,269120.0,182139922.0,155.0,ok
JUNIPER,Juniper Hotels Limited,NSE,JUNIPER.NS,INE696F01016,232.06,2025-12-05,193.46,-16.63,178174.0,41097075.0,156.0,ok
JUBLPHARMA,Jubilant Pharmova Limited,NSE,JUBLPHARMA.NS,INE700A01033,1077.0,2025-12-05,975.05,-9.47,156346.0,154641240.0,154.0,ok
KALYANI,Kalyani Commercials Limited,NSE,KALYANI.NS,INE610E01010,138.09,2025-12-05,138.09,0.0,0.0,0.0,155.0,ok
JYOTISTRUC,Jyoti Structures Limited,NSE,JYOTISTRUC.NS,INE197A01024,10.96,2025-12-05,12.4,13.14,10867963.0,124117085.0,156.0,ok
KALAMANDIR,Sai Silks (Kalamandir) Limited,NSE,KALAMANDIR.NS,INE438K01021,155.75,2025-12-05,107.12,-31.22,1529813.0,242709120.0,156.0,ok
KALYANIFRG,Kalyani Forge Limited,NSE,KALYANIFRG.NS,INE314G01014,639.4,2025-12-05,605.0,-5.38,1594.0,1015950.0,154.0,ok
KALPATARU,Kalpataru Limited,NSE,KALPATARU.NS,INE227J01012,333.0,2025-12-05,320.1,-3.87,131707.0,44934891.0,154.0,ok
KABRAEXTRU,Kabra Extrusion Technik Limited,NSE,KABRAEXTRU.NS,INE900B01029,233.38,2025-12-05,230.48,-1.24,40446.0,9446216.0,154.0,ok
KAJARIACER,Kajaria Ceramics Limited,NSE,KAJARIACER.NS,INE217B01036,1054.7,2025-12-05,1116.4,5.85,296086.0,311945393.0,155.0,ok
KAKATCEM,Kakatiya Cement Sugar & Industries Limited,NSE,KAKATCEM.NS,INE437B01014,134.59,2025-12-05,125.15,-7.01,8221.0,1084636.0,154.0,ok
KPITTECH,KPIT Technologies Limited,NSE,KPITTECH.NS,INE04I401011,1267.0,2025-12-05,809.25,-36.13,1462196.0,1239880697.0,156.0,ok
HITECH,Hi-Tech Pipes Limited,NSE,HITECH.NS,INE106T01025,97.89,2025-12-05,86.33,-11.81,928613.0,84556854.0,156.0,ok
HIRECT,Hind Rectifiers Limited,NSE,HIRECT.NS,INE835D01023,756.7,2025-12-05,1109.5,46.62,136090.0,115315935.0,156.0,ok
FMGOETZE,Federal-Mogul Goetze (India) Limited.,NSE,FMGOETZE.NS,INE529A01010,478.95,2025-12-05,420.85,-12.13,76166.0,34635864.0,153.0,ok
FMNL,Future Market Networks Limited,NSE,FMNL.NS,INE360L01017,9.76,2025-12-05,10.9,11.68,69950.0,655973.0,153.0,ok
FRONTSP,Frontier Springs Limited,NSE,FRONTSP.NS,INE572D01014,1513.35,2026-04-20,1530.5,1.13,27217.0,44040301.0,30.0,ok
FLUOROCHEM,Gujarat Fluorochemicals Limited,NSE,FLUOROCHEM.NS,INE09N301011,3384.7,2025-12-05,3654.3,7.97,85414.0,297058269.0,156.0,ok
FOCUS,Focus Lighting and Fixtures Limited,NSE,FOCUS.NS,INE593W01028,70.57,2025-12-05,85.71,21.45,88300.0,6594605.0,153.0,ok
FLAIR,Flair Writing Industries Limited,NSE,FLAIR.NS,INE00Y201027,287.35,2025-12-05,287.75,0.14,135862.0,42221049.0,154.0,ok
FOODSIN,Foods & Inns Limited,NSE,FOODSIN.NS,INE976E01023,75.61,2025-12-05,56.88,-24.77,138398.0,8769919.0,155.0,ok
FORCEMOT,FORCE MOTORS LTD,NSE,FORCEMOT.NS,INE451A01017,17167.0,2025-12-05,17833.0,3.88,101244.0,2077069418.0,155.0,ok
GAIL,GAIL (India) Limited,NSE,GAIL.NS,INE129A01019,169.98,2025-12-05,164.83,-3.03,11518514.0,1882097365.0,156.0,ok
FLEXITUFF,Flexituff Ventures International Limited,NSE,FLEXITUFF.NS,INE060J01017,15.75,2025-12-05,6.71,-57.4,26944.0,265631.0,153.0,ok
FIVESTAR,Five-Star Business Finance Limited,NSE,FIVESTAR.NS,INE128S01021,580.65,2025-12-05,439.2,-24.36,1834420.0,959630467.0,155.0,ok
FISCHER,Fischer Medical Ventures Limited,NSE,FISCHER.NS,INE771F01041,46.2,2025-12-05,34.43,-25.48,1716837.0,86099850.0,155.0,ok
FIRSTCRY,Brainbees Solutions Limited,NSE,FIRSTCRY.NS,INE02RE01045,288.95,2025-12-05,222.81,-22.89,3507283.0,862269892.0,156.0,ok
FOSECOIND,Foseco India Limited,NSE,FOSECOIND.NS,INE519A01011,5317.0,2025-12-05,5026.4,-5.47,4140.0,21441132.0,154.0,ok
FSL,Firstsource Solutions Limited,NSE,FSL.NS,INE684F01012,347.0,2025-12-05,270.75,-21.97,2791374.0,737205911.0,156.0,ok
FUSION,Fusion Finance Limited,NSE,FUSION.NS,INE139R01012,170.33,2025-12-05,174.63,2.52,418188.0,74895253.0,155.0,ok
GABRIEL,Gabriel India Limited,NSE,GABRIEL.NS,INE524A01029,959.2,2025-12-05,1077.1,12.29,411204.0,420071092.0,156.0,ok
FRACTAL,Fractal Analytics Limited,NSE,FRACTAL.NS,INE212S01015,847.15,2026-02-16,1038.1,22.54,919123.0,827148342.0,72.0,ok
FIBERWEB,Fiberweb (India) Limited,NSE,FIBERWEB.NS,INE296C01020,37.37,2025-12-05,28.03,-24.99,38134.0,1456537.0,154.0,ok
FEDDERSHOL,Fedders Holding Limited,NSE,FEDDERSHOL.NS,INE417D01020,36.35,2026-04-21,35.64,-1.95,532679.0,18467153.0,29.0,ok
FCSSOFT,FCS Software Solutions Limited,NSE,FCSSOFT.NS,INE512B01022,1.99,2025-12-05,1.72,-13.57,2359630.0,4551428.0,155.0,ok
FORTIS,Fortis Healthcare Limited,NSE,FORTIS.NS,INE061F01013,888.55,2025-12-05,929.4,4.6,2166795.0,1987632666.0,156.0,ok
FDC,FDC Limited,NSE,FDC.NS,INE258B01022,414.05,2025-12-05,392.75,-5.14,154698.0,61559887.0,155.0,ok
FEDFINA,Fedbank Financial Services Limited,NSE,FEDFINA.NS,INE007N01010,144.53,2025-12-05,158.53,9.69,1218209.0,180670645.0,156.0,ok
FERMENTA,Fermenta Biotech Limited,NSE,FERMENTA.NS,INE225B01021,318.4,2026-04-20,312.35,-1.9,14290.0,4282931.0,30.0,ok
FIEMIND,Fiem Industries Limited,NSE,FIEMIND.NS,INE737H01014,2253.4,2025-12-05,2273.4,0.89,65946.0,145931906.0,156.0,ok
FINOPB,Fino Payments Bank Limited,NSE,FINOPB.NS,INE02NC01014,314.7,2025-12-05,130.78,-58.44,732110.0,151195515.0,155.0,ok
FILATEX,Filatex India Limited,NSE,FILATEX.NS,INE816B01035,50.82,2025-12-05,46.24,-9.01,1063227.0,54037257.0,154.0,ok
FINEORG,Fine Organic Industries Limited,NSE,FINEORG.NS,INE686Y01026,4425.0,2025-12-05,4586.5,3.65,15213.0,68165059.0,155.0,ok
FILATFASH,Filatex Fashions Limited,NSE,FILATFASH.NS,INE185E01021,0.42,2025-12-05,0.23,-45.24,67641605.0,20154225.0,155.0,ok
FINKURVE,Finkurve Financial Services Limited,NSE,FINKURVE.NS,INE734I01027,104.2,2025-12-05,60.19,-42.24,69850.0,4873809.0,153.0,ok
FINPIPE,Finolex Industries Limited,NSE,FINPIPE.NS,INE183A01024,169.13,2025-12-05,176.08,4.11,818354.0,148284936.0,154.0,ok
GALAXYSURF,Galaxy Surfactants Limited,NSE,GALAXYSURF.NS,INE600K01018,2005.7,2025-12-05,1757.5,-12.37,14521.0,27967613.0,153.0,ok
GEMAROMA,Gem Aromatics Limited,NSE,GEMAROMA.NS,INE06XZ01023,144.32,2025-12-05,150.26,4.12,238723.0,42578729.0,154.0,ok
FINCABLES,Finolex Cables Limited,NSE,FINCABLES.NS,INE235A01022,736.55,2025-12-05,1002.1,36.05,434751.0,396190268.0,156.0,ok
GAEL,Gujarat Ambuja Exports Limited,NSE,GAEL.NS,INE036B01030,115.32,2025-12-05,155.62,34.95,988533.0,134416099.0,156.0,ok
GENCON,Generic Engineering Construction and Projects Limited,NSE,GENCON.NS,INE854S01022,45.24,2025-12-05,39.9,-11.8,320519.0,14600679.0,155.0,ok
GENUSPAPER,Genus Paper & Boards Limited,NSE,GENUSPAPER.NS,INE949P01018,13.97,2025-12-05,12.47,-10.74,100006.0,1314631.0,153.0,ok
FEDERALBNK,The Federal Bank  Limited,NSE,FEDERALBNK.NS,INE171A01029,259.2,2025-12-05,293.05,13.06,10785437.0,2911335056.0,156.0,ok
GEECEE,GeeCee Ventures Limited,NSE,GEECEE.NS,INE916G01016,348.8,2025-12-05,324.45,-6.98,7638.0,2442259.0,154.0,ok
GENESYS,Genesys International Corporation Limited,NSE,GENESYS.NS,INE727B01026,439.5,2025-12-05,267.65,-39.1,750161.0,255871086.0,155.0,ok
GEOJITFSL,Geojit Financial Services Limited,NSE,GEOJITFSL.NS,INE007B01023,70.73,2025-12-05,72.15,2.01,1326909.0,97727651.0,154.0,ok
GHCL,GHCL Limited,NSE,GHCL.NS,INE539A01019,599.55,2025-12-05,456.0,-23.94,164410.0,87189913.0,156.0,ok
GHCLTEXTIL,GHCL Textiles Limited,NSE,GHCLTEXTIL.NS,INE0PA801013,73.12,2025-12-05,97.17,32.89,279875.0,23435264.0,154.0,ok
GFLLIMITED,GFL Limited,NSE,GFLLIMITED.NS,INE538A01037,60.62,2025-12-05,46.45,-23.38,111278.0,6400515.0,153.0,ok
GALAPREC,Gala Precision Engineering Limited,NSE,GALAPREC.NS,INE0RE001014,721.0,2025-12-05,904.9,25.51,19156.0,15203313.0,155.0,ok
GENUSPOWER,Genus Power Infrastructures Limited,NSE,GENUSPOWER.NS,INE955D01029,305.9,2025-12-05,309.35,1.13,644733.0,191557899.0,156.0,ok
GESHIP,The Great Eastern Shipping Company Limited,NSE,GESHIP.NS,INE017A01032,1091.0,2025-12-05,1517.2,39.07,753082.0,1080453249.0,156.0,ok
GEEKAYWIRE,Geekay Wires Limited,NSE,GEEKAYWIRE.NS,INE669X01032,32.87,2025-12-05,23.24,-29.3,128902.0,3544051.0,155.0,ok
GICL,Globe International Carriers Limited,NSE,GICL.NS,INE947T01022,40.5,2025-12-05,40.23,-0.67,473105.0,19679012.0,153.0,ok
GICRE,General Insurance Corporation of India,NSE,GICRE.NS,INE481Y01014,381.85,2025-12-05,377.65,-1.1,491877.0,188763709.0,156.0,ok
GILLETTE,Gillette India Limited,NSE,GILLETTE.NS,INE322A01010,8345.0,2025-12-05,7745.0,-7.19,31501.0,261445764.0,155.0,ok
GAYAHWS,Gayatri Highways Limited,NSE,GAYAHWS.NS,INE287Z01012,2.79,2025-12-05,2.26,-19.0,442328.0,1280474.0,154.0,ok
GAYAPROJ,Gayatri Projects Limited,NSE,GAYAPROJ.NS,INE336H01023,11.53,2025-12-05,20.61,78.75,187424.0,3362664.0,155.0,ok
GANDHAR,Gandhar Oil Refinery (India) Limited,NSE,GANDHAR.NS,INE717W01049,124.6,2025-12-05,155.79,25.03,958712.0,153996591.0,155.0,ok
GANGAFORGE,Ganga Forging Limited,NSE,GANGAFORGE.NS,INE691Z01023,2.98,2025-12-05,2.35,-21.14,604295.0,1931722.0,154.0,ok
GANESHCP,Ganesh Consumer Products Limited,NSE,GANESHCP.NS,INE652V01016,240.65,2025-12-05,216.77,-9.92,158965.0,34537953.0,154.0,ok
GALLANTT,Gallantt Ispat Limited,NSE,GALLANTT.NS,INE297H01019,590.5,2025-12-05,666.5,12.87,1441117.0,1095367682.0,155.0,ok
GAUDIUMIVF,Gaudium IVF and Women Health Limited,NSE,GAUDIUMIVF.NS,INE0P8B01020,80.26,2026-02-27,112.39,40.03,1238651.0,120160587.0,62.0,ok
GANECOS,Ganesha Ecosphere Limited,NSE,GANECOS.NS,INE845D01014,905.2,2025-12-05,925.0,2.19,446311.0,441938957.0,155.0,ok
GANESHHOU,GANESH HOUSING LIMITED,NSE,GANESHHOU.NS,INE460C01014,801.85,2025-12-05,699.4,-12.78,87326.0,66011819.0,154.0,ok
GANDHITUBE,Gandhi Special Tubes Limited,NSE,GANDHITUBE.NS,INE524B01027,754.15,2025-12-05,847.25,12.35,12066.0,10472390.0,153.0,ok
GANGESSECU,Ganges Securities Limited,NSE,GANGESSECU.NS,INE335W01016,148.73,2025-12-05,120.6,-18.91,5474.0,768538.0,153.0,ok
GARUDA,Garuda Construction and Engineering Limited,NSE,GARUDA.NS,INE0JVO01026,204.45,2025-12-05,171.42,-16.16,1654923.0,329023307.0,155.0,ok
GICHSGFIN,GIC Housing Finance Limited,NSE,GICHSGFIN.NS,INE289B01019,166.07,2025-12-05,150.32,-9.48,100122.0,16067119.0,154.0,ok
GARFIBRES,Garware Technical Fibres Limited,NSE,GARFIBRES.NS,INE276A01018,661.35,2025-12-05,660.65,-0.11,87739.0,59345181.0,154.0,ok
GCSL,Gretex Corporate Services Limited,NSE,GCSL.NS,INE199P01028,335.1,2025-12-05,415.3,23.93,127207.0,44754700.0,153.0,ok
GANESHBE,Ganesh Benzoplast Limited,NSE,GANESHBE.NS,INE388A01029,80.84,2025-12-05,93.8,16.03,179031.0,15942298.0,154.0,ok
GATECH,GACM Technologies Limited,NSE,GATECH.NS,INE224E01028,0.58,2025-12-05,0.54,-6.9,8068461.0,4416215.0,155.0,ok
GATECHDVR,GACM Technologies Limited,NSE,GATECHDVR.NS,INE224E01036,0.5,2025-12-05,0.48,-4.0,784955.0,386551.0,154.0,ok
GATEWAY,Gateway Distriparks Limited,NSE,GATEWAY.NS,INE079J01017,59.92,2025-12-05,55.63,-7.16,878802.0,51459425.0,155.0,ok
ELITECON,Elitecon International Limited,NSE,ELITECON.NS,INE669R01026,45.6,2026-04-20,30.92,-32.19,1455704.0,49989831.0,30.0,ok
FCL,Fineotex Chemical Limited,NSE,FCL.NS,INE045J01034,25.41,2025-12-05,42.36,66.71,9043569.0,285716274.0,156.0,ok
FAZE3Q,Faze Three Limited,NSE,FAZE3Q.NS,INE963C01033,465.85,2025-12-05,549.9,18.04,83376.0,40130725.0,154.0,ok
ELLEN,Ellenbarrie Industrial Gases Limited,NSE,ELLEN.NS,INE236E01022,354.7,2025-12-05,247.95,-30.1,349054.0,92563310.0,154.0,ok
ELIN,Elin Electronics Limited,NSE,ELIN.NS,INE050401020,173.49,2025-12-05,111.05,-35.99,135829.0,19138102.0,155.0,ok
ELPROINTL,Elpro International Limited,NSE,ELPROINTL.NS,INE579B01039,105.35,2026-04-22,167.65,59.14,281224.0,41274100.0,28.0,ok
FACT,Fertilizers and Chemicals Travancore Limited,NSE,FACT.NS,INE188A01015,847.0,2025-12-05,871.35,2.87,612235.0,526499417.0,156.0,ok
EMAMIPAP,Emami Paper Mills Limited,NSE,EMAMIPAP.NS,INE830C01026,88.8,2025-12-05,87.87,-1.05,22734.0,1858894.0,155.0,ok
EMAMIREAL,Emami Realty Limited,NSE,EMAMIREAL.NS,INE778K01012,80.8,2025-12-05,85.9,6.31,36620.0,3074486.0,154.0,ok
FAIRCHEMOR,Fairchem Organics Limited,NSE,FAIRCHEMOR.NS,INE0DNW01011,690.8,2025-12-05,600.6,-13.06,24151.0,15918323.0,153.0,ok
EMBDL,Embassy Developments Limited,NSE,EMBDL.NS,INE069I01010,71.54,2025-12-05,56.76,-20.66,3010792.0,209894968.0,155.0,ok
EMAMILTD,Emami Limited,NSE,EMAMILTD.NS,INE548C01032,525.3,2025-12-05,391.7,-25.43,556837.0,266974882.0,156.0,ok
EMIL,Electronics Mart India Limited,NSE,EMIL.NS,INE02YR01019,115.86,2025-12-05,113.54,-2.0,1095489.0,125146364.0,155.0,ok
EMMVEE,Emmvee Photovoltaic Power Limited,NSE,EMMVEE.NS,INE1C6T01020,212.66,2025-12-05,310.75,46.13,4364247.0,1038996845.0,134.0,ok
EMSLIMITED,EMS Limited,NSE,EMSLIMITED.NS,INE0OV601013,413.95,2025-12-05,296.55,-28.36,312027.0,112386585.0,156.0,ok
EMPOWER,Empower India Limited,NSE,EMPOWER.NS,INE507F01023,1.4,2026-04-20,2.22,58.57,3438298.0,8400803.0,30.0,ok
EFCIL,EFC (I) Limited,NSE,EFCIL.NS,INE886D01026,254.9,2025-12-05,179.8,-29.46,411187.0,95916506.0,156.0,ok
ELGIRUBCO,Elgi Rubber Company Limited,NSE,ELGIRUBCO.NS,INE819L01012,50.03,2025-12-05,47.33,-5.4,55216.0,2604707.0,155.0,ok
EMKAY,Emkay Global Financial Services Limited,NSE,EMKAY.NS,INE296H01011,288.3,2025-12-05,247.63,-14.11,35099.0,8503317.0,154.0,ok
ELECTHERM,Electrotherm (India) Limited,NSE,ELECTHERM.NS,INE822G01016,813.85,2025-12-05,1028.3,26.35,47361.0,39912160.0,155.0,ok
EIEL,Enviro Infra Engineers Limited,NSE,EIEL.NS,INE0LLY01014,202.73,2025-12-05,187.54,-7.49,2668683.0,519758989.0,156.0,ok
EMCURE,Emcure Pharmaceuticals Limited,NSE,EMCURE.NS,INE168P01015,1396.2,2025-12-05,1704.4,22.07,247940.0,376011767.0,155.0,ok
EDELWEISS,Edelweiss Financial Services Limited,NSE,EDELWEISS.NS,INE532F01054,105.01,2025-12-05,111.62,6.29,5467802.0,626820277.0,156.0,ok
EIDPARRY,EID Parry India Limited,NSE,EIDPARRY.NS,INE126A01031,1032.8,2025-12-05,755.3,-26.87,222826.0,201047021.0,155.0,ok
ELGIEQUIP,Elgi Equipments Limited,NSE,ELGIEQUIP.NS,INE285A01027,500.8,2025-12-05,589.35,17.68,628112.0,318132933.0,156.0,ok
HINDZINC,Hindustan Zinc Limited,NSE,HINDZINC.NS,INE267A01025,498.1,2025-12-05,625.1,25.5,9323398.0,5629402724.0,156.0,ok
ELANTAS,Elantas Beck India Limited,NSE,ELANTAS.NS,INE280B01018,9222.6,2026-04-22,9479.0,2.78,886.0,8297565.0,28.0,ok
EIFFL,Euro India Fresh Foods Limited,NSE,EIFFL.NS,INE546V01010,213.22,2025-12-05,230.04,7.89,45540.0,11480028.0,153.0,ok
EICHERMOT,Eicher Motors Limited,NSE,EICHERMOT.NS,INE066A01021,7208.0,2025-12-05,7141.5,-0.92,527311.0,3789718493.0,155.0,ok
ELECTCAST,Electrosteel Castings Limited,NSE,ELECTCAST.NS,INE086A01029,69.0,2025-12-05,76.12,10.32,2419582.0,191020650.0,156.0,ok
ELCIDIN,EL CID Investments Limited,NSE,ELCIDIN.NS,INE927X01018,133779.5,2026-04-20,117950.0,-11.83,20.0,2503315.0,30.0,ok
EMUDHRA,eMudhra Limited,NSE,EMUDHRA.NS,INE01QM01018,617.8,2025-12-05,466.7,-24.46,142709.0,70647462.0,154.0,ok
EIHOTEL,EIH Limited,NSE,EIHOTEL.NS,INE230A01023,374.7,2025-12-05,289.8,-22.66,756522.0,248614287.0,156.0,ok
ENDURANCE,Endurance Technologies Limited,NSE,ENDURANCE.NS,INE913H01037,2659.0,2025-12-05,2687.4,1.07,102810.0,265664575.0,155.0,ok
EIMCOELECO,Eimco Elecon (India) Limited,NSE,EIMCOELECO.NS,INE158B01016,1630.8,2025-12-05,1523.4,-6.59,44219.0,74308593.0,153.0,ok
EKC,Everest Kanto Cylinder Limited,NSE,EKC.NS,INE184H01027,115.04,2025-12-05,117.8,2.4,726423.0,85085342.0,154.0,ok
ELECON,Elecon Engineering Company Limited,NSE,ELECON.NS,INE205B01031,474.45,2025-12-05,508.9,7.26,781354.0,366110625.0,155.0,ok
ETHOSLTD,Ethos Limited,NSE,ETHOSLTD.NS,INE04TZ01018,2985.0,2025-12-05,2359.6,-20.95,31426.0,82894406.0,154.0,ok
EMMBI,Emmbi Industries Limited,NSE,EMMBI.NS,INE753K01015,100.34,2025-12-05,84.71,-15.58,18525.0,1676645.0,153.0,ok
EIHAHOTELS,EIH Associated Hotels Limited,NSE,EIHAHOTELS.NS,INE276C01014,359.55,2025-12-05,299.0,-16.84,21867.0,7160734.0,154.0,ok
EUREKAFORB,Eureka Forbes Limited,NSE,EUREKAFORB.NS,INE0KCE01017,635.5,2025-12-05,449.9,-29.21,239900.0,130917844.0,156.0,ok
EVERESTIND,Everest Industries Limited,NSE,EVERESTIND.NS,INE295A01018,509.95,2025-12-05,378.9,-25.7,15088.0,6409825.0,153.0,ok
ENERGYDEV,Energy Development Company Limited,NSE,ENERGYDEV.NS,INE306C01019,20.48,2025-12-05,16.06,-21.58,140619.0,3242817.0,153.0,ok
EUROPRATIK,Euro Pratik Sales Limited,NSE,EUROPRATIK.NS,INE198501012,347.1,2025-12-05,259.45,-25.25,346986.0,94520712.0,154.0,ok
EXCELSOFT,Excelsoft Technologies Limited,NSE,EXCELSOFT.NS,INE606N01019,93.39,2025-12-05,88.63,-5.1,4434082.0,451451921.0,128.0,ok
EXCELINDUS,Excel Industries Limited,NSE,EXCELINDUS.NS,INE369A01029,934.7,2025-12-05,910.25,-2.62,10221.0,9676176.0,153.0,ok
EXICOM,Exicom Tele-Systems Limited,NSE,EXICOM.NS,INE777F01014,107.33,2025-12-05,159.72,48.81,1138433.0,152573650.0,156.0,ok
EUROTEXIND,Eurotex Industries and Exports Limited,NSE,EUROTEXIND.NS,INE022C01012,21.28,2025-12-05,15.01,-29.46,4030.0,67606.0,153.0,ok
EVEREADY,Eveready Industries India Limited,NSE,EVEREADY.NS,INE128A01029,314.35,2025-12-05,318.0,1.16,123643.0,41390991.0,155.0,ok
ESTER,Ester Industries Limited,NSE,ESTER.NS,INE778B01029,105.46,2025-12-05,93.39,-11.45,143434.0,14271742.0,156.0,ok
FABTECH,Fabtech Technologies Limited,NSE,FABTECH.NS,INE0HF201011,243.54,2025-12-05,152.91,-37.21,778568.0,159941952.0,155.0,ok
EXXARO,Exxaro Tiles Limited,NSE,EXXARO.NS,INE0GFE01026,8.07,2025-12-05,6.57,-18.59,717509.0,6127714.0,153.0,ok
EUROBOND,Euro Panel Products Limited,NSE,EUROBOND.NS,INE505V01016,186.39,2025-12-05,184.9,-0.8,10586.0,1855942.0,153.0,ok
ESSENTIA,Integra Essentia Limited,NSE,ESSENTIA.NS,INE418N01035,1.67,2025-12-05,1.73,3.59,2561377.0,3959754.0,155.0,ok
EXPLEOSOL,Expleo Solutions Limited,NSE,EXPLEOSOL.NS,INE201K01015,1052.2,2025-12-05,904.55,-14.03,40677.0,35977721.0,153.0,ok
ETERNAL,ETERNAL LIMITED,NSE,ETERNAL.NS,INE758T01015,292.4,2025-12-05,250.75,-14.24,41332394.0,11119261535.0,156.0,ok
EXIDEIND,Exide Industries Limited,NSE,EXIDEIND.NS,INE302A01020,380.15,2025-12-05,406.25,6.87,2285763.0,811344988.0,156.0,ok
ENTERO,Entero Healthcare Solutions Limited,NSE,ENTERO.NS,INE010601016,1033.8,2025-12-05,1152.4,11.47,126297.0,144341169.0,154.0,ok
ESSEN-RE3,Integra Essentia Limited-RE,NSE,ESSEN-RE3.NS,INE418N20043,,,,,,,,too_few_bars
ENRIN,Siemens Energy India Limited,NSE,ENRIN.NS,INE1NPP01017,3098.2,2025-12-05,3623.3,16.95,662900.0,1986500803.0,156.0,ok
ENIL,Entertainment Network (India) Limited,NSE,ENIL.NS,INE265F01028,117.96,2025-12-05,108.3,-8.19,21866.0,2532034.0,154.0,ok
ENGINERSIN,Engineers India Limited,NSE,ENGINERSIN.NS,INE510A01028,202.7,2025-12-05,227.23,12.1,5795832.0,1247884100.0,156.0,ok
EPACKPEB,EPack Prefab Technologies Limited,NSE,EPACKPEB.NS,INE0MLS01022,304.25,2025-12-05,187.64,-38.33,3082179.0,854197492.0,156.0,ok
ERIS,Eris Lifesciences Limited,NSE,ERIS.NS,INE406M01024,1551.7,2025-12-05,1362.1,-12.22,122418.0,184124556.0,153.0,ok
EPACK,EPACK Durable Limited,NSE,EPACK.NS,INE0G5901015,258.5,2025-12-05,218.73,-15.38,1999320.0,563195699.0,156.0,ok
ESAFSFB,ESAF Small Finance Bank Limited,NSE,ESAFSFB.NS,INE818W01011,26.13,2025-12-05,27.98,7.08,600730.0,16143284.0,155.0,ok
ESSARSHPNG,Essar Shipping Limited,NSE,ESSARSHPNG.NS,INE122M01019,29.69,2025-12-05,23.45,-21.02,427088.0,13626261.0,154.0,ok
EPL,EPL Limited,NSE,EPL.NS,INE255A01020,201.08,2025-12-05,210.42,4.64,754951.0,159794700.0,155.0,ok
EPIGRAL,Epigral Limited,NSE,EPIGRAL.NS,INE071N01016,1471.8,2025-12-05,1139.5,-22.58,65032.0,74201693.0,155.0,ok
EQUITASBNK,Equitas Small Finance Bank Limited,NSE,EQUITASBNK.NS,INE063P01018,60.58,2025-12-05,69.76,15.15,3720482.0,239104699.0,155.0,ok
ELDEHSG,Eldeco Housing And Industries Limited,NSE,ELDEHSG.NS,INE668G01021,977.45,2025-12-05,767.95,-21.43,3410.0,3131174.0,153.0,ok
GILLANDERS,Gillanders Arbuthnot & Company Limited,NSE,GILLANDERS.NS,INE047B01011,108.19,2025-12-05,91.58,-15.35,8668.0,862959.0,154.0,ok
GINNIFILA,Ginni Filaments Limited,NSE,GINNIFILA.NS,INE424C01010,38.03,2025-12-05,44.2,16.22,116056.0,4709648.0,154.0,ok
EQUIPPP,Equippp Social Impact Technologies Limited,NSE,EQUIPPP.NS,INE217G01035,21.23,2025-12-05,17.83,-16.02,14224.0,267149.0,154.0,ok
ESABINDIA,Esab India Limited,NSE,ESABINDIA.NS,INE284A01012,5744.0,2025-12-05,6116.0,6.48,8389.0,49314546.0,153.0,ok
HALDYNGL,Haldyn Glass Limited,NSE,HALDYNGL.NS,INE506D01020,89.05,2026-04-20,111.62,25.35,99994.0,10739410.0,30.0,ok
ESCORTS,Escorts Kubota Limited,NSE,ESCORTS.NS,INE042A01014,3710.9,2025-12-05,2750.3,-25.89,123167.0,414015162.0,156.0,ok
HAPPSTMNDS,Happiest Minds Technologies Limited,NSE,HAPPSTMNDS.NS,INE419U01012,504.7,2025-12-05,378.5,-25.0,1504594.0,611199641.0,156.0,ok
HALEOSLABS,HALEOS LABS LIMITED,NSE,HALEOSLABS.NS,INE320X01016,1335.0,2025-12-05,1443.9,8.16,1779.0,2446526.0,153.0,ok
HCC,Hindustan Construction Company Limited,NSE,HCC.NS,INE549A01026,19.9,2025-12-05,23.42,17.69,31516824.0,630317470.0,156.0,ok
HARDWYN,Hardwyn India Limited,NSE,HARDWYN.NS,INE626Z01029,17.9,2025-12-05,25.44,42.12,2463631.0,50822401.0,155.0,ok
HAPPYFORGE,Happy Forgings Limited,NSE,HAPPYFORGE.NS,INE330T01021,1038.8,2025-12-05,1409.0,35.64,69727.0,85336133.0,156.0,ok
HAVISHA,Sri Havisha Hospitality and Infrastructure Limited,NSE,HAVISHA.NS,INE293B01029,1.77,2025-12-05,1.49,-15.82,57561.0,96823.0,154.0,ok
HATHWAY,Hathway Cable & Datacom Limited,NSE,HATHWAY.NS,INE982F01036,12.7,2025-12-05,10.68,-15.91,2280538.0,25698640.0,156.0,ok
HARRMALAYA,Harrisons  Malayalam Limited,NSE,HARRMALAYA.NS,INE544A01019,164.2,2025-12-05,194.09,18.2,15336.0,2923018.0,155.0,ok
HARSHA,Harsha Engineers International Limited,NSE,HARSHA.NS,INE0JUS01029,372.8,2025-12-05,394.8,5.9,78581.0,31483294.0,155.0,ok
HAWKINCOOK,Hawkins Cookers Limited,NSE,HAWKINCOOK.NS,INE979B01015,7570.9,2026-04-23,7458.0,-1.49,955.0,6998272.0,27.0,ok
HALDER,Halder Venture Limited,NSE,HALDER.NS,INE115S01010,272.37,2026-01-19,228.79,-16.0,2711.0,692473.0,89.0,ok
HARIOMPIPE,Hariom Pipe Industries Limited,NSE,HARIOMPIPE.NS,INE00EV01017,353.6,2025-12-05,398.85,12.8,307214.0,114999651.0,156.0,ok
HAVELLS,Havells India Limited,NSE,HAVELLS.NS,INE176B01034,1436.5,2025-12-05,1174.6,-18.23,905238.0,1207346092.0,156.0,ok
GTLINFRA,GTL Infrastructure Limited,NSE,GTLINFRA.NS,INE221H01019,1.29,2025-12-05,1.43,10.85,54483018.0,67458751.0,156.0,ok
HAL,Hindustan Aeronautics Limited,NSE,HAL.NS,INE066F01020,4443.0,2025-12-05,4278.5,-3.7,1307835.0,5601156728.0,156.0,ok
HBLENGINE,HBL Engineering Limited,NSE,HBLENGINE.NS,INE292B01021,807.6,2025-12-05,802.7,-0.61,2257723.0,1937121771.0,156.0,ok
GUJGASLTD,Gujarat Gas Limited,NSE,GUJGASLTD.NS,INE844O01030,406.55,2025-12-05,396.95,-2.36,936297.0,353904747.0,155.0,ok
GTPL,GTPL Hathway Limited,NSE,GTPL.NS,INE869I01013,98.94,2025-12-05,64.38,-34.93,103890.0,7225655.0,156.0,ok
GTL,GTL Limited,NSE,GTL.NS,INE043A01012,7.97,2025-12-05,7.39,-7.28,312788.0,2391832.0,155.0,ok
GVT&D,GE Vernova T&D India Limited,NSE,GVT&D.NS,INE200A01026,2768.8,2025-12-05,4781.0,72.67,819274.0,2869865812.0,156.0,ok
HBESD,HB Estate Developers Limited,NSE,HBESD.NS,INE640B01021,66.3,2026-04-20,72.38,9.17,7113.0,585030.0,30.0,ok
GUJRAFFIA,Gujarat Raffia Industries Limited,NSE,GUJRAFFIA.NS,INE610B01024,61.54,2025-12-05,42.69,-30.63,10323.0,582695.0,153.0,ok
GUFICBIO,Gufic Biosciences Limited,NSE,GUFICBIO.NS,INE742B01025,355.4,2025-12-05,349.15,-1.76,60426.0,19274236.0,155.0,ok
GVPTECH,GVP Infotech Limited,NSE,GVPTECH.NS,INE382T01030,9.01,2025-12-05,6.5,-27.86,79282.0,598648.0,154.0,ok
GUJAPOLLO,Gujarat Apollo Industries Limited,NSE,GUJAPOLLO.NS,INE826C01016,445.4,2025-12-05,389.3,-12.6,17780.0,7469933.0,154.0,ok
HATSUN,Hatsun Agro Product Limited,NSE,HATSUN.NS,INE473B01035,1035.0,2025-12-05,922.85,-10.84,82927.0,85849076.0,154.0,ok
GUJTHEM,Gujarat Themis Biosyn Limited,NSE,GUJTHEM.NS,INE942C01045,377.35,2025-12-05,395.0,4.68,224217.0,85331846.0,155.0,ok
GULFPETRO,GP Petroleums Limited,NSE,GULFPETRO.NS,INE586G01017,36.15,2025-12-05,40.26,11.37,62660.0,2115734.0,154.0,ok
GULFOILLUB,Gulf Oil Lubricants India Limited,NSE,GULFOILLUB.NS,INE635Q01029,1150.7,2025-12-05,924.8,-19.63,55059.0,57079010.0,156.0,ok
GVKPIL,GVK Power & Infrastructure Limited,NSE,GVKPIL.NS,INE251H01024,3.4,2025-12-05,2.97,-12.65,695095.0,2110273.0,155.0,ok
HCG,Healthcare Global Enterprises Limited,NSE,HCG.NS,INE075I01017,720.05,2025-12-05,631.65,-12.28,207196.0,134386717.0,156.0,ok
GUJALKALI,Gujarat Alkalies and Chemicals Limited,NSE,GUJALKALI.NS,INE186A01019,516.8,2025-12-05,664.85,28.65,1964119.0,1157024847.0,155.0,ok
HBSL,HB Stockholdings Limited,NSE,HBSL.NS,INE550B01022,76.9,2025-12-05,53.75,-30.1,26998.0,2465708.0,154.0,ok
GVPIL,GE Power India Limited,NSE,GVPIL.NS,INE878A01011,330.85,2025-12-05,858.95,159.62,631469.0,307094862.0,156.0,ok
HGINFRA,H.G. Infra Engineering Limited,NSE,HGINFRA.NS,INE926X01010,824.75,2025-12-05,575.6,-30.21,316677.0,194742280.0,156.0,ok
GULPOLY,Gulshan Polyols Limited,NSE,GULPOLY.NS,INE255D01024,139.76,2025-12-05,183.03,30.96,214403.0,36241655.0,155.0,ok
HILTON,Hilton Metal Forging Limited,NSE,HILTON.NS,INE788H01017,40.96,2025-12-05,19.97,-51.25,383225.0,9708264.0,154.0,ok
HGS,Hinduja Global Solutions Limited,NSE,HGS.NS,INE170I01016,468.3,2025-12-05,403.0,-13.94,31221.0,12681403.0,155.0,ok
HILINFRA,Highway Infrastructure Limited,NSE,HILINFRA.NS,INE00RL01028,63.25,2025-12-05,48.01,-24.09,237457.0,14394280.0,154.0,ok
HIKAL,Hikal Limited,NSE,HIKAL.NS,INE475B01022,243.14,2025-12-05,191.42,-21.27,1121015.0,255003045.0,155.0,ok
HINDCON,Hindcon Chemicals Limited,NSE,HINDCON.NS,INE642Y01029,28.5,2025-12-05,22.26,-21.89,32280.0,795885.0,154.0,ok
HCL-INSYS,HCL Infosystems Limited,NSE,HCL-INSYS.NS,INE236A01020,13.97,2025-12-05,13.48,-3.51,324481.0,4224145.0,156.0,ok
HGM,HandsOn Global Management (HGM) Limited,NSE,HGM.NS,INE596H01014,66.07,2025-12-05,61.65,-6.69,10909.0,641780.0,154.0,ok
GSS,GSS Infotech Limited,NSE,GSS.NS,INE871H01011,18.83,2025-12-05,13.42,-28.73,85858.0,1416896.0,154.0,ok
HINDWAREAP,Hindware Home Innovation Limited,NSE,HINDWAREAP.NS,INE05AN01011,301.4,2025-12-05,228.06,-24.33,161963.0,42102456.0,155.0,ok
HINDOILEXP,Hindustan Oil Exploration Company Limited,NSE,HINDOILEXP.NS,INE345A01011,154.07,2025-12-05,171.79,11.5,990196.0,147503559.0,156.0,ok
HINDALCO,Hindalco Industries Limited,NSE,HINDALCO.NS,INE038A01020,823.25,2025-12-05,1146.3,39.24,6120977.0,5659203337.0,156.0,ok
HEXT,Hexaware Technologies Limited,NSE,HEXT.NS,INE093A01041,754.75,2025-12-05,549.65,-27.17,855117.0,495136064.0,154.0,ok
HFCL,HFCL Limited,NSE,HFCL.NS,INE548A01028,69.03,2025-12-05,189.94,175.16,32771741.0,3377526611.0,156.0,ok
HDBFS,HDB Financial Services Limited,NSE,HDBFS.NS,INE756I01012,749.0,2025-12-05,648.7,-13.39,912407.0,642848164.0,156.0,ok
HINDCOPPER,Hindustan Copper Limited,NSE,HINDCOPPER.NS,INE531E01026,371.85,2025-12-05,546.2,46.89,19898546.0,10414438207.0,156.0,ok
HEXATRADEX,Hexa Tradex Limited,NSE,HEXATRADEX.NS,INE750M01017,164.6,2025-12-05,161.13,-2.11,3911.0,638298.0,153.0,ok
HINDUNILVR,Hindustan Unilever Limited,NSE,HINDUNILVR.NS,INE030A01027,2338.6,2025-12-05,2093.7,-10.47,1795765.0,4132145755.0,156.0,ok
HEALTHX,Health X Platform Limited,NSE,HEALTHX.NS,INE019J01013,308.35,2025-12-05,301.45,-2.24,17820.0,5323066.0,153.0,ok
GIPCL,Gujarat Industries Power Company Limited,NSE,GIPCL.NS,INE162A01010,155.27,2025-12-05,173.76,11.91,349289.0,54240804.0,155.0,ok
HDFCLIFE,HDFC Life Insurance Company Limited,NSE,HDFCLIFE.NS,INE795G01014,768.3,2025-12-05,579.9,-24.52,3516275.0,2362368970.0,155.0,ok
HINDPETRO,Hindustan Petroleum Corporation Limited,NSE,HINDPETRO.NS,INE094A01015,450.35,2025-12-05,383.75,-14.79,6408355.0,2595254856.0,156.0,ok
HDFCBANK,HDFC Bank Limited,NSE,HDFCBANK.NS,INE040A01034,1003.3,2025-12-05,748.25,-25.42,32395541.0,27920541356.0,156.0,ok
HEG,HEG Limited,NSE,HEG.NS,INE545A01024,520.5,2025-12-05,550.15,5.7,2431880.0,1393117296.0,156.0,ok
HEIDELBERG,HeidelbergCement India Limited,NSE,HEIDELBERG.NS,INE578A01017,176.45,2025-12-05,154.86,-12.24,94377.0,16118082.0,155.0,ok
HEMIPROP,Hemisphere Properties India Limited,NSE,HEMIPROP.NS,INE0AJG01018,133.18,2025-12-05,140.34,5.38,676398.0,93963403.0,156.0,ok
HERANBA,Heranba Industries Limited,NSE,HERANBA.NS,INE694N01015,245.95,2025-12-05,178.41,-27.46,50307.0,10711733.0,155.0,ok
HINDCOMPOS,Hindustan Composites Limited,NSE,HINDCOMPOS.NS,INE310C01029,414.9,2025-12-05,409.05,-1.41,8115.0,3680434.0,153.0,ok
HEADSUP,Heads UP Ventures Limited,NSE,HEADSUP.NS,INE759V01019,9.45,2025-12-05,7.12,-24.66,33872.0,284331.0,153.0,ok
HESTERBIO,Hester Biosciences Limited,NSE,HESTERBIO.NS,INE782E01017,1653.4,2025-12-05,2015.4,21.89,8185.0,14056016.0,154.0,ok
HEROMOTOCO,Hero MotoCorp Limited,NSE,HEROMOTOCO.NS,INE158A01026,6350.5,2025-12-05,4875.0,-23.23,602140.0,3335337436.0,156.0,ok
HCLTECH,HCL Technologies Limited,NSE,HCLTECH.NS,INE860A01027,1683.0,2025-12-05,1243.5,-26.11,3309385.0,4734836053.0,156.0,ok
HDFCAMC,HDFC Asset Management Company Limited,NSE,HDFCAMC.NS,INE127D01025,2577.5,2025-12-05,2583.5,0.23,1043108.0,2740425327.0,156.0,ok
GTECJAINX,G-TEC JAINX EDUCATION LIMITED,NSE,GTECJAINX.NS,INE586X01012,23.5,2025-12-05,24.02,2.21,15357.0,367117.0,153.0,ok
GSPCROP,GSP Crop Science Limited,NSE,GSPCROP.NS,INE713R01022,356.25,2026-03-24,426.65,19.76,464662.0,178583131.0,46.0,ok
HERITGFOOD,Heritage Foods Limited,NSE,HERITGFOOD.NS,INE978A01027,480.4,2025-12-05,322.95,-32.77,290253.0,110353614.0,156.0,ok
HECPROJECT,HEC Infra Projects Limited,NSE,HECPROJECT.NS,INE558R01013,130.13,2025-12-05,126.1,-3.1,24300.0,2949924.0,154.0,ok
GOKUL,Gokul Refoils and Solvent Limited,NSE,GOKUL.NS,INE020J01029,39.07,2025-12-05,41.25,5.58,60410.0,2426612.0,153.0,ok
HIMATSEIDE,Himatsingka Seide Limited,NSE,HIMATSEIDE.NS,INE049A01027,116.68,2025-12-05,77.37,-33.69,636951.0,62301086.0,156.0,ok
GNA,GNA Axles Limited,NSE,GNA.NS,INE934S01014,311.25,2025-12-05,368.5,18.39,117017.0,45486194.0,156.0,ok
GNRL,Gujarat Natural Resources Limited,NSE,GNRL.NS,INE207H01018,99.5,2026-04-20,96.63,-2.88,93206.0,9133396.0,30.0,ok
GMRP&UI,GMR Power and Urban Infra Limited,NSE,GMRP&UI.NS,INE0CU601026,109.59,2025-12-05,111.7,1.93,2039437.0,230357549.0,156.0,ok
GOCOLORS,Go Fashion (India) Limited,NSE,GOCOLORS.NS,INE0BJS01011,485.2,2025-12-05,336.05,-30.74,357289.0,124684884.0,155.0,ok
GODAVARIB,Godavari Biorefineries Limited,NSE,GODAVARIB.NS,INE497S01012,245.45,2025-12-05,275.0,12.04,338567.0,98235944.0,154.0,ok
GMRAIRPORT,GMR AIRPORTS LIMITED,NSE,GMRAIRPORT.NS,INE776C01039,103.51,2025-12-05,98.13,-5.2,17287372.0,1701561492.0,156.0,ok
GODREJAGRO,Godrej Agrovet Limited,NSE,GODREJAGRO.NS,INE850D01014,582.9,2025-12-05,583.05,0.03,240726.0,143992377.0,156.0,ok
GNFC,Gujarat Narmada Valley Fertilizers and Chemicals Limited,NSE,GNFC.NS,INE113A01013,502.7,2025-12-05,506.8,0.82,310881.0,151250006.0,156.0,ok
GOACARBON,Goa Carbon Limited,NSE,GOACARBON.NS,INE426D01013,393.05,2025-12-05,390.3,-0.7,30515.0,11950465.0,155.0,ok
GODREJPROP,Godrej Properties Limited,NSE,GODREJPROP.NS,INE484J01027,2082.4,2025-12-05,1720.5,-17.38,1015497.0,1824606483.0,155.0,ok
GODREJIND,Godrej Industries Limited,NSE,GODREJIND.NS,INE233A01035,1014.0,2025-12-05,1059.3,4.47,243253.0,250804849.0,156.0,ok
GMMPFAUDLR,GMM Pfaudler Limited,NSE,GMMPFAUDLR.NS,INE541A01023,1089.1,2025-12-05,776.9,-28.67,109164.0,110352033.0,155.0,ok
GKWLIMITED,GKW Limited,NSE,GKWLIMITED.NS,INE528A01020,1749.8,2025-12-05,1687.1,-3.58,581.0,978702.0,153.0,ok
GKSL,Gujarat Kidney And Super Speciality Limited,NSE,GKSL.NS,INE0V0W01025,104.54,2025-12-30,134.25,28.42,1109747.0,123149909.0,105.0,ok
GSLSU,Global Surfaces Limited,NSE,GSLSU.NS,INE0JSX01015,114.98,2025-12-05,54.49,-52.61,203349.0,22330319.0,153.0,ok
GODFRYPHLP,Godfrey Phillips India Limited,NSE,GODFRYPHLP.NS,INE260B01028,2732.3,2025-12-05,2274.5,-16.76,959707.0,2236062782.0,156.0,ok
GMDCLTD,Gujarat Mineral Development Corporation Limited,NSE,GMDCLTD.NS,INE131A01031,514.4,2025-12-05,668.4,29.94,4856840.0,2941378301.0,156.0,ok
GMBREW,GM Breweries Limited,NSE,GMBREW.NS,INE075D01018,948.0,2025-12-05,914.2,-3.57,476775.0,546791357.0,156.0,ok
GKENERGY,GK Energy Limited,NSE,GKENERGY.NS,INE1AG301022,142.42,2025-12-05,124.66,-12.47,906660.0,138813039.0,155.0,ok
GLAND,Gland Pharma Limited,NSE,GLAND.NS,INE068V01023,1751.6,2025-12-05,2277.0,30.0,236179.0,465278022.0,155.0,ok
GODIGIT,Go Digit General Insurance Limited,NSE,GODIGIT.NS,INE03JT01014,347.65,2025-12-05,311.0,-10.54,364398.0,122334293.0,154.0,ok
GODREJCP,Godrej Consumer Products Limited,NSE,GODREJCP.NS,INE102D01028,1136.0,2025-12-05,999.1,-12.05,1467968.0,1627054869.0,155.0,ok
GLOBALE,Globale Tessile Limited,NSE,GLOBALE.NS,INE0URU01010,10.8,2025-12-05,13.56,25.56,18979.0,228942.0,154.0,ok
GLOTTIS,Glottis Limited,NSE,GLOTTIS.NS,INE0TQE01026,59.78,2025-12-05,63.78,6.69,395436.0,25104274.0,155.0,ok
GOCLCORP,GOCL Corporation Limited,NSE,GOCLCORP.NS,INE077F01035,292.9,2025-12-05,400.8,36.84,182138.0,52816288.0,155.0,ok
GLOBAL,Global Education Limited,NSE,GLOBAL.NS,INE291W01037,90.24,2025-12-05,102.9,14.03,137200.0,12544529.0,155.0,ok
GLENMARK,Glenmark Pharmaceuticals Limited,NSE,GLENMARK.NS,INE935A01035,1968.2,2025-12-05,2184.6,10.99,704402.0,1454265321.0,156.0,ok
GLOBE,GLOBE ENTERPRISES (INDIA) LIMITED,NSE,GLOBE.NS,INE581X01021,2.54,2025-12-05,2.31,-9.06,1060661.0,2847582.0,154.0,ok
GLAXO,GlaxoSmithKline Pharmaceuticals Limited,NSE,GLAXO.NS,INE159A01016,2545.6,2025-12-05,2188.8,-14.02,78667.0,193593646.0,156.0,ok
GLOBECIVIL,Globe Civil Projects Limited,NSE,GLOBECIVIL.NS,INE0V3U01015,63.12,2025-12-05,40.55,-35.76,139309.0,8234907.0,154.0,ok
GLFL,Gujarat Lease Financing Limited,NSE,GLFL.NS,INE540A01017,7.22,2025-12-05,6.0,-16.9,6118.0,40597.0,153.0,ok
GOKULAGRO,Gokul Agro Resources Limited,NSE,GOKULAGRO.NS,INE314T01033,198.47,2025-12-05,233.86,17.83,1385500.0,276487376.0,155.0,ok
GLOBUSSPR,Globus Spirits Limited,NSE,GLOBUSSPR.NS,INE615I01010,969.2,2025-12-05,859.05,-11.37,136464.0,141438678.0,154.0,ok
GRAVISSHO,Graviss Hospitality Limited,NSE,GRAVISSHO.NS,INE214F01026,28.05,2026-04-20,29.93,6.7,144041.0,4062168.0,30.0,ok
GOKEX,Gokaldas Exports Limited,NSE,GOKEX.NS,INE887G01027,872.8,2025-12-05,700.75,-19.71,830261.0,609451053.0,156.0,ok
GREENPANEL,Greenpanel Industries Limited,NSE,GREENPANEL.NS,INE08ZM01014,239.31,2025-12-05,189.64,-20.76,195833.0,44996488.0,155.0,ok
GLOBALVECT,Global Vectra Helicorp Limited,NSE,GLOBALVECT.NS,INE792H01019,200.74,2025-12-05,167.0,-16.81,22262.0,4597769.0,153.0,ok
GREAVESCOT,Greaves Cotton Limited,NSE,GREAVESCOT.NS,INE224A01026,185.27,2025-12-05,180.91,-2.35,1286570.0,233504659.0,156.0,ok
GREENLAM,Greenlam Industries Limited,NSE,GREENLAM.NS,INE544R01021,241.1,2025-12-05,229.3,-4.89,162463.0,38479396.0,153.0,ok
GRINDWELL,Grindwell Norton Limited,NSE,GRINDWELL.NS,INE536A01023,1567.5,2025-12-05,1859.0,18.6,61487.0,101767672.0,155.0,ok
GRMOVER,GRM Overseas Limited,NSE,GRMOVER.NS,INE192H01020,156.75,2025-12-05,155.67,-0.69,2237110.0,354897891.0,155.0,ok
GRINFRA,G R Infraprojects Limited,NSE,GRINFRA.NS,INE201P01022,1052.7,2025-12-05,890.85,-15.37,91046.0,82872665.0,156.0,ok
GLOSTERLTD,Gloster Limited,NSE,GLOSTERLTD.NS,INE350Z01018,637.65,2025-12-05,657.95,3.18,3293.0,2058917.0,154.0,ok
GREENPLY,Greenply Industries Limited,NSE,GREENPLY.NS,INE461C01038,283.5,2025-12-05,256.59,-9.49,582693.0,157618522.0,156.0,ok
GROWW,Billionbrains Garage Ventures Limited,NSE,GROWW.NS,INE0HOQ01053,151.18,2025-12-05,190.81,26.21,63094546.0,10771662021.0,138.0,ok
GRASIM,Grasim Industries Limited,NSE,GRASIM.NS,INE047A01021,2747.0,2025-12-05,3097.6,12.76,770963.0,2162832855.0,155.0,ok
GRPLTD,GRP Limited,NSE,GRPLTD.NS,INE137I01015,1717.7,2025-12-05,1805.7,5.12,3234.0,5926218.0,153.0,ok
GRAUWEIL,Grauer & Weil India Limited,NSE,GRAUWEIL.NS,INE266D01021,115.6,2026-04-13,71.63,-38.04,235001.0,16933742.0,34.0,ok
GROBTEA,The Grob Tea Company Limited,NSE,GROBTEA.NS,INE646C01018,1015.0,2025-12-05,903.8,-10.96,475.0,514273.0,155.0,ok
GRAVITA,Gravita India Limited,NSE,GRAVITA.NS,INE024L01027,1793.5,2025-12-05,1624.0,-9.45,289297.0,478458502.0,155.0,ok
GREENPOWER,Orient Green Power Company Limited,NSE,GREENPOWER.NS,INE999K01014,12.05,2025-12-05,11.5,-4.56,5629839.0,65106687.0,156.0,ok
GOLDIAM,Goldiam International Limited,NSE,GOLDIAM.NS,INE025B01025,374.05,2025-12-05,424.45,13.47,708544.0,263303612.0,156.0,ok
GOLDTECH,AION-TECH SOLUTIONS LIMITED,NSE,GOLDTECH.NS,INE805A01014,53.45,2025-12-05,42.86,-19.81,58119.0,2766993.0,154.0,ok
GOODYEAR,Goodyear India Limited,NSE,GOODYEAR.NS,INE533A01012,1273.7,2026-04-15,718.9,-43.56,5914.0,4450313.0,34.0,ok
GRAPHITE,Graphite India Limited,NSE,GRAPHITE.NS,INE371A01025,537.5,2025-12-05,721.35,34.2,1629787.0,1073683403.0,156.0,ok
GOPAL,Gopal Snacks Limited,NSE,GOPAL.NS,INE0L9R01028,322.3,2025-12-05,294.9,-8.5,112383.0,34393191.0,154.0,ok
GSFC,Gujarat State Fertilizers & Chemicals Limited,NSE,GSFC.NS,INE026A01025,179.14,2025-12-05,163.77,-8.58,898677.0,155718748.0,156.0,ok
GRANULES,Granules India Limited,NSE,GRANULES.NS,INE101D01020,560.85,2025-12-05,777.55,38.64,1089235.0,686610063.0,155.0,ok
GOODLUCK,Goodluck India Limited,NSE,GOODLUCK.NS,INE127I01024,1141.6,2025-12-05,1319.9,15.62,121087.0,146510630.0,155.0,ok
GRSE,Garden Reach Shipbuilders & Engineers Limited,NSE,GRSE.NS,INE382Z01011,2470.9,2025-12-05,2614.9,5.83,1518791.0,3982782581.0,156.0,ok
GRWRHITECH,Garware Hi-Tech Films Limited,NSE,GRWRHITECH.NS,INE291A01017,3704.7,2025-12-05,5894.5,59.11,92484.0,385652390.0,156.0,ok
GPTHEALTH,GPT Healthcare Limited,NSE,GPTHEALTH.NS,INE486R01017,143.08,2025-12-05,151.41,5.82,117313.0,15786217.0,154.0,ok
GRANDOAK,Grand Oak Canyons Distillery Limited,NSE,GRANDOAK.NS,INE926B01016,28.9,2026-04-20,25.22,-12.73,3194.0,88007.0,30.0,ok
GPPL,Gujarat Pipavav Port Limited,NSE,GPPL.NS,INE517F01014,182.29,2025-12-05,158.06,-13.29,2028828.0,347559162.0,156.0,ok
GRADIENTE,Gradiente Infotainment Limited,NSE,GRADIENTE.NS,INE361K01017,8.93,2026-05-08,3.4,-61.93,193765.0,821438.0,17.0,ok
GPTINFRA,GPT Infraprojects Limited,NSE,GPTINFRA.NS,INE390G01014,109.85,2025-12-05,116.25,5.83,415542.0,46045990.0,154.0,ok
540681,Chothani Foods Ltd,BSE,540681.BO,INE344X01016,26.35,2025-12-05,8.7,-66.98,11693.0,281513.0,155.0,ok
GPIL,Godawari Power And Ispat limited,NSE,GPIL.NS,INE177H01039,232.94,2025-12-05,286.35,22.93,2774145.0,762978918.0,156.0,ok
540590,Riddhi Corporate Services Ltd,BSE,540590.BO,INE325X01015,68.57,2025-12-05,61.07,-10.94,4533.0,301695.0,152.0,ok
GOYALALUM,Goyal Aluminiums Limited,NSE,GOYALALUM.NS,INE705X01026,6.55,2025-12-05,6.7,2.29,234478.0,2001602.0,153.0,ok
540597,Containerway International Ltd,BSE,540597.BO,INE319U01022,22.88,2025-12-05,15.76,-31.12,5974.0,105408.0,152.0,ok
540545,Guru Krupa Gems and Jewellery Ltd,BSE,540545.BO,INE986W01016,28.96,2025-12-05,36.5,26.04,130541.0,4633110.0,152.0,ok
540550,Yug Decor Ltd,BSE,540550.BO,INE796W01019,28.98,2025-12-05,16.0,-44.79,4957.0,98656.0,155.0,ok
540614,G G Engineering Ltd,BSE,540614.BO,INE694X01030,0.55,2025-12-05,0.48,-12.73,4378519.0,2260356.0,152.0,ok
540515,Kanungo Financiers Ltd,BSE,540515.BO,INE453S01015,13.65,2025-12-05,8.66,-36.56,4565.0,50652.0,153.0,ok
540519,Meera Industries Ltd,BSE,540519.BO,INE343X01026,64.9,2025-12-05,55.15,-15.02,30143.0,1868824.0,153.0,ok
540686,Smruthi Organics Ltd,BSE,540686.BO,INE172E01011,122.95,2025-12-05,121.7,-1.02,3545.0,421962.0,152.0,ok
540613,Gautam Exim Ltd,BSE,540613.BO,INE721X01023,149.68,2025-12-05,154.0,2.89,7558.0,1108543.0,154.0,ok
540669,UTI Nifty Next 50 ETF,BSE,540669.BO,INF789F1AUW9,,,,,,,,no_data
540652,Captain Technocast Ltd,BSE,540652.BO,INE931X01010,167.0,2025-12-05,230.0,37.72,866.0,155397.0,154.0,ok
540361,Danube Industries Ltd,BSE,540361.BO,INE575D01041,7.3,2025-12-05,5.46,-25.21,218420.0,1335698.0,152.0,ok
540269,Super Fine Knitters Ltd,BSE,540269.BO,INE459U01018,8.95,2025-12-05,6.85,-23.46,8000.0,72013.0,155.0,ok
540359,Parmax Pharma Ltd,BSE,540359.BO,INE240T01014,34.75,2025-12-05,39.0,12.23,1360.0,46215.0,152.0,ok
540332,Tanvi Foods (India) Ltd,BSE,540332.BO,INE978V01015,88.0,2025-12-05,68.6,-22.05,3424.0,281701.0,153.0,ok
540492,Starlineps Enterprises Ltd,BSE,540492.BO,INE594W01042,3.5,2025-12-05,10.72,206.29,1522324.0,9556235.0,152.0,ok
540612,ICICI Prudential Nifty 100 Low Volatility 30 ETF,BSE,540612.BO,INF109KC19U5,,,,,,,,no_data
540395,Chemcrux Enterprises Ltd,BSE,540395.BO,INE298W01016,113.4,2025-12-05,84.87,-25.16,9459.0,985833.0,152.0,ok
540360,Leading Leasing Finance And Investment Company Ltd,BSE,540360.BO,INE715Q01029,3.97,2025-12-05,1.42,-64.23,2753803.0,6908555.0,152.0,ok
540243,New Light Industries Ltd,BSE,540243.BO,INE835U01027,1.65,2025-12-05,1.42,-13.94,183789.0,275141.0,152.0,ok
540259,Shangar Decor Ltd,BSE,540259.BO,INE118R01032,0.3,2025-12-05,0.24,-20.0,2710699.0,750989.0,152.0,ok
540252,Viram Suvarn Ltd,BSE,540252.BO,INE607V01028,8.78,2025-12-05,11.88,35.31,397414.0,4281650.0,152.0,ok
540377,IFL Enterprises Ltd,BSE,540377.BO,INE714U01024,0.57,2025-12-05,0.39,-31.58,4583850.0,2390939.0,152.0,ok
540386,Ontic Finserve Ltd,BSE,540386.BO,INE989S01042,2.31,2025-12-05,1.2,-48.05,760015.0,1583321.0,152.0,ok
540651,Jigar Cables Ltd,BSE,540651.BO,INE943X01015,65.0,2025-12-05,67.0,3.08,1012.0,64270.0,154.0,ok
540402,Manas Properties Ltd,BSE,540402.BO,INE800W01019,388.5,2025-12-05,388.5,0.0,0.0,0.0,155.0,ok
540416,Octaware Technologies Ltd,BSE,540416.BO,INE208U01019,30.55,2025-12-05,63.6,108.18,1207.0,93753.0,155.0,ok
540404,Prime Fresh Ltd,BSE,540404.BO,INE442V01012,235.5,2025-12-05,223.45,-5.12,31702.0,8060033.0,152.0,ok
540401,Maximus International Ltd,BSE,540401.BO,INE544W01021,11.24,2025-12-05,10.48,-6.76,66934.0,666690.0,152.0,ok
540467,Parmeshwari Silk Mills Ltd,BSE,540467.BO,INE808R01012,74.31,2025-12-04,133.25,79.32,1.0,162.0,156.0,ok
540405,Oceanic Foods Ltd,BSE,540405.BO,INE711V01010,71.81,2025-12-05,53.59,-25.37,5702.0,380850.0,153.0,ok
540267,Flora Corporation Ltd,BSE,540267.BO,INE318U01016,8.78,2025-12-05,7.38,-15.95,3724.0,31362.0,153.0,ok
540693,Shish Industries Ltd,BSE,540693.BO,INE145Y01023,9.65,2025-12-05,12.45,29.02,1785547.0,25147612.0,152.0,ok
540481,Classic Leasing & Finance Ltd,BSE,540481.BO,INE949C01016,41.0,2025-12-05,48.85,19.15,183.0,8458.0,152.0,ok
540468,KMS Medisurgi Ltd,BSE,540468.BO,INE870V01014,126.5,2025-12-05,132.8,4.98,19.0,2529.0,155.0,ok
540811,Diggi Multitrade Ltd,BSE,540811.BO,INE158R01012,11.22,2025-12-05,14.0,24.78,2987.0,34675.0,154.0,ok
540843,Rithwik Facility Management Services Ltd,BSE,540843.BO,INE819Y01015,155.0,2025-12-05,155.0,0.0,12.0,2000.0,155.0,ok
540874,7Seas Entertainment Ltd,BSE,540874.BO,INE454F01010,84.2,2025-12-05,80.21,-4.74,14164.0,1141027.0,152.0,ok
540850,Jhandewalas Foods Ltd,BSE,540850.BO,INE841Y01019,38.1,2025-12-05,27.63,-27.48,12483.0,481066.0,153.0,ok
540796,Ratnabhumi Developers Ltd,BSE,540796.BO,INE821Y01011,230.8,2025-12-05,303.0,31.28,2614.0,581086.0,153.0,ok
540829,Chandrima Mercantiles Ltd,BSE,540829.BO,INE371F01024,13.65,2025-12-05,6.5,-52.38,1151835.0,11365001.0,152.0,ok
540694,ANG Lifesciences India Ltd,BSE,540694.BO,INE236W01016,28.28,2025-12-05,28.07,-0.74,5866.0,159295.0,152.0,ok
540809,MRC Agrotech Ltd,BSE,540809.BO,INE333Y01017,50.38,2025-12-05,38.88,-22.83,113983.0,4851206.0,152.0,ok
540455,Escorp Asset Management Ltd,BSE,540455.BO,INE953W01016,155.0,2025-12-05,102.15,-34.1,2957.0,343349.0,153.0,ok
540786,Sharika Enterprises Ltd,BSE,540786.BO,INE669Y01022,13.53,2025-12-05,13.92,2.88,50713.0,627271.0,152.0,ok
540936,Gautam Gems Ltd,BSE,540936.BO,INE063Z01017,3.92,2025-12-05,3.11,-20.66,37616.0,132052.0,152.0,ok
540953,Kenvi Jewels Ltd,BSE,540953.BO,INE923Y01023,2.34,2025-12-05,2.1,-10.26,112380.0,270609.0,152.0,ok
540904,Tirupati Foam Ltd,BSE,540904.BO,INE115G01015,82.89,2025-12-05,92.49,11.58,334.0,28370.0,153.0,ok
540938,Gujarat Hy-Spin Ltd,BSE,540938.BO,INE578V01013,17.95,2025-12-05,9.85,-45.13,12857.0,130881.0,154.0,ok
540782,Sanghvi Brands Ltd,BSE,540782.BO,INE204Y01010,12.75,2025-12-05,13.38,4.94,2025.0,24789.0,155.0,ok
540914,SRU Steels Ltd,BSE,540914.BO,INE425C01017,4.31,2025-12-05,1.9,-55.92,401624.0,1048129.0,152.0,ok
540956,Bhatia Communications & Retail (India) Ltd,BSE,540956.BO,INE341Z01025,26.68,2025-12-05,26.82,0.52,69667.0,1652342.0,152.0,ok
540727,Poojawestern Metaliks Ltd,BSE,540727.BO,INE973X01012,31.65,2025-12-05,19.81,-37.41,17666.0,439982.0,152.0,ok
540696,KCD Industries India Ltd,BSE,540696.BO,INE185U01035,12.29,2025-12-05,3.89,-68.35,52177.0,410081.0,152.0,ok
540787,BHARAT 22 ETF - ICICI Prudential AMC,BSE,540787.BO,INF109KB15Y7,,,,,,,,no_data
540718,Aayush Art And Bullion Ltd,BSE,540718.BO,INE777X01017,1079.45,2025-12-05,1173.4,8.7,69596.0,76963948.0,152.0,ok
540729,Vanta Bioscience Ltd,BSE,540729.BO,INE695X01011,19.56,2025-12-05,23.23,18.76,1606.0,32499.0,155.0,ok
540717,Polo Queen Industrial and Fintech Ltd,BSE,540717.BO,INE689M01025,34.4,2025-12-05,17.62,-48.78,29109.0,709603.0,152.0,ok
540756,Kaarya Facilities and Services Ltd,BSE,540756.BO,INE282Y01016,28.24,2025-12-05,28.24,0.0,580.0,15900.0,155.0,ok
540738,Shreeji Translogistics Ltd,BSE,540738.BO,INE402Y01028,9.94,2025-12-05,9.08,-8.65,48970.0,443720.0,152.0,ok
540728,Sayaji Industries Ltd,BSE,540728.BO,INE327G01032,66.2,2025-12-05,134.2,102.72,4375.0,468120.0,152.0,ok
540737,Shree Ganesh Remedies Ltd,BSE,540737.BO,INE414Y01015,445.05,2025-12-05,650.0,46.05,5159.0,2592200.0,152.0,ok
539767,Mega Nirman and Industries Ltd,BSE,539767.BO,INE216Q01010,32.3,2025-12-05,39.65,22.76,6531.0,229975.0,152.0,ok
539788,Khemani Distributors & Marketing Ltd,BSE,539788.BO,INE030U01025,126.0,2025-12-05,119.6,-5.08,85.0,10886.0,155.0,ok
539762,Modern Engineering And Projects Ltd,BSE,539762.BO,INE250S01015,34.56,2025-12-05,32.86,-4.92,33111.0,1212893.0,152.0,ok
539798,Umiya Tubes Ltd,BSE,539798.BO,INE173U01015,28.34,2025-12-05,39.43,39.13,47255.0,1366929.0,152.0,ok
539784,LIC MF Exchange Traded Fund- NIFTY 100,BSE,539784.BO,INF767K01PC8,288.45,2025-12-04,267.06,-7.42,148.0,41135.0,154.0,ok
539760,Relicab Cable Manufacturing Ltd,BSE,539760.BO,INE773T01014,41.02,2025-12-05,43.09,5.05,11128.0,426906.0,152.0,ok
540204,Eiko Lifesciences Ltd,BSE,540204.BO,INE666Q01016,50.76,2025-12-05,52.32,3.07,10611.0,563104.0,152.0,ok
539730,Fredun Pharmaceuticals Ltd,BSE,539730.BO,INE194R01017,1874.1,2025-12-05,2396.35,27.87,11889.0,21703406.0,152.0,ok
540726,Trident Texofab Ltd,BSE,540726.BO,INE071Y01013,332.1,2025-12-05,41.7,-87.44,40019.0,4703331.0,152.0,ok
539697,Hiliks Technologies Ltd,BSE,539697.BO,INE966Q01010,49.03,2025-12-05,57.58,17.44,9737.0,534145.0,152.0,ok
539814,LE Lavoir Ltd,BSE,539814.BO,INE204S01012,219.45,2025-12-05,143.0,-34.84,4583.0,958131.0,152.0,ok
539692,Interactive Financial Services Ltd,BSE,539692.BO,INE064T01018,18.0,2025-12-05,14.85,-17.5,8746.0,139997.0,152.0,ok
539800,CHD Chemicals Ltd,BSE,539800.BO,INE043U01010,5.7,2025-12-05,6.0,5.26,6957.0,38101.0,152.0,ok
539834,Balgopal Commercial Ltd,BSE,539834.BO,INE119R01014,207.9,2025-12-05,162.1,-22.03,5322.0,958080.0,152.0,ok
539841,Lancer Container Lines Ltd,BSE,539841.BO,INE359U01028,14.26,2025-12-05,10.55,-26.02,545385.0,7964279.0,152.0,ok
539839,Franklin Leasing and Finance Ltd,BSE,539839.BO,INE399S01010,11.0,2025-12-05,8.92,-18.91,438.0,5207.0,155.0,ok
539864,Ghushine Fintrrade Ocean Ltd,BSE,539864.BO,INE009U01011,19.13,2025-12-05,21.2,10.82,3354.0,60576.0,155.0,ok
539835,Superior Finlease Ltd,BSE,539835.BO,INE574R01028,1.48,2025-12-05,2.15,45.27,15715.0,25784.0,152.0,ok
539773,Advik Capital Ltd,BSE,539773.BO,INE178T01024,1.33,2025-12-05,1.33,0.0,1489767.0,2151354.0,152.0,ok
539681,Dynamic Archistructures Ltd,BSE,539681.BO,INE874E01012,46.58,2025-12-05,46.58,0.0,0.0,0.0,155.0,ok
539526,Suncare Traders Ltd,BSE,539526.BO,INE452S01025,0.77,2025-12-05,0.5,-35.06,374126.0,229394.0,152.0,ok
539682,Mobavenue AI Tech Ltd,BSE,539682.BO,INE622Q01019,1259.7,2025-12-05,1337.6,6.18,9044.0,10581065.0,152.0,ok
539680,Ganga Pharmaceuticals Ltd,BSE,539680.BO,INE615T01017,11.68,2025-12-05,12.0,2.74,464.0,5618.0,155.0,ok
539559,Deep Health AI India Ltd,BSE,539559.BO,INE005G01026,8.1,2025-12-05,2.21,-72.72,3155413.0,16856794.0,152.0,ok
539528,Aayush Wellness Ltd,BSE,539528.BO,INE430R01023,32.31,2025-12-05,31.39,-2.85,140056.0,5477422.0,152.0,ok
539544,Abhishek Infraventures Ltd,BSE,539544.BO,INE281P01016,6.9,2025-12-05,8.97,30.0,1517.0,11381.0,153.0,ok
541005,Kanco Tea & Industries Ltd,BSE,541005.BO,INE398L01017,71.95,2025-12-05,56.56,-21.39,1399.0,91913.0,152.0,ok
539527,Creative Castings Ltd,BSE,539527.BO,INE146E01015,584.2,2025-12-05,541.2,-7.36,114.0,64310.0,152.0,ok
539543,Valley Magnesite Company Ltd,BSE,539543.BO,INE834E01016,13.12,2025-12-05,13.12,0.0,0.0,0.0,155.0,ok
539819,Mudra Financial Services Ltd,BSE,539819.BO,INE967S01014,4.1,2025-12-05,4.1,0.0,0.0,0.0,155.0,ok
539679,Kapil Raj Finance Ltd,BSE,539679.BO,INE332Q01023,3.53,2025-12-05,2.96,-16.15,209557.0,617100.0,152.0,ok
539552,F Mec International Financial Services Ltd,BSE,539552.BO,INE108T01021,19.43,2025-12-05,14.79,-23.88,100674.0,1611191.0,155.0,ok
539599,Kotia Enterprises Ltd,BSE,539599.BO,INE079C01012,31.54,2025-12-05,24.25,-23.11,237.0,6322.0,154.0,ok
539594,Mishtann Foods Ltd,BSE,539594.BO,INE094S01041,5.0,2025-12-05,4.09,-18.2,1502876.0,6871351.0,152.0,ok
539596,Delta Industrial Resources Ltd,BSE,539596.BO,INE681Q01015,14.5,2025-12-05,13.0,-10.34,6813.0,93332.0,153.0,ok
539607,Blue Cloud Softech Solutions Ltd,BSE,539607.BO,INE373T01047,20.96,2025-12-05,18.0,-14.12,2412156.0,58577259.0,152.0,ok
539598,Credent Global Finance Ltd,BSE,539598.BO,INE727C01024,30.92,2025-12-05,28.52,-7.76,52384.0,1561975.0,152.0,ok
539620,Kanoria Energy & Infrastructure Ltd,BSE,539620.BO,INE534E01020,15.77,2025-12-05,16.26,3.11,6731.0,110368.0,152.0,ok
539661,Ace Men Engg Works Ltd,BSE,539661.BO,INE023R01018,96.95,2025-12-05,95.91,-1.07,1343.0,128493.0,152.0,ok
539662,BFL Asset Finvest Ltd,BSE,539662.BO,INE948Q01018,11.19,2025-12-05,8.05,-28.06,11778.0,122539.0,152.0,ok
539884,Darshan Orna Ltd,BSE,539884.BO,INE671T01028,3.08,2025-12-05,2.4,-22.08,167278.0,485099.0,152.0,ok
539546,Agribio Spirits Ltd,BSE,539546.BO,INE679E01015,224.4,2025-12-05,293.55,30.82,13900.0,3370341.0,152.0,ok
539659,Vikram Kamats Hospitality Ltd,BSE,539659.BO,INE564S01019,57.09,2025-12-05,44.14,-22.68,9996.0,495335.0,152.0,ok
540147,Shashijit Infraprojects Ltd,BSE,540147.BO,INE700V01021,3.85,2025-12-05,2.65,-31.17,31582.0,101293.0,152.0,ok
539545,Apoorva Leasing Finance and Investment Company Ltd,BSE,539545.BO,INE217S01014,33.87,2025-12-05,35.77,5.61,438.0,15507.0,152.0,ok
540132,Sabrimala Industries India Ltd,BSE,540132.BO,INE400R01018,15.75,2025-12-05,12.69,-19.43,15645.0,208362.0,152.0,ok
540082,Riddhi Steel and Tube Ltd,BSE,540082.BO,INE367U01013,117.33,2025-12-05,265.0,125.85,6912.0,1116696.0,155.0,ok
540097,Gamco Ltd,BSE,540097.BO,INE890S01026,39.0,2025-12-05,41.36,6.05,41410.0,1644890.0,152.0,ok
540135,ARC Finance Ltd,BSE,540135.BO,INE202R01026,0.69,2025-12-05,0.54,-21.74,2127752.0,1355196.0,152.0,ok
539669,RGF Capital Markets Ltd,BSE,539669.BO,INE684D01025,0.66,2025-12-05,1.54,133.33,469720.0,408587.0,152.0,ok
540144,DRA Consultants Ltd,BSE,540144.BO,INE746V01016,16.08,2025-12-05,19.49,21.21,4594.0,76550.0,154.0,ok
540146,Aditya Consumer Marketing Ltd,BSE,540146.BO,INE427V01013,44.0,2025-12-05,33.0,-25.0,4142.0,145159.0,154.0,ok
540143,Sagarsoft (India) Ltd,BSE,540143.BO,INE184B01012,110.9,2025-12-05,67.87,-38.8,1646.0,159162.0,152.0,ok
540148,Bindal Exports Ltd,BSE,540148.BO,INE564V01013,28.11,2025-12-05,26.6,-5.37,77.0,2030.0,155.0,ok
540154,Bandhan S&P BSE SENSEX ETF,BSE,540154.BO,INF194KA1T91,,,,,,,,no_data
540150,Mewar Hi-Tech Engineering Ltd,BSE,540150.BO,INE957U01011,57.58,2025-12-05,72.76,26.36,925.0,56646.0,154.0,ok
540151,Diksat Transworld Ltd,BSE,540151.BO,INE942P01013,120.0,2025-12-05,125.1,4.25,2612.0,290310.0,155.0,ok
540168,Supra Pacific Financial Services Ltd,BSE,540168.BO,INE268T01015,28.28,2025-12-05,33.97,20.12,55604.0,1558034.0,152.0,ok
540159,Purple Agrotech Industries Ltd,BSE,540159.BO,INE905R01016,6.24,2025-12-05,6.0,-3.85,15258.0,93977.0,152.0,ok
540198,Osiajee Texfab Ltd,BSE,540198.BO,INE186R01013,375.0,2025-12-05,395.85,5.56,23456.0,9563541.0,152.0,ok
540174,Southern Infoconsultants Ltd,BSE,540174.BO,INE298B01010,23.81,2025-12-05,22.5,-5.5,1433.0,33502.0,152.0,ok
540199,Corporate Merchant Bankers Ltd,BSE,540199.BO,INE850R01014,382.2,2025-12-05,57.0,-85.09,615.0,47890.0,152.0,ok
539900,Dalmia Industrial Development Ltd,BSE,539900.BO,INE642P01019,9.09,2025-12-05,11.5,26.51,2270.0,21365.0,152.0,ok
539895,Spice Lounge Food Works Ltd,BSE,539895.BO,INE631E01024,55.63,2025-12-05,24.5,-55.96,111868.0,4402257.0,152.0,ok
540080,Dhatre Udyog Ltd,BSE,540080.BO,INE715T01031,6.03,2025-12-05,4.69,-22.22,71395.0,370113.0,152.0,ok
539927,Likhami Consulting Ltd,BSE,539927.BO,INE920T01011,328.5,2025-12-05,342.0,4.11,4.0,1540.0,154.0,ok
539911,Svarnim Trade Udyog Ltd,BSE,539911.BO,INE730R01042,24.99,2025-12-05,9.21,-63.15,590.0,6618.0,153.0,ok
539939,Yash Chemex Ltd,BSE,539939.BO,INE571U01010,90.01,2025-12-05,53.9,-40.12,5777.0,477552.0,152.0,ok
539945,ICICI Prudential Nifty50 Value 20 ETF,BSE,539945.BO,INF109KC11V0,14.98,2025-12-05,13.72,-8.41,27505.0,395334.0,154.0,ok
539980,ICICI Prudential BSE Midcap Select ETF,BSE,539980.BO,INF109KC10W0,,,,,,,,no_data
539938,Medico Intercontinental Ltd,BSE,539938.BO,INE858Q01019,30.67,2025-12-05,21.1,-31.2,7722.0,235443.0,152.0,ok
540008,Aditya Birla Sun Life BSE Sensex ETF,BSE,540008.BO,INF209KB10E8,,,,,,,,no_data
540175,Regency Fincorp Ltd,BSE,540175.BO,INE964R01013,32.39,2025-12-05,32.5,0.34,99482.0,3202040.0,152.0,ok
540023,Colorchips New Media Ltd,BSE,540023.BO,INE621I01042,17.86,2025-12-05,13.43,-24.8,13544.0,219533.0,152.0,ok
540181,Salem Erode Investments Ltd,BSE,540181.BO,INE894E01028,41.49,2025-12-05,38.99,-6.03,847.0,30304.0,153.0,ok
539985,Titaanium Ten Enterprise Ltd,BSE,539985.BO,INE120V01014,77.75,2025-12-05,27.5,-64.63,8764.0,581054.0,153.0,ok
540026,Ladam Affordable Housing Ltd,BSE,540026.BO,INE213U01019,6.36,2025-12-05,6.99,9.91,3004.0,21139.0,152.0,ok
539946,Bazel International Ltd,BSE,539946.BO,INE217E01014,33.34,2025-12-05,19.26,-42.23,15609.0,471505.0,153.0,ok
542758,ICICI Prudential Nifty Private Bank ETF,BSE,542758.BO,INF109KC18U7,,,,,,,,no_data
540062,Golden Crest Education & Services Ltd,BSE,540062.BO,INE222U01010,330.0,2025-12-05,339.8,2.97,12.0,3655.0,155.0,ok
539991,Confidence Futuristic Energetech Ltd,BSE,539991.BO,INE700F01024,36.62,2025-12-05,40.07,9.42,26418.0,1014126.0,152.0,ok
540079,Sprayking Ltd,BSE,540079.BO,INE537U01037,1.92,2025-12-05,1.3,-32.29,381046.0,650815.0,152.0,ok
543145,NIPPON INDIA EQUITY SAVINGS FUND -  SEGREGATED PORTFOLIO 2 - DIRECT DIVIDEND PLAN(Issue Price: 0.01),BSE,543145.BO,INF204KB12S5,,,,,,,,no_data
540063,ECS Biztech Ltd,BSE,540063.BO,INE925Q01024,12.19,2025-12-05,10.68,-12.39,6082.0,59615.0,152.0,ok
541006,Angel Fibers Ltd,BSE,541006.BO,INE339Z01011,14.73,2025-12-05,11.43,-22.4,4103.0,54829.0,154.0,ok
540072,Shiva Granito Export Ltd,BSE,540072.BO,INE191V01015,8.6,2025-12-05,13.5,56.98,12352.0,132198.0,153.0,ok
540980,The Yamuna Syndicate Ltd,BSE,540980.BO,INE868X01014,31000.9,2025-12-05,28900.0,-6.78,8.0,243489.0,153.0,ok
543149,NIPPON INDIA EQUITY SAVINGS FUND -  SEGREGATED PORTFOLIO 2 - BONUS PLAN(Issue Price: 0.01),BSE,543149.BO,INF204KB15S8,,,,,,,,no_data
543148,NIPPON INDIA EQUITY SAVINGS FUND -  SEGREGATED PORTFOLIO 2 - DIRECT MONTHLY DIVIDEND PLAN(Issue Price: 0.01),BSE,543148.BO,INF204KB14S1,,,,,,,,no_data
543144,NIPPON INDIA EQUITY SAVINGS FUND -  SEGREGATED PORTFOLIO 2 - MONTHLY DIVIDEND PLAN(Issue Price: 0.01),BSE,543144.BO,INF204KB11T5,,,,,,,,no_data
543181,NIPPON INDIA EQUITY HYBRID FUND -  SEGREGATED PORTFOLIO 2DIRECT GROWTH PLAN GROWTH OPTIONGROWTH,BSE,543181.BO,INF204KB13T1,,,,,,,,no_data
543147,NIPPON INDIA EQUITY SAVINGS FUND -  SEGREGATED PORTFOLIO 2 - DIRECT MONTHLY DIVIDEND PLAN(Issue Price: 0.01),BSE,543147.BO,INF204KB13S3,,,,,,,,no_data
542938,Octavius Plantations Ltd,BSE,542938.BO,INE117S01016,47.0,2025-12-05,52.5,11.7,351.0,15672.0,154.0,ok
542934,Chandra Bhagat Pharma Ltd,BSE,542934.BO,INE07QQ01016,35.0,2025-12-05,43.5,24.29,3012.0,115236.0,155.0,ok
543150,NIPPON INDIA EQUITY SAVINGS FUND -  SEGREGATED PORTFOLIO 2 - GROWTH PLAN(Issue Price: 0.01),BSE,543150.BO,INF204KB16S6,,,,,,,,no_data
543152,NIPPON INDIA EQUITY SAVINGS FUND -  SEGREGATED PORTFOLIO 2 - QUARTERLY DIVIDEND PLAN(Issue Price: 0.01),BSE,543152.BO,INF204KB17S4,,,,,,,,no_data
543151,NIPPON INDIA EQUITY SAVINGS FUND -  SEGREGATED PORTFOLIO 2 - DIRECT BONUS PLAN(Issue Price: 0.01),BSE,543151.BO,INF204KB17R6,,,,,,,,no_data
543170,NIPPON INDIA EQUITY SAVINGS FUND -  SEGREGATED PORTFOLIO 2 - DIRECT DIVIDEND PLAN(Issue Price: 0.01),BSE,543170.BO,INF204KB11S7,,,,,,,,no_data
543168,NIPPON INDIA EQUITY SAVINGS FUND -  SEGREGATED PORTFOLIO 2 - DIRECT QUARTERLY DIVIDEND PLAN(Issue Price: 0.01),BSE,543168.BO,INF204KB10S9,,,,,,,,no_data
543155,NIPPON INDIA EQUITY SAVINGS FUND -  SEGREGATED PORTFOLIO 2 - DIRECT QUARTERLY DIVIDEND PLAN(Issue Price: 0.01),BSE,543155.BO,INF204KB19R2,,,,,,,,no_data
543169,NIPPON INDIA EQUITY SAVINGS FUND -  SEGREGATED PORTFOLIO 2 - DIVIDEND PLAN(Issue Price: 0.01),BSE,543169.BO,INF204KB10T7,,,,,,,,no_data
543146,NIPPON INDIA EQUITY SAVINGS FUND -  SEGREGATED PORTFOLIO 2 - MONTHLY DIVIDEND PLAN(Issue Price: 0.01),BSE,543146.BO,INF204KB12T3,,,,,,,,no_data
543176,NIPPON INDIA EQUITY HYBRID FUND -  SEGREGATED PORTFOLIO 2MONTHLY DIVIDEND PLANREINVESTMENT,BSE,543176.BO,INF204KB16U2,,,,,,,,no_data
543173,NIPPON INDIA EQUITY HYBRID FUND -  SEGREGATED PORTFOLIO 2DIVIDEND PLANDIVIDEND REINVESTMENT,BSE,543173.BO,INF204KB14U7,,,,,,,,no_data
543171,RO Jewels Ltd,BSE,543171.BO,INE0BDU01028,1.99,2025-12-05,1.79,-10.05,88137.0,151699.0,152.0,ok
543174,NIPPON INDIA EQUITY HYBRID FUND -  SEGREGATED PORTFOLIO 2GROWTH PLAN GROWTH OPTIONGROWTH,BSE,543174.BO,INF204KB10U5,,,,,,,,no_data
543175,NIPPON INDIA EQUITY HYBRID FUND -  SEGREGATED PORTFOLIO 2MONTHLY DIVIDEND PLANDIVIDEND PAYOUT,BSE,543175.BO,INF204KB15U4,,,,,,,,no_data
543153,NIPPON INDIA EQUITY SAVINGS FUND -  SEGREGATED PORTFOLIO 2 - DIRECT GROWTH PLAN(Issue Price: 0.01),BSE,543153.BO,INF204KB18R4,,,,,,,,no_data
543177,NIPPON INDIA EQUITY HYBRID FUND -  SEGREGATED PORTFOLIO 2QUARTERLY DIVIDEND PLANDIVIDEND PAYOUT,BSE,543177.BO,INF204KB11U3,,,,,,,,no_data
543065,SM Auto Stamping Ltd,BSE,543065.BO,INE0C4I01011,26.3,2025-12-05,23.47,-10.76,2078.0,47966.0,153.0,ok
543178,NIPPON INDIA EQUITY HYBRID FUND -  SEGREGATED PORTFOLIO 2QUARTERLY DIVIDEND PLANREINVESTMENT,BSE,543178.BO,INF204KB12U1,,,,,,,,no_data
543179,NIPPON INDIA EQUITY HYBRID FUND -  SEGREGATED PORTFOLIO 2DIRECT PLAN DIVIDEND PLANDIVIDEND PAYOUT,BSE,543179.BO,INF204KB16T4,,,,,,,,no_data
542923,Tranway21 Technologies Ltd,BSE,542923.BO,INE0BIW01023,5.52,2025-12-05,4.0,-27.54,1870.0,7929.0,155.0,ok
542922,Mirae Asset Nifty Next 50 ETF (MANXT50ETF),BSE,542922.BO,INF769K01FN2,,,,,,,,no_data
543154,NIPPON INDIA EQUITY SAVINGS FUND -  SEGREGATED PORTFOLIO 2 - QUARTERLY DIVIDEND PLAN(Issue Price: 0.01),BSE,543154.BO,INF204KB18S2,,,,,,,,no_data
542921,ICICI Prudential Nifty Midcap 150 ETF,BSE,542921.BO,INF109KC11W8,,,,,,,,no_data
543156,NIPPON INDIA EQUITY SAVINGS FUND -  SEGREGATED PORTFOLIO 2 - DIVIDEND PLAN(Issue Price: 0.01),BSE,543156.BO,INF204KB19S0,,,,,,,,no_data
542747,Nippon India ETF S&P BSE Sensex Next 50,BSE,542747.BO,INF204KB15D0,,,,,,,,no_data
542765,Transpact Enterprises Ltd,BSE,542765.BO,INE06YD01010,165.0,2025-12-05,200.0,21.21,1432.0,239187.0,155.0,ok
543172,Cospower Engineering Ltd,BSE,543172.BO,INE0CQB01010,935.0,2025-12-05,1639.55,75.35,811.0,863543.0,153.0,ok
542770,Alphalogic Techsys Ltd,BSE,542770.BO,INE08E401029,64.05,2025-12-05,51.85,-19.05,12092.0,678165.0,152.0,ok
542803,Vaxfab Enterprises Ltd,BSE,542803.BO,INE560T01015,36.35,2025-12-05,54.83,50.84,33246.0,1418222.0,152.0,ok
542863,Aditya Birla Sun Life Nifty Bank ETF,BSE,542863.BO,INF209KB17D5,,,,,,,,no_data
542802,Galactico Corporate Services Ltd,BSE,542802.BO,INE906Y01028,2.14,2025-12-05,1.98,-7.48,145007.0,292891.0,152.0,ok
542801,Misquita Engineering Ltd,BSE,542801.BO,INE957W01025,111.55,2025-12-05,99.5,-10.8,2915.0,336881.0,154.0,ok
542771,Novateor Research Laboratories Ltd,BSE,542771.BO,INE08JY01013,25.1,2025-12-05,32.85,30.88,235.0,6689.0,153.0,ok
543182,NIPPON INDIA EQUITY HYBRID FUND -  SEGREGATED PORTFOLIO 2DIRECT MONTHLY DIVIDEND PLANDIVIDEND PAYOUT,BSE,543182.BO,INF204KB18T0,,,,,,,,no_data
543180,NIPPON INDIA EQUITY HYBRID FUND -  SEGREGATED PORTFOLIO 2DIRECT PLAN DIVIDEND PLANDIVIDEND REINVESTMENT,BSE,543180.BO,INF204KB17T2,,,,,,,,no_data
542862,Shahlon Silk Industries Ltd,BSE,542862.BO,INE052001026,17.88,2025-12-05,20.64,15.44,35327.0,878298.0,152.0,ok
542910,Valencia Nutrition Ltd,BSE,542910.BO,INE08RT01016,73.0,2025-12-05,68.05,-6.78,3282.0,237694.0,154.0,ok
542865,Anuroop Packaging Ltd,BSE,542865.BO,INE490Z01012,12.49,2025-12-05,14.45,15.69,20309.0,269188.0,152.0,ok
543255,Nippon India ETF Nifty Infrastructure BeES,BSE,543255.BO,INF732E01268,,,,,,,,no_data
543183,NIPPON INDIA EQUITY HYBRID FUND -  SEGREGATED PORTFOLIO 2DIRECT MONTHLY DIVIDEND PLANREINVESTMENT,BSE,543183.BO,INF204KB19T8,,,,,,,,no_data
542911,Assam Entrade Ltd,BSE,542911.BO,INE165G01010,754.3,2025-12-05,631.0,-16.35,19.0,15171.0,152.0,ok
543246,Mirae Asset Nifty 100 ESG Sector Leaders ETF,BSE,543246.BO,INF769K01GS9,,,,,,,,no_data
542730,ICICI Prudential Nifty Bank ETF,BSE,542730.BO,INF109KC15I8,,,,,,,,no_data
543241,Veer Global Infraconstruction Ltd,BSE,543241.BO,INE244W01010,130.25,2025-12-05,144.0,10.56,4649.0,577287.0,152.0,ok
543256,Rita Finance and Leasing Ltd,BSE,543256.BO,INE018S01016,21.23,2025-12-05,16.82,-20.77,11356.0,214307.0,152.0,ok
543244,Shine Fashions (India) Ltd,BSE,543244.BO,INE0BLY01023,39.0,2025-12-05,27.29,-30.03,32394.0,971059.0,152.0,ok
542850,Goblin India Ltd,BSE,542850.BO,INE492Z01018,11.73,2025-12-05,7.74,-34.02,26052.0,254756.0,153.0,ok
539521,Navigant Corporate Advisors Ltd,BSE,539521.BO,INE364T01012,89.5,2025-12-05,80.78,-9.74,846.0,68436.0,155.0,ok
543262,MRP Agro Ltd,BSE,543262.BO,INE0D7801012,96.0,2025-12-05,90.0,-6.25,9764.0,905710.0,153.0,ok
543239,G M Polyplast Ltd,BSE,543239.BO,INE0E2801015,69.16,2025-12-05,63.75,-7.82,3836.0,268096.0,154.0,ok
543219,ICICI Prudential Nifty Alpha Low- Volatility 30 ETF,BSE,543219.BO,INF109KC17V7,,,,,,,,no_data
543184,NIPPON INDIA EQUITY HYBRID FUND -  SEGREGATED PORTFOLIO 2DIRECT QUARTERLY DIVIDEND PLANDIVIDEND PAYOUT,BSE,543184.BO,INF204KB14T9,,,,,,,,no_data
543247,Net Pix Shorts Digital Media Ltd,BSE,543247.BO,INE0D5F01013,32.0,2025-12-05,32.0,0.0,0.0,0.0,155.0,ok
543186,NIPPON INDIA EQUITY HYBRID FUND -  SEGREGATED PORTFOLIO 2DIVIDEND PLANDIVIDEND PAYOUT,BSE,543186.BO,INF204KB13U9,,,,,,,,no_data
543194,Nirmitee Robotics India Ltd,BSE,543194.BO,INE0CPQ01010,129.0,2025-12-05,115.0,-10.85,121.0,12804.0,155.0,ok
543185,NIPPON INDIA EQUITY HYBRID FUND -  SEGREGATED PORTFOLIO 2DIRECT QUARTERLY DIVIDEND PLANREINVESTMENT,BSE,543185.BO,INF204KB15T6,,,,,,,,no_data
543209,Billwin Industries Ltd,BSE,543209.BO,INE0CRS01012,32.5,2025-12-05,26.36,-18.89,4870.0,135831.0,154.0,ok
543224,HDFC Nifty Banking ETF,BSE,543224.BO,INF179KC1HY0,,,,,,,,no_data
543221,ICICI Prudential Nifty IT ETF,BSE,543221.BO,INF109KC16I6,,,,,,,,no_data
543208,Regis Industries Ltd,BSE,543208.BO,INE745R01024,2.98,2025-12-05,2.29,-23.15,118687.0,317379.0,152.0,ok
543226,UTI NIFTY BANK ETF,BSE,543226.BO,INF789F1AUV1,,,,,,,,no_data
542727,City Pulse Multiventures Ltd,BSE,542727.BO,INE056001014,2987.15,2025-12-05,2294.8,-23.18,5384.0,15310879.0,152.0,ok
541634,Raw Edge Industrial Solutions Ltd,BSE,541634.BO,INE960Z01014,22.52,2025-12-05,20.0,-11.19,3858.0,73023.0,152.0,ok
542728,SK International Export Ltd,BSE,542728.BO,INE04ST01013,31.6,2025-12-05,32.38,2.47,1122.0,34844.0,155.0,ok
543229,Samrat Forgings Ltd,BSE,543229.BO,INE412J01010,260.05,2025-12-05,211.0,-18.86,62.0,13789.0,153.0,ok
541601,Rajnish Wellness Ltd,BSE,541601.BO,INE685Z01033,0.69,2025-12-05,0.45,-34.78,6515575.0,3681463.0,152.0,ok
541701,Supershakti Metaliks Ltd,BSE,541701.BO,INE00SY01011,260.0,2025-12-05,240.0,-7.69,1632.0,337550.0,154.0,ok
541503,Unick Fix-A-Form And Printers Ltd,BSE,541503.BO,INE250G01010,63.18,2025-12-05,49.98,-20.89,182.0,9467.0,153.0,ok
541702,Ashnisha Industries Ltd,BSE,541702.BO,INE694W01024,3.12,2025-12-05,3.73,19.55,1262230.0,5098327.0,152.0,ok
541445,Waa Solar Ltd,BSE,541445.BO,INE799N01012,48.1,2025-12-05,57.0,18.5,19663.0,1182974.0,152.0,ok
541735,Vivanta Industries Ltd,BSE,541735.BO,INE299W01022,2.12,2025-12-05,1.81,-14.62,169174.0,330203.0,152.0,ok
541703,Raconteur Global Resources Ltd,BSE,541703.BO,INE00WY01013,14.0,2025-12-05,15.22,8.71,3695.0,57504.0,155.0,ok
541741,Fratelli Vineyards Ltd,BSE,541741.BO,INE401Z01019,113.45,2025-12-05,82.29,-27.47,16950.0,1712869.0,152.0,ok
541799,Sungold Media and Entertainment Ltd,BSE,541799.BO,INE266S01011,8.75,2025-12-05,11.44,30.74,454.0,4636.0,154.0,ok
541809,ICICI Prudential Nifty Next 50 ETF,BSE,541809.BO,INF109KC1NS5,72.08,2025-12-04,73.83,2.43,45527.0,3221404.0,154.0,ok
541778,Deep Polymers Ltd,BSE,541778.BO,INE00IY01012,40.73,2025-12-05,41.77,2.55,12931.0,484922.0,152.0,ok
541972,SBI - ETF - SENSEX NEXT 50,BSE,541972.BO,INF200KA1VQ2,,,,,,,,no_data
541890,Space Incubatrics Technologies Ltd,BSE,541890.BO,INE797Z01028,0.27,2025-12-05,0.21,-21.35,1558613.0,415567.0,152.0,ok
541865,Add-Shop ERetail Ltd,BSE,541865.BO,INE01B501018,9.0,2025-12-05,7.14,-20.67,25379.0,199042.0,152.0,ok
541627,Gujarat Winding Systems Ltd,BSE,541627.BO,INE173V01013,7.07,2025-12-05,8.37,18.39,7337.0,55421.0,152.0,ok
541228,Taylormade Renewables Ltd,BSE,541228.BO,INE459Z01017,96.55,2025-12-05,94.81,-1.8,20867.0,2458089.0,152.0,ok
541973,Mac Hotels Ltd,BSE,541973.BO,INE004Z01011,86.0,2025-12-05,86.0,0.0,745.0,63174.0,155.0,ok
541083,Inflame Appliances Ltd,BSE,541083.BO,INE464Z01017,297.85,2025-12-05,228.75,-23.2,16059.0,4639017.0,152.0,ok
541112,Shreeshay Engineers Ltd,BSE,541112.BO,INE452Z01012,24.0,2025-12-05,28.0,16.67,3779.0,108874.0,154.0,ok
541096,Bharat Parenterals Ltd,BSE,541096.BO,INE365Y01019,1094.9,2025-12-05,1325.85,21.09,1493.0,1669677.0,152.0,ok
541178,Benara Bearings and Pistons Ltd,BSE,541178.BO,INE495Z01011,10.82,2025-12-05,10.5,-2.96,1612.0,15775.0,155.0,ok
541196,Lex Nimble Solutions Ltd,BSE,541196.BO,INE860Y01019,87.53,2025-12-05,87.53,0.0,25.0,2318.0,155.0,ok
541444,Palm Jewels Ltd,BSE,541444.BO,INE838Z01012,19.25,2025-12-05,15.22,-20.94,8415.0,164088.0,152.0,ok
541313,ICICI Prudential BSE 500 ETF,BSE,541313.BO,INF109KC1V59,,,,,,,,no_data
541144,Active Clothing Co Ltd,BSE,541144.BO,INE380Z01015,114.3,2025-12-05,138.7,21.35,21376.0,2608622.0,152.0,ok
541337,Milestone Furniture Ltd,BSE,541337.BO,INE424Z01011,26.3,2025-12-05,27.6,4.94,51509.0,1408094.0,153.0,ok
541299,Dr Lalchandani Labs Ltd,BSE,541299.BO,INE871Z01013,18.98,2025-12-05,9.97,-47.47,11094.0,148775.0,153.0,ok
541338,U. H. Zaveri Ltd,BSE,541338.BO,INE556Z01010,11.85,2025-12-05,13.27,11.98,44530.0,631268.0,152.0,ok
541945,Ranjeet Mechatronics Ltd,BSE,541945.BO,INE01A501027,8.0,2025-12-05,6.3,-21.25,5883.0,40129.0,155.0,ok
541347,Parvati Sweetners and Power Ltd,BSE,541347.BO,INE295Z01015,6.84,2025-12-05,7.13,4.24,24141.0,197305.0,152.0,ok
541358,Unifinz Capital India Ltd,BSE,541358.BO,INE926R01012,112.0,2025-12-05,93.0,-16.96,18558.0,1939529.0,152.0,ok
542477,Glaam Up Jwel Ltd,BSE,542477.BO,INE03CM01014,11.17,2025-12-05,16.45,47.27,387.0,5386.0,155.0,ok
542503,Mahip Industries Ltd,BSE,542503.BO,INE00CX01017,14.74,2025-12-05,23.28,57.94,17428.0,305851.0,154.0,ok
542592,Humming Bird Education Ltd,BSE,542592.BO,INE02PC01027,22.0,2025-12-05,24.25,10.23,5040.0,116096.0,153.0,ok
542599,Roopshri Resorts Ltd,BSE,542599.BO,INE03WT01017,61.87,2025-12-05,68.2,10.23,251.0,16230.0,155.0,ok
542627,Chandni Machines Ltd,BSE,542627.BO,INE01GZ01011,82.83,2025-12-05,62.99,-23.95,14490.0,1187711.0,152.0,ok
542446,Jonjua Overseas Ltd,BSE,542446.BO,INE793Z01027,6.27,2025-12-05,3.52,-43.83,91037.0,419764.0,153.0,ok
542628,Northern Spirits Ltd,BSE,542628.BO,INE01BL01012,153.25,2025-12-05,124.5,-18.76,11807.0,1682207.0,152.0,ok
542666,G. K. P. Printing & Packaging Ltd,BSE,542666.BO,INE05QJ01015,7.22,2025-12-05,6.23,-13.71,20017.0,150511.0,152.0,ok
542654,V R Films & Studios Ltd,BSE,542654.BO,INE06LG01010,13.73,2025-12-05,14.0,1.97,4438.0,60374.0,152.0,ok
542678,Cian Healthcare Ltd,BSE,542678.BO,INE05BN01027,80.32,2025-12-05,8.26,-89.72,2464.0,215516.0,155.0,ok
542513,UTI BSE Sensex Next 50 ETF,BSE,542513.BO,INF789F1AUU3,,,,,,,,no_data
542669,BMW Industries Ltd,BSE,542669.BO,INE374E01021,37.89,2025-12-05,54.63,44.18,209922.0,9260395.0,152.0,ok
542668,Evans Electric Ltd,BSE,542668.BO,INE06TD01010,128.05,2025-12-05,67.25,-47.48,11355.0,1133757.0,152.0,ok
541353,Innovators Facade Systems Ltd,BSE,541353.BO,INE870Z01015,194.0,2025-12-05,130.0,-32.99,12478.0,2015823.0,152.0,ok
542679,Dhanashree Electronics Ltd,BSE,542679.BO,INE413F01016,260.3,2025-12-05,169.95,-34.71,2713.0,579285.0,152.0,ok
542682,Harish Textile Engineers Ltd,BSE,542682.BO,INE01K301012,64.8,2025-12-05,65.31,0.79,2030.0,128601.0,152.0,ok
541983,Innovative Ideals and Services (India) Ltd,BSE,541983.BO,INE492Y01011,17.9,2025-12-05,26.56,48.38,14220.0,229544.0,154.0,ok
542459,Kranti Industries Ltd,BSE,542459.BO,INE911T01010,84.25,2025-12-05,60.32,-28.4,4981.0,338518.0,152.0,ok
542694,Parshva Enterprises Ltd,BSE,542694.BO,INE05MV01019,168.95,2025-12-05,165.05,-2.31,713.0,145555.0,154.0,ok
542721,Anand Rayons Ltd,BSE,542721.BO,INE02GA01012,400.25,2025-12-05,47.72,-88.08,29531.0,4272245.0,152.0,ok
542579,Ashapuri Gold Ornament Ltd,BSE,542579.BO,INE05FR01029,5.59,2025-12-05,4.21,-24.69,502221.0,2560823.0,152.0,ok
542155,Diksha Greens Ltd,BSE,542155.BO,INE01GR01018,2.27,2025-12-05,1.12,-50.66,18454.0,30978.0,154.0,ok
542019,Shubham Polyspin Ltd,BSE,542019.BO,INE01J501010,62.88,2025-12-05,55.79,-11.28,32337.0,1973420.0,152.0,ok
542034,S. M. Gold Ltd,BSE,542034.BO,INE00Q901014,13.27,2025-12-05,12.12,-8.67,33132.0,503861.0,152.0,ok
542012,A-1 Ltd,BSE,542012.BO,INE911Z01025,54.49,2025-12-05,8.2,-84.95,2604404.0,76013384.0,152.0,ok
542013,Dolfin Rubbers Ltd,BSE,542013.BO,INE666Y01010,177.0,2025-12-05,169.05,-4.49,2180.0,381952.0,152.0,ok
542046,Vivid Mercantile Ltd,BSE,542046.BO,INE647Z01025,4.94,2025-12-05,7.07,43.12,464724.0,3236744.0,152.0,ok
542131,MIRAE ASSET NIFTY 50 ETF (MAN50ETF),BSE,542131.BO,INF769K01EG9,,,,,,,,no_data
542123,The Phosphate Company Ltd,BSE,542123.BO,INE398C01016,150.95,2025-12-05,131.5,-12.89,729.0,105171.0,152.0,ok
542025,Sun Retail Ltd,BSE,542025.BO,INE206Z01020,0.41,2025-12-05,0.34,-17.07,181647.0,70716.0,153.0,ok
542230,Aditya Birla Sun Life Nifty Next 50 ETF,BSE,542230.BO,INF209KB16D7,,,,,,,,no_data
542176,Aryan Share and Stock Brokers Ltd,BSE,542176.BO,INE016X01010,22.85,2025-12-05,21.0,-8.1,363.0,7924.0,153.0,ok
542146,Shree Krishna Infrastructure Ltd,BSE,542146.BO,INE951Z01013,14.99,2025-12-05,11.5,-23.28,4235.0,58024.0,152.0,ok
542206,Nivaka Fashions Ltd,BSE,542206.BO,INE139E01028,3.77,2025-12-05,0.95,-74.8,90895.0,147039.0,152.0,ok
542145,Roni Households Ltd,BSE,542145.BO,INE02AP01013,54.39,2025-12-05,43.88,-19.32,27385.0,1444145.0,154.0,ok
542248,Deccan Health Care Ltd,BSE,542248.BO,INE452W01019,15.24,2025-12-05,12.62,-17.19,26475.0,353775.0,152.0,ok
539519,Sattva Sukun Lifecare Ltd,BSE,539519.BO,INE280E01038,0.56,2025-12-05,0.76,35.71,2432521.0,1628609.0,152.0,ok
533427,VMS Industries Ltd,BSE,533427.BO,INE932K01015,28.18,2025-12-05,23.07,-18.13,44267.0,1154850.0,152.0,ok
539522,Grovy India Ltd,BSE,539522.BO,INE343C01012,45.38,2025-12-05,42.89,-5.49,2072.0,87414.0,152.0,ok
534755,Trio Mercantile & Trading Ltd,BSE,534755.BO,INE234G01022,0.69,2025-12-05,1.81,162.32,111264.0,106381.0,152.0,ok
533285,RDB Infrastructure And Power Ltd,BSE,533285.BO,INE245L01028,50.82,2025-12-05,25.1,-50.61,506257.0,31997935.0,152.0,ok
533268,Sea TV Network Ltd,BSE,533268.BO,INE351L01016,4.45,2025-12-05,3.61,-18.88,1312.0,5840.0,152.0,ok
533289,Kesar Terminals & Infrastructure Ltd,BSE,533289.BO,INE096L01025,85.97,2025-12-05,66.15,-23.05,5401.0,412549.0,152.0,ok
533212,GKB Ophthalmics Ltd,BSE,533212.BO,INE265D01015,47.29,2025-12-05,62.07,31.25,4253.0,248782.0,152.0,ok
534733,Aerpace Industries Ltd,BSE,534733.BO,INE175N01023,20.01,2025-12-05,22.65,13.19,304461.0,7486751.0,152.0,ok
534639,Vinayak Polycon International Ltd,BSE,534639.BO,INE581M01016,33.2,2025-12-05,23.99,-27.74,304.0,7477.0,153.0,ok
534708,Shanti Guru Industries Ltd,BSE,534708.BO,INE892L01019,7.79,2025-12-05,8.34,7.06,14486.0,117934.0,152.0,ok
534535,String Metaverse Ltd,BSE,534535.BO,INE958L01034,26.06,2025-12-05,9.1,-65.07,836774.0,10864454.0,155.0,ok
534612,Advance Metering Technology Ltd,BSE,534612.BO,INE436N01029,22.59,2025-12-05,18.93,-16.2,6289.0,118690.0,152.0,ok
535205,Mystic Electronics Ltd,BSE,535205.BO,INE159O01033,3.4,2025-12-05,3.55,4.41,19538.0,69458.0,152.0,ok
534741,Virtual Global Education Ltd,BSE,534741.BO,INE247C01023,0.51,2025-12-05,0.54,5.88,473556.0,253032.0,152.0,ok
535204,Mukta Agriculture Ltd,BSE,535204.BO,INE160O01031,2.75,2025-12-05,2.7,-1.82,5971.0,16797.0,152.0,ok
535276,SBI Mutual Fund - SBI Sensex ETF,BSE,535276.BO,INF200K01VT2,942.43,2025-12-04,825.04,-12.46,16062.0,14054716.0,156.0,ok
535279,Bothra Metals & Alloys Ltd,BSE,535279.BO,INE583M01012,11.38,2025-12-05,7.3,-35.85,857.0,7768.0,154.0,ok
533477,Enkei Wheels (India) Ltd,BSE,533477.BO,INE130L01014,508.15,2025-12-05,399.4,-21.4,3656.0,1691391.0,152.0,ok
534422,Looks Health Services Ltd,BSE,534422.BO,INE204N01013,3.7,2025-12-05,6.77,82.97,28504.0,185780.0,152.0,ok
533602,Lesha Industries Ltd,BSE,533602.BO,INE050L01048,0.99,2025-12-05,0.92,-7.07,234330.0,210986.0,152.0,ok
535431,GCM Securities Ltd,BSE,535431.BO,INE168O01026,0.84,2025-12-05,0.65,-22.62,238957.0,183622.0,152.0,ok
535387,Lakhotia Polyesters (India) Ltd,BSE,535387.BO,INE191O01010,64.82,2025-12-05,61.54,-5.06,4493.0,354500.0,152.0,ok
535514,Prime Capital Market Ltd,BSE,535514.BO,INE748D01010,7.4,2025-12-05,6.0,-18.92,1552.0,10464.0,153.0,ok
533608,RDB Rasayans Ltd,BSE,533608.BO,INE123M01017,159.9,2025-12-05,145.95,-8.72,15444.0,2647220.0,152.0,ok
534109,Pyxis Finvest Ltd,BSE,534109.BO,INE883L01018,9.76,2025-12-05,9.76,0.0,0.0,0.0,155.0,ok
533896,Fervent Synergies Ltd,BSE,533896.BO,INE258M01011,18.51,2025-12-05,16.45,-11.13,3386.0,66436.0,152.0,ok
534659,Jointeca Education Solutions Ltd,BSE,534659.BO,INE131N01018,4.95,2025-12-05,5.5,11.11,2838.0,13752.0,155.0,ok
534060,PMC Fincorp Ltd,BSE,534060.BO,INE793G01035,1.74,2025-12-05,1.91,9.77,860816.0,1632782.0,152.0,ok
534064,Alliance Integrated Metaliks Ltd,BSE,534064.BO,INE123D01024,1.79,2025-12-05,1.64,-8.38,229416.0,396053.0,152.0,ok
534338,Max heights Infrastucture Ltd,BSE,534338.BO,INE393F01010,12.99,2025-12-05,12.99,0.0,9722.0,131969.0,152.0,ok
534063,Futuristic Solutions Ltd,BSE,534063.BO,INE241F01011,49.0,2025-12-05,48.0,-2.04,220.0,9802.0,152.0,ok
532918,Rathi Bars Ltd,BSE,532918.BO,INE575I01016,27.58,2025-12-05,21.6,-21.68,14776.0,382875.0,152.0,ok
533167,Coromandel Engineering Company Ltd,BSE,533167.BO,INE312J01012,56.58,2025-12-05,68.69,21.4,17009.0,1529233.0,152.0,ok
532933,Porwal Auto Components Ltd,BSE,532933.BO,INE386I01018,58.17,2025-12-05,48.46,-16.69,14452.0,820271.0,152.0,ok
532855,Haryana Capfin Ltd,BSE,532855.BO,INE928H01019,173.0,2025-12-05,148.5,-14.16,1149.0,182097.0,152.0,ok
534190,Olympic Cards Ltd,BSE,534190.BO,INE550L01013,2.98,2025-12-05,3.44,15.44,5320.0,15871.0,152.0,ok
535267,Comfort Fincap Ltd,BSE,535267.BO,INE274M01026,7.6,2025-12-05,7.58,-0.26,62276.0,475920.0,152.0,ok
533100,Premier Energy and Infrastructure Ltd,BSE,533100.BO,INE429K01012,8.97,2025-12-05,6.82,-23.97,30086.0,291416.0,152.0,ok
532879,Sir Shadi Lal Enterprises Ltd,BSE,532879.BO,INE117H01019,247.1,2025-12-05,262.75,6.33,1999.0,504009.0,152.0,ok
533056,VEDAVAAG Systems Ltd,BSE,533056.BO,INE359B01010,29.02,2025-12-05,19.87,-31.53,39029.0,955266.0,152.0,ok
533149,Yunik Managing Advisors Ltd,BSE,533149.BO,INE143K01019,8.4,2025-12-05,7.05,-16.07,6921.0,49597.0,152.0,ok
533110,Shree Precoated Steels Ltd,BSE,533110.BO,INE318K01025,15.86,2025-12-05,13.18,-16.9,755.0,9409.0,153.0,ok
533101,Suryaamba Spinning Mills Ltd,BSE,533101.BO,INE360J01011,123.1,2025-12-05,126.9,3.09,847.0,102007.0,152.0,ok
532985,Kotak S&P BSE Sensex ETF,BSE,532985.BO,INF174KA1JD7,92.7,2025-12-04,81.35,-12.24,5286.0,457953.0,156.0,ok
532992,CHL Ltd,BSE,532992.BO,INE790D01020,33.34,2025-12-05,31.61,-5.19,2216.0,71568.0,152.0,ok
532893,VTM Ltd,BSE,532893.BO,INE222F01029,72.08,2025-12-05,61.2,-15.09,83284.0,6484849.0,152.0,ok
532911,Parle Industries Ltd,BSE,532911.BO,INE272G01014,9.34,2025-12-05,7.35,-21.31,216852.0,1286857.0,152.0,ok
532957,Gokak Textiles Ltd,BSE,532957.BO,INE642I01014,76.04,2025-12-05,61.0,-19.78,2046.0,148929.0,152.0,ok
533019,Simplex Papers Ltd,BSE,533019.BO,INE456H01029,1645.05,2025-12-05,1398.0,-15.02,4.0,6481.0,152.0,ok
539122,Bodhtree Consulting Ltd,BSE,539122.BO,INE104F01029,24.89,2025-12-05,16.32,-34.43,12527.0,289829.0,152.0,ok
539149,Integrated Capital Services Ltd,BSE,539149.BO,INE682B01023,4.16,2025-12-05,4.6,10.58,3400.0,15276.0,152.0,ok
539123,V B Industries Ltd,BSE,539123.BO,INE334E01017,7.98,2025-12-05,6.66,-16.54,8147.0,55343.0,152.0,ok
539124,Sarvottam Finvest Ltd,BSE,539124.BO,INE822Q01015,21.6,2025-12-05,22.0,1.85,2827.0,58432.0,152.0,ok
539222,Growington Ventures India Ltd,BSE,539222.BO,INE451S01027,1.06,2025-12-05,0.76,-28.3,5103993.0,4787634.0,152.0,ok
539121,Palco Metals Ltd,BSE,539121.BO,INE239L01013,123.2,2025-12-05,149.65,21.47,3459.0,500211.0,152.0,ok
539120,Grameva Ltd,BSE,539120.BO,INE578R01011,59.61,2025-12-05,82.82,38.94,2600.0,154587.0,152.0,ok
539119,Jain Marmo Industries Ltd,BSE,539119.BO,INE780Q01015,19.77,2025-12-05,22.05,11.53,217.0,4451.0,155.0,ok
539174,Helpage Finlease Ltd,BSE,539174.BO,INE738P01015,26.5,2025-12-05,22.97,-13.32,2507.0,62632.0,152.0,ok
539115,Alan Scott Enterprises Ltd,BSE,539115.BO,INE273F01022,328.0,2025-12-05,238.7,-27.23,3650.0,1093956.0,152.0,ok
535566,KIFS Financial Services Ltd,BSE,535566.BO,INE902D01013,129.2,2025-12-05,121.1,-6.27,550.0,77589.0,153.0,ok
539176,Hawa Engineers Ltd,BSE,539176.BO,INE230I01018,100.35,2025-12-05,86.49,-13.81,1064.0,98706.0,152.0,ok
539518,Uday Jewellery Industries Ltd,BSE,539518.BO,INE551B01012,142.65,2025-12-05,153.85,7.85,8060.0,1242862.0,152.0,ok
539116,O. P. Chains Ltd,BSE,539116.BO,INE118Q01018,31.01,2025-12-05,29.75,-4.06,129.0,3838.0,155.0,ok
539190,Decillion Finance Ltd,BSE,539190.BO,INE848N01017,57.82,2025-12-05,46.23,-20.04,501.0,25433.0,152.0,ok
539189,Adhbhut Infrastructure Ltd,BSE,539189.BO,INE578L01014,16.58,2025-12-05,15.5,-6.51,1172.0,17842.0,152.0,ok
539132,Wardwizard Foods and Beverages Ltd,BSE,539132.BO,INE761D01021,8.99,2025-12-05,11.8,31.26,522861.0,5335884.0,152.0,ok
539217,Srestha Finvest Ltd,BSE,539217.BO,INE606K01049,0.31,2025-12-05,0.25,-19.35,5174986.0,1525043.0,152.0,ok
539218,Saumya Consultants Ltd,BSE,539218.BO,INE563C01015,158.3,2025-12-05,120.6,-23.82,65.0,9324.0,153.0,ok
539219,Mauria Udyog Ltd,BSE,539219.BO,INE150D01027,11.94,2025-12-05,9.27,-22.36,61600.0,671239.0,152.0,ok
539216,Garment Mantra Lifestyle Ltd,BSE,539216.BO,INE653S01028,1.53,2025-12-05,1.22,-20.26,1350259.0,2097932.0,152.0,ok
539196,Amba Enterprises Ltd,BSE,539196.BO,INE829P01020,166.1,2025-12-05,113.75,-31.52,9585.0,1380384.0,152.0,ok
539206,Genomic Valley Biotech Ltd,BSE,539206.BO,INE574D01010,27.57,2025-12-05,26.54,-3.74,3510.0,99496.0,153.0,ok
539117,Sujala Trading & Holdings Ltd,BSE,539117.BO,INE029H01016,72.96,2025-12-05,17.04,-76.64,124838.0,6111924.0,152.0,ok
538992,SAR Auto Products Ltd,BSE,538992.BO,INE002E01010,2100.0,2025-12-05,2470.0,17.62,65.0,132247.0,153.0,ok
539111,Sheshadri Industries Ltd,BSE,539111.BO,INE193R01019,19.53,2025-12-05,17.75,-9.11,1301.0,24994.0,153.0,ok
539112,SAB Industries Ltd,BSE,539112.BO,INE137M01017,123.05,2025-12-05,149.15,21.21,56.0,7471.0,153.0,ok
538965,Concord Drugs Ltd,BSE,538965.BO,INE858L01010,75.5,2025-12-05,82.53,9.31,8356.0,674458.0,152.0,ok
539014,Kalpa Commercial Ltd,BSE,539014.BO,INE059Q01014,9.77,2025-12-05,7.64,-21.8,8078.0,81176.0,152.0,ok
539011,Chennai Ferrous Industries Ltd,BSE,539011.BO,INE777O01016,108.1,2025-12-05,91.82,-15.06,1621.0,150737.0,152.0,ok
539016,Neil Industries Ltd,BSE,539016.BO,INE396C01010,7.9,2025-12-05,6.34,-19.75,4761.0,33459.0,152.0,ok
539220,Mishka Exim Ltd,BSE,539220.BO,INE540S01019,46.99,2025-12-05,40.0,-14.88,3654.0,154164.0,152.0,ok
538964,Mercury Laboratories Ltd,BSE,538964.BO,INE947G01011,878.8,2025-12-05,775.0,-11.81,108.0,88657.0,152.0,ok
538987,Talbros Engineering Ltd,BSE,538987.BO,INE717E01013,608.35,2025-12-05,724.1,19.03,1849.0,1222574.0,152.0,ok
539031,SBI Mutual Fund - SBI - ETF BSE 100,BSE,539031.BO,INF200KA1572,300.04,2025-12-04,275.38,-8.22,759.0,217314.0,156.0,ok
539026,SSPN Finance Ltd,BSE,539026.BO,INE820R01017,8.91,2025-12-05,10.59,18.86,825.0,7574.0,155.0,ok
538952,Abhinav Leasing & Finance Ltd,BSE,538952.BO,INE211D01027,1.24,2025-12-05,1.17,-5.65,14323.0,17728.0,152.0,ok
539099,Athena Constructions Ltd,BSE,539099.BO,INE291R01011,4.65,2025-12-05,4.5,-3.23,2224.0,10613.0,154.0,ok
539012,Megri Soft Ltd,BSE,539012.BO,INE756R01013,106.0,2025-12-05,80.0,-24.53,405.0,36461.0,152.0,ok
539195,POCL Enterprises Ltd,BSE,539195.BO,INE035S01028,178.95,2025-12-05,174.4,-2.54,41541.0,7847872.0,152.0,ok
539041,Ganesha Ecoverse Ltd,BSE,539041.BO,INE369Q01017,29.1,2025-12-05,23.67,-18.66,37279.0,952956.0,153.0,ok
539013,Gita Renewable Energy Ltd,BSE,539013.BO,INE776O01018,93.05,2025-12-05,78.03,-16.14,2514.0,221909.0,152.0,ok
539097,UR Sugar Industries Ltd,BSE,539097.BO,INE904R01027,4.04,2025-12-05,2.81,-30.45,143053.0,459992.0,152.0,ok
539091,Consecutive Commodities Ltd,BSE,539091.BO,INE187R01029,1.11,2025-12-05,0.91,-18.02,231052.0,225844.0,152.0,ok
539098,Filtra Consultants and Engineers Ltd,BSE,539098.BO,INE541R01019,70.0,2025-12-05,61.49,-12.16,3428.0,212822.0,154.0,ok
539434,Brilliant Portfolios Ltd,BSE,539434.BO,INE661F01010,8.06,2025-12-05,9.32,15.63,0.0,1.0,155.0,ok
539435,Richfield Financial Services Ltd,BSE,539435.BO,INE201C01012,38.65,2025-12-05,28.6,-26.0,1168.0,36849.0,152.0,ok
539090,Rajputana Investment and Finance Ltd,BSE,539090.BO,INE751R01014,39.98,2025-12-05,34.34,-14.11,1272.0,44780.0,153.0,ok
539428,Tejnaksh Healthcare Ltd,BSE,539428.BO,INE030T01027,15.98,2025-12-05,15.24,-4.63,7178.0,104904.0,152.0,ok
539405,Decorous Investment & Trading Co Ltd,BSE,539405.BO,INE183R01010,16.31,2025-12-05,15.47,-5.15,4769.0,68756.0,154.0,ok
539406,Swagtam Trading & Services Ltd,BSE,539406.BO,INE150R01019,47.05,2025-12-05,66.01,40.3,245.0,14277.0,154.0,ok
539227,Loyal Equipments Ltd,BSE,539227.BO,INE876S01017,180.6,2025-12-05,162.25,-10.16,7111.0,1326734.0,152.0,ok
539409,Neeraj Paper Marketing Ltd,BSE,539409.BO,INE894J01019,17.53,2025-12-05,21.0,19.79,60.0,1103.0,154.0,ok
539402,Naksh Precious Metals Ltd,BSE,539402.BO,INE256S01012,5.31,2025-12-05,4.18,-21.28,20203.0,109308.0,152.0,ok
539468,Typhoon Financial Services Ltd,BSE,539468.BO,INE761R01013,48.41,2025-12-05,43.89,-9.34,686.0,29759.0,153.0,ok
539455,Aryavan Enterprise Ltd,BSE,539455.BO,INE360S01012,39.59,2025-12-05,48.07,21.42,24359.0,1174607.0,152.0,ok
539487,LIC MF EXCHANGE TRADED FUND- SENSEX,BSE,539487.BO,INF767K01OT5,954.62,2025-12-04,840.47,-11.96,137.0,119656.0,154.0,ok
539449,IGC Industries Ltd,BSE,539449.BO,INE099S01016,2.75,2025-12-05,2.39,-13.09,96726.0,236455.0,152.0,ok
539470,Shree Ganesh Biotech (India) Ltd,BSE,539470.BO,INE051N01026,0.63,2025-12-05,0.6,-4.76,697555.0,446094.0,152.0,ok
539480,LIC MF EXCHANGE TRADED FUND- NIFTY 50,BSE,539480.BO,INF767K01OS7,285.85,2025-12-04,261.73,-8.44,243.0,66398.0,154.0,ok
539469,Panorama Studios International Ltd,BSE,539469.BO,INE258R01028,48.4,2025-12-05,46.3,-4.34,130074.0,5770563.0,152.0,ok
539479,GTV Engineering Ltd,BSE,539479.BO,INE910R01024,59.89,2025-12-05,68.03,13.59,87424.0,5624718.0,152.0,ok
539492,Garbi Finvest Ltd,BSE,539492.BO,INE721C01019,12.71,2025-12-05,10.97,-13.69,5630.0,73770.0,152.0,ok
539494,Smart Finsec Ltd,BSE,539494.BO,INE766D01020,8.83,2025-12-05,8.28,-6.23,16854.0,146842.0,152.0,ok
539506,Adcon Capital Services Ltd,BSE,539506.BO,INE805Q01028,0.69,2025-12-05,0.52,-24.64,1166082.0,865321.0,152.0,ok
539495,Rajkot Investment Trust Ltd,BSE,539495.BO,INE176R01014,48.61,2025-12-05,42.15,-13.29,2241.0,105511.0,152.0,ok
539517,HDFC BSE SENSEX ETF,BSE,539517.BO,INF179KC1HX2,95.91,2025-12-04,83.98,-12.44,33942.0,3133119.0,156.0,ok
539230,Chemiesynth (Vapi) Ltd,BSE,539230.BO,INE829R01018,37.63,2025-12-05,63.66,69.17,6.0,256.0,155.0,ok
539253,Surya India Ltd,BSE,539253.BO,INE446E01019,18.25,2025-12-05,18.25,0.0,0.0,0.0,155.0,ok
539401,Patdiam Jewellery Ltd,BSE,539401.BO,INE473T01011,262.0,2025-12-05,292.0,11.45,48.0,13780.0,155.0,ok
539354,Polyspin Exports Ltd,BSE,539354.BO,INE914G01029,35.04,2025-12-05,29.5,-15.81,1616.0,49291.0,152.0,ok
539398,Vishal Bearings Ltd,BSE,539398.BO,INE060T01024,66.95,2025-12-05,62.11,-7.23,2171.0,129181.0,152.0,ok
539255,Star Delta Transformers Ltd,BSE,539255.BO,INE541K01014,612.9,2025-12-05,631.4,3.02,5047.0,2915010.0,152.0,ok
539516,HDFC NIFTY 50 ETF,BSE,539516.BO,INF179KC1965,291.65,2025-12-04,262.97,-9.83,6967.0,1923205.0,156.0,ok
539265,Amrapali Fincap Ltd,BSE,539265.BO,INE990S01016,12.72,2025-12-05,20.67,62.5,77.0,1306.0,154.0,ok
539275,Mangalam Seeds Ltd,BSE,539275.BO,INE829S01016,151.85,2025-12-05,128.15,-15.61,1295.0,176253.0,152.0,ok
539300,Sunrakshakk Industries India Ltd,BSE,539300.BO,INE671K01027,218.4,2025-12-05,350.4,60.44,13250.0,3457889.0,152.0,ok
539273,Pecos Hotels and Pubs Ltd,BSE,539273.BO,INE484S01010,336.85,2025-12-05,240.0,-28.75,135.0,42687.0,155.0,ok
539312,UTI BSE SENSEX ETF,BSE,539312.BO,INF789FB1X58,938.9,2025-12-04,819.29,-12.74,1230.0,1076121.0,154.0,ok
539278,Symbiox Investment & Trading Company Ltd,BSE,539278.BO,INE653R01012,2.59,2025-12-05,1.7,-34.36,28516.0,61871.0,152.0,ok
539313,UTI NIFTY 50 ETF,BSE,539313.BO,INF789F1AZC0,286.29,2025-12-04,258.48,-9.71,4557.0,1262173.0,154.0,ok
539267,Samsrita Labs Ltd,BSE,539267.BO,INE579N01018,21.56,2025-12-05,14.53,-32.61,2297.0,40453.0,152.0,ok
539314,Universal Autofoundry Ltd,BSE,539314.BO,INE203T01012,61.17,2025-12-05,49.92,-18.39,7585.0,447720.0,152.0,ok
539352,P. B. Films Ltd,BSE,539352.BO,INE212Q01019,0.68,2025-12-05,0.68,0.0,0.0,0.0,155.0,ok
538928,Karnavati Finance Ltd,BSE,538928.BO,INE554R01020,1.43,2025-12-05,1.31,-8.39,100533.0,134661.0,152.0,ok
538926,Naturite Agro Products Ltd,BSE,538926.BO,INE223R01014,269.25,2025-12-05,160.8,-40.28,4190.0,881074.0,152.0,ok
539337,Waaree Technologies Ltd,BSE,539337.BO,INE725P01012,235.9,2025-12-05,265.5,12.55,26725.0,6570008.0,152.0,ok
537766,B.C. Power Controls Ltd,BSE,537766.BO,INE905P01028,1.66,2025-12-05,1.99,19.88,152622.0,331008.0,152.0,ok
538923,Sofcom Systems Ltd,BSE,538923.BO,INE499Q01012,45.01,2025-12-05,21.25,-52.79,183408.0,6485963.0,152.0,ok
537800,Mangalam Industrial Finance Ltd,BSE,537800.BO,INE717C01025,0.98,2025-12-05,0.67,-31.63,10406397.0,10473034.0,152.0,ok
537840,Raunaq International Ltd,BSE,537840.BO,INE523K01012,63.86,2025-12-05,40.98,-35.83,604.0,30525.0,153.0,ok
537839,HBG Hotels Ltd,BSE,537839.BO,INE977M01024,132.0,2025-12-05,104.35,-20.95,7803.0,861562.0,152.0,ok
537708,Kotak Nifty 50 ETF,BSE,537708.BO,INF174K014P6,287.06,2025-12-04,258.67,-9.89,6121.0,1626853.0,154.0,ok
539353,Sal Automotive Ltd,BSE,539353.BO,INE724G01014,227.95,2025-12-05,199.0,-12.7,623.0,128682.0,152.0,ok
537784,Karnimata Cold Storage Ltd,BSE,537784.BO,INE576P01019,9.32,2025-12-05,9.32,0.0,38.0,360.0,155.0,ok
537582,Unishire Urban Infra Ltd,BSE,537582.BO,INE210P01015,1.86,2025-12-05,1.38,-25.81,27987.0,45435.0,154.0,ok
537483,NIPPON INDIA ETF NIFTY 100,BSE,537483.BO,INF204K014N5,281.39,2025-12-04,258.71,-8.06,4088.0,1083573.0,154.0,ok
537573,Polymac Thermoformers Ltd,BSE,537573.BO,INE826P01018,12.96,2025-12-05,13.68,5.56,571.0,8802.0,154.0,ok
537536,Denis Chem Lab Ltd,BSE,537536.BO,INE051G01012,85.73,2025-12-05,71.81,-16.24,6669.0,510657.0,152.0,ok
538922,COSYN Ltd,BSE,538922.BO,INE029B01019,24.1,2025-12-05,20.49,-14.98,3726.0,84478.0,152.0,ok
537985,Infronics Systems Ltd,BSE,537985.BO,INE463B01036,26.08,2025-12-05,16.46,-36.89,6755.0,121359.0,152.0,ok
538081,Haria Apparels Ltd,BSE,538081.BO,INE493N01012,6.59,2025-12-05,5.46,-17.15,5473.0,33426.0,152.0,ok
538057,CPSE ETF,BSE,538057.BO,INF457M01133,90.92,2025-12-04,101.01,11.1,114768.0,11300783.0,154.0,ok
538212,Sharp Investments Ltd,BSE,538212.BO,INE909D01026,0.43,2025-12-05,0.39,-9.3,468870.0,186626.0,152.0,ok
538092,Shri Vasuprada Plantations Ltd,BSE,538092.BO,INE574G01013,105.7,2025-12-05,100.0,-5.39,1022.0,113410.0,152.0,ok
537669,Laxmipati Engineering Works Ltd,BSE,537669.BO,INE920P01019,349.95,2025-12-05,300.0,-14.27,1071.0,339727.0,154.0,ok
538319,GCM Capital Advisors Ltd,BSE,538319.BO,INE191P01017,5.13,2025-12-05,3.87,-24.56,1406.0,5694.0,155.0,ok
538422,Jackson Investments Ltd,BSE,538422.BO,INE508N01025,0.49,2025-12-05,0.43,-12.24,310445.0,156779.0,152.0,ok
538382,West Leisure Resorts Ltd,BSE,538382.BO,INE266P01017,124.0,2025-12-05,86.3,-30.4,150.0,14500.0,154.0,ok
538464,Thirani Projects Ltd,BSE,538464.BO,INE901C01017,4.37,2025-12-05,4.18,-4.35,13999.0,60640.0,152.0,ok
538465,Amarnath Securities Ltd,BSE,538465.BO,INE745P01010,12.34,2025-12-05,13.2,6.97,9454.0,121119.0,153.0,ok
538395,Nam Securities Ltd,BSE,538395.BO,INE792G01011,92.5,2025-12-05,87.31,-5.61,208.0,17285.0,152.0,ok
537326,Chemtech Industrial Valves Ltd,BSE,537326.BO,INE212P01011,87.09,2025-12-05,75.56,-13.24,27305.0,2125888.0,152.0,ok
535647,SDC Techmedia Ltd,BSE,535647.BO,INE807O01011,18.5,2025-12-05,18.05,-2.43,645.0,12160.0,155.0,ok
535621,S V Global Mill Ltd,BSE,535621.BO,INE159L01013,157.05,2025-12-05,131.9,-16.01,569.0,85420.0,152.0,ok
535693,Brahmaputra Infrastructure Ltd,BSE,535693.BO,INE320I01017,112.5,2025-12-05,172.15,53.02,31560.0,4144031.0,152.0,ok
535667,India Finsec Ltd,BSE,535667.BO,INE474O01010,171.0,2025-12-05,196.0,14.62,1864.0,333694.0,154.0,ok
535730,Khoobsurat Ltd,BSE,535730.BO,INE731G01027,0.58,2025-12-05,0.57,-1.72,941344.0,520211.0,152.0,ok
535910,Money Masters Leasing & Finance Ltd,BSE,535910.BO,INE340O01021,0.95,2025-12-05,0.78,-17.89,245184.0,207334.0,152.0,ok
535916,Alacrity Securities Ltd,BSE,535916.BO,INE030P01017,52.3,2025-12-05,69.91,33.67,53146.0,3162805.0,152.0,ok
536073,Julien Agro Infratech Ltd,BSE,536073.BO,INE890N01027,2.71,2025-12-05,1.47,-45.76,364254.0,886570.0,152.0,ok
538401,Maestros Electronics & Telecommunications Systems Ltd,BSE,538401.BO,INE318N01011,124.45,2025-12-05,134.9,8.4,5478.0,728409.0,152.0,ok
538273,Response Informatics Ltd,BSE,538273.BO,INE401B01010,36.77,2025-12-05,21.0,-42.89,2150.0,63639.0,153.0,ok
536565,Novelix Pharmaceuticals Ltd,BSE,536565.BO,INE314I01036,56.77,2025-12-05,54.8,-3.47,12789.0,731789.0,152.0,ok
536710,SRG Fingrow Finance Ltd,BSE,536710.BO,INE326P01019,28.5,2025-12-05,22.8,-20.0,116.0,2849.0,155.0,ok
536737,Amrapali Capital and Finance Services Ltd,BSE,536737.BO,INE218P01018,20.04,2025-12-05,34.2,70.66,85.0,2326.0,154.0,ok
536659,PVV Infra Ltd,BSE,536659.BO,INE428B01021,4.85,2025-12-05,3.81,-21.52,1348672.0,6085006.0,153.0,ok
536493,JK Agri Genetics Ltd,BSE,536493.BO,INE690O01011,409.05,2025-12-05,331.75,-18.9,598.0,221293.0,152.0,ok
536738,Stellar Capital Services Ltd,BSE,536738.BO,INE325P01011,6.1,2025-12-05,5.97,-2.13,2670.0,15455.0,155.0,ok
536960,Motilal Oswal Nifty Midcap 100 ETF,BSE,536960.BO,INF247L01023,64.98,2025-12-04,65.55,0.88,37511.0,2370062.0,154.0,ok
536974,Captain Polyplast Ltd,BSE,536974.BO,INE536P01021,84.55,2025-12-05,74.93,-11.38,66766.0,5155052.0,152.0,ok
535657,ObjectOne Information Systems Ltd,BSE,535657.BO,INE860E01011,8.8,2025-12-05,7.15,-18.75,1905.0,14721.0,152.0,ok
537008,ICICI Prudential Nifty 100 ETF,BSE,537008.BO,INF109KC16V9,29.5,2025-12-04,27.16,-7.93,9197.0,257814.0,154.0,ok
538496,Tarini International Ltd,BSE,538496.BO,INE849M01017,12.34,2025-12-05,7.97,-35.41,8686.0,83090.0,153.0,ok
537253,Sunil Healthcare Ltd,BSE,537253.BO,INE671C01016,69.0,2025-12-05,67.0,-2.9,641.0,43686.0,152.0,ok
538476,Capital Trade Links Ltd,BSE,538476.BO,INE172D01021,29.91,2025-12-05,16.39,-45.2,75360.0,1776184.0,152.0,ok
537007,ICICI Prudential Nifty 50 ETF,BSE,537007.BO,INF109K012R6,293.05,2025-12-04,264.13,-9.87,39781.0,11038040.0,154.0,ok
535917,GCM Commodity & Derivatives Ltd,BSE,535917.BO,INE200P01016,5.22,2025-12-05,4.51,-13.6,1200.0,5440.0,155.0,ok
538765,JLA Infraville Shoppers Ltd,BSE,538765.BO,INE401Q01018,5.76,2025-12-05,6.45,11.98,941.0,6327.0,154.0,ok
538770,Crane Infrastructure Ltd,BSE,538770.BO,INE176L01017,16.36,2025-12-05,13.95,-14.73,2673.0,37984.0,152.0,ok
538521,Yaan Enterprises Ltd,BSE,538521.BO,INE969E01010,101.5,2025-12-05,93.47,-7.91,1732.0,175828.0,152.0,ok
537069,Arnold Holdings Ltd,BSE,537069.BO,INE185K01036,16.99,2025-12-05,13.39,-21.19,52225.0,754803.0,152.0,ok
538837,Jeevan Scientific Technology Ltd,BSE,538837.BO,INE237B01018,62.68,2025-12-05,77.08,22.97,27298.0,1874537.0,152.0,ok
538788,Gilada Finance & Investments Ltd,BSE,538788.BO,INE918C01029,15.14,2025-12-05,12.11,-20.01,16366.0,270406.0,152.0,ok
538772,Niyogin Fintech Ltd,BSE,538772.BO,INE480D01010,57.15,2025-12-05,44.27,-22.54,80828.0,3896687.0,152.0,ok
538812,Aanchal Ispat Ltd,BSE,538812.BO,INE322R01022,508.0,2025-12-05,45.97,-90.95,62.0,1211.0,155.0,ok
538833,Kaizen Agro Infrabuild Ltd,BSE,538833.BO,INE891N01017,12.91,2025-12-05,8.2,-36.48,13208.0,152764.0,152.0,ok
538857,Scintilla Commercial & Credit Ltd,BSE,538857.BO,INE892C01018,8.27,2025-12-05,12.3,48.73,30168.0,447563.0,152.0,ok
538834,JMJ Fintech Ltd,BSE,538834.BO,INE242Q01016,16.08,2025-12-05,10.33,-35.76,34549.0,450614.0,152.0,ok
538742,Panabyte Technologies Ltd,BSE,538742.BO,INE516E01019,39.46,2025-12-05,21.95,-44.37,10052.0,367155.0,152.0,ok
538863,Sri Amarnath Finance Ltd,BSE,538863.BO,INE985Q01010,7.05,2025-12-05,7.05,0.0,0.0,0.0,155.0,ok
538862,My Money Securities Ltd,BSE,538862.BO,INE232L01018,41.72,2025-12-05,42.0,0.67,1016.0,43486.0,152.0,ok
538817,Captain Pipes Ltd,BSE,538817.BO,INE513R01026,11.95,2025-12-05,10.07,-15.73,222845.0,2598413.0,152.0,ok
538868,Continental Securities Ltd,BSE,538868.BO,INE183Q01020,12.25,2025-12-05,13.6,11.02,48836.0,714988.0,152.0,ok
538874,Nexus Surgical And Medicare Ltd,BSE,538874.BO,INE370Q01015,15.08,2025-12-05,19.9,31.96,2548.0,48584.0,152.0,ok
538794,Jet Solar Ltd,BSE,538794.BO,INE155R01018,14.36,2025-12-05,11.83,-17.62,7329.0,104245.0,155.0,ok
538890,M.K. Exim (India) Ltd,BSE,538890.BO,INE227F01010,55.41,2025-12-05,53.68,-3.12,24365.0,1365980.0,152.0,ok
538894,Octal Credit Capital Ltd,BSE,538894.BO,INE513C01010,21.01,2025-12-05,20.7,-1.48,401.0,9179.0,152.0,ok
538918,Vani Commercials Ltd,BSE,538918.BO,INE661Q01017,10.21,2025-12-05,9.08,-11.07,50844.0,487778.0,152.0,ok
538875,Sellwin Traders Ltd,BSE,538875.BO,INE195F01027,9.83,2025-12-05,4.88,-50.36,986273.0,8828049.0,152.0,ok
538539,Annvrridhhi  Ventures Ltd,BSE,538539.BO,INE075K01013,10.23,2025-12-05,10.42,1.86,60100.0,676676.0,152.0,ok
538716,Aryaman Capital Markets Ltd,BSE,538716.BO,INE229R01011,483.55,2025-12-05,409.0,-15.42,355.0,170307.0,152.0,ok
538921,Raghuvansh Agrofarms Ltd,BSE,538921.BO,INE865P01016,64.0,2025-12-05,42.0,-34.38,4117.0,191170.0,153.0,ok
538546,Bansal Roofing Products Ltd,BSE,538546.BO,INE319Q01012,107.75,2025-12-05,127.1,17.96,10752.0,1254654.0,152.0,ok
538610,Unison Metals Ltd,BSE,538610.BO,INE099D01026,1.84,2025-12-05,0.92,-50.0,2002302.0,3213021.0,152.0,ok
538569,Triveni Enterprises Ltd,BSE,538569.BO,INE916P01025,1.34,2025-12-05,1.11,-17.16,17227.0,21341.0,152.0,ok
538882,Emerald Finance Ltd,BSE,538882.BO,INE030Q01015,76.28,2025-12-05,60.08,-21.24,71986.0,5060238.0,152.0,ok
538564,James Warren Tea Ltd,BSE,538564.BO,INE718P01017,373.35,2025-12-05,278.55,-25.39,1956.0,623421.0,152.0,ok
538556,Arman Holdings Ltd,BSE,538556.BO,INE510P01018,87.22,2025-12-05,109.05,25.03,22717.0,2368435.0,152.0,ok
538565,Vistar Amar Ltd,BSE,538565.BO,INE878P01019,106.6,2025-12-05,181.45,70.22,6505.0,1197320.0,152.0,ok
538576,Bhanderi Infracon Ltd,BSE,538576.BO,INE336Q01016,153.0,2025-12-05,140.0,-8.5,929.0,133289.0,155.0,ok
538731,Hanman Fit Ltd,BSE,538731.BO,INE982Q01017,4.04,2025-12-05,4.08,0.99,2635.0,11784.0,153.0,ok
538607,Toyam Sports Ltd,BSE,538607.BO,INE457P01020,1.14,2025-12-05,0.74,-35.09,876821.0,835788.0,152.0,ok
538596,Cemantic Infra-Tech Ltd,BSE,538596.BO,INE222B01028,4.6,2025-12-05,5.44,18.26,968.0,4778.0,153.0,ok
538598,Vishal Fabrics Ltd,BSE,538598.BO,INE755Q01025,27.82,2025-12-04,20.2,-27.39,131756.0,3133991.0,150.0,ok
538609,Gajanan Securities Services Ltd,BSE,538609.BO,INE868G01019,55.33,2025-12-05,49.51,-10.52,3751.0,219508.0,152.0,ok
538652,Hind Commerce Ltd,BSE,538652.BO,INE691J01019,,,,,,,,too_few_bars
538647,Purshottam Investofin Ltd,BSE,538647.BO,INE729C01020,38.27,2025-12-05,34.02,-11.11,20807.0,718399.0,152.0,ok
538634,Vasundhara Rasayans Ltd,BSE,538634.BO,INE406F01010,195.0,2025-12-05,158.35,-18.79,2450.0,389638.0,152.0,ok
538715,Dhabriya Polywood Ltd,BSE,538715.BO,INE260R01016,380.25,2025-12-05,355.0,-6.64,9973.0,3588140.0,152.0,ok
538668,Meghna Infracon Infrastructure Ltd,BSE,538668.BO,INE898Q01015,530.55,2025-12-05,774.1,45.91,53388.0,34318778.0,152.0,ok
538646,QGO Finance Ltd,BSE,538646.BO,INE837C01013,49.8,2025-12-05,42.3,-15.06,4442.0,191537.0,152.0,ok
538707,Rajasthan Cylinders & Containers Ltd,BSE,538707.BO,INE929D01016,36.02,2025-12-05,32.3,-10.33,575.0,20052.0,152.0,ok
538683,Nippon India ETF S&P BSE Sensex,BSE,538683.BO,INF204KA1UN7,975.49,2025-12-04,851.86,-12.67,11732.0,10601445.0,156.0,ok
538708,Econo Trade (India) Ltd,BSE,538708.BO,INE937K01014,7.23,2025-12-05,7.94,9.82,8403.0,61496.0,152.0,ok
538706,Ultracab (India) Ltd,BSE,538706.BO,INE010R01023,8.56,2025-12-05,7.43,-13.2,193768.0,1604320.0,152.0,ok
538568,Fruition Venture Ltd,BSE,538568.BO,INE836C01015,40.57,2025-12-05,34.25,-15.58,1328.0,49782.0,153.0,ok
544453,Monarch Surveyors and Engineering Consultants Ltd,BSE,544453.BO,INE0V0L01028,,,,,,,,no_data
538579,Zinema Media And Entertainment Ltd,BSE,538579.BO,INE641Q01019,18.27,2025-12-05,18.7,2.35,1290.0,22561.0,155.0,ok
538713,Atishay Ltd,BSE,538713.BO,INE011R01013,196.7,2025-12-05,191.15,-2.82,15070.0,2836410.0,152.0,ok
544452,Swastika Castal Ltd,BSE,544452.BO,INE0PTF01017,,,,,,,,no_data
538714,Sangam Finserv Ltd,BSE,538714.BO,INE475D01010,30.41,2025-12-05,38.22,25.68,3997.0,150486.0,152.0,ok
544445,Asston Pharmaceuticals Ltd,BSE,544445.BO,INE0SJX01015,,,,,,,,no_data
544451,Monika Alcobev Ltd,BSE,544451.BO,INE0LCG01010,,,,,,,,no_data
544444,Glen Industries Ltd,BSE,544444.BO,INE0UMC01019,,,,,,,,no_data
544442,Chemkart India Ltd,BSE,544442.BO,INE0VWL01017,,,,,,,,no_data
538667,Sirohia & Sons Ltd,BSE,538667.BO,INE785O01019,7.29,2025-12-05,8.01,9.88,1935.0,12490.0,155.0,ok
544441,Meta Infotech Ltd,BSE,544441.BO,INE162901016,,,,,,,,no_data
544460,Patel Chem Specialities Ltd,BSE,544460.BO,INE161701011,,,,,,,,no_data
544458,Shree Refrigerations Ltd,BSE,544458.BO,INE0FMZ01045,,,,,,,,no_data
544464,Umiya Mobile Ltd,BSE,544464.BO,INE1P1A01018,,,,,,,,no_data
544471,Takyon Networks Ltd,BSE,544471.BO,INE14OX01013,,,,,,,,no_data
544467,National Securities Depository Ltd,BSE,544467.BO,INE301O01023,,,,,,,,no_data
544468,B. D. Industries (Pune) Ltd,BSE,544468.BO,INE1LJ801017,,,,,,,,no_data
544472,Mehul Colours Ltd,BSE,544472.BO,INE1KH601014,,,,,,,,no_data
544440,Cryogenic Ogs Ltd,BSE,544440.BO,INE0TL001013,,,,,,,,no_data
544412,3B Films Ltd,BSE,544412.BO,INE0TE101010,,,,,,,,no_data
544409,Astonea Labs Ltd,BSE,544409.BO,INE0TG901011,,,,,,,,no_data
544415,Nippon India BSE Sensex Next 30 ETF,BSE,544415.BO,INF204KC1EZ3,,,,,,,,no_data
544417,Aten Papers & Foam Ltd,BSE,544417.BO,INE0XCV01014,,,,,,,,no_data
544474,BLT Logistics Ltd,BSE,544474.BO,INE0W4K01013,,,,,,,,no_data
544422,Abram Food Ltd,BSE,544422.BO,INE0ZDY01011,,,,,,,,no_data
544428,Supertech Ev Ltd,BSE,544428.BO,INE0SC101013,,,,,,,,no_data
544463,Repono Ltd,BSE,544463.BO,INE15WN01014,,,,,,,,no_data
544425,AJC Jewel Manufacturers Ltd,BSE,544425.BO,INE0XRR01010,,,,,,,,no_data
544427,ICICI Prudential Nifty Top 15 Equal Weight ETF,BSE,544427.BO,INF109K1A344,,,,,,,,no_data
544426,Icon Facilitators Ltd,BSE,544426.BO,INE0Y0E01012,,,,,,,,no_data
544437,Marc Loire Fashions Ltd,BSE,544437.BO,INE0TBQ01014,,,,,,,,no_data
544433,Valencia India Ltd,BSE,544433.BO,INE130701019,,,,,,,,no_data
544431,Ace Alpha Tech Ltd,BSE,544431.BO,INE0S9X01011,,,,,,,,no_data
544434,Neetu Yoshi Ltd,BSE,544434.BO,INE0UZO01024,,,,,,,,no_data
544435,Adcounty Media India Ltd,BSE,544435.BO,INE0W1601012,,,,,,,,no_data
544436,Vandan Foods Ltd,BSE,544436.BO,INE0RDJ01019,,,,,,,,no_data
544475,Essex Marine Ltd,BSE,544475.BO,INE1IBY01019,,,,,,,,no_data
544524,JD Cables Ltd,BSE,544524.BO,INE14VP01014,,,,,,,,no_data
544520,Sampat Aluminium Ltd,BSE,544520.BO,INE10XS01012,,,,,,,,no_data
544473,Groww BSE Power ETF,BSE,544473.BO,INF666M01LM6,,,,,,,,no_data
544546,Chatterbox Technologies Ltd,BSE,544546.BO,INE1B4801017,,,,,,,,no_data
544438,Mirae Asset Nifty India Internet ETF,BSE,544438.BO,INF769K01PB6,,,,,,,,no_data
544518,L. T. Elevator Ltd,BSE,544518.BO,INE0TJ801010,,,,,,,,no_data
544531,True Colors Ltd,BSE,544531.BO,INE1LDV01015,,,,,,,,no_data
544535,Bharatrohan Airborne Innovations Ltd,BSE,544535.BO,INE0QMV01017,,,,,,,,no_data
544529,Aptus Pharma Ltd,BSE,544529.BO,INE15XJ01010,,,,,,,,no_data
544516,Airfloa Rail Technology Ltd,BSE,544516.BO,INE0XBS01012,,,,,,,,no_data
544538,Praruh Technologies Ltd,BSE,544538.BO,INE0TI501017,,,,,,,,no_data
544539,Solvex Edibles Ltd,BSE,544539.BO,INE1IIQ01028,,,,,,,,no_data
544541,Systematic Industries Ltd,BSE,544541.BO,INE1KLZ01011,,,,,,,,no_data
544542,Justo Realfintech Ltd,BSE,544542.BO,INE0W5Q01017,,,,,,,,no_data
544544,Telge Projects Ltd,BSE,544544.BO,INE0SRP01014,,,,,,,,no_data
544483,Icodex Publishing Solutions Ltd,BSE,544483.BO,INE111601014,,,,,,,,no_data
544494,Globtier Infotech Ltd,BSE,544494.BO,INE12P601017,,,,,,,,no_data
544482,Star Imaging And Path Lab Ltd,BSE,544482.BO,INE0YG001013,,,,,,,,no_data
544489,LGT Business Connextions Ltd,BSE,544489.BO,INE191201016,,,,,,,,no_data
544511,Karbonsteel Engineering Ltd,BSE,544511.BO,INE0V8A01016,,,,,,,,no_data
544493,Nippon India Nifty India Manufacturing ETF,BSE,544493.BO,INF204KC1GH6,,,,,,,,no_data
544510,Nilachal Carbo Metalicks Ltd,BSE,544510.BO,INE346R01013,,,,,,,,no_data
544500,Abril Paper Tech Ltd,BSE,544500.BO,INE15MX01014,,,,,,,,no_data
544501,Sugs Lloyd Ltd,BSE,544501.BO,INE0XX801016,,,,,,,,no_data
544514,Jay Ambe Supermarkets Ltd,BSE,544514.BO,INE1DRH01011,,,,,,,,no_data
544498,Oval Projects Engineering Ltd,BSE,544498.BO,INE0RTI01017,,,,,,,,no_data
544505,Austere Systems Ltd,BSE,544505.BO,INE104201012,,,,,,,,no_data
544504,Goel Construction Company Ltd,BSE,544504.BO,INE0ZOM01013,,,,,,,,no_data
544507,Zerodha Nifty Smallcap 100 ETF,BSE,544507.BO,INF0R8F01141,,,,,,,,no_data
544508,Vashishtha Luxury Fashion Ltd,BSE,544508.BO,INE0WRP01016,,,,,,,,no_data
544304,Jungle Camps India Ltd,BSE,544304.BO,INE0WCH01015,,,,,,,,no_data
544509,Krupalu Metals Ltd,BSE,544509.BO,INE0XZB01017,,,,,,,,no_data
544406,Unified Data Tech Solutions Ltd,BSE,544406.BO,INE1ABX01018,,,,,,,,no_data
544291,Rajesh Power Services Ltd,BSE,544291.BO,INE0VN801010,,,,,,,,no_data
544495,NIS Management Ltd,BSE,544495.BO,INE0M3X01010,,,,,,,,no_data
544287,Mangal Compusolution Ltd,BSE,544287.BO,INE0RU901015,,,,,,,,no_data
544310,Yash Highvoltage Ltd,BSE,544310.BO,INE00GK01023,,,,,,,,no_data
544308,Hilltone Software and Gases Ltd,BSE,544308.BO,INE168C01013,,,,,,,,no_data
544503,Rachit Prints Ltd,BSE,544503.BO,INE0ZN101029,,,,,,,,no_data
544312,Hamps Bio Ltd,BSE,544312.BO,INE0QBD01018,,,,,,,,no_data
544265,Nexxus Petro Industries Ltd,BSE,544265.BO,INE0QUL01011,,,,,,,,no_data
544257,Sodhani Academy of Fintech Enablers Ltd,BSE,544257.BO,INE0Q3401017,,,,,,,,no_data
544251,Share Samadhan Ltd,BSE,544251.BO,INE0LY301010,,,,,,,,no_data
544506,Sharvaya Metals Ltd,BSE,544506.BO,INE0UJF01018,,,,,,,,no_data
544259,Popular Foundations Ltd,BSE,544259.BO,INE0PZB01013,,,,,,,,no_data
544266,Mirae Asset Nifty PSU Bank ETF,BSE,544266.BO,INF769K01LZ4,,,,,,,,no_data
544270,Khyati Global Ventures Ltd,BSE,544270.BO,INE0S9501014,,,,,,,,no_data
544303,Toss The Coin Ltd,BSE,544303.BO,INE0XAY01012,,,,,,,,no_data
544296,Nisus Finance Services Co Ltd,BSE,544296.BO,INE0DQN01013,,,,,,,,no_data
544275,ICICI Prudential Nifty200 Value 30 ETF,BSE,544275.BO,INF109KC16X5,,,,,,,,no_data
544269,Neopolitan Pizza And Foods Ltd,BSE,544269.BO,INE471R01019,,,,,,,,no_data
544272,Shiv Texchem Ltd,BSE,544272.BO,INE0YRO01015,,,,,,,,no_data
544324,Citichem India Ltd,BSE,544324.BO,INE0A8401016,,,,,,,,no_data
544323,Mirae Asset Nifty India New Age Consumption ETF,BSE,544323.BO,INF769K01NS5,,,,,,,,no_data
544368,Swasth Foodtech India Ltd,BSE,544368.BO,INE0TIR01017,,,,,,,,no_data
544313,NACDAC Infrastructure Ltd,BSE,544313.BO,INE0LB101011,,,,,,,,no_data
544371,Vikram Aroma Ltd,BSE,544371.BO,INE0NR501012,,,,,,,,no_data
544372,Shreenath Paper Products Ltd,BSE,544372.BO,INE0RXS01018,,,,,,,,no_data
544267,Subam Papers Ltd,BSE,544267.BO,INE0U6201010,,,,,,,,no_data
544268,Mirae Asset Nifty Metal ETF,BSE,544268.BO,INF769K01LY7,,,,,,,,no_data
544378,PDP Shipping & Projects Ltd,BSE,544378.BO,INE0ABU01016,,,,,,,,no_data
544373,NAPS Global India Ltd,BSE,544373.BO,INE0VNH01014,,,,,,,,no_data
544369,Beezaasan Explotech Ltd,BSE,544369.BO,INE13VU01016,,,,,,,,no_data
544382,Axis Nifty500 Value 50 ETF,BSE,544382.BO,INF846KA1119,,,,,,,,no_data
544381,Super Iron Foundry Ltd,BSE,544381.BO,INE16IQ01014,,,,,,,,no_data
544377,Mirae Asset BSE 200 Equal Weight ETF,BSE,544377.BO,INF769K01OA1,,,,,,,,no_data
544383,Paradeep Parivahan Ltd,BSE,544383.BO,INE0SMW01011,,,,,,,,no_data
544385,SBI BSE PSU BANK ETF,BSE,544385.BO,INF200KB1712,,,,,,,,no_data
544387,Desco Infratech Ltd,BSE,544387.BO,INE0TGG01014,,,,,,,,no_data
544366,L.K.Mehta Polymers Ltd,BSE,544366.BO,INE0FFF01017,,,,,,,,no_data
544388,Identixweb Ltd,BSE,544388.BO,INE0PA401012,,,,,,,,no_data
544391,Retaggio Industries Ltd,BSE,544391.BO,INE0KWJ01014,,,,,,,,no_data
544394,ICICI Prudential Nifty EV & New Age Automotive ETF,BSE,544394.BO,INF109K1A153,,,,,,,,no_data
544392,Spinaroo Commercial Ltd,BSE,544392.BO,INE10XX01012,,,,,,,,no_data
544370,Nukleus Office Solutions Ltd,BSE,544370.BO,INE0VYX01018,,,,,,,,no_data
544398,Kenrik Industries Ltd,BSE,544398.BO,INE0AOG01018,,,,,,,,no_data
544399,Srigee Dlm Ltd,BSE,544399.BO,INE0RJ901010,,,,,,,,no_data
544401,Mirae Asset Nifty50 Equal Weight ETF,BSE,544401.BO,INF769K01OO2,,,,,,,,no_data
544376,Mirae Asset BSE Select IPO ETF,BSE,544376.BO,INF769K01ON4,,,,,,,,no_data
544365,Shanmuga Hospital Ltd,BSE,544365.BO,INE0TD301017,,,,,,,,no_data
544326,Edelweiss BSE Capital Markets & Insurance ETF,BSE,544326.BO,INF754K01TX4,,,,,,,,no_data
544327,Technichem Organics Ltd,BSE,544327.BO,INE0ZHT01012,,,,,,,,no_data
544329,Leo Dryfruits & Spices Trading Ltd,BSE,544329.BO,INE0RH001011,,,,,,,,no_data
544332,Fabtech Technologies Cleanrooms Ltd,BSE,544332.BO,INE0HSD01011,,,,,,,,no_data
544331,Davin Sons Retail Ltd,BSE,544331.BO,INE0Q2L01013,,,,,,,,no_data
544334,Indobell Insulations Ltd,BSE,544334.BO,INE0FK501019,,,,,,,,no_data
544335,B.R.Goyal Infrastructure Ltd,BSE,544335.BO,INE00ST01011,,,,,,,,no_data
544341,Landmark Global Learning Ltd,BSE,544341.BO,INE12QA01010,,,,,,,,no_data
544337,Avax Apparels and Ornaments Ltd,BSE,544337.BO,INE0NQ401024,,,,,,,,no_data
544340,Rikhav Securities Ltd,BSE,544340.BO,INE0CFH01028,,,,,,,,no_data
544393,Infonative Solutions Ltd,BSE,544393.BO,INE12IB01015,,,,,,,,no_data
544343,Capitalnumbers Infotech Ltd,BSE,544343.BO,INE0WXM01011,,,,,,,,no_data
544346,RDB Real Estate Constructions Ltd,BSE,544346.BO,INE0AK901016,,,,,,,,no_data
544348,GB Logistics Commerce Ltd,BSE,544348.BO,INE0RWU01016,,,,,,,,no_data
544347,CLN Energy Ltd,BSE,544347.BO,INE0WDX01010,,,,,,,,no_data
544400,Manoj Jewellers Ltd,BSE,544400.BO,INE0MV001018,,,,,,,,no_data
544349,H.M. Electro Mech Ltd,BSE,544349.BO,INE0DZD01015,,,,,,,,no_data
544352,DSP BSE Sensex Next 30 ETF,BSE,544352.BO,INF740KA1VE5,,,,,,,,no_data
544351,Malpani Pipes And Fittings Ltd,BSE,544351.BO,INE0YON01014,,,,,,,,no_data
544353,Amwill Health Care Ltd,BSE,544353.BO,INE0U2L01017,,,,,,,,no_data
544354,Solarium Green Energy Ltd,BSE,544354.BO,INE0W0H01017,,,,,,,,no_data
544745,SBI Nifty Midcap 150 ETF,BSE,544745.BO,INF200KB1AK8,,,,,,,,no_data
544330,Parmeshwar Metal Ltd,BSE,544330.BO,INE0QQJ01021,,,,,,,,no_data
544747,Emiac Technologies Ltd,BSE,544747.BO,INE1OSW01015,,,,,,,,no_data
544749,Arudha Hybrid Long- Short Fund Direct Plan-Annual IDCW,BSE,544749.BO,INF194K30259,,,,,,,,no_data
544746,Safety Controls & Devices Ltd,BSE,544746.BO,INE0UMH01018,,,,,,,,no_data
544759,Goldline Pharmaceutical Ltd,BSE,544759.BO,INE1CLW01015,,,,,,,,no_data
544760,DSP Nifty FMCG ETF,BSE,544760.BO,INF740KA1ZA4,,,,,,,,no_data
544761,Edelweiss Nifty Next 50 ETF,BSE,544761.BO,INF754K01XF3,,,,,,,,no_data
544751,Mehul Telecom Ltd,BSE,544751.BO,INE1K0V01011,,,,,,,,no_data
544738,Speciality Medicines Ltd,BSE,544738.BO,INE0R0M01014,,,,,,,,no_data
544763,SBI Nifty Smallcap 250 ETF,BSE,544763.BO,INF200KB1AY9,,,,,,,,no_data
544765,Vegorama Punjabi Angithi Ltd,BSE,544765.BO,INE1L3801017,,,,,,,,no_data
544770,Yaashvi Jewellers Ltd,BSE,544770.BO,INE1T6L01010,,,,,,,,no_data
544768,M.R.Maniveni Foods Ltd,BSE,544768.BO,INE0YD301010,,,,,,,,no_data
544755,Recode Studios Ltd,BSE,544755.BO,INE2B6701015,,,,,,,,no_data
544767,Autofurnish Ltd,BSE,544767.BO,INE18HI01019,,,,,,,,no_data
544769,Harikanta Overseas Ltd,BSE,544769.BO,INE1UYW01010,,,,,,,,no_data
555555,ICICI Prudential BSE Sensex ETF,BSE,555555.BO,INF346A01034,975.33,2025-12-04,852.09,-12.64,1391.0,1248840.0,156.0,ok
544737,Mirae Asset Nifty 500 Value 50 ETF,BSE,544737.BO,INF769K01QV2,,,,,,,,no_data
544735,Novus Loyalty Ltd,BSE,544735.BO,INE1TFS01019,,,,,,,,no_data
544741,Highness Microelectronics Ltd,BSE,544741.BO,INE1KI801019,,,,,,,,no_data
544708,Yashhtej Industries (India) Ltd,BSE,544708.BO,INE1O6P01016,,,,,,,,no_data
544694,Accretion Nutraveda Ltd,BSE,544694.BO,INE1KVQ01019,,,,,,,,no_data
544695,Msafe Equipments Ltd,BSE,544695.BO,INE2B5L01011,,,,,,,,no_data
544740,Tipco Engineering India Ltd,BSE,544740.BO,INE1U6D01014,,,,,,,,no_data
544696,iSIF Hybrid Long-Short Fund - Growth,BSE,544696.BO,INF109K30018,,,,,,,,no_data
544762,SBI Nifty200 Value 30 ETF,BSE,544762.BO,INF200KB1AX1,,,,,,,,no_data
544697,iSIF Hybrid Long-Short Fund - Direct Plan - Growth,BSE,544697.BO,INF109K30026,,,,,,,,no_data
544698,PAN HR Solution Ltd,BSE,544698.BO,INE1N9E01015,,,,,,,,no_data
544766,360 ONE MSCI India ETF,BSE,544766.BO,INF579M01BP5,,,,,,,,no_data
544701,Mirae Asset Nifty 500 Healthcare ETF,BSE,544701.BO,INF769K01QA6,,,,,,,,no_data
544706,Aditya Birla Sun Life MSCI India ETF,BSE,544706.BO,INF209KC1662,,,,,,,,no_data
544710,Accord Transformer & Switchgear Ltd,BSE,544710.BO,INE132201018,,,,,,,,no_data
544707,Fractal Industries Ltd,BSE,544707.BO,INE1W3Q01011,,,,,,,,no_data
544719,Aditya Birla Sun Life BSE Top 10 Banks ETF,BSE,544719.BO,INF209KC1670,,,,,,,,no_data
544724,Elfin Agro India Ltd,BSE,544724.BO,INE1FEW01013,,,,,,,,no_data
544711,Kiaasa Retail Ltd,BSE,544711.BO,INE1C3F01018,,,,,,,,no_data
544722,SBI Nifty Midcap 150 Momentum 50 ETF,BSE,544722.BO,INF200KB1AJ0,,,,,,,,no_data
544704,Mirae Asset Nifty India Infrastructure & LogisticsETF,BSE,544704.BO,INF769K01QB4,,,,,,,,no_data
544721,Groww BSE Hospitals ETF,BSE,544721.BO,INF666M01OD9,,,,,,,,no_data
544548,Gujarat Peanut And Agri Products Ltd,BSE,544548.BO,INE0SIK01014,,,,,,,,no_data
544725,DSP BSE Top 10 Banks ETF,BSE,544725.BO,INF740KA1YH2,,,,,,,,no_data
590157,Groww Nifty India Defence ETF,BSE,590157.BO,INF666M01IO8,,,,,,,,no_data
590149,Motilal Oswal Nifty Capital Market ETF,BSE,590149.BO,INF247L01EV3,,,,,,,,no_data
544705,Mirae Asset BSE India Defence ETF,BSE,544705.BO,INF769K01QC2,,,,,,,,no_data
590152,Motilal Oswal Nifty India Defence ETF,BSE,590152.BO,INF247L01DJ0,,,,,,,,no_data
590154,Kotak Nifty Alpha 50 ETF,BSE,590154.BO,INF174KA1IA5,,,,,,,,no_data
590153,Motilal Oswal Nifty 500 ETF,BSE,590153.BO,INF247L01BU1,,,,,,,,no_data
590151,Motilal Oswal Nifty 500 Momentum 50 ETF,BSE,590151.BO,INF247L01DK8,,,,,,,,no_data
590148,Motilal Oswal Nifty Smallcap 250 ETF,BSE,590148.BO,INF247L01CH6,,,,,,,,no_data
590150,Motilal Oswal Nifty Realty ETF,BSE,590150.BO,INF247L01CI4,,,,,,,,no_data
590144,Nippon India ETF Nifty Midcap 150,BSE,590144.BO,INF204KB1V68,,,,,,,,no_data
590142,Nippon India Nifty Pharma ETF,BSE,590142.BO,INF204KC1089,,,,,,,,no_data
590139,Kotak Nifty 1D Rate Liquid ETF,BSE,590139.BO,INF174KA1LV5,,,,,,,,no_data
590158,Groww Nifty India Railways PSU ETF,BSE,590158.BO,INF666M01JJ6,,,,,,,,no_data
590138,SBI-ETF NIFTY 50,BSE,590138.BO,INF200KA1FS1,,,,,,,,no_data
590160,Tata Nifty 50 Exchange Traded Fund,BSE,590160.BO,INF277K015R5,,,,,,,,no_data
780014,Has Lifestyle Ltd,BSE,780014.BO,INE888Q01016,,,,,,,,no_data
750942,Dhanlaxmi Bank Ltd,BSE,750942.BO,INE680A20011,,,,,,,,no_data
751120,GS Auto International Ltd,BSE,751120.BO,INE736H20016,,,,,,,,no_data
590137,SBI-ETF NIFTY BANK,BSE,590137.BO,INF200KA1580,,,,,,,,no_data
890221,Spandana Sphoorty Financial Ltd,BSE,890221.BO,IN9572J01019,,,,,,,,no_data
890226,Suraj Industries Ltd,BSE,890226.BO,IN9170U01035,,,,,,,,no_data
890229,ANNVRRIDHHI VENTURES Ltd,BSE,890229.BO,IN9075K01029,,,,,,,,no_data
590141,Nippon India ETF Nifty IT,BSE,590141.BO,INF204KB15V2,,,,,,,,no_data
890234,Vertex Securities Ltd,BSE,890234.BO,IN9316D01014,,,,,,,,no_data
590110,Quantum Nifty 50 ETF,BSE,590110.BO,INF082J01499,2849.5,2025-12-04,256.4,-91.0,363.0,137011.0,154.0,ok
590136,Kotak Nifty Bank ETF,BSE,590136.BO,INF174KA1ZB7,,,,,,,,no_data
590104,Nippon India ETF Nifty Next 50 Junior BeES,BSE,590104.BO,INF732E01045,737.64,2025-12-04,755.0,2.35,31311.0,22855484.0,154.0,ok
780016,Web Element Solutions Ltd,BSE,780016.BO,INE562Q01017,,,,,,,,no_data
780018,Adhiraj Distributors Ltd,BSE,780018.BO,INE067R01015,,,,,,,,no_data
590107,Kotak Nifty PSU Bank ETF,BSE,590107.BO,INF373I01023,825.47,2025-12-04,805.8,-2.38,1048.0,897867.0,154.0,ok
890228,Allcargo Terminals Ltd,BSE,890228.BO,IN90NN701011,,,,,,,,no_data
544693,Kanishk Aluminium India Ltd,BSE,544693.BO,INE163401016,,,,,,,,no_data
590109,Nippon India ETF Nifty 50 Shariah BeES,BSE,590109.BO,INF732E01128,516.91,2025-12-04,464.83,-10.08,1083.0,522920.0,154.0,ok
544692,Arudha Hybrid Long- Short Fund Direct Plan-Half yearly IDCW,BSE,544692.BO,INF194K30242,,,,,,,,no_data
544592,SBI Mutual Fund,BSE,544592.BO,INF200K30056,,,,,,,,no_data
544691,Arudha Hybrid Long- Short Fund Direct Plan-Growth,BSE,544691.BO,INF194K30184,,,,,,,,no_data
544596,Safecure Services Ltd,BSE,544596.BO,INE0SVZ01015,,,,,,,,no_data
544594,Game Changers Texfab Ltd,BSE,544594.BO,INE1GUJ01014,,,,,,,,no_data
890232,KRISHIVAL FOODS Ltd,BSE,890232.BO,IN90GGO01013,,,,,,,,no_data
890230,Ace Software Exports ltd,BSE,890230.BO,IN9849B01026,,,,,,,,no_data
544591,SBI Mutual Fund,BSE,544591.BO,INF200K30049,,,,,,,,no_data
590103,Nippon India ETF Nifty 50 BeES,BSE,590103.BO,INF204KB14I2,294.4,2025-12-04,265.52,-9.81,421699.0,117626446.0,154.0,ok
544690,Arudha Hybrid Long- Short Fund Regular Plan-Monthly IDCW,BSE,544690.BO,INF194K30051,,,,,,,,no_data
590106,Nippon India ETF Nifty Bank BeES,BSE,590106.BO,INF204KB15I9,611.73,2025-12-04,553.49,-9.52,42799.0,25015199.0,154.0,ok
590115,Motilal Oswal Nifty 50 ETF,BSE,590115.BO,INF247L01536,271.0,2025-12-04,245.45,-9.43,391.0,99788.0,156.0,ok
544590,SBI Mutual Fund,BSE,544590.BO,INF200K30031,,,,,,,,no_data
544589,SBI Mutual Fund,BSE,544589.BO,INF200K30023,,,,,,,,no_data
544586,Zerodha Nifty 50 ETF,BSE,544586.BO,INF0R8F01166,,,,,,,,no_data
590108,Nippon India ETF Nifty PSU Bank BeES,BSE,590108.BO,INF204KB16I7,92.24,2025-12-04,89.46,-3.01,159036.0,15243015.0,154.0,ok
544604,Mirae Asset Nifty Energy ETF,BSE,544604.BO,INF769K01PR2,,,,,,,,no_data
544585,Sihora Industries Ltd,BSE,544585.BO,INE0SFA01011,,,,,,,,no_data
544607,Shining Tools Ltd,BSE,544607.BO,INE0D8001018,,,,,,,,no_data
544610,Workmates Core2Cloud Solution Ltd,BSE,544610.BO,INE1I1301016,,,,,,,,no_data
544605,Mirae Asset Nifty Smallcap 250 ETF,BSE,544605.BO,INF769K01PQ4,,,,,,,,no_data
544593,SBI Mutual Fund,BSE,544593.BO,INF200K30064,,,,,,,,no_data
544616,Gallard Steel Ltd,BSE,544616.BO,INE0BUQ01012,,,,,,,,no_data
544584,SK Minerals & Additives Ltd,BSE,544584.BO,INE13YH01017,,,,,,,,no_data
544611,Mahamaya Lifesciences Ltd,BSE,544611.BO,INE0U9D01019,,,,,,,,no_data
544582,Shlokka Dyes Ltd,BSE,544582.BO,INE1EUB01016,,,,,,,,no_data
544563,Zelio E Mobility Ltd,BSE,544563.BO,INE1B3501014,,,,,,,,no_data
544549,Earkart Ltd,BSE,544549.BO,INE1A8F01035,,,,,,,,no_data
544552,Rukmani Devi Garg Agro Impex Ltd,BSE,544552.BO,INE0S5T01017,,,,,,,,no_data
544551,Bhavik Enterprises Ltd,BSE,544551.BO,INE18PB01017,,,,,,,,no_data
544553,M P K Steels (I) Ltd,BSE,544553.BO,INE1PJP01015,,,,,,,,no_data
544554,KVS Castings Ltd,BSE,544554.BO,INE163701019,,,,,,,,no_data
544555,Ameenji Rubber Ltd,BSE,544555.BO,INE14QA01016,,,,,,,,no_data
544588,SBI Mutual Fund,BSE,544588.BO,INF200K30015,,,,,,,,no_data
544556,Dhillon Freight Carrier Ltd,BSE,544556.BO,INE0SPJ01011,,,,,,,,no_data
544561,Chiraharit Ltd,BSE,544561.BO,INE12P101018,,,,,,,,no_data
544559,Om Metallogic Ltd,BSE,544559.BO,INE0R8Q01018,,,,,,,,no_data
544560,Sodhani Capital Ltd,BSE,544560.BO,INE0QU501030,,,,,,,,no_data
544565,Valplast Technologies Ltd,BSE,544565.BO,INE0QP701017,,,,,,,,no_data
544581,DSP Nifty500 Flexicap Quality 30 ETF,BSE,544581.BO,INF740KA1WU9,,,,,,,,no_data
544568,DSM Fresh Foods Ltd,BSE,544568.BO,INE0SUM01015,,,,,,,,no_data
544567,Infinity Infoway Ltd,BSE,544567.BO,INE16XA01017,,,,,,,,no_data
544571,NSB BPO Solutions Ltd,BSE,544571.BO,INE0SLP01017,,,,,,,,no_data
544674,DSP Nifty Next 50 ETF,BSE,544674.BO,INF740KA1XU7,,,,,,,,no_data
544618,Edelweiss BSE Sensex ETF,BSE,544618.BO,INF754K01VY8,,,,,,,,no_data
544620,DSP MSCI India ETF,BSE,544620.BO,INF740KA1WV7,,,,,,,,no_data
544661,Mirae Asset BSE 500 Dividend Leaders 50 ETF,BSE,544661.BO,INF769K01PY8,,,,,,,,no_data
544663,Neptune Logitek Ltd,BSE,544663.BO,INE1NQ501012,,,,,,,,no_data
544660,Mirae Asset Nifty Top 20 Equal Weight ETF,BSE,544660.BO,INF769K01PZ5,,,,,,,,no_data
544667,Dachepalli Publishers Ltd,BSE,544667.BO,INE1F9M01018,,,,,,,,no_data
544668,Nanta Tech Ltd,BSE,544668.BO,INE0YJA01011,,,,,,,,no_data
544669,Admach Systems Ltd,BSE,544669.BO,INE0XLO01010,,,,,,,,no_data
544673,Modern Diagnostic & Research Centre Ltd,BSE,544673.BO,INE1HK501016,,,,,,,,no_data
544670,Bai-Kakaji Polymers Ltd,BSE,544670.BO,INE1IJQ01026,,,,,,,,no_data
544671,Apollo Techno Industries Ltd,BSE,544671.BO,INE0X4A01013,151.95,2025-12-31,92.0,-39.45,49663.0,6618050.0,101.0,ok
544656,HRS Aluglaze Ltd,BSE,544656.BO,INE1E1V01017,,,,,,,,no_data
544675,Gabion Technologies India Ltd,BSE,544675.BO,INE1H1501013,,,,,,,,no_data
544677,Defrail Technologies Ltd,BSE,544677.BO,INE0ZE201010,,,,,,,,no_data
544566,Sunsky Logistics Ltd,BSE,544566.BO,INE10CM01027,,,,,,,,no_data
544575,Mittal Sections Ltd,BSE,544575.BO,INE833Q01012,,,,,,,,no_data
544681,INDO SMC Ltd,BSE,544681.BO,INE0WKY01013,,,,,,,,no_data
544659,Stanbik Agro Ltd,BSE,544659.BO,INE16QA01011,,,,,,,,no_data
544683,Aritas Vinyl Ltd,BSE,544683.BO,INE1D8001016,,,,,,,,no_data
544682,GRE Renew Enertech Ltd,BSE,544682.BO,INE0U8P01015,,,,,,,,no_data
544676,Yajur Fibres Ltd,BSE,544676.BO,INE0CNJ01010,,,,,,,,no_data
544687,Hannah Joseph Hospital Ltd,BSE,544687.BO,INE0JVH01012,,,,,,,,no_data
544665,Global Ocean Logistics India Ltd,BSE,544665.BO,INE1ITY01011,,,,,,,,no_data
544686,Shayona Engineering Ltd,BSE,544686.BO,INE0UCL01011,,,,,,,,no_data
544688,Kasturi Metal Composite Ltd,BSE,544688.BO,INE0T1301023,,,,,,,,no_data
544689,Arudha Hybrid Long- Short Fund Regular Plan-Growth,BSE,544689.BO,INF194K30010,,,,,,,,no_data
544657,Pajson Agro India Ltd,BSE,544657.BO,INE14LM01012,,,,,,,,no_data
544621,SSMD Agrotech India Ltd,BSE,544621.BO,INE1U2R01013,,,,,,,,no_data
544655,DSP Nifty Midcap 150 ETF,BSE,544655.BO,INF740KA1WW5,,,,,,,,no_data
544636,Western Overseas Study Abroad Ltd,BSE,544636.BO,INE1MF401019,,,,,,,,no_data
544624,K K Silk Mills Ltd,BSE,544624.BO,INE0EOJ01014,,,,,,,,no_data
544623,Mother Nutri Foods Ltd,BSE,544623.BO,INE0UH001016,,,,,,,,no_data
544680,Narmadesh Brass Industries Ltd,BSE,544680.BO,INE0S1B01014,,,,,,,,no_data
544625,Logiciel Solutions Ltd,BSE,544625.BO,INE1BA901016,,,,,,,,no_data
544628,Astron Multigrain Ltd,BSE,544628.BO,INE0RUY01012,,,,,,,,no_data
544627,Purple Wave Infocom Ltd,BSE,544627.BO,INE0VDK01019,,,,,,,,no_data
544626,Exato Technologies Ltd,BSE,544626.BO,INE1E4401010,,,,,,,,no_data
544684,Digilogic Systems Ltd,BSE,544684.BO,INE1OOT01028,,,,,,,,no_data
544635,Luxury Time Ltd,BSE,544635.BO,INE1CJB01013,,,,,,,,no_data
544629,Ravelcare Ltd,BSE,544629.BO,INE0W4D01018,,,,,,,,no_data
544630,Helloji Holidays Ltd,BSE,544630.BO,INE1FJE01010,,,,,,,,no_data
544637,Methodhub Software Ltd,BSE,544637.BO,INE0QZR01017,,,,,,,,no_data
544643,Prodocs Solutions Ltd,BSE,544643.BO,INE10XK01019,,,,,,,,no_data
544654,DSP Nifty Smallcap 250 ETF,BSE,544654.BO,INF740KA1WX3,,,,,,,,no_data
544641,K. V. Toys India Ltd,BSE,544641.BO,INE1IE301018,,,,,,,,no_data
544646,Shipwaves Online Ltd,BSE,544646.BO,INE0O9L01010,,,,,,,,no_data
544648,Unisem Agritech Ltd,BSE,544648.BO,INE1FHV01026,,,,,,,,no_data
544649,Titanium Hybrid Long-Short Fund Direct Plan Growth,BSE,544649.BO,INF277K30047,,,,,,,,no_data
544650,Titanium Hybrid Long-Short Fund Direct Plan IDCW Reinvestment,BSE,544650.BO,INF277K30054,,,,,,,,no_data
544651,Titanium Hybrid Long-Short Fund Regular Plan Growth,BSE,544651.BO,INF277K30013,,,,,,,,no_data
544652,Titanium Hybrid Long-Short Fund Regular Plan IDCW Payout,BSE,544652.BO,INF277K30039,,,,,,,,no_data
544653,Titanium Hybrid Long-Short Fund Regular Plan IDCW Reinvestment,BSE,544653.BO,INF277K30021,,,,,,,,no_data
544248,Mach Travel Solutions Ltd,BSE,544248.BO,INE0UYT01018,,,,,,,,no_data
544247,DSP Nifty Top 10 Equal Weight ETF,BSE,544247.BO,INF740KA1UR9,,,,,,,,no_data
543594,Dipna Pharmachem Ltd,BSE,543594.BO,INE0MC401013,15.0,2025-12-05,7.16,-52.27,48710.0,573543.0,152.0,ok
543598,Shantidoot Infra Services Ltd,BSE,543598.BO,INE0LU301014,289.8,2025-12-05,590.0,103.59,275.0,83155.0,154.0,ok
543597,Virtuoso Optoelectronics Ltd,BSE,543597.BO,INE0I0T01010,424.2,2025-12-05,365.6,-13.81,36240.0,13122518.0,152.0,ok
543578,Olatech Solutions Ltd,BSE,543578.BO,INE0M3901015,227.3,2025-12-05,90.01,-60.4,7844.0,1568913.0,152.0,ok
543575,Aditya Birla Sun Life Nifty 200 Momentum 30 ETF,BSE,543575.BO,INF209KB14K7,,,,,,,,no_data
544640,Riddhi Display Equipments Ltd,BSE,544640.BO,INE1DKT01011,,,,,,,,no_data
543576,Motilal Oswal BSE Enhanced Value ETF,BSE,543576.BO,INF247L01BE5,,,,,,,,no_data
543607,HDFC NIFTY Growth Sectors 15 ETF,BSE,543607.BO,INF179KC1DJ0,,,,,,,,no_data
543577,Motilal Oswal BSE Quality ETF,BSE,543577.BO,INF247L01BH8,,,,,,,,no_data
543608,HDFC NIFTY50 Value 20 ETF,BSE,543608.BO,INF179KC1DK8,,,,,,,,no_data
543595,EP Biocomposites Ltd,BSE,543595.BO,INE0D2I01014,90.0,2025-12-05,102.0,13.33,839.0,85631.0,153.0,ok
543621,Cargosol Logistics Ltd,BSE,543621.BO,INE0KZM01011,27.75,2025-12-05,16.72,-39.75,1367.0,28567.0,155.0,ok
543627,HDFC NIFTY100 Low Volatility 30 ETF,BSE,543627.BO,INF179KC1HU8,,,,,,,,no_data
543622,Steelman Telecom Ltd,BSE,543622.BO,INE0MSK01016,91.8,2025-12-05,62.1,-32.35,4122.0,300446.0,154.0,ok
543574,Aditya Birla Sun Life Nifty 200 Quality 30 ETF,BSE,543574.BO,INF209KB15K4,,,,,,,,no_data
543619,Concord Control Systems Ltd,BSE,543619.BO,INE0N0J01014,2391.5,2025-12-05,2690.6,12.51,10032.0,23839381.0,152.0,ok
543521,Fone4 Communications (India) Ltd,BSE,543521.BO,INE0L3H01014,9.3,2025-12-05,7.9,-15.05,3677.0,32782.0,155.0,ok
543623,Vedant Asset Ltd,BSE,543623.BO,INE0NC801013,49.6,2025-12-05,42.37,-14.58,2496.0,112275.0,152.0,ok
543605,HDFC NIFTY100 Quality 30 ETF,BSE,543605.BO,INF179KC1DL6,,,,,,,,no_data
543606,Containe Technologies Ltd,BSE,543606.BO,INE0M8901010,31.01,2025-12-05,20.71,-33.22,14618.0,336837.0,152.0,ok
543522,Nanavati Ventures Ltd,BSE,543522.BO,INE0E5R01017,106.5,2025-12-05,107.85,1.27,9519.0,1044415.0,153.0,ok
543613,Mafia Trends Ltd,BSE,543613.BO,INE0KQQ01011,10.19,2025-12-05,6.05,-40.63,25289.0,238288.0,152.0,ok
543531,Tierra Agrotech Ltd,BSE,543531.BO,INE05CY01014,50.3,2025-12-05,42.9,-14.71,9567.0,467091.0,152.0,ok
543615,Silicon Rental Solutions Ltd,BSE,543615.BO,INE0MNV01014,144.0,2025-12-05,81.84,-43.17,17662.0,2339411.0,153.0,ok
543570,HDFC Mutual Fund,BSE,543570.BO,INF179KC1HS2,,,,,,,,no_data
543538,Goel Food Products Ltd,BSE,543538.BO,INE0K6L01010,14.51,2025-12-05,14.1,-2.83,13947.0,205990.0,152.0,ok
543537,Scarnose International Ltd,BSE,543537.BO,INE0IXR01019,59.9,2025-12-05,76.0,26.88,64.0,3990.0,155.0,ok
543541,Sailani Tours N Travels Ltd,BSE,543541.BO,INE0KHQ01010,19.0,2025-12-05,14.67,-22.79,732.0,12490.0,155.0,ok
543618,Cargotrans Maritime Ltd,BSE,543618.BO,INE0M4L01013,142.3,2025-12-05,88.63,-37.72,14476.0,2172545.0,152.0,ok
543617,Reetech International Ltd,BSE,543617.BO,INE0MKO01015,34.45,2025-12-05,22.72,-34.05,553.0,15768.0,154.0,ok
543571,ICICI Prudential Nifty Infrastructure ETF,BSE,543571.BO,INF109KC16E5,,,,,,,,no_data
543568,ICICI Prudential Nifty 200 Momentum 30 ETF,BSE,543568.BO,INF109KC17C7,,,,,,,,no_data
543616,Trident Lifeline Ltd,BSE,543616.BO,INE0MKA01014,303.2,2025-12-05,249.15,-17.83,22322.0,5922717.0,152.0,ok
543569,HDFC NIFTY 100 ETF,BSE,543569.BO,INF179KC1HR4,,,,,,,,no_data
543563,Motilal Oswal BSE Healthcare ETF,BSE,543563.BO,INF247L01BB1,,,,,,,,no_data
543540,Pearl Green Clubs and Resorts Ltd,BSE,543540.BO,INE0GTX01019,145.0,2025-12-05,136.95,-5.55,19247.0,2449975.0,152.0,ok
543545,Veerkrupa Jewellers Ltd,BSE,543545.BO,INE0ID001024,0.77,2025-12-05,0.7,-9.09,110307.0,79604.0,152.0,ok
543543,B-Right Realestate Ltd,BSE,543543.BO,INE0IZQ01016,447.0,2025-12-05,934.6,109.08,2751.0,1784012.0,152.0,ok
543628,HDFC NIFTY200 Momentum 30 ETF,BSE,543628.BO,INF179KC1HV6,,,,,,,,no_data
543542,Kesar India Ltd,BSE,543542.BO,INE0L1C01019,900.0,2025-12-05,1240.2,37.8,9649.0,11416911.0,152.0,ok
543546,Healthy Life Agritec Ltd,BSE,543546.BO,INE0L3501015,13.87,2025-12-05,6.29,-54.65,96960.0,1064474.0,152.0,ok
543544,Jayant Infratech Ltd,BSE,543544.BO,INE0KR801019,90.61,2025-12-05,56.0,-38.2,25139.0,2005185.0,152.0,ok
543536,Silver Pearl Hospitality & Luxury Spaces Ltd,BSE,543536.BO,INE0KXN01014,9.0,2025-12-05,5.09,-43.44,877.0,5575.0,155.0,ok
543753,Dharni Capital Services Ltd,BSE,543753.BO,INE0M9Q01011,59.05,2025-12-05,65.0,10.08,2458.0,152182.0,155.0,ok
543746,Logica Infoway Ltd,BSE,543746.BO,INE0BSU01018,226.0,2025-12-05,170.0,-24.78,11494.0,2416391.0,152.0,ok
543765,Earthstahl & Alloys Ltd,BSE,543765.BO,INE0O4V01010,22.0,2025-12-05,17.35,-21.14,5629.0,103196.0,154.0,ok
543637,Pace E-Commerce Ventures Ltd,BSE,543637.BO,INE0N1L01018,19.53,2025-12-05,14.0,-28.32,58113.0,1217862.0,152.0,ok
543745,SVS Ventures Ltd,BSE,543745.BO,INE0MID01012,12.9,2025-12-05,7.82,-39.38,295421.0,3673299.0,152.0,ok
543744,Rex Sealing and Packing Industries Ltd,BSE,543744.BO,INE0MFT01014,190.05,2025-12-05,145.0,-23.7,275.0,49204.0,154.0,ok
543738,DSP Nifty Bank ETF,BSE,543738.BO,INF740KA1RX3,,,,,,,,no_data
543737,Aveer Foods Ltd,BSE,543737.BO,INE09BN01011,611.95,2025-12-05,550.2,-10.09,132.0,79259.0,154.0,ok
543775,HDFC NIFTY Smallcap 250 ETF,BSE,543775.BO,INF179KC1FB2,,,,,,,,no_data
543776,HDFC NIFTY Midcap 150 ETF,BSE,543776.BO,INF179KC1HT0,,,,,,,,no_data
543769,Indong Tea Company Ltd,BSE,543769.BO,INE0KN201016,11.39,2025-12-05,8.5,-25.37,18285.0,171120.0,154.0,ok
543774,HDFC BSE 500 ETF,BSE,543774.BO,INF179KC1EZ4,,,,,,,,no_data
543754,Transvoy Logistics India Ltd,BSE,543754.BO,INE0MPU01011,116.55,2025-12-05,81.4,-30.16,1937.0,207870.0,154.0,ok
543799,S. V. J. ENTERPRISES Ltd,BSE,543799.BO,INE0JZS01010,487.0,2025-12-05,391.9,-19.53,4047.0,1812055.0,152.0,ok
543787,Macfos Ltd,BSE,543787.BO,INE0OLH01013,736.18,2025-12-05,1150.0,56.21,9874.0,8448770.0,153.0,ok
543814,Prospect Consumer Products Ltd,BSE,543814.BO,INE0OKG01017,69.15,2025-12-05,45.85,-33.69,3296.0,214530.0,155.0,ok
543819,ICICI Prudential Nifty PSU Bank ETF,BSE,543819.BO,INF109KC10S8,,,,,,,,no_data
543782,Sealmatic India Ltd,BSE,543782.BO,INE0O4601016,395.0,2025-12-05,381.35,-3.46,7471.0,2827337.0,153.0,ok
543666,HDFC NIFTY Private Bank ETF,BSE,543666.BO,INF179KC1HZ7,,,,,,,,no_data
543806,ITCONS E-Solutions Ltd,BSE,543806.BO,INE0O6A01019,488.1,2025-12-05,351.65,-27.96,16588.0,6554942.0,152.0,ok
543828,Sudarshan Pharma Industries Ltd,BSE,543828.BO,INE00TV01023,26.43,2025-12-05,34.35,29.97,223605.0,5817994.0,152.0,ok
543805,Resgen Ltd,BSE,543805.BO,INE0NYN01016,72.3,2025-12-05,58.26,-19.42,20782.0,1387329.0,152.0,ok
543665,HDFC NIFTY IT ETF,BSE,543665.BO,INF179KC1IA8,,,,,,,,no_data
543656,Technopack Polymers Ltd,BSE,543656.BO,INE0MXP01015,17.69,2025-12-05,12.25,-30.75,4129.0,66808.0,155.0,ok
543798,Patron Exim Ltd,BSE,543798.BO,INE0NPA01011,3.53,2025-12-05,2.68,-24.08,93894.0,321159.0,152.0,ok
543677,ICICI Prudential Nifty Financial Services Ex-Bank ETF,BSE,543677.BO,INF109KC17L8,,,,,,,,no_data
543709,PNGS Gargi Fashion Jewellery Ltd,BSE,543709.BO,INE0NT601018,1059.5,2025-12-05,837.9,-20.92,13801.0,13201096.0,152.0,ok
543804,Amanaya Ventures Ltd,BSE,543804.BO,INE0G1V01016,22.1,2025-12-05,17.95,-18.78,1935.0,37447.0,155.0,ok
543710,ICICI Prudential Nifty Commodities ETF,BSE,543710.BO,INF109KC19O8,,,,,,,,no_data
543520,Global Longlife Hospital and Research Ltd,BSE,543520.BO,INE0J2K01014,15.64,2025-12-05,13.09,-16.3,94506.0,1771872.0,152.0,ok
543348,Axis NIFTY Healthcare ETF,BSE,543348.BO,INF846K01Z12,,,,,,,,no_data
543519,Shashwat Furnishing Solutions Ltd,BSE,543519.BO,INE0JMN01019,94.0,2025-12-05,80.4,-14.47,2756.0,256632.0,154.0,ok
543347,Axis NIFTY IT ETF,BSE,543347.BO,INF846K01Y96,,,,,,,,no_data
543346,Aashka Hospitals Ltd,BSE,543346.BO,INE0EAX01014,87.25,2025-12-05,75.0,-14.04,3058.0,239964.0,154.0,ok
543651,DAPS Advertising Ltd,BSE,543651.BO,INE975Z01012,23.24,2025-12-05,23.39,0.65,2632.0,51632.0,155.0,ok
543363,Prevest Denpro Ltd,BSE,543363.BO,INE0GAO01018,438.05,2025-12-05,389.05,-11.19,10944.0,4563716.0,152.0,ok
543357,Axis NIFTY India Consumption ETF,BSE,543357.BO,INF846K016C7,,,,,,,,no_data
543365,Mirae Asset S&P 500 Top 50 ETF,BSE,543365.BO,INF769K01HP3,,,,,,,,no_data
543366,SBL Infratech Ltd,BSE,543366.BO,INE0DLM01024,39.2,2025-12-05,42.0,7.14,4282.0,176652.0,153.0,ok
543713,Droneacharya Aerial Innovations Ltd,BSE,543713.BO,INE0MQD01015,40.2,2025-12-05,38.76,-3.58,117256.0,4942999.0,152.0,ok
543373,Shri Venkatesh Refineries Ltd,BSE,543373.BO,INE0HLJ01013,293.5,2025-12-05,254.55,-13.27,7630.0,2095165.0,153.0,ok
543518,Eighty Jewellers Ltd,BSE,543518.BO,INE0KSN01014,36.25,2025-12-05,43.98,21.32,5535.0,177150.0,155.0,ok
543678,Ambo Agritec Ltd,BSE,543678.BO,INE0N6V01016,47.25,2025-12-05,15.05,-68.15,11335.0,402334.0,152.0,ok
543383,ICICI Prudential Nifty India Consumption ETF,BSE,543383.BO,INF109KC1V42,,,,,,,,no_data
543326,ICICI Prudential Nifty FMCG ETF,BSE,543326.BO,INF109KC19V3,,,,,,,,no_data
543375,Promax Power Ltd,BSE,543375.BO,INE0I2F01015,22.72,2025-12-05,13.9,-38.82,6372.0,118519.0,153.0,ok
543372,Getalong Enterprise Ltd,BSE,543372.BO,INE0H1201020,8.0,2025-12-05,4.63,-42.12,7435.0,50043.0,154.0,ok
543282,Niks Technology Ltd,BSE,543282.BO,INE0GX601011,478.8,2025-12-05,376.95,-21.27,31.0,13320.0,154.0,ok
543291,Mirae Asset NYSE FANG+ ETF,BSE,543291.BO,INF769K01HF4,,,,,,,,no_data
543352,PlatinumOne Business Services Ltd,BSE,543352.BO,INE0DTJ01015,150.0,2025-12-05,160.2,6.8,282.0,39787.0,155.0,ok
543377,Adishakti Loha and Ispat Ltd,BSE,543377.BO,INE0CWK01019,15.5,2025-12-05,11.3,-27.1,1032.0,12781.0,155.0,ok
543341,Sharpline Broadcast Ltd,BSE,543341.BO,INE647W01014,10.85,2025-12-05,11.16,2.86,8232.0,96206.0,152.0,ok
543351,Naapbooks Ltd,BSE,543351.BO,INE0GOA01018,139.65,2025-12-05,78.73,-43.62,12854.0,1288385.0,153.0,ok
543376,Samor Reality Ltd,BSE,543376.BO,INE0GD201014,58.0,2025-12-05,96.25,65.95,3467.0,284463.0,152.0,ok
543292,ICICI Prudential Nifty Healthcare ETF,BSE,543292.BO,INF109KC1Q72,,,,,,,,no_data
543289,Kuberan Global Edu Solutions Ltd,BSE,543289.BO,INE04CO01018,53.63,2025-12-05,31.2,-41.82,2045.0,111455.0,154.0,ok
543284,EKI Energy Services Ltd,BSE,543284.BO,INE0CPR01018,103.55,2025-12-05,88.89,-14.16,28209.0,2589768.0,152.0,ok
543285,Rajeshwari Cans Ltd,BSE,543285.BO,INE0CQ101015,25.41,2025-12-05,17.98,-29.24,25223.0,632507.0,152.0,ok
543286,Jetmall Spices and Masala Ltd,BSE,543286.BO,INE0D9X01018,43.13,2025-12-05,66.97,55.27,12193.0,529814.0,155.0,ok
543309,Adeshwar Meditex Ltd,BSE,543309.BO,INE0H8J01015,16.5,2025-12-05,18.41,11.58,3568.0,61804.0,153.0,ok
543378,CWD Ltd,BSE,543378.BO,INE0H8H01019,379.9,2025-12-05,299.35,-21.2,17960.0,5668522.0,152.0,ok
543323,Mirae Asset Nifty Financial Services ETF,BSE,543323.BO,INF769K01HI8,,,,,,,,no_data
543474,Aditya Birla Sun Life Nifty 50 ETF,BSE,543474.BO,INF209KB19D1,,,,,,,,no_data
543312,Focus Business Solution Ltd,BSE,543312.BO,INE0DXR01010,142.0,2025-12-05,173.0,21.83,633.0,93260.0,155.0,ok
543454,Mirae Asset Nifty India Manufacturing ETF,BSE,543454.BO,INF769K01IB1,,,,,,,,no_data
543319,AA Plus Tradelink Ltd,BSE,543319.BO,INE0C5901022,1.47,2025-12-05,1.25,-14.97,77419.0,97811.0,155.0,ok
543450,ICICI Prudential Nifty Auto ETF,BSE,543450.BO,INF109KC10V2,,,,,,,,no_data
543453,Alkosign Ltd,BSE,543453.BO,INE0KA601012,75.0,2025-12-05,57.45,-23.4,6470.0,460317.0,153.0,ok
543460,Quality RO Industries Ltd,BSE,543460.BO,INE0KAF01018,130.0,2025-12-05,64.56,-50.34,814.0,52001.0,154.0,ok
543472,Aditya Birla Sunlife Nifty IT ETF,BSE,543472.BO,INF209KB11D8,,,,,,,,no_data
543473,Aditya Birla Sun Life Nifty Healthcare ETF,BSE,543473.BO,INF209KB10C2,,,,,,,,no_data
543461,Safa Systems & Technologies Ltd,BSE,543461.BO,INE0JNA01014,39.8,2025-12-05,23.15,-41.83,25424.0,490614.0,153.0,ok
543464,Maruti Interior Products Ltd,BSE,543464.BO,INE0JSJ01014,115.24,2025-12-05,67.25,-41.64,55969.0,6919735.0,152.0,ok
543481,Mirae Asset Nifty Midcap 150 ETF,BSE,543481.BO,INF769K01IC9,,,,,,,,no_data
543465,Motilal Oswal Nifty 200 Momentum 30 ETF,BSE,543465.BO,INF247L01BK2,,,,,,,,no_data
543475,Ekennis Software Service Ltd,BSE,543475.BO,INE0KCM01010,158.15,2025-12-05,142.4,-9.96,480.0,71470.0,155.0,ok
543497,Bhatia Colour Chem Ltd,BSE,543497.BO,INE0KQ001017,353.2,2025-12-05,48.26,-86.34,13715.0,2423244.0,152.0,ok
543500,Evoq Remedies Ltd,BSE,543500.BO,INE0JVD01011,2.89,2025-12-05,3.22,11.42,95263.0,385639.0,152.0,ok
543499,Achyut Healthcare Ltd,BSE,543499.BO,INE0K1401020,5.15,2025-12-05,5.86,13.79,170080.0,937586.0,152.0,ok
543444,Fabino Enterprises Ltd,BSE,543444.BO,INE0DRT01018,23.0,2025-12-05,20.31,-11.7,4538.0,74805.0,154.0,ok
543515,Sunrise Efficient Marketing Ltd,BSE,543515.BO,INE0KPY01017,299.5,2025-12-05,49.89,-83.34,23592.0,3456654.0,152.0,ok
543388,DSP Nifty 50 Equal Weight ETF,BSE,543388.BO,INF740KA1QK2,,,,,,,,no_data
543391,Suyog Gurbaxani Funicular Ropeways Ltd,BSE,543391.BO,INE07GA01011,108.0,2025-12-05,95.0,-12.04,7173.0,823330.0,154.0,ok
543516,Dhyaani Tradeventtures Ltd,BSE,543516.BO,INE0K5F01014,7.91,2025-12-05,5.03,-36.41,109292.0,740875.0,152.0,ok
543410,DMR Engineering Ltd,BSE,543410.BO,INE07L501010,45.11,2025-12-05,32.2,-28.62,7356.0,308770.0,154.0,ok
543414,Mirae Asset Hang Seng TECH ETF,BSE,543414.BO,INF769K01HS7,,,,,,,,no_data
543437,Motilal Oswal Nasdaq Q 50 ETF,BSE,543437.BO,INF247L01AU3,,,,,,,,no_data
543436,Wherrelz IT Solutions Ltd,BSE,543436.BO,INE0IM001015,240.5,2025-12-05,156.55,-34.91,92.0,18738.0,155.0,ok
543310,Times Green Energy (India) Ltd,BSE,543310.BO,INE0B6101012,48.95,2025-12-05,47.5,-2.96,8243.0,389495.0,155.0,ok
543435,Clara Industries Ltd,BSE,543435.BO,INE0JJS01014,40.05,2025-12-05,37.5,-6.37,11399.0,449507.0,154.0,ok
543400,Omnipotent Industries Ltd,BSE,543400.BO,INE0JFE01012,5.5,2025-12-05,2.99,-45.64,33328.0,153064.0,152.0,ok
543440,DSP Nifty 50 ETF,BSE,543440.BO,INF740KA1CL0,,,,,,,,no_data
543438,DSP Nifty Midcap 150 Quality 50 ETF,BSE,543438.BO,INF740KA1QL0,,,,,,,,no_data
543443,Ascensive Educare Ltd,BSE,543443.BO,INE0E4I01027,19.0,2025-12-05,20.0,5.26,64509.0,1269447.0,153.0,ok
543501,Motilal Oswal BSE Low Volatility ETF,BSE,543501.BO,INF247L01BL0,,,,,,,,no_data
543830,Labelkraft Technologies Ltd,BSE,543830.BO,INE0NLJ01011,48.75,2025-12-05,66.5,36.41,675.0,37252.0,154.0,ok
544130,Mirae Asset Nifty Smallcap 250 Momentum Quality 100 ETF,BSE,544130.BO,INF769K01LC3,,,,,,,,no_data
544143,Royal Sense Ltd,BSE,544143.BO,INE0QQG01019,235.3,2025-12-05,127.1,-45.98,4546.0,805018.0,152.0,ok
543831,Bright Outdoor Media Ltd,BSE,543831.BO,INE0OMI01019,385.2,2025-12-05,370.1,-3.92,10524.0,4272312.0,153.0,ok
544150,KP Green Engineering Ltd,BSE,544150.BO,INE0QVH01025,,,,,,,,no_data
544141,Pune E - Stock Broking Ltd,BSE,544141.BO,INE510U01018,216.4,2025-12-05,276.4,27.73,26015.0,5968793.0,152.0,ok
544139,Koura Fine Diamond Jewelry Ltd,BSE,544139.BO,INE0M8R01011,36.05,2025-12-05,37.4,3.74,2653.0,101080.0,153.0,ok
544151,Chatha Foods Ltd,BSE,544151.BO,INE0AH901011,84.0,2025-12-05,73.0,-13.1,21125.0,1665635.0,152.0,ok
544157,Vruddhi Engineering Works Ltd,BSE,544157.BO,INE0OMZ01013,215.0,2025-12-05,223.45,3.93,758.0,161629.0,153.0,ok
544156,Gconnect Logitech and Supply Chain Ltd,BSE,544156.BO,INE0QHY01011,18.33,2025-12-05,13.65,-25.53,4209.0,68464.0,155.0,ok
544163,Greenhitech Ventures Ltd,BSE,544163.BO,INE0S0701019,120.0,2025-12-05,61.05,-49.13,6019.0,575431.0,153.0,ok
544160,Jay Kailash Namkeen Ltd,BSE,544160.BO,INE0MSS01019,27.05,2025-12-05,43.58,61.11,30610.0,850104.0,152.0,ok
544164,Faalcon Concepts Ltd,BSE,544164.BO,INE0Q9W01015,41.5,2025-12-05,38.0,-8.43,3751.0,165124.0,153.0,ok
544166,Emmforce Autotech Ltd,BSE,544166.BO,INE0SDC01012,139.4,2025-12-05,112.45,-19.33,20036.0,2633885.0,152.0,ok
544169,Amkay Products Ltd,BSE,544169.BO,INE0QSB01016,,,,,,,,no_data
544171,Storage Technologies and Automation Ltd,BSE,544171.BO,INE0RGM01016,,,,,,,,no_data
544170,Dolphin Kitchen Utensils and Appliances Ltd,BSE,544170.BO,INE0QXT01018,,,,,,,,no_data
544123,LIC MF Nifty Midcap 100 ETF,BSE,544123.BO,INF767K01RN1,,,,,,,,no_data
544168,Varyaa Creations Ltd,BSE,544168.BO,INE0R6801013,38.0,2025-12-05,30.55,-19.61,2686.0,91039.0,153.0,ok
544082,New Swan Multitech Ltd,BSE,544082.BO,INE0GEN01012,,,,,,,,no_data
544074,Shri Balaji Valve Components Ltd,BSE,544074.BO,INE0RNZ01014,107.25,2025-12-05,103.0,-3.96,6047.0,557418.0,153.0,ok
544080,Sayaji Hotels (Indore) Ltd,BSE,544080.BO,INE0MGS01014,751.0,2025-12-05,1092.0,45.41,45.0,37962.0,153.0,ok
544073,Manoj Ceramic Ltd,BSE,544073.BO,INE0A6N01026,104.55,2025-12-05,70.33,-32.73,8337.0,743109.0,154.0,ok
544083,Shree Marutinandan Tubes Ltd,BSE,544083.BO,INE0QIS01011,87.4,2025-12-05,70.05,-19.85,1535.0,98047.0,153.0,ok
544092,Bajaj Finserv Nifty 50 ETF,BSE,544092.BO,INF0QA701722,,,,,,,,no_data
544091,Qualitek Labs Ltd,BSE,544091.BO,INE0Q1R01012,395.0,2025-12-05,410.0,3.8,6347.0,2391528.0,153.0,ok
544090,Sayaji Hotels (Pune) Ltd,BSE,544090.BO,INE07G501017,815.0,2025-12-05,814.55,-0.06,76.0,59528.0,153.0,ok
544093,Bajaj Finserv Nifty Bank ETF,BSE,544093.BO,INF0QA701714,,,,,,,,no_data
544165,Shivam Chemicals Ltd,BSE,544165.BO,INE0SGR01013,66.49,2025-12-05,99.1,49.04,18305.0,1630790.0,152.0,ok
544102,UTI NIFTY IT ETF,BSE,544102.BO,INF789F1AZD8,,,,,,,,no_data
544106,Mayank Cattle Food Ltd,BSE,544106.BO,INE0R5Z01015,,,,,,,,no_data
544094,Euphoria Infotech (India) Ltd,BSE,544094.BO,INE0PYT01018,45.34,2025-12-05,33.0,-27.22,2831.0,100753.0,153.0,ok
544105,Harshdeep Hortico Ltd,BSE,544105.BO,INE0OLZ01015,,,,,,,,no_data
544109,DSP Nifty Healthcare ETF,BSE,544109.BO,INF740KA1UF4,,,,,,,,no_data
544110,HDFC Nifty PSU Bank ETF,BSE,544110.BO,INF179KC1HW4,,,,,,,,no_data
544121,Rudra Gas Enterprise Ltd,BSE,544121.BO,INE0OYK01010,69.85,2025-12-05,80.46,15.19,7434.0,585767.0,152.0,ok
544216,ICICI Prudential Nifty Oil & Gas ETF,BSE,544216.BO,INF109KC18W3,,,,,,,,no_data
544218,Aditya Birla Sun Life Nifty PSE ETF,BSE,544218.BO,INF209KB19Z4,,,,,,,,no_data
544173,Finelistings Technologies Ltd,BSE,544173.BO,INE0QOQ01013,16.25,2025-12-05,22.42,37.97,3155.0,54134.0,154.0,ok
544112,Jasch Gauging Technologies Ltd,BSE,544112.BO,INE0QXV01014,575.0,2025-12-05,520.0,-9.57,2759.0,1496365.0,152.0,ok
544220,Clinitech Laboratory Ltd,BSE,544220.BO,INE0QMR01015,,,,,,,,no_data
544221,Kizi Apparels Ltd,BSE,544221.BO,INE0RMR01013,,,,,,,,no_data
544219,VVIP Infratech Ltd,BSE,544219.BO,INE0MNP01016,,,,,,,,no_data
544229,ICICI Prudential Nifty Metal ETF,BSE,544229.BO,INF109KC19W1,,,,,,,,no_data
544231,Broach Lifecare Hospital Ltd,BSE,544231.BO,INE0SFZ01018,,,,,,,,no_data
544101,Brisk Technovision Ltd,BSE,544101.BO,INE0Q6L01014,82.0,2025-12-05,79.0,-3.66,732.0,56705.0,155.0,ok
544237,Rapid Multimodal logistics Ltd,BSE,544237.BO,INE0QA901010,,,,,,,,no_data
544108,Gabriel Pet Straps Ltd,BSE,544108.BO,INE0QZF01012,,,,,,,,no_data
544213,Aelea Commodities Ltd,BSE,544213.BO,INE0T3401029,,,,,,,,no_data
544224,Afcom Holdings Ltd,BSE,544224.BO,INE0OXY01013,,,,,,,,no_data
544241,Mirae Asset Nifty500 Multicap 50:25:25 ETF,BSE,544241.BO,INF769K01LX9,,,,,,,,no_data
544245,Naturewings Holidays Ltd,BSE,544245.BO,INE0N4701016,,,,,,,,no_data
544214,Three M Paper Boards Ltd,BSE,544214.BO,INE0UK501010,,,,,,,,no_data
544242,Travels & Rentals Ltd,BSE,544242.BO,INE0SG001011,,,,,,,,no_data
544212,Mirae Asset Nifty EV and New Age Automotive ETF,BSE,544212.BO,INF769K01LQ3,,,,,,,,no_data
544175,TGIF Agribusiness Ltd,BSE,544175.BO,INE0SMU01015,86.0,2025-12-05,97.25,13.08,3276.0,291728.0,152.0,ok
544215,SBI NIFTY50 EQUAL WEIGHT ETF,BSE,544215.BO,INF200KB1282,,,,,,,,no_data
544180,Mirae Asset Nifty Midsmallcap400 Momentum Quality 100 ETF,BSE,544180.BO,INF769K01LJ8,,,,,,,,no_data
544191,Purple Finance Ltd,BSE,544191.BO,INE0CYK01015,42.6,2025-12-05,66.18,55.35,86450.0,4832781.0,152.0,ok
544178,Piotex Industries Ltd,BSE,544178.BO,INE0R4W01015,69.05,2025-12-05,40.0,-42.07,1784.0,103302.0,154.0,ok
544183,Associated Coaters Ltd,BSE,544183.BO,INE0RIQ01013,,,,,,,,no_data
544236,Resourceful Automobile Ltd,BSE,544236.BO,INE0SK201011,,,,,,,,no_data
544186,Forbes Precision Tools and Machine Parts Ltd,BSE,544186.BO,INE0TT901016,156.9,2025-12-05,159.75,1.82,17405.0,2578120.0,152.0,ok
544177,Aztec Fluids & Machinery Ltd,BSE,544177.BO,INE0SCB01016,98.0,2025-12-05,92.0,-6.12,9836.0,1078786.0,153.0,ok
544188,Magenta Lifecare Ltd,BSE,544188.BO,INE0QZ901011,13.2,2025-12-05,9.41,-28.71,3116.0,35115.0,154.0,ok
544185,Adtech Systems Ltd,BSE,544185.BO,INE257C01014,70.68,2025-12-05,59.5,-15.82,3582.0,236127.0,152.0,ok
544193,ZERODHA NIFTY MIDCAP 150 ETF,BSE,544193.BO,INF0R8F01059,,,,,,,,no_data
544190,3C IT Solutions and Telecoms (India) Ltd,BSE,544190.BO,INE0R7D01018,17.15,2025-12-05,16.55,-3.5,3844.0,72116.0,154.0,ok
544072,AIK Pipes and Polymers Ltd,BSE,544072.BO,INE0QFT01015,38.0,2025-12-05,24.16,-36.42,4903.0,151019.0,154.0,ok
544194,ZERODHA NIFTY 100 ETF,BSE,544194.BO,INF0R8F01067,,,,,,,,no_data
543947,DSP BSE Sensex ETF,BSE,543947.BO,INF740KA1SZ6,,,,,,,,no_data
544201,Dindigul Farm Product Ltd,BSE,544201.BO,INE0S6R01027,16.42,2025-12-05,20.48,24.73,31223.0,476629.0,152.0,ok
543944,Mirae Asset Nifty Bank ETF,BSE,543944.BO,INF769K01KR3,,,,,,,,no_data
543943,Asarfi Hospital Ltd,BSE,543943.BO,INE0DN001027,,,,,,,,no_data
544195,United Cotfab Ltd,BSE,544195.BO,INE0S0I01011,20.5,2025-12-05,17.5,-14.63,8888.0,167341.0,153.0,ok
543843,Command Polymers Ltd,BSE,543843.BO,INE0LKQ01012,29.83,2025-12-05,23.0,-22.9,335.0,9300.0,155.0,ok
544199,GEM Enviro Management Ltd,BSE,544199.BO,INE0RUJ01013,47.94,2025-12-05,40.0,-16.56,20057.0,969867.0,152.0,ok
543939,Kaka Industries Ltd,BSE,543939.BO,INE0P3N01018,229.0,2025-12-05,177.8,-22.36,12815.0,2504998.0,152.0,ok
544189,Sattrix Information Security Ltd,BSE,544189.BO,INE0QUV01010,258.0,2025-12-05,372.0,44.19,7108.0,2514920.0,152.0,ok
543938,Acceleratebs India Ltd,BSE,543938.BO,INE0POP01017,70.5,2025-12-05,126.35,79.22,2953.0,401622.0,153.0,ok
543948,DSP Nifty PSU Bank ETF,BSE,543948.BO,INF740KA1SY9,,,,,,,,no_data
543934,Machhar Industries Ltd,BSE,543934.BO,INE01BT01015,250.0,2025-12-05,349.6,39.84,51.0,15718.0,153.0,ok
544196,Baroda BNP Paribas Nifty Bank ETF,BSE,544196.BO,INF251K01TL6,,,,,,,,no_data
543949,DSP Nifty Private Bank ETF,BSE,543949.BO,INF740KA1TA7,,,,,,,,no_data
543956,ICICI Prudential Nifty 200 Quality 30 ETF,BSE,543956.BO,INF109KC18V5,,,,,,,,no_data
543937,Alphalogic Industries Ltd,BSE,543937.BO,INE0NZF01019,101.1,2025-12-05,163.0,61.23,3116.0,475378.0,154.0,ok
543953,Khazanchi Jewellers Ltd,BSE,543953.BO,INE0OWC01011,742.5,2025-12-05,618.0,-16.77,28184.0,20126749.0,152.0,ok
543970,Shoora Designs Ltd,BSE,543970.BO,INE0OJZ01019,34.45,2025-12-05,65.06,88.85,7764.0,394801.0,153.0,ok
543931,Veefin Solutions Ltd,BSE,543931.BO,INE0Q0M01015,348.85,2025-12-05,320.75,-8.06,51857.0,16669935.0,152.0,ok
543963,Shelter Pharma Ltd,BSE,543963.BO,INE013V01011,37.9,2025-12-05,31.99,-15.59,28144.0,1006775.0,152.0,ok
543941,Ahasolar Technologies Ltd,BSE,543941.BO,INE0NEV01011,85.61,2025-12-05,84.65,-1.12,2462.0,210308.0,154.0,ok
543853,AXIS S&P BSE SENSEX ETF,BSE,543853.BO,INF846K010Q0,,,,,,,,no_data
543848,Dev Labtech Venture Ltd,BSE,543848.BO,INE0NIJ01025,20.07,2025-12-05,28.75,43.25,34389.0,718773.0,154.0,ok
543860,J.A. Finance Ltd,BSE,543860.BO,INE825B01010,54.9,2025-12-05,87.56,59.49,1183.0,82904.0,152.0,ok
543874,Maiden Forgings Ltd,BSE,543874.BO,INE0O1T01010,88.45,2025-12-05,78.0,-11.81,17671.0,1500765.0,152.0,ok
543935,DSP Nifty IT ETF,BSE,543935.BO,INF740KA1SX1,,,,,,,,no_data
543897,Sancode Technologies Ltd,BSE,543897.BO,INE0P7001013,183.5,2025-12-05,253.85,38.34,3774.0,677482.0,153.0,ok
543905,Innokaiz India Ltd,BSE,543905.BO,INE0LDI01022,13.91,2025-12-05,17.11,23.01,3252.0,45695.0,152.0,ok
543914,Swati Projects Ltd,BSE,543914.BO,INE210F01016,31.17,2025-12-05,32.5,4.27,9862.0,325450.0,152.0,ok
543895,Exhicon Events Media Solutions Ltd,BSE,543895.BO,INE0O8901016,549.35,2025-12-05,425.05,-22.63,29261.0,14653122.0,152.0,ok
543921,Comrade Appliances Ltd,BSE,543921.BO,INE0NXA01015,68.95,2025-12-05,32.55,-52.79,5168.0,272200.0,154.0,ok
543920,CFF Fluid Control Ltd,BSE,543920.BO,INE0NJ001013,607.5,2025-12-05,700.0,15.23,29678.0,19215592.0,152.0,ok
543924,Sonalis Consumer Products Ltd,BSE,543924.BO,INE0N5O01013,69.1,2025-12-05,60.02,-13.14,19490.0,1290315.0,153.0,ok
543927,Asian Warehousing Ltd,BSE,543927.BO,INE04Z101016,37.81,2025-12-05,37.52,-0.77,1169.0,43134.0,153.0,ok
543928,Cosmic CRF Ltd,BSE,543928.BO,INE0ORA01015,1246.8,2025-12-05,1081.7,-13.24,17661.0,16051170.0,152.0,ok
543858,Mirae Asset Nifty 100 Low Volatility 30 ETF,BSE,543858.BO,INF769K01JU9,,,,,,,,no_data
543926,Bizotic Commercial Ltd,BSE,543926.BO,INE0OJ401014,1011.85,2025-12-05,746.0,-26.27,8152.0,6968305.0,152.0,ok
544036,Deepak Chemtex Ltd,BSE,544036.BO,INE0RDM01013,114.5,2025-12-05,86.76,-24.23,9505.0,991845.0,152.0,ok
544013,KK Shah Hospitals Ltd,BSE,544013.BO,INE0OH401016,38.3,2025-12-05,40.9,6.79,3774.0,150662.0,155.0,ok
543902,Retina Paints Ltd,BSE,543902.BO,INE0NTC01019,61.3,2025-12-05,46.0,-24.96,22300.0,1355104.0,153.0,ok
544023,Kalyani Cast-Tech Ltd,BSE,544023.BO,INE0N6U01018,474.05,2025-12-05,605.2,27.67,10000.0,5530917.0,152.0,ok
544015,Mish Designs Ltd,BSE,544015.BO,INE0QI101019,54.62,2025-12-05,35.0,-35.92,4130.0,203468.0,153.0,ok
544025,Arrowhead Seperation Engineering Ltd,BSE,544025.BO,INE0PP401015,81.35,2025-12-05,74.95,-7.87,428.0,31375.0,154.0,ok
543971,Bondada Engineering Ltd,BSE,543971.BO,INE0Q8P01029,363.45,2025-12-05,324.95,-10.59,223930.0,80013458.0,152.0,ok
544037,Amic Forging Ltd,BSE,544037.BO,INE0P9J01013,1572.2,2025-12-05,1690.45,7.52,41353.0,64433910.0,152.0,ok
544035,Swashthik Plascon Ltd,BSE,544035.BO,INE0RDR01012,30.51,2025-12-05,22.4,-26.58,29103.0,784990.0,153.0,ok
543916,Hemant Surgical Industries Ltd,BSE,543916.BO,INE0GYI01028,294.6,2025-12-05,386.6,31.23,26392.0,8533191.0,152.0,ok
544047,Siyaram Recycling Industries Ltd,BSE,544047.BO,INE0QSK01017,58.61,2025-12-05,36.2,-38.24,119782.0,5803126.0,152.0,ok
544059,Shanti Spintex Ltd,BSE,544059.BO,INE0QZQ01019,62.0,2025-12-05,47.0,-24.19,5802.0,335310.0,152.0,ok
544056,Sahara Maritime Ltd,BSE,544056.BO,INE0PSJ01011,39.45,2025-12-05,18.25,-53.74,2353.0,45640.0,155.0,ok
543975,UTI NIFTY MIDCAP 150 ETF,BSE,543975.BO,INF789F1AYX9,,,,,,,,no_data
543991,Techknowgreen Solutions Ltd,BSE,543991.BO,INE0P4P01011,114.55,2025-12-05,143.0,24.84,9036.0,1092411.0,152.0,ok
543979,Kahan Packaging Ltd,BSE,543979.BO,INE04T901017,57.25,2025-12-05,42.0,-26.64,578.0,26654.0,155.0,ok
543976,Shradha AI Technologies Ltd,BSE,543976.BO,INE489B01031,34.13,2025-12-05,28.39,-16.82,26429.0,825028.0,152.0,ok
543982,Quest Flow Controls Ltd,BSE,543982.BO,INE0OYE01013,204.5,2025-12-05,244.95,19.78,19432.0,3650192.0,152.0,ok
543993,ARCL Organics Ltd,BSE,543993.BO,INE372M01010,369.9,2025-12-05,175.2,-52.64,3957.0,1232318.0,152.0,ok
543997,Organic Recycling Systems Ltd,BSE,543997.BO,INE0MIO01019,249.1,2025-12-05,237.8,-4.54,21738.0,5320762.0,152.0,ok
543999,Mirae Asset S&P BSE Sensex ETF,BSE,543999.BO,INF769K01KT9,,,,,,,,no_data
544011,Vrundavan Plantation Ltd,BSE,544011.BO,INE0Q6901013,44.0,2025-12-05,32.11,-27.02,958.0,34754.0,154.0,ok
544002,Vivaa Tradecom Ltd,BSE,544002.BO,INE0PA601017,,,,,,,,no_data
544000,City Crops Agro Ltd,BSE,544000.BO,INE0M7501019,17.96,2025-12-05,20.98,16.82,6851.0,136770.0,155.0,ok
544006,Mirae Asset Nifty IT ETF,BSE,544006.BO,INF769K01KV5,,,,,,,,no_data
544052,Benchmark Computer Solutions Ltd,BSE,544052.BO,INE0Q2Z01013,30.0,2025-12-05,37.22,24.07,4623.0,126093.0,154.0,ok
544001,Sunita Tools Ltd,BSE,544001.BO,INE0Q1S01010,823.0,2025-12-05,748.0,-9.11,19260.0,16143832.0,152.0,ok
512063,Wardwizard Healthcare Ltd,BSE,512063.BO,INE048E01013,41.14,2025-12-05,45.34,10.21,3.0,173.0,155.0,ok
512109,Aviva Industries Ltd,BSE,512109.BO,INE461H01011,56.18,2025-12-05,62.09,10.52,268.0,15770.0,154.0,ok
512115,Rose Merc Ltd,BSE,512115.BO,INE649C01012,63.1,2025-12-05,68.99,9.33,6169.0,418915.0,152.0,ok
512064,Vishvprabha Ventures Ltd,BSE,512064.BO,INE762D01011,56.93,2025-12-05,38.8,-31.85,700.0,31638.0,152.0,ok
512097,Saianand Commercial Ltd,BSE,512097.BO,INE092G01024,0.32,2025-12-05,0.23,-28.12,552487.0,157620.0,152.0,ok
512344,Aravali Securities & Finance Ltd,BSE,512344.BO,INE068C01015,3.99,2025-12-05,4.35,9.02,2205.0,10257.0,152.0,ok
512036,Skybiotech Healthcare Ltd,BSE,512036.BO,INE393H01016,207.85,2025-12-05,152.25,-26.75,56.0,8246.0,155.0,ok
512060,Ventura Guaranty Ltd,BSE,512060.BO,INE139J01019,13.25,2025-12-05,13.25,0.0,0.0,0.0,155.0,ok
512157,Terraform Realstate Ltd,BSE,512157.BO,INE123V01018,,,,,,,,no_data
512018,Tomorrow Technologies Global Innovations Ltd,BSE,512018.BO,INE135H01029,9.25,2025-12-05,8.41,-9.08,64580.0,588267.0,152.0,ok
544007,Mirae Asset Nifty 200 Alpha 30 ETF,BSE,544007.BO,INF769K01KU7,,,,,,,,no_data
512245,Nivi Trading Ltd,BSE,512245.BO,INE552F01011,,,,,,,,no_data
512195,Bentley Commercial Enterprises Ltd,BSE,512195.BO,INE496M01017,4.05,2025-12-05,4.05,0.0,0.0,0.0,155.0,ok
512025,Asgard Alcobev Ltd,BSE,512025.BO,INE767M01029,54.08,2025-12-05,33.73,-37.63,244795.0,11647500.0,152.0,ok
512048,Dhansafal Finserve Ltd,BSE,512048.BO,INE195E01020,3.54,2025-12-05,2.52,-28.81,155954.0,478832.0,152.0,ok
512291,Speedage Commercials Ltd,BSE,512291.BO,INE497M01015,9.5,2025-12-05,9.5,0.0,0.0,0.0,155.0,ok
532829,Lehar Footwears Ltd,BSE,532829.BO,INE976H01018,235.2,2025-12-05,247.6,5.27,22916.0,5374481.0,152.0,ok
512303,Mansoon Trading Company Ltd,BSE,512303.BO,INE776V01013,,,,,,,,no_data
512277,Autoriders International Ltd,BSE,512277.BO,INE340U01010,932.9,2025-12-05,373.0,-60.02,1825.0,1188529.0,152.0,ok
512175,Vama Industries Ltd,BSE,512175.BO,INE685D01022,4.68,2025-12-05,4.16,-11.11,46888.0,200463.0,152.0,ok
512247,Ashirwad Capital Ltd,BSE,512247.BO,INE894A01026,3.04,2025-12-05,2.75,-9.54,75114.0,212266.0,152.0,ok
512014,Sobhagya Mercantile Ltd,BSE,512014.BO,INE754D01018,911.85,2025-12-05,888.1,-2.6,774.0,659379.0,152.0,ok
512257,Swasti Vinayaka Art And Heritage Corporation Ltd,BSE,512257.BO,INE895A01023,3.78,2025-12-05,3.9,3.17,56438.0,212710.0,152.0,ok
511601,Yash Management & Satellite Ltd,BSE,511601.BO,INE216B01012,9.21,2025-12-05,9.75,5.86,6247.0,55025.0,152.0,ok
511626,RR Financial Consultants Ltd,BSE,511626.BO,INE229D01011,176.4,2025-12-05,68.88,-60.95,8205.0,1249129.0,152.0,ok
512149,Avance Technologies Ltd,BSE,512149.BO,INE758A01072,1.13,2025-12-05,1.01,-10.62,13090731.0,17330598.0,152.0,ok
511593,Libord Finance Ltd,BSE,511593.BO,INE212B01011,19.98,2025-12-05,17.22,-13.81,2712.0,66177.0,152.0,ok
511692,Ajcon Global Services Ltd,BSE,511692.BO,INE759C01027,7.8,2025-12-05,6.19,-20.64,11963.0,81180.0,152.0,ok
511609,ISL Consulting Ltd,BSE,511609.BO,INE569B01022,27.1,2025-12-05,20.51,-24.32,2087.0,58135.0,152.0,ok
511636,DJS Stock & Shares Ltd,BSE,511636.BO,INE234E01027,2.63,2025-12-05,1.91,-27.38,44221.0,99627.0,152.0,ok
511654,Sugal & Damani Share Brokers Ltd,BSE,511654.BO,INE309D01011,72.0,2025-12-05,66.0,-8.33,1554.0,121468.0,152.0,ok
511658,Nettlinx Ltd,BSE,511658.BO,INE027D01019,19.94,2025-12-05,16.6,-16.75,12287.0,228753.0,152.0,ok
511664,BGIL Films & Technologies Ltd,BSE,511664.BO,INE443D01018,14.82,2025-12-05,7.06,-52.36,49638.0,503489.0,152.0,ok
511702,YOGI Ltd,BSE,511702.BO,INE290E01011,180.55,2025-12-05,175.0,-3.07,13813.0,2298363.0,152.0,ok
511696,Chartered Capital & Investment Ltd,BSE,511696.BO,INE953B01010,302.0,2025-12-05,259.7,-14.01,126.0,41607.0,153.0,ok
512004,Nilkanth Engineering Ltd,BSE,512004.BO,INE582V01015,,,,,,,,no_data
511712,Relic Technologies Ltd,BSE,511712.BO,INE452B01013,76.62,2025-12-05,74.5,-2.77,692.0,52114.0,154.0,ok
511738,Mehta Securities Ltd,BSE,511738.BO,INE241B01010,53.86,2025-12-05,27.47,-49.0,185.0,7862.0,154.0,ok
511716,Invigorated Business Consulting Ltd,BSE,511716.BO,INE359A01012,6.35,2025-12-05,5.77,-9.13,5336.0,33528.0,152.0,ok
512367,Sheraton Properties & Finance Ltd,BSE,512367.BO,INE495M01019,11.52,2025-12-05,11.52,0.0,0.0,0.0,155.0,ok
513059,GS Auto International Ltd,BSE,513059.BO,INE736H01024,33.34,2025-12-05,16.63,-50.12,15445.0,376699.0,152.0,ok
513117,Amforge Industries Ltd,BSE,513117.BO,INE991A01020,8.67,2025-12-05,8.15,-6.0,7060.0,55165.0,152.0,ok
513149,Acrow India Ltd,BSE,513149.BO,INE950D01012,699.0,2025-12-05,873.0,24.89,116.0,87821.0,152.0,ok
513063,Trans Freight Containers Ltd,BSE,513063.BO,INE360D01014,25.19,2025-12-05,22.24,-11.71,2907.0,68699.0,152.0,ok
511764,Aastamangalam Finance Ltd,BSE,511764.BO,INE819K01014,44.78,2025-12-05,32.14,-28.23,17775.0,661252.0,152.0,ok
513043,Remi Edelstahl Tubulars Ltd,BSE,513043.BO,INE158G01015,140.0,2025-12-05,184.55,31.82,3459.0,519928.0,152.0,ok
511700,Standard Capital Markets Ltd,BSE,511700.BO,INE625D01028,0.51,2025-12-05,0.39,-23.53,9966324.0,4849349.0,152.0,ok
511728,KZ Leasing & Finance Ltd,BSE,511728.BO,INE006C01015,25.49,2025-12-05,16.54,-35.11,610.0,11707.0,155.0,ok
513005,Chrome Silicon Ltd,BSE,513005.BO,INE114E01013,45.01,2025-12-05,44.38,-1.4,2685.0,119744.0,152.0,ok
512618,RLF Ltd,BSE,512618.BO,INE629C01014,8.88,2025-12-05,9.9,11.49,2673.0,26440.0,152.0,ok
512634,Savera Industries Ltd,BSE,512634.BO,INE104E01014,148.4,2025-12-05,152.0,2.43,4520.0,728070.0,152.0,ok
512379,Cressanda Railway Solutions Ltd,BSE,512379.BO,INE716D01033,3.41,2025-12-05,2.62,-23.17,528511.0,1573261.0,152.0,ok
511758,Mansi Finance (Chennai) Ltd,BSE,511758.BO,INE094E01017,74.74,2025-12-05,61.75,-17.38,1171.0,104781.0,152.0,ok
513295,Imec Services Ltd,BSE,513295.BO,INE611C01020,177.75,2025-12-05,159.2,-10.44,4493.0,1123852.0,152.0,ok
513303,Modern Steels Ltd,BSE,513303.BO,INE001F01019,16.09,2025-12-05,13.16,-18.21,4503.0,63391.0,152.0,ok
512624,Regent Enterprises Ltd,BSE,512624.BO,INE769D01016,6.46,2025-12-05,5.76,-10.84,50071.0,307210.0,152.0,ok
513252,Jay Ushin Ltd,BSE,513252.BO,INE289D01015,942.3,2025-12-05,880.95,-6.51,765.0,867057.0,152.0,ok
513397,Vallabh Steels Ltd,BSE,513397.BO,INE457E01016,9.39,2025-12-05,10.0,6.5,554.0,6422.0,154.0,ok
513307,Belding India Ltd,BSE,513307.BO,INE363L01045,1650.1,2025-12-05,1570.65,-4.81,1035.0,1702062.0,152.0,ok
512600,Astal Laboratories Ltd,BSE,512600.BO,INE307N01014,81.36,2025-12-05,71.46,-12.17,19011.0,1518293.0,152.0,ok
513173,Steel Strips Infrastructures Ltd,BSE,513173.BO,INE205F01016,22.47,2025-12-05,20.72,-7.79,2214.0,49492.0,152.0,ok
513418,Smiths & Founders (India) Ltd,BSE,513418.BO,INE728B01032,4.94,2025-12-05,4.92,-0.4,30136.0,159902.0,152.0,ok
512604,Haria Exports Ltd,BSE,512604.BO,INE772B01014,7.93,2025-12-05,5.6,-29.38,3450.0,25126.0,152.0,ok
513337,Gujarat Toolroom Ltd,BSE,513337.BO,INE145J01032,0.77,2025-12-05,0.55,-28.57,4246318.0,2943101.0,152.0,ok
513353,Cochin Minerals & Rutiles Ltd,BSE,513353.BO,INE105D01013,256.2,2025-12-05,253.05,-1.23,4893.0,1301015.0,152.0,ok
512477,Betex India Ltd,BSE,512477.BO,INE765L01017,342.75,2025-12-05,468.7,36.75,605.0,214867.0,152.0,ok
512415,Mercury Trade Links Ltd,BSE,512415.BO,INE319T01016,6.85,2025-12-05,6.14,-10.36,81080.0,599747.0,152.0,ok
512404,Bengal Steel Industries Ltd,BSE,512404.BO,INE523W01017,0.05,2025-12-05,0.05,0.0,0.0,0.0,155.0,ok
513369,Krishanveer Forge Ltd,BSE,513369.BO,INE013J01016,137.7,2025-12-05,147.95,7.44,4022.0,552380.0,152.0,ok
512433,Asutosh Enterprise Ltd,BSE,512433.BO,INE508W01018,,,,,,,,no_data
512425,Nirav Commercials Ltd,BSE,512425.BO,INE242B01018,721.0,2025-12-05,903.45,25.31,17.0,11868.0,155.0,ok
512399,Sera Investments & Finance India Ltd,BSE,512399.BO,INE017I01027,42.03,2025-12-05,41.2,-1.97,74757.0,3061714.0,152.0,ok
512441,Enbee Trade & Finance Ltd,BSE,512441.BO,INE993I01029,0.4,2025-12-05,0.44,10.0,4669469.0,1985277.0,152.0,ok
512437,Apollo Finvest India Ltd,BSE,512437.BO,INE412D01013,412.75,2025-12-05,323.95,-21.51,734.0,287880.0,152.0,ok
512461,Punctual Trading Ltd,BSE,512461.BO,INE07NX01019,,,,,,,,no_data
512493,Garnet International Ltd,BSE,512493.BO,INE590B01010,74.35,2025-12-05,58.03,-21.95,21387.0,1433685.0,152.0,ok
512453,Shri Jagdamba Polymers Ltd,BSE,512453.BO,INE564J01026,678.7,2025-12-05,568.95,-16.17,937.0,601360.0,152.0,ok
512595,Manbro Industries Ltd,BSE,512595.BO,INE348N01042,41.2,2025-12-05,69.2,67.96,32718.0,2532522.0,153.0,ok
511585,Befound Movement Ltd,BSE,511585.BO,INE425F01028,5.35,2025-12-05,4.0,-25.23,1271.0,5683.0,152.0,ok
509423,Sanathnagar Enterprises Ltd,BSE,509423.BO,INE367E01033,31.36,2025-12-05,36.7,17.03,1183.0,44243.0,153.0,ok
512527,Super Sales India Ltd,BSE,512527.BO,INE091C01017,734.3,2025-12-05,829.05,12.9,1044.0,713472.0,152.0,ok
511577,Mantra Capital Ltd,BSE,511577.BO,INE304E01010,15.83,2025-12-05,14.22,-10.17,9816.0,145446.0,152.0,ok
509196,MM Rubber Company Ltd,BSE,509196.BO,INE159E01026,81.2,2025-12-05,66.34,-18.3,2953.0,203036.0,152.0,ok
512499,Shalimar Productions Ltd,BSE,512499.BO,INE435E01020,0.49,2025-12-05,0.49,0.0,85739.0,42012.0,152.0,ok
509073,Hathway Bhawani Cabletel & Datacom Ltd,BSE,509073.BO,INE525B01016,14.73,2025-12-05,13.6,-7.67,3458.0,43601.0,152.0,ok
509162,Indag Rubber Ltd,BSE,509162.BO,INE802D01023,126.4,2025-12-05,85.04,-32.72,8290.0,868956.0,152.0,ok
511571,Crescentis Capital Ltd,BSE,511571.BO,INE754C01010,115.0,2025-12-05,113.05,-1.7,3293.0,393664.0,152.0,ok
509040,Netlink Solutions India Ltd,BSE,509040.BO,INE040F01033,150.0,2025-12-05,192.15,28.1,4575.0,825299.0,152.0,ok
509449,Bhagawati Oxygen Ltd,BSE,509449.BO,INE026I01010,43.99,2025-12-05,32.5,-26.12,564.0,22997.0,152.0,ok
512587,Zodiac-JRD-MKJ Ltd,BSE,512587.BO,INE077B01018,43.36,2025-12-05,34.44,-20.57,10231.0,396676.0,152.0,ok
512565,Neelkanth Ltd,BSE,512565.BO,INE581D01015,51.0,2025-12-05,43.37,-14.96,275.0,10906.0,154.0,ok
509053,Banas Finance Ltd,BSE,509053.BO,INE521L01030,8.6,2025-12-05,7.0,-18.6,39121.0,288353.0,152.0,ok
512443,Ganon Products Ltd,BSE,512443.BO,INE162L01017,16.29,2025-12-05,15.57,-4.42,71389.0,1121151.0,152.0,ok
509472,Cravatex Ltd,BSE,509472.BO,INE145E01017,380.0,2025-12-05,351.65,-7.46,479.0,172642.0,153.0,ok
509438,Benares Hotels Ltd,BSE,509438.BO,INE664D01019,9304.15,2025-12-05,10255.0,10.22,398.0,3852129.0,152.0,ok
512589,Sita Enterprises Ltd,BSE,512589.BO,INE579D01019,136.75,2025-12-05,145.6,6.47,1814.0,289536.0,152.0,ok
509051,Indian Infotech & Software Ltd,BSE,509051.BO,INE300B01022,0.72,2025-12-05,0.63,-12.5,3750603.0,2587073.0,152.0,ok
512591,Pulsar International Ltd,BSE,512591.BO,INE183U01022,2.13,2025-12-05,0.72,-66.2,7696686.0,8724538.0,152.0,ok
509486,Caprihans India Ltd,BSE,509486.BO,INE479A01018,88.76,2025-12-05,76.71,-13.58,5125.0,419278.0,152.0,ok
509525,Empire Industries Ltd,BSE,509525.BO,INE515H01014,933.65,2025-12-05,1031.5,10.48,1783.0,1687659.0,152.0,ok
509038,Voltaire Leasing & Finance Ltd,BSE,509038.BO,INE763D01019,12.26,2025-12-05,12.58,2.61,898.0,10748.0,152.0,ok
509024,Golden Legand Leasing & finance Ltd,BSE,509024.BO,INE088E01019,12.91,2025-12-05,9.43,-26.96,31299.0,351590.0,152.0,ok
508807,I S T Ltd,BSE,508807.BO,INE684B01029,796.1,2025-12-05,671.45,-15.66,1191.0,831599.0,152.0,ok
507948,Key Corporation Ltd,BSE,507948.BO,INE130F01016,66.18,2025-12-05,67.7,2.3,1738.0,139182.0,152.0,ok
509470,Bombay Oxygen Investments Ltd,BSE,509470.BO,INE01TL01014,22800.0,2025-12-05,20025.0,-12.17,16.0,351173.0,152.0,ok
509026,VJTF Eduservices Ltd,BSE,509026.BO,INE117F01013,94.4,2025-12-05,84.95,-10.01,3544.0,334469.0,152.0,ok
507962,Fynx Capital Ltd,BSE,507962.BO,INE455H01021,5.9,2025-12-05,4.85,-17.84,27269.0,156188.0,153.0,ok
507987,Jupiter Industries & Leasing Ltd,BSE,507987.BO,INE990E01016,3.62,2025-12-05,3.99,10.22,1.0,7.0,155.0,ok
509597,Hardcastle & Waud Manufacturing Company Ltd,BSE,509597.BO,INE722D01015,665.35,2025-12-05,758.2,13.96,179.0,144140.0,152.0,ok
509563,Garware Marine Industries Ltd,BSE,509563.BO,INE925D01014,28.04,2025-12-05,22.15,-21.01,17113.0,467920.0,152.0,ok
507966,Ras Resorts & Apart Hotels Ltd,BSE,507966.BO,INE651D01016,41.0,2025-12-05,52.03,26.9,1490.0,71942.0,152.0,ok
507970,Paramount Cosmetics India Ltd,BSE,507970.BO,INE143I01013,37.0,2025-12-05,34.06,-7.95,528.0,19292.0,152.0,ok
507960,Gujarat Hotels Ltd,BSE,507960.BO,INE621C01011,213.45,2025-12-05,186.45,-12.65,1743.0,372268.0,152.0,ok
508956,HB Leasing & Finance Company Ltd,BSE,508956.BO,INE549B01016,13.88,2025-12-05,9.96,-28.24,11940.0,132421.0,152.0,ok
508664,Best Eastern Hotels Ltd,BSE,508664.BO,INE553F01035,11.4,2025-12-05,11.39,-0.09,5012.0,59195.0,152.0,ok
507946,Kiduja India Ltd,BSE,507946.BO,INE845A01028,19.5,2025-12-05,14.58,-25.23,5366.0,96013.0,152.0,ok
508905,Nexome Capital Markets Ltd,BSE,508905.BO,INE641A01013,100.5,2025-12-05,125.0,24.38,5934.0,560031.0,152.0,ok
508980,Frontier Capital Ltd,BSE,508980.BO,INE977E01013,7.4,2025-12-05,6.9,-6.76,24871.0,176521.0,152.0,ok
508875,Nitin Castings Ltd,BSE,508875.BO,INE861H01020,496.95,2025-12-05,525.6,5.77,347.0,183729.0,152.0,ok
508941,Panasonic Carbon India Company Ltd,BSE,508941.BO,INE013E01017,491.75,2025-12-05,472.3,-3.96,2328.0,1125188.0,152.0,ok
511463,Alexander Stamps And Coin Ltd,BSE,511463.BO,INE191N01012,10.58,2025-12-05,8.85,-16.35,10437.0,104213.0,152.0,ok
509015,Thakral Services India Ltd,BSE,509015.BO,INE190F01028,15.75,2025-12-05,16.85,6.98,3635.0,55974.0,152.0,ok
511246,Bombay Talkies Ltd,BSE,511246.BO,INE910D01024,5.07,2025-12-05,3.9,-23.08,629.0,3276.0,152.0,ok
508918,Ironwood Education Ltd,BSE,508918.BO,INE791H01011,43.76,2025-12-05,42.73,-2.35,13801.0,655510.0,152.0,ok
507981,Jindal Hotels Ltd,BSE,507981.BO,INE726D01016,78.0,2025-12-05,61.4,-21.28,1340.0,90872.0,152.0,ok
508494,Warren Tea Ltd,BSE,508494.BO,INE712A01012,44.59,2025-12-05,43.29,-2.92,5237.0,225917.0,152.0,ok
511260,Iconik Sports And Events Ltd,BSE,511260.BO,INE088P01015,63.12,2025-12-05,44.99,-28.72,25436.0,1293892.0,152.0,ok
511355,India Cements Capital Ltd,BSE,511355.BO,INE429D01017,15.29,2025-12-05,16.31,6.67,8343.0,112953.0,152.0,ok
508571,Cochin Malabar Estates & Industries Ltd,BSE,508571.BO,INE788M01017,150.95,2025-12-05,140.25,-7.09,220.0,31253.0,152.0,ok
508969,Sulabh Engineers & Services Ltd,BSE,508969.BO,INE673M01029,2.21,2025-12-05,3.04,37.56,39895.0,107758.0,152.0,ok
511377,Mehta Integrated Finance Ltd,BSE,511377.BO,INE240B01012,29.92,2025-12-05,30.85,3.11,100.0,2987.0,155.0,ok
511391,Inter Globe Finance Ltd,BSE,511391.BO,INE661M01016,92.0,2025-12-05,68.37,-25.68,2891.0,260617.0,152.0,ok
511359,Ad-Manum Finance Ltd,BSE,511359.BO,INE556D01017,60.79,2025-12-05,60.61,-0.3,3393.0,199906.0,152.0,ok
511401,Munoth Communication Ltd,BSE,511401.BO,INE410E01015,8.12,2025-12-05,5.9,-27.34,3107.0,21386.0,153.0,ok
511493,Shrydus Industries Ltd,BSE,511493.BO,INE488C01015,4.12,2025-12-05,3.46,-16.02,47249.0,174068.0,152.0,ok
511451,Dharani Finance Ltd,BSE,511451.BO,INE899D01011,9.85,2025-12-05,9.97,1.22,1036.0,11316.0,152.0,ok
511523,Veerhealth Care Ltd,BSE,511523.BO,INE882C01035,19.72,2025-12-05,24.5,24.24,79122.0,1590792.0,152.0,ok
511507,Ushakiran Finance Ltd,BSE,511507.BO,INE697C01011,43.7,2025-12-05,44.95,2.86,302.0,14328.0,153.0,ok
511533,Sahara Housingfina Corporation Ltd,BSE,511533.BO,INE135C01012,43.3,2025-12-05,41.78,-3.51,3172.0,139487.0,152.0,ok
511509,Vivo Bio Tech Ltd,BSE,511509.BO,INE380K01017,28.21,2025-12-05,24.62,-12.73,25410.0,745451.0,152.0,ok
511525,Pan India Corporation Ltd,BSE,511525.BO,INE376A01032,2.05,2025-12-05,1.9,-7.32,94446.0,189713.0,152.0,ok
511539,Supra Trends Ltd,BSE,511539.BO,INE533B01028,14.75,2025-12-05,14.99,1.63,4899.0,69204.0,152.0,ok
511535,NDA Securities Ltd,BSE,511535.BO,INE026C01013,30.0,2025-12-05,35.46,18.2,8333.0,327156.0,152.0,ok
511543,GSB Finance Ltd,BSE,511543.BO,INE777C01011,36.17,2025-12-05,34.0,-6.0,3064.0,107204.0,152.0,ok
511441,Gujarat Credit Corporation Ltd,BSE,511441.BO,INE034B01019,32.2,2025-12-05,24.9,-22.67,412.0,11141.0,155.0,ok
511549,Morarka Finance Ltd,BSE,511549.BO,INE367A01015,87.0,2025-12-05,55.93,-35.71,2635.0,167541.0,152.0,ok
509762,Mapro Industries Ltd,BSE,509762.BO,INE848M01019,50.27,2025-12-05,42.08,-16.29,10496.0,586973.0,152.0,ok
509870,Shah Construction Company Ltd,BSE,509870.BO,INE02C301011,60.74,2025-12-05,60.74,0.0,0.0,0.0,155.0,ok
509835,Premier Synthetics Ltd,BSE,509835.BO,INE940N01012,21.5,2025-12-05,16.9,-21.4,3533.0,71459.0,152.0,ok
511000,Madhusudan Securities Ltd,BSE,511000.BO,INE856D01011,26.0,2025-12-05,18.07,-30.5,7757.0,173084.0,152.0,ok
509960,UP Hotels Ltd,BSE,509960.BO,INE726E01014,1540.0,2025-12-05,1420.0,-7.79,77.0,115314.0,153.0,ok
511411,Shristi Infrastructure Development Corporation Ltd,BSE,511411.BO,INE472C01027,29.6,2025-12-05,32.81,10.84,1027.0,32426.0,152.0,ok
511016,Premier Capital Services Ltd,BSE,511016.BO,INE946K01023,8.74,2025-12-05,4.9,-43.94,1145.0,7191.0,152.0,ok
509845,RJ Shah & Company Ltd,BSE,509845.BO,INE712Z01019,584.2,2025-12-05,455.0,-22.12,9.0,4980.0,155.0,ok
509910,Southern Gas Ltd,BSE,509910.BO,INE532U01012,25.0,2025-12-05,25.0,0.0,0.0,0.0,155.0,ok
511501,Bharat Bhushan Finance & Commodity Brokers Ltd,BSE,511501.BO,INE900A01013,29.08,2025-12-05,24.51,-15.72,7920.0,222219.0,152.0,ok
511018,Milgrey Finance & Investments Ltd,BSE,511018.BO,INE679T01013,64.2,2025-12-05,48.2,-24.92,250996.0,14571236.0,152.0,ok
510245,Swasti Vinayaka Synthetics Ltd,BSE,510245.BO,INE804A01025,4.64,2025-12-05,3.86,-16.81,41907.0,169632.0,152.0,ok
509895,Hindoostan Mills Ltd,BSE,509895.BO,INE832D01020,180.65,2025-12-05,168.75,-6.59,261.0,42938.0,152.0,ok
511122,First Custodian Fund India Ltd,BSE,511122.BO,INE609B01018,86.74,2025-12-05,75.54,-12.91,365.0,30064.0,152.0,ok
511176,Parshwanath Corporation Ltd,BSE,511176.BO,INE635I01018,90.3,2025-12-05,89.3,-1.11,441.0,45587.0,152.0,ok
511066,Sakthi Finance Ltd,BSE,511066.BO,INE302E01014,36.03,2025-12-05,27.27,-24.31,9000.0,246172.0,152.0,ok
509760,Modern Shares & Stockbrokers Ltd,BSE,509760.BO,INE370A01019,42.24,2025-12-05,31.25,-26.02,1022.0,37207.0,152.0,ok
511185,Rajvi Logitrade Ltd,BSE,511185.BO,INE381N01019,12.44,2025-12-05,17.47,40.43,3.0,49.0,154.0,ok
511131,Kamanwala Housing Construction Ltd,BSE,511131.BO,INE344D01018,17.47,2025-12-05,17.0,-2.69,8322.0,142753.0,152.0,ok
511147,WSFx Global Pay Ltd,BSE,511147.BO,INE549D01012,61.25,2025-12-05,61.42,0.28,5563.0,374689.0,152.0,ok
511187,Millennium Online Solutions ( India ) Ltd,BSE,511187.BO,INE570N01025,1.77,2025-12-05,1.57,-11.3,12305.0,24428.0,152.0,ok
513456,Kanishk Steel Industries Ltd,BSE,513456.BO,INE791E01018,51.18,2025-12-05,54.95,7.37,21413.0,1199537.0,152.0,ok
511092,JMD Ventures Ltd,BSE,511092.BO,INE047E01031,4.59,2025-12-05,5.73,24.84,20512.0,110132.0,152.0,ok
511110,V B Desai Financial Services Ltd,BSE,511110.BO,INE848D01018,23.4,2025-12-05,17.94,-23.33,3291.0,63697.0,152.0,ok
519457,Virat Crane Industries Ltd,BSE,519457.BO,INE295C01014,39.22,2025-12-05,35.45,-9.61,3728.0,135533.0,152.0,ok
519500,BKV Industries Ltd,BSE,519500.BO,INE356C01022,10.0,2025-12-05,9.63,-3.7,3948.0,37467.0,152.0,ok
519477,CIAN Agro Industries & Infrastructure Ltd,BSE,519477.BO,INE052V01019,1119.45,2025-12-05,1492.55,33.33,79443.0,106047072.0,152.0,ok
522122,Voith Paper Fabrics India Ltd,BSE,522122.BO,INE285C01015,1788.0,2025-12-05,1573.35,-12.01,518.0,852130.0,152.0,ok
519471,Ambar Protein Industries Ltd,BSE,519471.BO,INE072V01017,280.0,2025-12-05,185.0,-33.93,1130.0,257831.0,152.0,ok
511153,Anjani Foods Ltd,BSE,511153.BO,INE096I01021,22.85,2025-12-05,16.71,-26.87,4097.0,81038.0,153.0,ok
519413,Datiware Maritime Infra Ltd,BSE,519413.BO,INE673U01014,20.56,2025-12-05,26.2,27.43,47.0,1064.0,155.0,ok
519415,KMG Milk Food Ltd,BSE,519415.BO,INE873N01015,48.0,2025-12-05,48.36,0.75,1.0,90.0,155.0,ok
513422,Bloom Industries Ltd,BSE,513422.BO,INE373E01015,34.01,2025-12-05,36.0,5.85,613.0,22512.0,154.0,ok
519506,NCC Bluewater Products Ltd,BSE,519506.BO,INE630N01019,23.02,2025-12-05,21.9,-4.87,1214.0,34753.0,154.0,ok
519475,Chordia Food Products Ltd,BSE,519475.BO,INE975C01011,74.55,2025-12-05,71.39,-4.24,252.0,18037.0,152.0,ok
519532,Asian Tea & Exports Ltd,BSE,519532.BO,INE822B01017,10.77,2025-12-05,9.98,-7.34,16218.0,165892.0,152.0,ok
519612,Lake Shore Realty Ltd,BSE,519612.BO,INE734D01010,85.72,2025-12-05,62.0,-27.67,7440.0,485917.0,152.0,ok
519367,Transglobe Foods Ltd,BSE,519367.BO,INE213P01027,394.0,2025-12-05,456.0,15.74,180.0,73304.0,152.0,ok
520075,Samkrg Pistons & Rings Ltd,BSE,520075.BO,INE706B01012,126.7,2025-12-05,117.65,-7.14,3025.0,378606.0,152.0,ok
519331,VSF Projects Ltd,BSE,519331.BO,INE923K01014,41.16,2025-12-05,32.7,-20.55,4513.0,174505.0,152.0,ok
519604,Suryo Foods & Industries Ltd,BSE,519604.BO,INE565E01016,27.0,2025-12-05,19.24,-28.74,2789.0,65325.0,152.0,ok
519574,Hindustan Agrigenetics Ltd,BSE,519574.BO,INE092301014,56.13,2025-12-05,48.12,-14.27,4929.0,225290.0,152.0,ok
519566,Simran Farms Ltd,BSE,519566.BO,INE354D01017,172.9,2025-12-05,160.3,-7.29,4633.0,769594.0,152.0,ok
519359,Poona Dal & Oil Industries Ltd,BSE,519359.BO,INE809E01018,69.28,2025-12-05,63.7,-8.05,1111.0,75535.0,152.0,ok
519287,Modern Dairies Ltd,BSE,519287.BO,INE617B01011,38.53,2025-12-05,34.96,-9.27,19982.0,766757.0,152.0,ok
519295,Bambino Agro Industries Ltd,BSE,519295.BO,INE921D01013,248.1,2025-12-05,207.85,-16.22,1312.0,295715.0,152.0,ok
519421,KSE Ltd,BSE,519421.BO,INE953E01022,230.45,2025-12-05,190.4,-17.38,23885.0,5534324.0,152.0,ok
519479,Omega Ag-Seeds Punjab Ltd,BSE,519479.BO,INE112B01013,10.96,2025-12-05,9.51,-13.23,1857.0,19149.0,152.0,ok
519262,Prima Agro Ltd,BSE,519262.BO,INE297D01018,20.25,2025-12-05,16.45,-18.77,1051.0,19449.0,152.0,ok
518011,Keerthi Industries Ltd,BSE,518011.BO,INE145L01012,69.9,2025-12-05,45.78,-34.51,1268.0,73236.0,152.0,ok
518053,Sri Chakra Cement Ltd,BSE,518053.BO,INE827D01020,64.46,2025-12-05,51.69,-19.81,4131.0,267927.0,152.0,ok
519097,Ritesh International Ltd,BSE,519097.BO,INE534D01014,65.01,2025-12-05,53.3,-18.01,9340.0,590610.0,152.0,ok
519214,Williamson Financial Services Ltd,BSE,519214.BO,INE188E01017,10.6,2025-12-05,7.18,-32.26,967.0,6484.0,153.0,ok
519234,Superior Industrial Enterprises Ltd,BSE,519234.BO,INE843L01012,45.94,2025-12-05,32.1,-30.13,3386.0,135728.0,152.0,ok
519216,Ajanta Soya Ltd,BSE,519216.BO,INE601B01023,28.92,2025-12-05,21.97,-24.03,56467.0,1451925.0,152.0,ok
519230,Kisaan Parivar Industries Ltd,BSE,519230.BO,INE102C01020,23.7,2025-12-05,17.49,-26.2,6080.0,123020.0,152.0,ok
519152,Vadilal Enterprises Ltd,BSE,519152.BO,INE693D01018,10100.0,2025-12-05,9990.0,-1.09,164.0,1635710.0,152.0,ok
519238,Saptarishi Agro Industries Ltd,BSE,519238.BO,INE233P01017,39.0,2025-12-05,34.15,-12.44,2034.0,82635.0,152.0,ok
520081,Eastcoast Steel Ltd,BSE,520081.BO,INE315F01013,23.47,2025-12-05,17.05,-27.35,109.0,2381.0,155.0,ok
519014,Prashant India Ltd,BSE,519014.BO,INE100E01012,16.6,2025-12-05,21.0,26.51,554.0,10864.0,153.0,ok
521238,Bharat Global Developers Ltd,BSE,521238.BO,INE893C01032,143.2,2025-12-05,105.55,-26.29,21747.0,3197113.0,152.0,ok
517494,Accel Ltd,BSE,517494.BO,INE258C01038,15.18,2025-12-05,13.28,-12.52,16816.0,225953.0,152.0,ok
513472,Simplex Castings Ltd,BSE,513472.BO,INE658D01011,548.65,2025-12-05,506.95,-7.6,25707.0,12666853.0,152.0,ok
521240,Sambandam Spinning Mills Ltd,BSE,521240.BO,INE304D01012,101.9,2025-12-05,111.35,9.27,618.0,63586.0,152.0,ok
521226,Uniroyal Industries Ltd,BSE,521226.BO,INE980D01019,21.01,2025-12-05,22.82,8.61,2503.0,51879.0,152.0,ok
521232,Sunil Industries Ltd,BSE,521232.BO,INE124M01015,81.0,2025-12-05,76.0,-6.17,213.0,17539.0,154.0,ok
521228,Tatia Global Vennture Ltd,BSE,521228.BO,INE083G01031,2.37,2025-12-05,2.38,0.42,90661.0,231198.0,152.0,ok
521234,Sri Nachammai Cotton Mills Ltd,BSE,521234.BO,INE443E01016,28.02,2025-12-05,31.76,13.35,722.0,22844.0,152.0,ok
521210,Cityman Ltd,BSE,521210.BO,INE117C01010,14.0,2025-12-05,15.0,7.14,505.0,6721.0,152.0,ok
521206,Samtex Fashions Ltd,BSE,521206.BO,INE931D01020,2.0,2025-12-05,1.4,-30.0,46092.0,77376.0,152.0,ok
521244,MKP Mobility Ltd,BSE,521244.BO,INE676G01024,141.95,2025-12-05,120.35,-15.22,97.0,11560.0,154.0,ok
521216,Dhanalaxmi Roto Spinners Ltd,BSE,521216.BO,INE220C01012,90.12,2025-12-05,77.54,-13.96,2307.0,201156.0,152.0,ok
522001,Cranex Ltd,BSE,522001.BO,INE608B01010,66.55,2025-12-05,73.36,10.23,4911.0,377897.0,152.0,ok
521151,Dhanlaxmi Fabrics Ltd,BSE,521151.BO,INE953D01016,55.25,2025-12-05,48.41,-12.38,518.0,29194.0,154.0,ok
522036,Miven Machine Tools Ltd,BSE,522036.BO,INE338P01014,88.0,2025-12-05,96.5,9.66,463.0,37789.0,154.0,ok
520121,Arcee Industries Ltd,BSE,520121.BO,INE276D01012,5.45,2025-12-05,11.68,114.31,6237.0,76935.0,152.0,ok
521149,Prime Urban Development India Ltd,BSE,521149.BO,INE419E01024,9.98,2025-12-05,8.29,-16.93,4747.0,46766.0,152.0,ok
522017,Fluidomat Ltd,BSE,522017.BO,INE459C01016,721.1,2025-12-05,832.6,15.46,4624.0,3241155.0,152.0,ok
520131,Coastal Roadways Ltd,BSE,520131.BO,INE229E01019,32.5,2025-12-05,30.0,-7.69,269.0,7822.0,155.0,ok
520127,Balurghat Technologies Ltd,BSE,520127.BO,INE654B01014,15.29,2025-12-05,13.55,-11.38,4841.0,69634.0,152.0,ok
520141,Sibar Auto Parts Ltd,BSE,520141.BO,INE441C01014,8.85,2025-12-05,7.38,-16.61,6422.0,53012.0,152.0,ok
521003,Shiva Suitings Ltd,BSE,521003.BO,INE02Z901011,20.83,2025-12-05,52.07,149.98,69.0,2048.0,155.0,ok
520155,Starlog Enterprises Ltd,BSE,520155.BO,INE580C01019,39.04,2025-12-05,38.19,-2.18,3681.0,155824.0,152.0,ok
521141,Aditya Spinners Ltd,BSE,521141.BO,INE122D01026,18.94,2025-12-05,14.89,-21.38,2086.0,36791.0,152.0,ok
521048,Advance Lifestyles Ltd,BSE,521048.BO,INE900E01015,24.8,2025-12-05,31.99,28.99,1485.0,37066.0,153.0,ok
521005,Titan Intech Ltd,BSE,521005.BO,INE807M01031,1.93,2025-12-05,0.94,-51.3,6779283.0,8877069.0,152.0,ok
521161,Sri Lakshmi Saraswathi Textiles Arni Ltd,BSE,521161.BO,INE456D01010,32.21,2025-12-05,23.04,-28.47,215.0,6531.0,154.0,ok
522005,Austin Engineering Company Ltd,BSE,522005.BO,INE759F01012,141.95,2025-12-05,133.85,-5.71,2637.0,326286.0,152.0,ok
521080,Pasari Spinning Mills Ltd,BSE,521080.BO,INE604F01010,7.35,2025-12-05,7.3,-0.68,4375.0,32207.0,152.0,ok
521068,Hisar Spinning Mills Ltd,BSE,521068.BO,INE689E01014,50.12,2025-12-05,48.82,-2.59,205.0,11280.0,153.0,ok
520123,ABC India Ltd,BSE,520123.BO,INE125D01011,70.2,2025-12-05,64.9,-7.55,1763.0,121877.0,152.0,ok
521133,Gem Spinners India Ltd,BSE,521133.BO,INE165F01020,5.52,2025-12-05,6.14,11.23,124.0,680.0,154.0,ok
521131,Shree Bhavya Fabrics Ltd,BSE,521131.BO,INE363D01018,25.24,2025-12-05,23.2,-8.08,2089.0,52872.0,152.0,ok
521105,Olympia Industries Ltd,BSE,521105.BO,INE482O01021,34.99,2025-12-05,31.32,-10.49,1682.0,53788.0,152.0,ok
521113,Suditi Industries Ltd,BSE,521113.BO,INE691D01012,59.56,2025-12-05,91.01,52.8,70588.0,5219994.0,152.0,ok
514272,Bhilwara Spinners Ltd,BSE,514272.BO,INE436C01014,113.8,2025-12-05,119.05,4.61,3913.0,437504.0,152.0,ok
521097,Amarjothi Spinning Mills Ltd,BSE,521097.BO,INE484D01012,144.05,2025-12-05,164.05,13.88,2448.0,353459.0,152.0,ok
521054,Kakatiya Textiles Ltd,BSE,521054.BO,INE092E01011,16.0,2025-12-05,9.67,-39.56,1324.0,19986.0,154.0,ok
514248,Sreechem Resins Ltd,BSE,514248.BO,INE377C01010,30.86,2025-12-05,34.1,10.5,1096.0,37634.0,155.0,ok
514264,Seasons Textiles Ltd,BSE,514264.BO,INE707B01010,19.45,2025-12-05,18.43,-5.24,1866.0,35879.0,152.0,ok
514240,Kush Industries Ltd,BSE,514240.BO,INE979D01011,7.87,2025-12-05,7.11,-9.66,9942.0,70189.0,152.0,ok
521062,Perfect-Octave Media Projects Ltd,BSE,521062.BO,INE814L01013,4.32,2025-12-05,3.93,-9.03,14005.0,65739.0,152.0,ok
517477,Elnet Technologies Ltd,BSE,517477.BO,INE033C01019,334.95,2025-12-05,338.9,1.18,1252.0,424734.0,152.0,ok
514266,Zenith Fibres Ltd,BSE,514266.BO,INE106C01013,63.01,2025-12-05,51.01,-19.04,1671.0,90574.0,152.0,ok
514171,Ceeta Industries Ltd,BSE,514171.BO,INE760J01012,34.85,2025-12-05,43.98,26.2,1347.0,56535.0,152.0,ok
514165,Indian Acrylics Ltd,BSE,514165.BO,INE862B01013,6.75,2025-12-05,5.83,-13.63,47662.0,276268.0,152.0,ok
514302,Vippy Spinpro Ltd,BSE,514302.BO,INE660D01017,162.0,2025-12-05,172.9,6.73,793.0,128533.0,152.0,ok
514316,Raghuvir Synthetics Ltd,BSE,514316.BO,INE969C01022,109.35,2025-12-05,101.0,-7.64,4775.0,507223.0,152.0,ok
514318,Jattashankar Industries Ltd,BSE,514318.BO,INE722N01014,353.0,2025-12-05,405.0,14.73,435.0,154215.0,154.0,ok
514280,Sanrhea Technical Textiles Ltd,BSE,514280.BO,INE589J01015,119.1,2025-12-05,131.95,10.79,1257.0,170899.0,152.0,ok
514326,Patspin India Ltd,BSE,514326.BO,INE790C01014,8.57,2025-12-05,6.87,-19.84,5618.0,43079.0,152.0,ok
514332,Neo Infracon Ltd,BSE,514332.BO,INE216I01017,34.89,2025-12-05,40.0,14.65,1720.0,66707.0,152.0,ok
514428,Hindustan Adhesives Ltd,BSE,514428.BO,INE074C01013,325.4,2025-12-05,314.9,-3.23,1174.0,359449.0,152.0,ok
514360,K&R Rail Engineering Ltd,BSE,514360.BO,INE078T01026,32.45,2025-12-05,27.7,-14.64,91188.0,3122535.0,152.0,ok
513502,Baroda Extrusion Ltd,BSE,513502.BO,INE927K01023,7.24,2025-12-05,9.23,27.49,273341.0,2747796.0,152.0,ok
514378,Yarn Syndicate Ltd,BSE,514378.BO,INE564C01013,13.42,2025-12-05,15.72,17.14,4067.0,57129.0,152.0,ok
514358,Everlon Financials Ltd,BSE,514358.BO,INE339D01034,103.55,2025-12-05,100.05,-3.38,575.0,58512.0,152.0,ok
514238,Mkventures Capital Ltd,BSE,514238.BO,INE874A01010,1124.25,2025-12-05,954.9,-15.06,1538.0,1610376.0,152.0,ok
514400,Garware Synthetics Ltd,BSE,514400.BO,INE340D01016,19.24,2025-12-05,19.54,1.56,1145.0,25097.0,153.0,ok
514312,Jaihind Industries Ltd,BSE,514312.BO,INE156E01014,46.73,2025-12-05,38.75,-17.08,7034.0,311904.0,152.0,ok
513488,Shree Steel Wire Ropes Ltd,BSE,513488.BO,INE387D01025,24.65,2025-12-05,21.51,-12.74,1830.0,41102.0,152.0,ok
517437,Dutron Polymers Ltd,BSE,517437.BO,INE940C01015,114.1,2025-12-05,110.2,-3.42,162.0,17451.0,153.0,ok
514330,One Global Service Provider Ltd,BSE,514330.BO,INE670O01013,518.65,2025-12-05,467.55,-9.85,41698.0,22046420.0,152.0,ok
513507,Gujarat Containers Ltd,BSE,513507.BO,INE276I01011,171.45,2025-12-05,167.0,-2.6,347.0,57551.0,153.0,ok
513498,Southern Magnesium & Chemicals Ltd,BSE,513498.BO,INE308N01012,94.3,2025-12-05,82.98,-12.0,1993.0,184607.0,152.0,ok
513544,Mardia Samyoung Capillary Tubes Company Ltd,BSE,513544.BO,INE277E01026,118.65,2025-12-05,62.14,-47.63,1043.0,102476.0,153.0,ok
513642,Axel Polymers Ltd,BSE,513642.BO,INE197C01012,48.66,2025-12-05,44.02,-9.54,5032.0,249336.0,152.0,ok
513511,Panchmahal Steel Ltd,BSE,513511.BO,INE798F01010,307.8,2025-12-05,300.1,-2.5,1545.0,484465.0,152.0,ok
513548,Sharda Ispat Ltd,BSE,513548.BO,INE385M01012,189.35,2025-12-05,190.2,0.45,697.0,120832.0,152.0,ok
513513,Aditya Ispat Ltd,BSE,513513.BO,INE570B01012,9.67,2025-12-05,10.19,5.38,4911.0,50946.0,152.0,ok
513566,Nova Iron & Steel Ltd,BSE,513566.BO,INE608C01026,13.36,2025-12-05,11.94,-10.63,4587.0,60491.0,152.0,ok
513540,Tamilnadu Steel Tubes Ltd,BSE,513540.BO,INE176E01012,39.83,2025-12-05,23.07,-42.08,470.0,14010.0,154.0,ok
514028,Rajkamal Synthetics Ltd,BSE,514028.BO,INE376L01013,41.19,2025-12-05,34.18,-17.02,2372.0,95989.0,152.0,ok
514087,PBM Polytex Ltd,BSE,514087.BO,INE501F01018,57.11,2025-12-05,54.15,-5.18,1608.0,88451.0,152.0,ok
514010,Rudra Ecovation Ltd,BSE,514010.BO,INE723D01021,27.68,2025-12-05,18.6,-32.8,164021.0,3605419.0,152.0,ok
513713,White Organic Agro Ltd,BSE,513713.BO,INE146C01019,4.21,2025-12-05,3.8,-9.74,27585.0,114090.0,152.0,ok
513709,Shilp Gravures Ltd,BSE,513709.BO,INE960A01017,226.6,2025-12-05,150.3,-33.67,3044.0,554775.0,152.0,ok
513699,Solid Stone Company Ltd,BSE,513699.BO,INE584G01012,31.3,2025-12-05,25.94,-17.12,1284.0,38472.0,152.0,ok
514440,Blue Pearl Agriventures Ltd,BSE,514440.BO,INE439N01031,93.29,2025-12-05,15.95,-82.9,62212.0,3024543.0,152.0,ok
517201,Switching Technologies Gunther Ltd,BSE,517201.BO,INE311D01017,57.54,2025-12-05,79.72,38.55,12227.0,716858.0,152.0,ok
514030,Deepak Spinners Ltd,BSE,514030.BO,INE272C01013,128.0,2025-12-05,113.85,-11.05,4128.0,484075.0,152.0,ok
514448,Jyoti Resins & Adhesives Ltd,BSE,514448.BO,INE577D01013,1154.6,2025-12-05,920.25,-20.3,16577.0,15579536.0,152.0,ok
517166,SPEL Semiconductor Ltd,BSE,517166.BO,INE252A01019,174.25,2025-12-05,156.75,-10.04,64749.0,10284827.0,152.0,ok
517236,Calcom Vision Ltd,BSE,517236.BO,INE216C01010,104.9,2025-12-05,75.6,-27.93,8961.0,929640.0,152.0,ok
514060,Newtrac Foods & Beverages Ltd,BSE,514060.BO,INE229N01010,6.15,2025-12-05,4.69,-23.74,25253.0,146949.0,152.0,ok
517258,Precision Electronics Ltd,BSE,517258.BO,INE143C01024,175.15,2025-12-05,148.9,-14.99,1588.0,278102.0,152.0,ok
517238,Dynavision Ltd,BSE,517238.BO,INE083E01010,193.5,2025-12-05,193.55,0.03,1012.0,198045.0,152.0,ok
517356,ACI Infocom Ltd,BSE,517356.BO,INE167B01025,1.5,2025-12-05,1.21,-19.33,370780.0,489917.0,152.0,ok
517288,Gujarat Poly Electronics Ltd,BSE,517288.BO,INE541F01022,71.6,2025-12-05,58.27,-18.62,3378.0,217645.0,152.0,ok
517336,Modern Malleables Ltd,BSE,517336.BO,INE834C01028,4.22,2025-12-05,84.11,1893.13,1263.0,76266.0,153.0,ok
514442,Sri KPR Industries Ltd,BSE,514442.BO,INE009C01019,24.4,2025-12-05,20.49,-16.02,7064.0,162329.0,152.0,ok
517264,Fine Line Circuits Ltd,BSE,517264.BO,INE087E01011,74.25,2025-12-05,64.58,-13.02,1473.0,113893.0,152.0,ok
517397,Pan Electronics India Ltd,BSE,517397.BO,INE648E01010,52.58,2025-12-05,27.33,-48.02,1999.0,68119.0,152.0,ok
517431,Narmada Macplast Drip Irrigation Systems Ltd,BSE,517431.BO,INE060D01028,23.42,2025-12-05,20.27,-13.45,199994.0,4565083.0,152.0,ok
517360,SBEC Systems India Ltd,BSE,517360.BO,INE689V01018,22.7,2025-12-05,18.25,-19.6,983.0,19809.0,152.0,ok
517415,Lee & Nee Softwares Exports Ltd,BSE,517415.BO,INE791B01014,9.38,2025-12-05,7.4,-21.11,17112.0,147270.0,152.0,ok
514454,Southern Latex Ltd,BSE,514454.BO,INE410M01018,56.87,2025-12-05,28.5,-49.89,4043.0,133555.0,152.0,ok
517372,Gujarat Intrux Ltd,BSE,517372.BO,INE877E01015,445.6,2025-12-05,426.15,-4.36,2688.0,1178031.0,152.0,ok
515043,Saint Gobain Sekurit India Ltd,BSE,515043.BO,INE068B01017,107.85,2025-12-05,117.7,9.13,36601.0,3831859.0,152.0,ok
514470,Winsome Textile Industries Ltd,BSE,514470.BO,INE837B01031,80.35,2025-12-05,93.99,16.98,22001.0,1691144.0,152.0,ok
515085,Restile Ceramics Ltd,BSE,515085.BO,INE298E01022,6.77,2025-12-05,7.5,10.78,15672.0,116337.0,152.0,ok
515059,Madhusudan Industries Ltd,BSE,515059.BO,INE469C01023,33.47,2025-12-05,38.85,16.07,1086.0,37122.0,152.0,ok
517077,Ind Agiv Commerce Ltd,BSE,517077.BO,INE115E01010,83.34,2025-12-05,49.5,-40.6,34.0,1805.0,154.0,ok
517119,PCS Technology Ltd,BSE,517119.BO,INE834B01012,24.31,2025-12-05,21.22,-12.71,5401.0,121905.0,152.0,ok
516096,Sangal Papers Ltd,BSE,516096.BO,INE384D01022,185.0,2025-12-05,156.75,-15.27,215.0,37425.0,154.0,ok
516032,Tahmar Enterprises Ltd,BSE,516032.BO,INE385D01029,11.14,2025-12-05,6.18,-44.52,42004.0,418148.0,152.0,ok
516003,Duroply Industries Ltd,BSE,516003.BO,INE932D01010,167.35,2025-12-05,127.4,-23.87,4390.0,653713.0,152.0,ok
517370,Incap Ltd,BSE,517370.BO,INE437C01012,86.81,2025-12-05,88.0,1.37,1641.0,146658.0,152.0,ok
516020,Agio Paper & Industries Ltd,BSE,516020.BO,INE112C01011,6.23,2025-12-05,3.71,-40.45,1078.0,5064.0,152.0,ok
516078,Jumbo Bag Ltd,BSE,516078.BO,INE699D01015,78.32,2025-12-05,58.96,-24.72,6885.0,520045.0,152.0,ok
516098,Ventura Textiles Ltd,BSE,516098.BO,INE810C01044,9.24,2025-12-05,8.6,-6.93,6879.0,63989.0,152.0,ok
516106,Shree Karthik Papers Ltd,BSE,516106.BO,INE538D01015,8.09,2025-12-05,6.78,-16.19,8766.0,65893.0,152.0,ok
517063,Jetking Infotrain Ltd,BSE,517063.BO,INE919C01019,148.3,2025-12-05,108.25,-27.01,6604.0,1008885.0,152.0,ok
516108,South India Paper Mills Ltd,BSE,516108.BO,INE088G01014,85.8,2025-12-05,95.97,11.85,17621.0,1537429.0,152.0,ok
507938,Manipal Finance Corporation Ltd,BSE,507938.BO,INE798E01013,9.97,2025-12-05,22.89,129.59,92.0,1606.0,155.0,ok
507917,East Buildtech Ltd,BSE,507917.BO,INE706N01017,49.23,2025-12-05,52.47,6.58,204.0,11705.0,152.0,ok
500370,Salora International Ltd,BSE,500370.BO,INE924A01013,37.7,2025-12-05,30.39,-19.39,3246.0,108184.0,152.0,ok
517035,RIR Power Electronics Ltd,BSE,517035.BO,INE302D01024,211.85,2025-12-05,174.0,-17.87,244527.0,51549687.0,152.0,ok
500421,TPI India Ltd,BSE,500421.BO,INE578C01021,16.1,2025-12-05,19.35,20.19,57325.0,1086720.0,152.0,ok
500422,Transchem Ltd,BSE,500422.BO,INE019B01010,122.11,2025-12-05,235.25,92.65,10565.0,1541915.0,152.0,ok
500346,Punjab Communications Ltd,BSE,500346.BO,INE609A01010,63.35,2025-12-05,51.37,-18.91,4020.0,239652.0,152.0,ok
500388,Shree Krishna Paper Mills & Industries Ltd,BSE,500388.BO,INE970C01012,96.0,2025-12-05,142.2,48.12,1372.0,148400.0,152.0,ok
516110,Family Care Hospitals Ltd,BSE,516110.BO,INE146N01016,3.79,2025-12-05,3.03,-20.05,70636.0,246190.0,152.0,ok
500285,Spicejet Ltd,BSE,500285.BO,INE285B01017,31.11,2025-12-05,12.31,-60.43,15958511.0,310256161.0,152.0,ok
500360,Rapicut Carbides Ltd,BSE,500360.BO,INE350D01015,113.33,2025-12-05,167.3,47.62,10001.0,1381504.0,152.0,ok
500319,Indian Sucrose Ltd,BSE,500319.BO,INE557C01017,80.66,2025-12-05,74.49,-7.65,5036.0,385199.0,152.0,ok
500449,Hindustan Organic Chemicals Ltd,BSE,500449.BO,INE048A01011,30.55,2025-12-05,41.26,35.06,72500.0,2398620.0,152.0,ok
500458,Team24 Consumer Products Ltd,BSE,500458.BO,INE601A01017,31.15,2025-12-05,29.84,-4.21,8571.0,256032.0,152.0,ok
507912,Gyftr Ltd,BSE,507912.BO,INE724A01017,887.95,2025-12-05,181.75,-79.53,31207.0,12784346.0,153.0,ok
500142,FGP Ltd,BSE,500142.BO,INE512A01016,10.0,2025-12-05,12.0,20.0,6300.0,63473.0,152.0,ok
500028,ATV Projects India Ltd,BSE,500028.BO,INE447A01015,37.09,2025-12-05,29.69,-19.95,33198.0,1187908.0,152.0,ok
500426,UTL Industries Ltd,BSE,500426.BO,INE184E01024,2.93,2025-12-05,1.76,-39.93,109543.0,240324.0,152.0,ok
500016,Aruna Hotels Ltd,BSE,500016.BO,INE957C01019,8.87,2025-12-05,8.14,-8.23,11213.0,91179.0,152.0,ok
500014,Utique Enterprises Ltd,BSE,500014.BO,INE096A01010,4.91,2025-12-05,4.0,-18.53,17426.0,82234.0,152.0,ok
500277,Mid India Industries Ltd,BSE,500277.BO,INE401C01018,8.2,2025-12-05,6.45,-21.34,2511.0,17673.0,152.0,ok
501370,Walchand Peoplefirst Ltd,BSE,501370.BO,INE695D01021,139.35,2025-12-05,137.0,-1.69,987.0,120450.0,152.0,ok
501314,Prismx Global Ventures Ltd,BSE,501314.BO,INE286N01028,0.65,2025-12-05,0.64,-1.54,282445.0,183167.0,152.0,ok
501391,WH Brady & Company Ltd,BSE,501391.BO,INE855A01019,613.0,2025-12-05,527.75,-13.91,397.0,232027.0,152.0,ok
500220,Jasch Industries Ltd,BSE,500220.BO,INE711C01028,161.35,2025-12-05,221.0,36.97,5317.0,1036756.0,152.0,ok
500069,Quest Capital Markets Ltd,BSE,500069.BO,INE418C01012,308.2,2025-12-05,262.25,-14.91,1301.0,360236.0,152.0,ok
500192,Prag Bosimi Synthetics Ltd,BSE,500192.BO,INE962B01011,2.03,2025-12-05,1.81,-10.84,10880.0,20610.0,152.0,ok
500240,Kinetic Engineering Ltd,BSE,500240.BO,INE266B01017,299.9,2025-12-05,225.75,-24.72,17088.0,4792895.0,152.0,ok
500202,India Lease Development Ltd,BSE,500202.BO,INE333C01013,8.5,2025-12-05,8.4,-1.18,1126.0,9942.0,152.0,ok
500270,Baroda Rayon Corporation Ltd,BSE,500270.BO,INE461A01024,118.0,2025-12-05,126.0,6.78,1048.0,124313.0,152.0,ok
500239,KG Denim Ltd,BSE,500239.BO,INE104A01012,17.87,2025-12-05,15.89,-11.08,7212.0,116929.0,152.0,ok
500170,GTN Industries Ltd,BSE,500170.BO,INE537A01013,21.62,2025-12-05,24.75,14.48,3915.0,91667.0,152.0,ok
500298,Naperol Investments Ltd,BSE,500298.BO,INE585A01020,806.55,2025-12-05,592.0,-26.6,2138.0,1428780.0,152.0,ok
500012,Andhra Petrochemicals Ltd,BSE,500012.BO,INE714B01016,49.33,2025-12-05,42.58,-13.68,61554.0,2668701.0,152.0,ok
501477,Muller & Phipps India Ltd,BSE,501477.BO,INE003F01015,260.0,2025-12-05,212.0,-18.46,47.0,10854.0,154.0,ok
500058,Bihar Sponge Iron Ltd,BSE,500058.BO,INE819C01011,11.6,2025-12-05,13.86,19.48,52395.0,698359.0,152.0,ok
506365,Star Source Multi Trade Ltd,BSE,506365.BO,INE320M01019,111.4,2025-12-05,120.0,7.72,394.0,46253.0,154.0,ok
500166,Goodricke Group Ltd,BSE,500166.BO,INE300A01016,168.6,2025-12-05,174.5,3.5,5593.0,930282.0,152.0,ok
501430,Bombay Cycle & Motor Agency Ltd,BSE,501430.BO,INE691K01017,1700.0,2025-12-05,1600.0,-5.88,53.0,92849.0,152.0,ok
500213,International Travel House Ltd,BSE,500213.BO,INE262B01016,388.5,2025-12-05,307.6,-20.82,3409.0,1216154.0,152.0,ok
506543,MP Agro Industries Ltd,BSE,506543.BO,INE468C01017,10.45,2025-12-05,10.05,-3.83,574.0,6061.0,152.0,ok
506579,AG Ventures Ltd,BSE,506579.BO,INE321D01016,,,,,,,,no_data
506166,Apis India Ltd,BSE,506166.BO,INE070K01014,46.11,2025-12-05,63.15,36.96,43297.0,3394753.0,152.0,ok
506162,Terraform Magnum Ltd,BSE,506162.BO,INE122V01010,,,,,,,,no_data
506186,Galaxy Supermarket Ltd,BSE,506186.BO,INE403B01016,17.93,2025-12-05,20.41,13.83,45636.0,775800.0,152.0,ok
505650,Skyline Millars Ltd,BSE,505650.BO,INE178E01026,25.51,2025-12-05,16.1,-36.89,12885.0,289190.0,152.0,ok
500206,Margo Finance Ltd,BSE,500206.BO,INE680B01019,77.99,2025-12-05,67.2,-13.84,1054.0,73195.0,152.0,ok
506597,Amal Ltd,BSE,506597.BO,INE841D01013,654.85,2025-12-05,543.2,-17.05,10820.0,6872147.0,152.0,ok
506520,Jayshree Chemicals Ltd,BSE,506520.BO,INE693E01016,6.26,2025-12-05,6.8,8.63,20237.0,132470.0,152.0,ok
506605,Polychem Ltd,BSE,506605.BO,INE752B01024,2107.0,2025-12-05,2009.8,-4.61,50.0,105965.0,153.0,ok
506134,Gourmet Gateway India Ltd,BSE,506134.BO,INE512D01028,14.66,2025-12-05,11.94,-18.55,61319.0,718848.0,152.0,ok
506530,Kemp & Company Ltd,BSE,506530.BO,INE060E01018,1214.9,2025-12-05,1006.85,-17.12,16.0,15715.0,155.0,ok
506528,KELTECH Energies Ltd,BSE,506528.BO,INE881E01017,3811.65,2025-12-05,5060.95,32.78,979.0,4000551.0,152.0,ok
505690,Brady & Morris Engineering Company Ltd,BSE,505690.BO,INE856A01017,,,,,,,,no_data
506120,Alna Trading & Exports Ltd,BSE,506120.BO,INE07I701011,28.95,2025-12-05,28.95,0.0,0.0,0.0,155.0,ok
505693,La Tim Metal & Industries Ltd,BSE,505693.BO,INE501N01020,11.25,2025-12-05,9.01,-19.91,150104.0,1616257.0,152.0,ok
506128,Parnax Lab Ltd,BSE,506128.BO,INE383L01019,112.2,2025-12-05,120.8,7.66,5611.0,739495.0,152.0,ok
505720,Hercules Investments Ltd,BSE,505720.BO,INE688E01024,,,,,,,,no_data
505750,Josts Engineering Company Ltd,BSE,505750.BO,INE636D01041,300.75,2025-12-05,236.55,-21.35,12887.0,3384523.0,152.0,ok
505840,Jaipan Industries Ltd,BSE,505840.BO,INE058D01030,28.99,2025-12-05,25.32,-12.66,12179.0,404361.0,152.0,ok
505827,SNL Bearings Ltd,BSE,505827.BO,INE568F01017,384.5,2025-12-05,366.05,-4.8,1804.0,672043.0,152.0,ok
505712,Him Teknoforge Ltd,BSE,505712.BO,INE705G01021,229.6,2025-12-05,209.95,-8.56,12257.0,2758202.0,152.0,ok
506003,Sudal Industries Ltd,BSE,506003.BO,INE618D01015,72.46,2025-12-05,47.27,-34.76,2520.0,160593.0,152.0,ok
505807,Rolcon Engineering Company Ltd,BSE,505807.BO,INE775R01013,586.05,2025-12-05,629.25,7.37,19.0,12923.0,153.0,ok
505737,International Combustion India Ltd,BSE,505737.BO,INE403C01014,601.15,2025-12-05,496.55,-17.4,2333.0,1214763.0,152.0,ok
505893,Hindustan Hardy Ltd,BSE,505893.BO,INE724D01011,895.55,2025-12-05,848.0,-5.31,782.0,702267.0,152.0,ok
507609,Olympic Oil Industries Ltd,BSE,507609.BO,INE286E01019,25.2,2025-12-05,21.7,-13.89,118.0,3537.0,154.0,ok
505978,Triton Valves Ltd,BSE,505978.BO,INE440G01017,720.0,2025-12-05,1028.6,42.86,3697.0,3113902.0,153.0,ok
507663,Signature Green Corporation Ltd,BSE,507663.BO,INE131O01024,3.42,2025-12-05,4.13,20.76,0.0,1.0,155.0,ok
507753,TGV Sraac Ltd,BSE,507753.BO,INE284B01028,114.85,2025-12-05,110.75,-3.57,149681.0,15581408.0,152.0,ok
506105,Stanrose Mafatlal Investments & Finance Ltd,BSE,506105.BO,INE441L01015,71.97,2025-12-05,68.4,-4.96,1031.0,66669.0,152.0,ok
507621,Milkfood Ltd,BSE,507621.BO,INE588G01021,62.71,2025-12-05,69.37,10.62,5828.0,354459.0,152.0,ok
507530,Thakkers Group Ltd,BSE,507530.BO,INE04VT01017,21.03,2025-12-05,26.81,27.48,0.0,1.0,155.0,ok
507833,Computer Point Ltd,BSE,507833.BO,INE607B01012,4.51,2025-12-05,3.97,-11.97,9953.0,42309.0,152.0,ok
507690,Orient Beverages Ltd,BSE,507690.BO,INE247F01018,178.75,2025-12-05,206.4,15.47,2397.0,546713.0,152.0,ok
507813,National Oxygen Ltd,BSE,507813.BO,INE296D01010,99.5,2025-12-05,72.99,-26.64,2866.0,229587.0,152.0,ok
507828,Ansal Housing Ltd,BSE,507828.BO,INE880B01015,9.5,2025-12-05,7.14,-24.84,64348.0,537928.0,152.0,ok
507872,Ashnoor Textile Mills Ltd,BSE,507872.BO,INE372I01018,44.95,2025-12-05,38.03,-15.39,2543.0,110008.0,152.0,ok
507645,Polson Ltd,BSE,507645.BO,INE339F01021,11900.0,2025-12-05,11500.0,-3.36,14.0,166934.0,152.0,ok
506975,Rajasthan Petro Synthetics Ltd,BSE,506975.BO,INE374C01017,9.82,2025-12-05,7.71,-21.49,1087.0,13782.0,154.0,ok
507852,Addi Industries Ltd,BSE,507852.BO,INE757C01021,110.25,2025-12-05,97.27,-11.77,1639.0,175027.0,152.0,ok
507817,Wires & Fabriks SA Ltd,BSE,507817.BO,INE469D01013,174.0,2025-12-05,153.85,-11.58,118.0,18717.0,154.0,ok
507759,Lime Chemicals Ltd,BSE,507759.BO,INE891G01011,12.8,2025-12-05,14.43,12.73,4424.0,65148.0,153.0,ok
507808,United Leasing & Industries Ltd,BSE,507808.BO,INE357P01014,33.07,2025-12-05,36.0,8.86,53.0,2302.0,154.0,ok
505685,Taparia Tools Ltd,BSE,505685.BO,INE614R01014,11.02,2025-12-05,27.69,151.27,75.0,1844.0,155.0,ok
507543,Coromandel Agro Products & Oils Ltd,BSE,507543.BO,INE495D01018,2.58,2025-12-05,2.58,0.0,0.0,0.0,155.0,ok
507598,Kovilpatti Lakshmi Roller Flour Mills Ltd,BSE,507598.BO,INE014E01015,103.95,2025-12-05,104.8,0.82,2339.0,245871.0,152.0,ok
506858,Gujarat Petrosynthese Ltd,BSE,506858.BO,INE636P01011,60.5,2025-12-05,57.0,-5.79,1029.0,61745.0,152.0,ok
506919,Makers Laboratories Ltd,BSE,506919.BO,INE987A01010,121.45,2025-12-05,162.3,33.64,5969.0,896198.0,152.0,ok
506935,Continental Chemicals Ltd,BSE,506935.BO,INE423K01015,74.95,2025-12-05,69.44,-7.35,79.0,5358.0,153.0,ok
506945,Indo Gulf Industries Ltd,BSE,506945.BO,INE684U01011,2.15,2025-12-05,2.59,20.47,6.0,16.0,155.0,ok
506808,Tuticorin Alkali Chemicals And Fertilizers Ltd,BSE,506808.BO,INE400A01014,50.95,2025-12-05,54.0,5.99,16783.0,908441.0,152.0,ok
506734,Mysore Petro Chemicals Ltd,BSE,506734.BO,INE741A01011,101.55,2025-12-05,103.79,2.21,1267.0,122602.0,152.0,ok
507180,Kesar Enterprises Ltd,BSE,507180.BO,INE133B01027,7.85,2025-12-05,6.02,-23.31,36017.0,230596.0,152.0,ok
507265,Emerald Leisures Ltd,BSE,507265.BO,INE044N01021,215.0,2025-12-05,180.0,-16.28,1002.0,202105.0,152.0,ok
506981,Bluechip Tex Industries Ltd,BSE,506981.BO,INE472D01017,130.0,2025-12-05,120.35,-7.42,369.0,47117.0,152.0,ok
507515,CJ Gelatine Products Ltd,BSE,507515.BO,INE557D01015,16.01,2025-12-05,19.42,21.3,998.0,16846.0,153.0,ok
507498,Piccadily Sugar & Allied Industries Ltd,BSE,507498.BO,INE544C01023,,,,,,,,no_data
507155,Jagatjit Industries Ltd,BSE,507155.BO,INE574A01016,165.55,2025-12-05,133.85,-19.15,16958.0,2446251.0,152.0,ok
507474,Kothari Fermentation & Biochem Ltd,BSE,507474.BO,INE991B01010,43.8,2025-12-05,41.75,-4.68,7822.0,322631.0,152.0,ok
507300,The Ravalgaon Sugar Farm Ltd,BSE,507300.BO,INE615A01025,979.9,2025-12-05,988.1,0.84,72.0,68974.0,152.0,ok
507486,Caprolactam Chemicals Ltd,BSE,507486.BO,INE470N01010,60.08,2025-12-05,49.04,-18.38,708.0,39648.0,152.0,ok
503675,Wagend Infra Venture Ltd,BSE,503675.BO,INE786K01023,1.08,2025-12-05,1.14,5.56,32605.0,36028.0,152.0,ok
506854,TANFAC Industries Ltd,BSE,506854.BO,INE639B01023,1997.05,2025-12-05,2062.5,3.28,13856.0,29204742.0,153.0,ok
503657,Veer Energy & Infrastructure Ltd,BSE,503657.BO,INE255E01030,14.41,2025-12-05,12.91,-10.41,13835.0,184876.0,152.0,ok
505585,Kovalam Investment & Trading Company Ltd,BSE,505585.BO,INE735U01011,,,,,,,,no_data
503624,Svaraj Trading & Agencies Ltd,BSE,503624.BO,INE406N01014,7.89,2025-12-05,8.39,6.34,19118.0,162197.0,152.0,ok
503229,Simplex Realty Ltd,BSE,503229.BO,INE167H01014,166.8,2025-12-05,135.0,-19.06,106.0,15957.0,154.0,ok
501479,Springform Technology Ltd,BSE,501479.BO,INE02ZA01012,,,,,,,,no_data
503626,Manglam Global Corporations Ltd,BSE,503626.BO,INE733N01011,10.5,2025-12-05,14.03,33.62,0.0,3.0,154.0,ok
503772,Modella Woollens Ltd,BSE,503772.BO,INE380D01012,65.26,2025-12-05,57.0,-12.66,73.0,4869.0,154.0,ok
503127,Raja Bahadur International Ltd,BSE,503127.BO,INE491N01016,4488.0,2025-12-05,4765.05,6.17,12.0,56292.0,154.0,ok
503816,Swadeshi Polytex Ltd,BSE,503816.BO,INE243N01029,51.07,2025-12-05,34.14,-33.15,7598.0,326598.0,152.0,ok
503804,Shri Dinesh Mills Ltd,BSE,503804.BO,INE204C01024,249.7,2025-12-05,300.0,20.14,2560.0,703740.0,152.0,ok
503837,Shree Rajasthan Syntex Ltd,BSE,503837.BO,INE796C01011,12.7,2025-12-05,15.05,18.5,1724.0,23212.0,152.0,ok
503863,Shree Manufacturing Company Ltd,BSE,503863.BO,INE632A01012,19.63,2025-12-05,15.38,-21.65,38.0,687.0,155.0,ok
504076,Jyoti Ltd,BSE,504076.BO,INE511D01012,91.89,2025-12-05,64.15,-30.19,41082.0,3183295.0,152.0,ok
504028,GEE Ltd,BSE,504028.BO,INE064H01021,81.0,2025-12-05,78.78,-2.74,17610.0,1368501.0,152.0,ok
501833,Chowgule Steamships Ltd,BSE,501833.BO,INE490A01015,21.86,2025-12-05,23.0,5.22,7685.0,170541.0,152.0,ok
504080,JSL Industries Ltd,BSE,504080.BO,INE581L01018,1124.0,2025-12-05,979.95,-12.82,46.0,49020.0,153.0,ok
504092,Indokem Ltd,BSE,504092.BO,INE716F01012,836.65,2025-12-05,562.75,-32.74,10148.0,7111592.0,152.0,ok
503092,Pasupati Spinning & Weaving Mills Ltd,BSE,503092.BO,INE909B01020,34.67,2025-12-05,28.11,-18.92,461.0,14801.0,152.0,ok
501848,Garware Offshore Services Ltd,BSE,501848.BO,INE446C01013,62.55,2025-12-05,40.65,-35.01,27694.0,1414345.0,152.0,ok
503349,Victoria Mills Ltd,BSE,503349.BO,INE203D01016,6120.85,2025-12-05,5690.0,-7.04,32.0,195322.0,152.0,ok
501700,IndiaNivesh Ltd,BSE,501700.BO,INE131H01028,7.3,2025-12-05,7.5,2.74,24593.0,206068.0,152.0,ok
504084,Kaycee Industries Ltd,BSE,504084.BO,INE813G01023,972.05,2025-12-05,825.4,-15.09,1305.0,1178173.0,152.0,ok
502015,ASI Industries Ltd,BSE,502015.BO,INE443A01030,28.93,2025-12-05,24.0,-17.04,20664.0,561256.0,152.0,ok
502294,Nilachal Refractories Ltd,BSE,502294.BO,INE416N01013,43.85,2025-12-05,42.67,-2.69,2092.0,88072.0,152.0,ok
502958,Lakshmi Mills Company Ltd,BSE,502958.BO,INE938C01019,8155.0,2025-12-05,7484.3,-8.22,113.0,869709.0,152.0,ok
502589,Vapi Enterprise Ltd,BSE,502589.BO,INE464D01014,121.0,2025-12-05,101.0,-16.53,54.0,5657.0,153.0,ok
502850,Gaekwar Mills Ltd,BSE,502850.BO,INE837X01027,14.32,2025-12-05,15.03,4.96,3.0,44.0,155.0,ok
502445,Citadel Realty and Developers Ltd,BSE,502445.BO,INE906D01014,53.03,2025-12-05,40.99,-22.7,3116.0,139218.0,152.0,ok
502893,United Interactive Ltd,BSE,502893.BO,INE706D01018,75.64,2025-12-05,70.83,-6.36,212.0,16131.0,152.0,ok
502901,Jamshri Realty Ltd,BSE,502901.BO,INE462D01034,100.06,2025-12-05,78.09,-21.96,3467.0,324048.0,152.0,ok
502587,Nath Industries Ltd,BSE,502587.BO,INE777A01023,63.4,2025-12-05,49.81,-21.44,4909.0,268311.0,152.0,ok
502873,HP Cotton Textile Mills Ltd,BSE,502873.BO,INE950C01014,108.2,2025-12-05,103.9,-3.97,864.0,93949.0,152.0,ok
502281,Triveni Glass Ltd,BSE,502281.BO,INE094C01011,9.59,2025-12-05,6.8,-29.09,10939.0,93824.0,152.0,ok
502865,Forbes & Company Ltd,BSE,502865.BO,INE518A01013,341.35,2025-12-05,316.15,-7.38,2816.0,1006405.0,152.0,ok
505212,Jainex Aamcol Ltd,BSE,505212.BO,INE280F01019,157.25,2025-12-05,120.0,-23.69,1627.0,243005.0,152.0,ok
504132,Permanent Magnets Ltd,BSE,504132.BO,INE418E01018,867.0,2025-12-05,871.75,0.55,4277.0,3565817.0,152.0,ok
502933,Katare Spinning Mills Ltd,BSE,502933.BO,INE498G01015,115.05,2025-12-05,103.0,-10.47,268.0,27467.0,152.0,ok
504093,Panasonic Energy India Company Ltd,BSE,504093.BO,INE795A01017,324.05,2025-12-05,291.55,-10.03,3160.0,982533.0,152.0,ok
505343,Monotype India Ltd,BSE,505343.BO,INE811D01024,0.48,2025-12-05,0.42,-12.5,1615470.0,742837.0,152.0,ok
504998,Western Ministil Ltd,BSE,504998.BO,INE187U01015,0.52,2025-12-05,0.54,3.85,3.0,1.0,155.0,ok
505216,Alfred Herbert India Ltd,BSE,505216.BO,INE782D01027,2970.0,2025-12-05,2750.55,-7.39,127.0,363615.0,152.0,ok
505250,G. G. Dandekar Properties Ltd,BSE,505250.BO,INE631D01026,77.54,2025-12-05,61.0,-21.33,998.0,65468.0,152.0,ok
505515,Shyamkamal Investments Ltd,BSE,505515.BO,INE203N01015,11.31,2025-12-05,13.04,15.3,30474.0,374461.0,152.0,ok
505504,GHV Infra Projects Ltd,BSE,505504.BO,INE809Q01020,321.85,2025-12-05,221.65,-31.13,22900.0,6637389.0,152.0,ok
505523,Maharashtra Corporation Ltd,BSE,505523.BO,INE272E01027,0.44,2025-12-05,0.36,-18.18,894280.0,349123.0,152.0,ok
505299,KPT Industries Ltd,BSE,505299.BO,INE731D01024,618.0,2025-12-05,458.4,-25.83,5086.0,2490724.0,152.0,ok
505302,Lakshmi Engineering And Warehousing Ltd,BSE,505302.BO,INE718M01022,2212.0,2025-12-05,2100.0,-5.06,41.0,87452.0,152.0,ok
504180,Standard Batteries Ltd,BSE,504180.BO,INE502C01039,50.75,2025-12-05,52.79,4.02,1949.0,95888.0,152.0,ok
504340,Longspur International Ventures Ltd,BSE,504340.BO,INE180M01033,10.15,2025-12-05,6.92,-31.82,15321.0,120988.0,152.0,ok
504369,Grandma Trading & Agencies Ltd,BSE,504369.BO,INE927M01029,0.49,2025-12-05,0.49,0.0,9660.0,4733.0,152.0,ok
504176,High Energy Batteries India Ltd,BSE,504176.BO,INE783E01023,564.5,2025-12-05,510.8,-9.51,8394.0,4825669.0,152.0,ok
504375,IDream Film Infrastructure Company Ltd,BSE,504375.BO,INE459E01012,225.1,2025-12-05,360.0,59.93,144.0,43432.0,154.0,ok
504378,Nyssa Corporation Ltd,BSE,504378.BO,INE812K01027,3.7,2025-12-05,2.55,-31.08,89960.0,262047.0,152.0,ok
504605,Uni Abex Alloy Products Ltd,BSE,504605.BO,INE361D01012,3428.25,2025-12-05,4144.0,20.88,766.0,2558185.0,152.0,ok
504392,Krishna Ventures Ltd,BSE,504392.BO,INE537L01010,13.56,2025-12-05,26.38,94.54,10567.0,223358.0,152.0,ok
504648,Bombay Wire Ropes Ltd,BSE,504648.BO,INE089T01023,49.1,2025-12-05,48.0,-2.24,852.0,41753.0,152.0,ok
504258,Lakshmi Electrical Control Systems Ltd,BSE,504258.BO,INE284C01018,720.4,2025-12-05,791.75,9.9,1281.0,993788.0,152.0,ok
505036,Automobile Corporation of Goa Ltd,BSE,505036.BO,INE451C01013,1783.35,2025-12-05,1975.65,10.78,1976.0,3640191.0,152.0,ok
504731,Azad India Mobility Ltd,BSE,504731.BO,INE566M01017,148.7,2025-12-05,105.95,-28.75,6864.0,792142.0,152.0,ok
504240,Delton Cables Ltd,BSE,504240.BO,INE872E01016,681.95,2025-12-05,412.35,-39.53,6253.0,3043953.0,152.0,ok
504810,Informed Technologies India Ltd,BSE,504810.BO,INE123E01014,80.0,2025-12-05,75.1,-6.13,670.0,56854.0,152.0,ok
504646,Bhagwati Autocast Ltd,BSE,504646.BO,INE106G01014,553.95,2025-12-05,528.4,-4.61,1246.0,694617.0,152.0,ok
504988,Welcast Steels Ltd,BSE,504988.BO,INE380G01015,858.0,2025-12-05,701.25,-18.27,148.0,112639.0,152.0,ok
522134,Artson Ltd,BSE,522134.BO,INE133D01023,175.2,2025-12-05,160.25,-8.53,9083.0,1357847.0,152.0,ok
531758,GK Consultants Ltd,BSE,531758.BO,INE131D01019,13.0,2025-12-05,13.27,2.08,6265.0,69189.0,152.0,ok
531779,Padmanabh Alloys & Polymers Ltd,BSE,531779.BO,INE630U01014,17.09,2025-12-05,12.5,-26.86,648.0,10613.0,154.0,ok
531778,Kachchh Minerals Ltd,BSE,531778.BO,INE059E01010,21.12,2025-12-05,28.0,32.58,3304.0,95707.0,152.0,ok
504903,Rathi Steel & Power Ltd,BSE,504903.BO,INE336C01016,27.3,2025-12-05,19.63,-28.1,139942.0,3223112.0,152.0,ok
504908,Duncan Engineering Ltd,BSE,504908.BO,INE340F01011,477.2,2025-12-05,399.7,-16.24,569.0,250603.0,153.0,ok
531762,Unjha Formulations Ltd,BSE,531762.BO,INE576D01015,24.99,2025-12-05,19.5,-21.97,2109.0,48309.0,153.0,ok
504380,Flomic Global Logistics Ltd,BSE,504380.BO,INE952M01019,48.83,2025-12-05,50.0,2.4,3138.0,143142.0,152.0,ok
531771,Shraddha Prime Projects Ltd,BSE,531771.BO,INE311M01018,206.3,2025-12-05,167.35,-18.88,25331.0,4564190.0,152.0,ok
531752,Biogen Pharmachem Industries Ltd,BSE,531752.BO,INE703D01023,0.63,2025-12-05,0.35,-44.06,3454700.0,1621196.0,154.0,ok
504746,Indian Link Chain Manufacturers Ltd,BSE,504746.BO,INE359D01024,2116.9,2025-12-05,883.3,-58.27,3874.0,6590040.0,152.0,ok
504840,Kaira Can Company Ltd,BSE,504840.BO,INE375D01012,1474.75,2025-12-05,1360.0,-7.78,59.0,77963.0,154.0,ok
504959,Stovec Industries Ltd,BSE,504959.BO,INE755D01015,1993.8,2025-12-05,1686.3,-15.42,583.0,1091099.0,152.0,ok
531743,Hira Automobiles Ltd,BSE,531743.BO,INE258Z01013,215.7,2025-12-05,204.0,-5.42,45.0,10709.0,155.0,ok
531878,Anjani Finance Ltd,BSE,531878.BO,INE283D01018,11.74,2025-12-05,9.14,-22.15,3304.0,35368.0,152.0,ok
531735,Prism Finance Ltd,BSE,531735.BO,INE429Q01019,28.37,2025-12-05,26.96,-4.97,121.0,3440.0,155.0,ok
531739,Gennex Laboratories Ltd,BSE,531739.BO,INE509C01026,13.52,2025-12-05,11.25,-16.79,672676.0,8479356.0,152.0,ok
531737,Greencrest Financial Services Ltd,BSE,531737.BO,INE414C01045,0.63,2025-12-05,0.5,-20.63,142338.0,79629.0,152.0,ok
531813,Ganga Papers India Ltd,BSE,531813.BO,INE278O01015,85.1,2025-12-05,72.2,-15.16,49.0,3996.0,154.0,ok
531744,Gini Silk Mills Ltd,BSE,531744.BO,INE548B01018,65.54,2025-12-05,58.98,-10.01,1436.0,85899.0,152.0,ok
531812,SGN Telecoms Ltd,BSE,531812.BO,INE266C01023,0.7,2025-12-05,0.6,-14.29,71837.0,53780.0,152.0,ok
531810,Metal Coatings India Ltd,BSE,531810.BO,INE161E01014,68.12,2025-12-05,56.37,-17.25,1046.0,64405.0,152.0,ok
531814,Tirupati Sarjan Ltd,BSE,531814.BO,INE297J01023,11.66,2025-12-05,8.61,-26.16,11166.0,106595.0,152.0,ok
531822,Rodium Realty Ltd,BSE,531822.BO,INE513E01024,167.0,2025-12-05,154.0,-7.78,724.0,126665.0,152.0,ok
531846,Trinity League India Ltd,BSE,531846.BO,INE884X01011,11.21,2025-12-05,9.98,-10.97,1215.0,15319.0,152.0,ok
531859,Oriental Rail Infrastructure Ltd,BSE,531859.BO,INE457G01029,144.5,2025-12-05,140.35,-2.87,75562.0,10891086.0,152.0,ok
531784,KCL Infra Projects Ltd,BSE,531784.BO,INE469F01026,1.39,2025-12-05,1.25,-10.07,202202.0,271982.0,152.0,ok
531802,Prerna Infrabuild Ltd,BSE,531802.BO,INE426H01014,27.29,2025-12-05,24.26,-11.1,12174.0,313426.0,152.0,ok
531726,Panchsheel Organics Ltd,BSE,531726.BO,INE316G01019,136.15,2025-12-05,115.6,-15.09,8732.0,1059755.0,152.0,ok
531609,KG Petrochem Ltd,BSE,531609.BO,INE902G01016,224.45,2025-12-05,197.0,-12.23,60.0,13824.0,154.0,ok
531594,Incon Engineers Ltd,BSE,531594.BO,INE507D01010,13.76,2025-12-05,15.0,9.01,507.0,7286.0,152.0,ok
531592,Genpharmasec Ltd,BSE,531592.BO,INE861N01036,1.38,2025-12-05,1.18,-14.49,926538.0,1153743.0,152.0,ok
531869,Sacheta Metals Ltd,BSE,531869.BO,INE433G01020,3.81,2025-12-05,3.87,1.57,167856.0,699757.0,152.0,ok
531600,Gogia Capital Growth Ltd,BSE,531600.BO,INE832C01014,88.5,2025-12-05,52.57,-40.6,27.0,2258.0,155.0,ok
531861,Joindre Capital Services Ltd,BSE,531861.BO,INE024B01010,50.7,2025-12-05,50.99,0.57,3078.0,146828.0,152.0,ok
531862,Bharat Agri Fert & Realty Ltd,BSE,531862.BO,INE842D01029,32.9,2025-12-05,31.8,-3.34,27431.0,759840.0,152.0,ok
531616,Starcom Information Technology Ltd,BSE,531616.BO,INE347I01010,74.58,2025-12-05,48.54,-34.92,279.0,17179.0,154.0,ok
531840,IEC Education Ltd,BSE,531840.BO,INE172B01017,26.28,2025-12-05,23.66,-9.97,7579.0,210495.0,152.0,ok
531640,Suvidha Infraestate Corporation Ltd,BSE,531640.BO,INE936N01010,7.75,2025-12-05,13.84,78.58,47.0,453.0,155.0,ok
531644,Tokyo Finance Ltd,BSE,531644.BO,INE546D01018,24.61,2025-12-05,19.9,-19.14,1589.0,36971.0,152.0,ok
531652,UVS Hospitality And Services Ltd,BSE,531652.BO,INE528C01018,120.8,2025-12-05,97.4,-19.37,9146.0,876991.0,152.0,ok
531585,Devine Impex Ltd,BSE,531585.BO,INE455C01014,9.5,2025-12-05,8.35,-12.11,669.0,6240.0,153.0,ok
531661,Hittco Tools Ltd,BSE,531661.BO,INE863C01019,12.1,2025-12-05,10.69,-11.65,1568.0,19461.0,152.0,ok
531668,Vision Corporation Ltd,BSE,531668.BO,INE661D01015,3.0,2025-12-05,2.52,-16.0,5478.0,16305.0,152.0,ok
531591,Bampsl Securities Ltd,BSE,531591.BO,INE802A01037,20.78,2025-12-05,18.89,-9.1,15725.0,323116.0,152.0,ok
531673,Anka India Ltd,BSE,531673.BO,INE067C01025,45.57,2025-12-05,24.37,-46.52,12661.0,365893.0,152.0,ok
531681,Amerise Biosciences Ltd,BSE,531681.BO,INE673C01020,0.59,2025-12-05,0.68,15.25,88651.0,59769.0,152.0,ok
531635,Silver Oak India Ltd,BSE,531635.BO,INE870J01019,92.53,2025-12-05,81.99,-11.39,2104.0,215827.0,152.0,ok
531626,Orosil Smiths India Ltd,BSE,531626.BO,INE628B01034,4.61,2025-12-05,5.87,27.33,57281.0,301005.0,152.0,ok
531680,Mayur Leather Products Ltd,BSE,531680.BO,INE799E01011,20.62,2025-12-05,18.32,-11.15,13901.0,274116.0,152.0,ok
531688,Prithvi Exchange (India) Ltd,BSE,531688.BO,INE621B01021,126.7,2025-12-05,112.95,-10.85,2689.0,324002.0,152.0,ok
531692,Khyati Multimedia Entertainment Ltd,BSE,531692.BO,INE593B01030,3.15,2025-12-05,3.26,3.49,6062.0,18255.0,152.0,ok
531885,SVA India Ltd,BSE,531885.BO,INE763K01014,8.13,2025-12-05,8.13,0.0,0.0,0.0,155.0,ok
531694,Rainbow Foundations Ltd,BSE,531694.BO,INE230F01014,58.45,2025-12-05,41.75,-28.57,10565.0,569943.0,152.0,ok
532056,Trustedge Capital Ltd,BSE,532056.BO,INE398H01015,90.0,2025-12-05,149.9,66.56,7490.0,839606.0,152.0,ok
531658,Abate As Industries Ltd,BSE,531658.BO,INE454E01013,18.35,2025-12-05,10.88,-40.71,38957.0,513555.0,152.0,ok
532102,SBEC Sugar Ltd,BSE,532102.BO,INE948G01019,32.05,2025-12-05,35.96,12.2,3965.0,127053.0,152.0,ok
532167,Omkar Pharmachem Ltd,BSE,532167.BO,INE501C01015,28.33,2025-12-05,27.0,-4.69,0.0,17.0,155.0,ok
532100,Indo City Infotech Ltd,BSE,532100.BO,INE456B01014,11.99,2025-12-05,13.17,9.84,3900.0,46655.0,152.0,ok
532057,Abhinav Capital Services Ltd,BSE,532057.BO,INE516F01016,114.35,2025-12-05,117.0,2.32,1964.0,237906.0,154.0,ok
531870,Popular Estate Management Ltd,BSE,531870.BO,INE370C01015,20.22,2025-12-05,18.05,-10.73,114.0,2031.0,154.0,ok
531667,RR MetalMakers India Ltd,BSE,531667.BO,INE117K01013,28.56,2025-12-05,33.63,17.75,3841.0,108864.0,152.0,ok
532070,Gujjubhai Industries Ltd,BSE,532070.BO,INE311N01016,209.65,2025-12-05,151.35,-27.81,45879.0,9404041.0,152.0,ok
532039,Zenotech Laboratories Ltd,BSE,532039.BO,INE486F01012,47.38,2025-12-05,43.73,-7.7,10572.0,475608.0,152.0,ok
531888,Rexnord Electronics & Controls Ltd,BSE,531888.BO,INE687C01012,74.07,2025-12-05,75.34,1.71,2838.0,191654.0,152.0,ok
532024,Aarcon Facilities Ltd,BSE,532024.BO,INE056J01015,11.83,2025-12-05,14.37,21.47,2.0,34.0,155.0,ok
532053,Wallfort Financial Services Ltd,BSE,532053.BO,INE121B01014,84.23,2025-12-05,69.57,-17.4,2265.0,175227.0,152.0,ok
532124,Reliable Ventures India Ltd,BSE,532124.BO,INE419H01019,22.0,2025-12-05,19.55,-11.14,13513.0,276169.0,153.0,ok
532154,Johnson Pharmacare Ltd,BSE,532154.BO,INE560F01022,0.6,2025-12-05,0.55,-8.33,899884.0,521704.0,152.0,ok
532113,Brijlaxmi Leasing & Finance Ltd,BSE,532113.BO,INE957E01031,8.8,2025-12-05,11.51,30.8,12627.0,159936.0,152.0,ok
532140,Mohite Industries Ltd,BSE,532140.BO,INE154B01023,3.54,2025-12-05,2.37,-33.05,135122.0,367092.0,152.0,ok
532042,Frontline Corporation Ltd,BSE,532042.BO,INE092D01013,37.43,2025-12-05,35.0,-6.49,380.0,12393.0,152.0,ok
532145,H S India Ltd,BSE,532145.BO,INE731B01010,12.54,2025-12-05,11.95,-4.7,3833.0,44263.0,152.0,ok
532092,Epuja Spiritech Ltd,BSE,532092.BO,INE807D01030,4.49,2025-12-05,1.39,-69.04,206354.0,578372.0,152.0,ok
532159,Trescon Ltd,BSE,532159.BO,INE088D01011,8.34,2025-12-05,9.19,10.19,57119.0,463896.0,152.0,ok
531944,Lexoraa Industries Ltd,BSE,531944.BO,INE185D01015,15.26,2025-12-05,18.0,17.96,2078.0,35716.0,152.0,ok
532123,BSEL Algo Ltd,BSE,532123.BO,INE395A01016,5.27,2025-12-05,4.57,-13.28,154910.0,785367.0,152.0,ok
532160,Gujarat State Financial Corporation,BSE,532160.BO,INE944A01011,11.19,2025-12-05,10.52,-5.99,17654.0,206854.0,152.0,ok
532016,Espire Hospitality Limited,BSE,532016.BO,INE176O01011,223.9,2025-12-05,203.95,-8.91,3135.0,745976.0,152.0,ok
531902,Gallops Enterprise Ltd,BSE,531902.BO,INE755J01012,23.8,2025-12-05,22.01,-7.52,380.0,8703.0,154.0,ok
531900,CCL International Ltd,BSE,531900.BO,INE778E01031,28.9,2025-12-05,23.99,-16.99,3610.0,92409.0,152.0,ok
531889,Nurture Well Industries Ltd,BSE,531889.BO,INE882B01037,29.8,2025-12-05,23.17,-22.25,976356.0,33800398.0,152.0,ok
531911,Galaxy Agrico Exports Ltd,BSE,531911.BO,INE803L01016,47.37,2025-12-05,61.87,30.61,110988.0,4973995.0,153.0,ok
531893,Sawaca Enterprises Ltd,BSE,531893.BO,INE248B01023,0.39,2025-12-05,0.35,-10.26,1185376.0,456027.0,152.0,ok
531909,Croissance Ltd,BSE,531909.BO,INE587J01027,3.76,2025-12-05,1.34,-64.36,370830.0,1231610.0,152.0,ok
531910,JOJO Ltd,BSE,531910.BO,INE312M01016,205.1,2025-12-05,220.0,7.26,20916.0,4576957.0,152.0,ok
531925,Shantanu Sheorey Aquakult Ltd,BSE,531925.BO,INE545N01019,1.21,2025-12-05,1.12,-7.44,11122.0,14069.0,152.0,ok
531930,Sarthak Industries Ltd,BSE,531930.BO,INE074H01012,34.9,2025-12-05,26.34,-24.53,6165.0,161823.0,152.0,ok
531946,Chadha Papers Ltd,BSE,531946.BO,INE669W01018,,,,,,,,no_data
531959,Newtime Infrastructure Ltd,BSE,531959.BO,INE997D01021,2.25,2025-12-05,1.87,-16.89,114657.0,243690.0,152.0,ok
531952,Riba Textiles Ltd,BSE,531952.BO,INE811H01017,86.15,2025-12-05,64.48,-25.15,13174.0,990439.0,152.0,ok
531962,Shree Metalloys Ltd,BSE,531962.BO,INE914B01012,36.85,2025-12-05,41.29,12.05,8530.0,444519.0,152.0,ok
531923,Dhampure Specialty Sugars Ltd,BSE,531923.BO,INE956B01013,98.3,2025-12-05,119.05,21.11,7254.0,786774.0,152.0,ok
531968,IITL Projects Ltd,BSE,531968.BO,INE786E01018,56.68,2025-12-05,39.48,-30.35,2007.0,100434.0,153.0,ok
531982,Spectrum Foods Ltd,BSE,531982.BO,INE547C01018,15.7,2025-12-05,11.82,-24.71,22438.0,322125.0,152.0,ok
531977,Chartered Logistics Ltd,BSE,531977.BO,INE558F01026,7.36,2025-12-05,6.63,-9.92,131779.0,977030.0,152.0,ok
531991,Amraworld Agrico Ltd,BSE,531991.BO,INE735C01027,0.64,2025-12-05,0.51,-20.31,114248.0,74789.0,152.0,ok
531996,Odyssey Corporation Ltd,BSE,531996.BO,INE839E01023,8.11,2025-12-05,7.22,-10.97,51435.0,406050.0,152.0,ok
531931,Sai Capital Ltd,BSE,531931.BO,INE531X01018,198.2,2025-12-05,151.1,-23.76,1210.0,210829.0,152.0,ok
531583,Rap Corp Ltd,BSE,531583.BO,INE483D01014,47.14,2025-12-05,36.43,-22.72,3903.0,144223.0,152.0,ok
532005,Sam Industries Ltd,BSE,532005.BO,INE653D01012,50.8,2025-12-05,43.45,-14.47,1531.0,71944.0,152.0,ok
531979,Hind Aluminium Industries Ltd,BSE,531979.BO,INE227B01019,62.9,2025-12-05,106.2,68.84,19199.0,2046837.0,152.0,ok
531569,Sanjivani Paranteral Ltd,BSE,531569.BO,INE860D01013,205.45,2025-12-05,147.1,-28.4,8308.0,1437627.0,152.0,ok
532001,Inducto Steel Ltd,BSE,532001.BO,INE146H01018,47.59,2025-12-05,51.91,9.08,450.0,23321.0,152.0,ok
531578,KMF Builders & Developers Ltd,BSE,531578.BO,INE580H01026,6.75,2025-12-05,6.35,-5.93,2611.0,21601.0,152.0,ok
532007,Shree Vatsaa Finance & leasing Ltd,BSE,532007.BO,INE981C01019,27.0,2025-12-05,30.0,11.11,367.0,11725.0,154.0,ok
531257,Pratiksha Chemicals Ltd,BSE,531257.BO,INE530D01012,18.85,2025-12-05,19.5,3.45,36586.0,740248.0,152.0,ok
531950,Vertex Securities Ltd,BSE,531950.BO,INE316D01024,3.82,2025-12-05,2.79,-26.96,45741.0,143440.0,152.0,ok
531254,Optimus Finance Ltd,BSE,531254.BO,INE031G01022,14.12,2025-12-05,13.55,-4.04,169118.0,2613163.0,152.0,ok
531989,Deccan Polypacks Ltd,BSE,531989.BO,INE132E01015,41.5,2025-12-05,35.0,-15.66,972.0,33730.0,154.0,ok
531233,Rasi Electrodes Ltd,BSE,531233.BO,INE822D01021,15.82,2025-12-05,13.12,-17.07,29991.0,432558.0,152.0,ok
531253,India Gelatine & Chemicals Ltd,BSE,531253.BO,INE342D01012,336.15,2025-12-05,354.65,5.5,1964.0,688243.0,152.0,ok
531246,Prima Industries Ltd,BSE,531246.BO,INE723N01012,27.83,2025-12-05,17.27,-37.94,1240.0,27110.0,152.0,ok
531227,Deco Mica Ltd,BSE,531227.BO,INE907E01010,65.13,2025-12-05,56.5,-13.25,390.0,25324.0,153.0,ok
531228,Rander Corporation Ltd,BSE,531228.BO,INE821D01031,12.59,2025-12-05,9.11,-27.64,946.0,10316.0,152.0,ok
531262,Equilateral Enterprises Ltd,BSE,531262.BO,INE060N01019,25.3,2025-12-05,23.0,-9.09,473.0,11166.0,154.0,ok
531219,Shyama Computronics and Services Ltd,BSE,531219.BO,INE861E01019,4.9,2025-12-05,3.63,-25.92,378.0,1325.0,153.0,ok
531234,Scoobee Day Garments (India) Ltd,BSE,531234.BO,INE962E01015,79.5,2025-12-05,70.04,-11.9,1666.0,127218.0,152.0,ok
531223,Anjani Synthetics Ltd,BSE,531223.BO,INE364D01032,23.71,2025-12-05,23.04,-2.83,10139.0,240827.0,152.0,ok
531255,Paragon Finance Ltd,BSE,531255.BO,INE015E01012,51.47,2025-12-05,51.0,-0.91,995.0,50266.0,153.0,ok
531568,Ashutosh Paper Mills Ltd,BSE,531568.BO,INE723K01018,7.71,2025-12-05,6.3,-18.29,1937.0,14973.0,152.0,ok
531274,Kinetic Trust Ltd,BSE,531274.BO,INE674M01019,28.07,2025-12-05,31.9,13.64,1009.0,54527.0,152.0,ok
531268,B2B Software Technologies Ltd,BSE,531268.BO,INE151B01011,19.33,2025-12-05,23.74,22.79,27724.0,789163.0,153.0,ok
531281,Marble City India Ltd,BSE,531281.BO,INE807H01023,131.35,2025-12-05,92.67,-29.45,8179.0,858159.0,152.0,ok
531283,Cindrella Financial Services Ltd,BSE,531283.BO,INE897D01015,13.3,2025-12-05,9.92,-25.41,386.0,4247.0,153.0,ok
531288,Lead Financial Services Ltd,BSE,531288.BO,INE531D01010,16.01,2025-12-05,19.34,20.8,214.0,4345.0,153.0,ok
531279,Trishakti Industries Ltd,BSE,531279.BO,INE238C01022,141.4,2025-12-05,169.6,19.94,20378.0,3075241.0,152.0,ok
531289,National Fittings Ltd,BSE,531289.BO,INE643C01015,162.35,2025-12-05,149.3,-8.04,5922.0,993968.0,152.0,ok
531287,National Plastic Technologies Ltd,BSE,531287.BO,INE896D01017,308.3,2025-12-05,206.95,-32.87,1968.0,500536.0,152.0,ok
531304,Nutech Global Ltd,BSE,531304.BO,INE960H01012,27.0,2025-12-05,24.45,-9.44,408.0,10430.0,153.0,ok
531155,Epsom Properties Ltd,BSE,531155.BO,INE601F01016,6.82,2025-12-05,9.3,36.36,856.0,6648.0,153.0,ok
531297,Artefact Projects Ltd,BSE,531297.BO,INE885B01014,62.88,2025-12-05,56.25,-10.54,6250.0,386027.0,152.0,ok
531212,Nalin Lease Finance Ltd,BSE,531212.BO,INE606C01012,46.46,2025-12-05,41.14,-11.45,3475.0,157103.0,152.0,ok
531215,RTS Power Corporation Ltd,BSE,531215.BO,INE005C01017,138.5,2025-12-05,119.05,-14.04,6086.0,808149.0,152.0,ok
531119,Ceenik Exports India Ltd,BSE,531119.BO,INE418D01010,337.0,2025-12-05,201.45,-40.22,1167.0,332409.0,152.0,ok
531273,Radhe Developers India Ltd,BSE,531273.BO,INE986B01044,1.9,2025-12-05,1.61,-15.26,207042.0,359283.0,152.0,ok
531306,DHP India Ltd,BSE,531306.BO,INE590D01016,579.0,2025-12-05,518.2,-10.5,808.0,430990.0,152.0,ok
531111,Gothi Plascon India Ltd,BSE,531111.BO,INE538G01018,43.89,2025-12-05,34.55,-21.28,971.0,39437.0,153.0,ok
531137,Gemstone Investments Ltd,BSE,531137.BO,INE503D01027,1.68,2025-12-05,1.66,-1.19,87329.0,147177.0,152.0,ok
531144,El Forge Ltd,BSE,531144.BO,INE158F01017,14.21,2025-12-05,17.46,22.87,21015.0,340881.0,152.0,ok
531210,Colinz Laboratories Ltd,BSE,531210.BO,INE923C01011,42.0,2025-12-05,56.14,33.67,3164.0,197241.0,152.0,ok
531129,Inani Marbles & Industries Ltd,BSE,531129.BO,INE635D01027,19.1,2025-12-05,11.55,-39.53,15873.0,177876.0,152.0,ok
531153,Diligent Industries Ltd,BSE,531153.BO,INE650C01036,2.75,2025-12-05,2.32,-15.64,162751.0,429207.0,152.0,ok
531278,Elixir Capital Ltd,BSE,531278.BO,INE785D01012,97.0,2025-12-05,104.75,7.99,2257.0,234636.0,152.0,ok
531157,Organic Coatings Ltd,BSE,531157.BO,INE412E01011,21.22,2025-12-05,18.9,-10.93,4842.0,113458.0,154.0,ok
531126,Kati Patang Lifestyle Ltd,BSE,531126.BO,INE237C01016,20.9,2025-12-05,16.06,-23.16,35482.0,770899.0,152.0,ok
531168,Associated Ceramics Ltd,BSE,531168.BO,INE771E01010,230.9,2025-12-05,175.85,-23.84,143.0,29500.0,152.0,ok
531158,Catvision Ltd,BSE,531158.BO,INE660B01011,21.11,2025-12-05,19.75,-6.44,9432.0,235402.0,152.0,ok
531163,Kemistar Corporation Ltd,BSE,531163.BO,INE971L01029,80.5,2025-12-05,63.49,-21.13,1612.0,117953.0,152.0,ok
531099,Centuple Global Ltd,BSE,531099.BO,INE396H01019,109.56,2025-12-05,46.67,-57.4,16417.0,1157130.0,152.0,ok
531176,Mefcom Capital Markets Ltd,BSE,531176.BO,INE186C01023,13.38,2025-12-05,11.39,-14.87,14295.0,177860.0,152.0,ok
531190,Eforu Entertainment Ltd,BSE,531190.BO,INE355H01015,63.09,2025-12-05,83.13,31.76,6432.0,464191.0,152.0,ok
531199,Glance Finance Ltd,BSE,531199.BO,INE580D01017,198.15,2025-12-05,172.0,-13.2,318.0,61187.0,153.0,ok
531441,Lyons Corporate Market Ltd,BSE,531441.BO,INE100F01019,,,,,,,,no_data
531203,Tradewell Holdings Ltd,BSE,531203.BO,INE819G01012,66.67,2025-12-05,47.35,-28.98,155.0,11501.0,154.0,ok
531314,Integra Capital  Ltd,BSE,531314.BO,INE366H01012,14.8,2025-12-05,16.02,8.24,338.0,4922.0,153.0,ok
531323,Jayatma Industries Ltd,BSE,531323.BO,INE250D01017,12.4,2025-12-05,13.2,6.45,192.0,2540.0,153.0,ok
531465,Nouveau Global Ventures Ltd,BSE,531465.BO,INE317B01042,0.49,2025-12-05,0.49,0.0,12088.0,5923.0,152.0,ok
531454,Polylink Polymers India Ltd,BSE,531454.BO,INE323D01020,19.5,2025-12-05,22.57,15.74,6678.0,133949.0,152.0,ok
531169,SKP Securities Ltd,BSE,531169.BO,INE709B01016,114.0,2025-12-05,99.95,-12.32,2114.0,225638.0,152.0,ok
531472,Cybele Industries Ltd,BSE,531472.BO,INE183D01010,36.26,2025-12-05,45.2,24.66,8383.0,381239.0,152.0,ok
531502,Esaar India Ltd,BSE,531502.BO,INE404L01039,11.51,2025-12-05,10.64,-7.56,20322.0,225604.0,152.0,ok
531173,Syschem India Ltd,BSE,531173.BO,INE121D01036,50.36,2025-12-05,46.8,-7.07,28686.0,1480612.0,152.0,ok
531437,Prakash Woollen & Synthetic Mills Ltd,BSE,531437.BO,INE523I01016,27.19,2025-12-05,24.05,-11.55,3625.0,90694.0,152.0,ok
531525,ACE Software Exports Ltd,BSE,531525.BO,INE849B01010,201.9,2025-12-05,116.2,-42.45,41682.0,8166712.0,152.0,ok
531521,Desh Rakshak Aushdhalaya Ltd,BSE,531521.BO,INE971E01016,35.2,2025-12-05,35.0,-0.57,257.0,8415.0,153.0,ok
531529,Softrak Venture Investment Ltd,BSE,531529.BO,INE562E01021,2.22,2025-12-05,1.55,-30.18,278768.0,535108.0,152.0,ok
531503,Maris Spinners Ltd,BSE,531503.BO,INE866D01010,31.64,2025-12-05,29.06,-8.15,1063.0,31922.0,153.0,ok
531533,Accedere Ltd,BSE,531533.BO,INE578B01015,80.95,2025-12-05,53.76,-33.59,4301.0,276129.0,153.0,ok
531537,Mizzen Ventures Ltd,BSE,531537.BO,INE681K01026,109.55,2025-12-05,150.95,37.79,4965.0,736403.0,152.0,ok
531460,Continental Controls Ltd,BSE,531460.BO,INE545B01022,11.18,2025-12-05,8.87,-20.66,2536.0,29249.0,153.0,ok
531456,Minaxi Textiles Ltd,BSE,531456.BO,INE952C01028,1.58,2025-12-05,1.42,-10.13,13561.0,21446.0,152.0,ok
531324,Roselabs Finance Ltd,BSE,531324.BO,INE475C01012,20.9,2025-12-05,21.5,2.87,593.0,13660.0,153.0,ok
531489,CG Vak Software & Exports Ltd,BSE,531489.BO,INE084D01010,242.25,2025-12-05,194.3,-19.79,3787.0,812660.0,152.0,ok
531557,Amit Securities Ltd,BSE,531557.BO,INE137E01014,43.35,2025-12-05,54.0,24.57,1415.0,66966.0,152.0,ok
531512,Orient Tradelink Ltd,BSE,531512.BO,INE681D01039,19.47,2025-12-05,6.99,-64.1,172667.0,3223838.0,152.0,ok
531539,Rishabh Digha Steel & Allied Products Ltd,BSE,531539.BO,INE864D01015,37.49,2025-12-05,30.53,-18.56,714.0,25157.0,153.0,ok
531338,Milestone Global Ltd,BSE,531338.BO,INE151H01018,29.57,2025-12-05,18.97,-35.85,388.0,7413.0,154.0,ok
531436,Saffron Industries Ltd,BSE,531436.BO,INE474D01013,41.31,2025-12-05,31.04,-24.86,12636.0,591712.0,152.0,ok
531334,Vikalp Securities Ltd,BSE,531334.BO,INE186E01011,34.74,2025-12-05,23.07,-33.59,468.0,13375.0,153.0,ok
531380,Centenial Surgical Suture Ltd,BSE,531380.BO,INE405H01018,100.4,2025-12-05,86.3,-14.04,213.0,21075.0,153.0,ok
531340,Bervin Investment & Leasing Ltd,BSE,531340.BO,INE348I01018,57.9,2025-12-05,51.08,-11.78,179.0,10337.0,152.0,ok
531359,Shriram Asset Management Company Ltd,BSE,531359.BO,INE777G01012,396.45,2025-12-05,292.5,-26.22,7673.0,2722021.0,152.0,ok
531352,Peeti Securities Ltd,BSE,531352.BO,INE328D01011,20.68,2025-12-05,20.11,-2.76,408.0,8370.0,153.0,ok
531432,Systematix Securities Ltd,BSE,531432.BO,INE07P301011,16.77,2025-12-05,11.75,-29.93,3179.0,48153.0,153.0,ok
531552,Raghunath Tobacco Company Ltd,BSE,531552.BO,INE754B01012,18.16,2025-12-05,14.16,-22.03,2243.0,35285.0,152.0,ok
531509,Step Two Corporation Ltd,BSE,531509.BO,INE623D01015,28.5,2025-12-05,29.7,4.21,179.0,5510.0,153.0,ok
531387,Hasti Finance Ltd,BSE,531387.BO,INE671D01014,9.15,2025-12-05,6.98,-23.72,1327.0,11238.0,153.0,ok
531395,Padam Cotton Yarns Ltd,BSE,531395.BO,INE448D01025,2.96,2025-12-05,0.99,-66.55,2655441.0,4736212.0,152.0,ok
531341,Gujarat Investa Ltd,BSE,531341.BO,INE373D01017,21.45,2025-12-05,20.01,-6.71,474.0,9763.0,153.0,ok
531550,Jhaveri Credits & Capital Ltd,BSE,531550.BO,INE865D01012,178.4,2025-12-05,172.9,-3.08,4240.0,838118.0,152.0,ok
531346,Eastern Treads Ltd,BSE,531346.BO,INE500D01015,31.98,2025-12-05,28.18,-11.88,949.0,28875.0,153.0,ok
531364,Ekansh Concepts Ltd,BSE,531364.BO,INE005E01013,208.6,2025-12-05,218.15,4.58,15958.0,3404201.0,152.0,ok
531396,Women Networks Ltd,BSE,531396.BO,INE905B01010,10.17,2025-12-05,8.38,-17.6,3409.0,28752.0,152.0,ok
531390,Upsurge Investment & Finance Ltd,BSE,531390.BO,INE890B01014,78.0,2025-12-05,61.15,-21.6,10139.0,715464.0,152.0,ok
531397,Polycon International Ltd,BSE,531397.BO,INE262C01014,30.99,2025-12-05,20.94,-32.43,317.0,8253.0,154.0,ok
531402,LWS Knitwear Ltd,BSE,531402.BO,INE281M01013,16.02,2025-12-05,16.62,3.75,5398.0,86259.0,153.0,ok
531420,BMB Music & Magnetics Ltd,BSE,531420.BO,INE644K01016,2.58,2025-12-05,16.07,522.87,954.0,20791.0,154.0,ok
531411,Tuni Textile Mills Ltd,BSE,531411.BO,INE560D01027,1.63,2025-12-05,1.03,-36.81,643090.0,839662.0,152.0,ok
531399,GG Automotive Gears Ltd,BSE,531399.BO,INE493B01017,280.4,2025-12-05,148.35,-47.09,14771.0,3165928.0,152.0,ok
532656,Facor Alloys Ltd,BSE,532656.BO,INE828G01013,2.94,2025-12-05,2.8,-4.76,159221.0,433436.0,152.0,ok
532645,Beeyu Overseas Ltd,BSE,532645.BO,INE052B01011,2.81,2025-12-05,2.68,-4.63,4257.0,12787.0,152.0,ok
532806,AI Champdany Industries Ltd,BSE,532806.BO,INE768E01024,51.65,2025-12-05,33.42,-35.3,3186.0,107830.0,152.0,ok
532723,MPDL Ltd,BSE,532723.BO,INE493H01014,42.17,2025-12-05,34.1,-19.14,589.0,23578.0,152.0,ok
532676,PBA Infrastructure Ltd,BSE,532676.BO,INE160H01019,13.11,2025-12-05,8.85,-32.49,5991.0,71885.0,152.0,ok
532825,Jagjanani Textiles Ltd,BSE,532825.BO,INE702H01018,5.42,2025-12-05,4.52,-16.61,12230.0,62853.0,152.0,ok
531398,Source Natural Foods and Herbal Supplements Ltd,BSE,531398.BO,INE679C01027,138.65,2025-12-05,110.0,-20.66,1815.0,228250.0,152.0,ok
532744,GTN Textiles Ltd,BSE,532744.BO,INE302H01017,8.67,2025-12-05,8.71,0.46,5332.0,55547.0,153.0,ok
522152,Solitaire Machine Tools Ltd,BSE,522152.BO,INE410A01013,107.25,2025-12-05,100.25,-6.53,1675.0,175415.0,152.0,ok
532820,E-Land Apparel Ltd,BSE,532820.BO,INE311H01018,12.0,2025-12-05,13.19,9.92,15040.0,215470.0,152.0,ok
532329,Danlaw Technologies India Ltd,BSE,532329.BO,INE310B01013,787.3,2025-12-05,974.35,23.76,4441.0,3254653.0,152.0,ok
532323,Shiva Cement Ltd,BSE,532323.BO,INE555C01029,23.19,2025-12-05,16.74,-27.81,164397.0,3261377.0,152.0,ok
532340,Omni AXs Software Ltd,BSE,532340.BO,INE369B01019,3.18,2025-12-05,3.69,16.04,11381.0,47252.0,152.0,ok
531416,Narendra Properties Ltd,BSE,531416.BO,INE603F01012,38.66,2025-12-05,37.8,-2.22,490.0,17906.0,152.0,ok
532362,Nagpur Power & Industries Ltd,BSE,532362.BO,INE099E01016,83.85,2025-12-05,148.65,77.28,8724.0,1245462.0,152.0,ok
532183,Gayatri Sugars Ltd,BSE,532183.BO,INE622E01023,11.42,2025-12-05,8.63,-24.43,105342.0,1091395.0,152.0,ok
532275,Landmarc Leisure Corporation Ltd,BSE,532275.BO,INE394C01023,2.42,2025-12-05,1.84,-23.97,85990.0,216050.0,152.0,ok
532217,CMX Holdings Ltd,BSE,532217.BO,INE027F01014,56.47,2025-12-05,21.78,-61.43,23067.0,890063.0,152.0,ok
532333,HB Portfolio Ltd,BSE,532333.BO,INE638B01025,65.14,2025-12-05,61.31,-5.88,1810.0,112147.0,152.0,ok
532344,Madala Holdings Ltd,BSE,532344.BO,INE002B01016,232.95,2025-12-05,179.45,-22.97,400.0,84893.0,153.0,ok
532320,Vaarad Ventures Ltd,BSE,532320.BO,INE418B01048,11.49,2025-12-05,9.24,-19.58,3630.0,42342.0,152.0,ok
532455,Shalimar Wires Industries Ltd,BSE,532455.BO,INE655D01025,20.46,2025-12-05,17.91,-12.46,6185.0,120791.0,152.0,ok
532230,Bengal Tea & Fabrics Ltd,BSE,532230.BO,INE665D01016,139.0,2025-12-05,144.0,3.6,541.0,79065.0,152.0,ok
532397,Konndor Industries Ltd,BSE,532397.BO,INE971A01014,20.91,2025-12-05,15.99,-23.53,5740.0,107564.0,152.0,ok
532284,TCFC Finance Ltd,BSE,532284.BO,INE389D01013,44.96,2025-12-05,27.27,-39.35,5309.0,164891.0,152.0,ok
532467,Hazoor Multi Projects Ltd,BSE,532467.BO,INE550F01049,38.33,2025-12-05,26.88,-29.87,588336.0,18959839.0,152.0,ok
532378,Universal Arts Ltd,BSE,532378.BO,INE464B01018,5.0,2025-12-05,5.25,5.0,6123.0,30817.0,152.0,ok
532379,First Fintec Ltd,BSE,532379.BO,INE683B01047,6.99,2025-12-05,6.97,-0.29,2944.0,20447.0,152.0,ok
532380,Baba Arts Ltd,BSE,532380.BO,INE893A01036,6.3,2025-12-05,13.98,121.9,56956.0,712114.0,152.0,ok
532404,Saven Technologies Ltd,BSE,532404.BO,INE856B01023,46.23,2025-12-05,30.89,-33.18,7536.0,300211.0,152.0,ok
532262,TCI Industries Ltd,BSE,532262.BO,INE920B01019,1518.8,2025-12-05,1431.0,-5.78,84.0,121052.0,154.0,ok
532304,KJMC Corporate Advisors (India) Ltd,BSE,532304.BO,INE602C01011,47.58,2025-12-05,53.1,11.6,1606.0,78842.0,152.0,ok
532384,Tyche Industries Ltd,BSE,532384.BO,INE443B01012,116.75,2025-12-05,135.5,16.06,6462.0,793106.0,152.0,ok
524548,Sharma East India Hospitals & Medical Research Ltd,BSE,524548.BO,INE465H01012,131.35,2025-12-05,104.5,-20.44,881.0,108592.0,152.0,ok
531091,United Credit Ltd,BSE,531091.BO,INE858C01027,31.98,2025-12-05,28.99,-9.35,1658.0,48433.0,152.0,ok
524582,Tirupati Starch & Chemicals Ltd,BSE,524582.BO,INE314D01011,174.45,2025-12-05,130.9,-24.96,1517.0,238095.0,152.0,ok
532410,Transcorp International Ltd,BSE,532410.BO,INE330E01023,23.39,2025-12-05,26.51,13.34,14640.0,399520.0,152.0,ok
532315,Groarc Industries India Ltd,BSE,532315.BO,INE042B01012,8.15,2025-12-05,7.49,-8.1,26946.0,251565.0,152.0,ok
524576,Vivid Global Industries Ltd,BSE,524576.BO,INE737C01023,17.42,2025-12-05,19.81,13.72,5340.0,101444.0,152.0,ok
524522,Laffans Petrochemicals Ltd,BSE,524522.BO,INE919B01011,31.43,2025-12-05,28.9,-8.05,2269.0,69672.0,152.0,ok
524572,Pharmaids Pharmaceuticals Ltd,BSE,524572.BO,INE117D01018,50.5,2025-12-05,26.9,-46.73,10831.0,394646.0,152.0,ok
524502,Raaj Medisafe India Ltd,BSE,524502.BO,INE548H01015,68.0,2025-12-05,83.61,22.96,1229.0,99565.0,154.0,ok
532373,WEP Solutions Ltd,BSE,532373.BO,INE434B01029,23.94,2025-12-05,26.85,12.16,11565.0,265069.0,152.0,ok
524520,KMC Speciality Hospitals (India) Ltd,BSE,524520.BO,INE879K01018,74.96,2025-12-05,115.0,53.42,100627.0,8685223.0,152.0,ok
524592,Jaysynth Orgochem Ltd,BSE,524592.BO,INE263B01022,15.68,2025-12-05,13.09,-16.52,33742.0,477132.0,152.0,ok
524506,Coral Laboratories Ltd,BSE,524506.BO,INE683E01017,463.4,2025-12-05,500.1,7.92,1606.0,705634.0,152.0,ok
524594,Aeonx Digital Technology Ltd,BSE,524594.BO,INE994D01010,180.0,2025-12-05,133.85,-25.64,2273.0,307276.0,152.0,ok
524606,Beryl Drugs Ltd,BSE,524606.BO,INE415H01017,21.74,2025-12-05,21.18,-2.58,3588.0,78093.0,152.0,ok
524604,Adline Chem Lab Ltd,BSE,524604.BO,INE276T01018,7.6,2025-12-05,13.7,80.26,241.0,2733.0,155.0,ok
524628,Parker Agrochem Exports Ltd,BSE,524628.BO,INE750B01010,18.53,2025-12-05,16.32,-11.93,478.0,8355.0,152.0,ok
524602,Bandaram Pharma Packtech Ltd,BSE,524602.BO,INE875N01036,34.76,2025-12-05,28.45,-18.15,4336.0,136917.0,152.0,ok
524516,Bacil Pharma Ltd,BSE,524516.BO,INE711D01018,40.99,2025-12-05,50.32,22.76,16291.0,670322.0,152.0,ok
524614,IEL Ltd,BSE,524614.BO,INE056E01024,7.7,2025-12-05,5.71,-25.84,94810.0,672896.0,152.0,ok
524580,Priya Ltd,BSE,524580.BO,INE686C01014,21.53,2025-12-05,25.99,20.72,142.0,3210.0,153.0,ok
524636,Oxygenta Pharmaceutical Ltd,BSE,524636.BO,INE102E01018,59.05,2025-12-05,49.46,-16.24,13170.0,721582.0,152.0,ok
524642,Sikozy Realtors Ltd,BSE,524642.BO,INE528E01022,1.01,2025-12-05,1.32,30.69,6736.0,8880.0,152.0,ok
524661,Welcure Drugs & Pharmaceuticals Ltd,BSE,524661.BO,INE331C01025,0.54,2025-12-05,0.28,-48.15,12879025.0,5847903.0,152.0,ok
524640,Archit Organosys Ltd,BSE,524640.BO,INE078I01011,39.24,2025-12-05,50.22,27.98,14652.0,682429.0,152.0,ok
524336,Shree Hari Chemicals Export Ltd,BSE,524336.BO,INE065E01017,121.95,2025-12-05,105.0,-13.9,2032.0,248054.0,152.0,ok
524663,Bharat Immunologicals & Biologicals Corporation Ltd,BSE,524663.BO,INE994B01014,19.44,2025-12-05,17.55,-9.72,27604.0,513226.0,152.0,ok
524488,SVC INDUSTRIES Ltd,BSE,524488.BO,INE038B01010,3.17,2025-12-05,2.44,-23.03,44410.0,124264.0,152.0,ok
524322,Kabra Drugs Ltd,BSE,524322.BO,INE323K01017,28.52,2025-12-05,22.91,-19.67,138754.0,3833241.0,152.0,ok
524210,Pentokey Organy India Ltd,BSE,524210.BO,INE702E01015,43.07,2025-12-05,36.05,-16.3,844.0,34918.0,152.0,ok
524288,Aimco Pesticides Ltd,BSE,524288.BO,INE008B01013,54.56,2025-12-05,54.97,0.75,6090.0,316402.0,152.0,ok
524204,Teesta Agro Industries Ltd,BSE,524204.BO,INE757D01011,113.6,2025-12-05,120.8,6.34,963.0,113838.0,152.0,ok
524400,Ishita Drugs & Industries Ltd,BSE,524400.BO,INE806D01016,72.44,2025-12-05,74.9,3.4,1225.0,94335.0,153.0,ok
524314,Gujarat Terce Laboratories Ltd,BSE,524314.BO,INE499G01013,47.89,2025-12-05,35.06,-26.79,5507.0,226479.0,152.0,ok
524632,Shukra Pharmaceuticals Ltd,BSE,524632.BO,INE551C01044,40.13,2025-12-05,29.14,-27.39,343809.0,14017396.0,152.0,ok
524634,Alufluoride Ltd,BSE,524634.BO,INE058F01019,420.0,2025-12-05,465.0,10.71,13565.0,6659838.0,152.0,ok
524408,Universal Starch Chem Allied Ltd,BSE,524408.BO,INE113E01015,129.95,2025-12-05,189.35,45.71,800.0,119471.0,153.0,ok
524218,Resonance Specialties Ltd,BSE,524218.BO,INE486D01017,101.87,2025-12-05,132.9,30.46,12652.0,1395189.0,152.0,ok
524434,Asian Petroproducts & Exports Ltd,BSE,524434.BO,INE810M01019,8.75,2025-12-05,9.5,8.57,10944.0,98831.0,152.0,ok
524458,Indo Euro Indchem Ltd,BSE,524458.BO,INE319N01019,11.49,2025-12-05,10.5,-8.62,6433.0,80335.0,152.0,ok
524440,Camex Ltd,BSE,524440.BO,INE198C01010,32.53,2025-12-05,38.7,18.97,4205.0,158099.0,152.0,ok
526269,Crestchem Ltd,BSE,526269.BO,INE293N01016,121.55,2025-12-05,136.0,11.89,2139.0,237731.0,152.0,ok
524414,Norris Medicines Ltd,BSE,524414.BO,INE744C01029,15.0,2025-12-05,13.22,-11.87,1102.0,16318.0,152.0,ok
526241,Amrapali Industries Ltd,BSE,526241.BO,INE762C01021,15.02,2025-12-05,18.51,23.24,15063.0,231751.0,152.0,ok
531067,Contil India Ltd,BSE,531067.BO,INE080G01029,28.93,2025-12-05,23.5,-18.77,9551.0,283062.0,152.0,ok
524480,Riddhi Siddhi Gluco Biols Ltd,BSE,524480.BO,INE249D01019,488.6,2025-12-05,693.05,41.84,1727.0,962377.0,152.0,ok
524703,Sandu Pharmaceuticals Ltd,BSE,524703.BO,INE751D01014,39.5,2025-12-05,44.09,11.62,4455.0,177601.0,152.0,ok
526237,Morgan Ventures Ltd,BSE,526237.BO,INE902C01015,73.44,2025-12-05,50.97,-30.6,3433.0,219684.0,152.0,ok
526211,Suraj Industries Ltd,BSE,526211.BO,INE170U01011,41.86,2025-12-05,64.0,52.89,7627.0,376853.0,152.0,ok
526193,Royal Cushion Vinyl Products Ltd,BSE,526193.BO,INE618A01011,20.5,2025-12-05,15.7,-23.41,13312.0,248720.0,152.0,ok
526187,Ashram Online.Com Ltd,BSE,526187.BO,INE293C01019,4.94,2025-12-05,5.09,3.04,1527.0,7989.0,152.0,ok
526173,Andrew Yule & Company Ltd,BSE,526173.BO,INE449C01025,,,,,,,,no_data
526169,Multibase India Ltd,BSE,526169.BO,INE678F01014,217.9,2025-12-05,189.05,-13.24,7827.0,1614389.0,152.0,ok
526161,Spenta International Ltd,BSE,526161.BO,INE175C01018,86.5,2025-12-05,107.55,24.34,633.0,60880.0,152.0,ok
526335,Shreyas Intermediates Ltd,BSE,526335.BO,INE115F01017,10.77,2025-12-05,6.57,-39.0,10055.0,96050.0,153.0,ok
526345,Panjon Ltd,BSE,526345.BO,INE744D01019,16.82,2025-12-05,20.87,24.08,21386.0,501124.0,152.0,ok
526355,Duro Pack Ltd,BSE,526355.BO,INE138B01018,66.99,2025-12-05,58.01,-13.4,953.0,53702.0,152.0,ok
526231,Standard Surfactants Ltd,BSE,526231.BO,INE307D01015,51.74,2025-12-05,47.61,-7.98,1136.0,59897.0,152.0,ok
526315,Divyashakti Ltd,BSE,526315.BO,INE410G01010,56.58,2025-12-05,46.57,-17.69,2763.0,146233.0,152.0,ok
524687,Basant Agro Tech India Ltd,BSE,524687.BO,INE473E01021,12.1,2025-12-05,13.09,8.18,52013.0,610729.0,152.0,ok
526365,Swarnsarita Jewels India Ltd,BSE,526365.BO,INE967A01012,31.59,2025-12-05,32.72,3.58,18415.0,635937.0,152.0,ok
526407,Hampton Sky Realty Ltd,BSE,526407.BO,INE299D01022,14.03,2025-12-05,9.92,-29.29,52884.0,673966.0,152.0,ok
526373,Cindrella Hotels Ltd,BSE,526373.BO,INE908C01012,65.38,2025-12-05,49.3,-24.59,222.0,11890.0,154.0,ok
526415,OK Play India Ltd,BSE,526415.BO,INE870B01024,6.84,2025-12-05,4.68,-31.58,467555.0,2625103.0,152.0,ok
524711,Vista Pharmaceuticals Ltd,BSE,524711.BO,INE427C01021,8.69,2025-12-05,7.89,-9.21,19823.0,146922.0,152.0,ok
526139,Transgene Biotek Ltd,BSE,526139.BO,INE773D01018,3.08,2025-12-05,3.1,0.65,61899.0,173861.0,152.0,ok
526143,Mpl Plastics Ltd,BSE,526143.BO,INE343A01016,8.92,2025-12-05,6.34,-28.92,6931.0,50837.0,152.0,ok
526409,Kkalpana Industries (India) Ltd,BSE,526409.BO,INE301C01028,10.09,2025-12-05,6.88,-31.81,41897.0,346219.0,152.0,ok
526433,ASM Technologies Ltd,BSE,526433.BO,INE867C01010,3371.75,2025-12-05,3092.6,-8.28,22783.0,70265557.0,152.0,ok
524752,Decipher Labs Ltd,BSE,524752.BO,INE643N01012,9.95,2025-12-05,7.55,-24.12,6491.0,54004.0,152.0,ok
524808,Phyto Chem India Ltd,BSE,524808.BO,INE037C01010,31.61,2025-12-05,27.75,-12.21,1960.0,52011.0,152.0,ok
524790,Everest Organics Ltd,BSE,524790.BO,INE334C01029,437.15,2025-12-05,261.2,-40.25,5719.0,1899428.0,152.0,ok
524748,Link Pharma Chem Ltd,BSE,524748.BO,INE302F01011,32.15,2025-12-05,27.0,-16.02,1484.0,41832.0,152.0,ok
524731,Jenburkt Pharmaceuticals Ltd,BSE,524731.BO,INE354A01013,1093.2,2025-12-05,1159.4,6.06,1650.0,1873504.0,152.0,ok
524768,Emmessar Biotech & Nutrition Ltd,BSE,524768.BO,INE634B01016,29.2,2025-12-05,26.4,-9.59,1690.0,45283.0,152.0,ok
526025,Globus Constructors & Developers Ltd,BSE,526025.BO,INE064L01015,14.75,2025-12-05,14.0,-5.08,38049.0,570841.0,152.0,ok
526137,Shetron Ltd,BSE,526137.BO,INE278C01010,124.55,2025-12-05,95.3,-23.48,2653.0,283237.0,152.0,ok
524828,BDH Industries Ltd,BSE,524828.BO,INE278D01018,364.35,2025-12-05,367.8,0.95,2395.0,963776.0,152.0,ok
524818,Dynamic Industries Ltd,BSE,524818.BO,INE457C01010,131.0,2025-12-05,108.45,-17.21,1815.0,238302.0,152.0,ok
526095,Ravileela Granites Ltd,BSE,526095.BO,INE427E01027,46.99,2025-12-05,67.0,42.58,2359.0,118557.0,152.0,ok
526043,Polymechplast Machines Ltd,BSE,526043.BO,INE809B01014,54.25,2025-12-05,54.99,1.36,1535.0,80415.0,152.0,ok
526081,SC Agrotech Ltd,BSE,526081.BO,INE895E01017,16.3,2025-12-05,22.13,35.77,5495.0,170236.0,152.0,ok
526115,Karan Woo Sin Ltd,BSE,526115.BO,INE327D01013,14.98,2025-12-05,9.0,-39.92,2723.0,33735.0,152.0,ok
526133,Supertex Industries Ltd,BSE,526133.BO,INE881B01054,7.15,2025-12-05,5.6,-21.68,5983.0,36662.0,152.0,ok
526159,Nikhil Adhesives Ltd,BSE,526159.BO,INE926C01022,94.0,2025-12-05,89.59,-4.69,23829.0,1892520.0,152.0,ok
524174,Kesar Petroproducts Ltd,BSE,524174.BO,INE133C01033,24.22,2025-12-05,16.57,-31.59,100398.0,2388611.0,152.0,ok
524202,Lactose India Ltd,BSE,524202.BO,INE058I01013,116.05,2025-12-05,110.25,-5.0,7992.0,857639.0,152.0,ok
526117,Shervani Industrial Syndicate Ltd,BSE,526117.BO,INE011D01013,393.95,2025-12-05,293.95,-25.38,299.0,107630.0,152.0,ok
523186,B&A Packaging India Ltd,BSE,523186.BO,INE00FM01013,219.8,2025-12-05,171.4,-22.02,558.0,106532.0,152.0,ok
523242,NB Footwear Ltd,BSE,523242.BO,INE006F01018,7.25,2025-12-05,7.97,9.93,10003.0,85070.0,154.0,ok
526073,Galaxy Bearings Ltd,BSE,526073.BO,INE020S01012,692.3,2025-12-05,530.0,-23.44,992.0,554300.0,152.0,ok
523232,Continental Petroleums Ltd,BSE,523232.BO,INE369D01023,104.95,2025-12-05,93.85,-10.58,4302.0,445535.0,152.0,ok
526113,Uniroyal Marine Exports Ltd,BSE,526113.BO,INE602H01010,11.34,2025-12-05,12.71,12.08,688.0,10277.0,153.0,ok
523120,Thrive Future Habitats Ltd,BSE,523120.BO,INE628D01014,129.45,2025-12-05,99.0,-23.52,7881.0,888355.0,152.0,ok
523289,Rama Vision Ltd,BSE,523289.BO,INE763B01013,140.0,2025-12-05,143.75,2.68,5739.0,775959.0,152.0,ok
523100,Cosmo Ferrites Ltd,BSE,523100.BO,INE124B01018,166.1,2025-12-05,176.0,5.96,7851.0,1050141.0,152.0,ok
523160,Foseco Crucible (India) Ltd,BSE,523160.BO,INE599F01020,1543.5,2025-12-05,1183.35,-23.33,1253.0,1793030.0,152.0,ok
523373,Mini Diamonds India Ltd,BSE,523373.BO,INE281E01028,28.65,2025-12-05,14.71,-48.66,134267.0,3070693.0,152.0,ok
523062,JJ Finance Corporation Ltd,BSE,523062.BO,INE584C01011,38.37,2025-12-05,46.36,20.82,2325.0,105832.0,152.0,ok
523315,Purity Flexpack Ltd,BSE,523315.BO,INE898O01010,0.75,2025-12-05,0.78,4.46,0.0,0.0,155.0,ok
523105,Cropster Agro Ltd,BSE,523105.BO,INE293E01031,20.68,2025-12-05,5.85,-71.71,336784.0,3939261.0,152.0,ok
522229,Taneja Aerospace & Aviation Ltd,BSE,522229.BO,INE692C01020,311.5,2025-12-05,285.6,-8.31,17333.0,4910686.0,152.0,ok
522251,Cenlub Industries Ltd,BSE,522251.BO,INE627F01011,220.5,2025-12-05,193.65,-12.18,5389.0,1185782.0,152.0,ok
522207,Rasandik Engineering Industries India Ltd,BSE,522207.BO,INE682D01011,64.0,2025-12-05,65.35,2.11,2643.0,165697.0,152.0,ok
522231,Conart Engineers Ltd,BSE,522231.BO,INE714D01020,97.75,2025-12-05,96.45,-1.33,7404.0,681444.0,152.0,ok
522235,Minal Industries Ltd,BSE,522235.BO,INE097E01028,3.35,2025-12-05,2.37,-29.25,32988.0,92109.0,152.0,ok
523116,Sanco Trans Ltd,BSE,523116.BO,INE391G01012,734.8,2025-12-05,746.0,1.52,54.0,39186.0,153.0,ok
522237,Shivagrico Implements Ltd,BSE,522237.BO,INE092H01014,30.96,2025-12-05,23.5,-24.1,1850.0,48808.0,152.0,ok
523248,Machino Plastics Ltd,BSE,523248.BO,INE082B01018,315.15,2025-12-05,242.7,-22.99,1823.0,557088.0,152.0,ok
523144,Medi Caps Ltd,BSE,523144.BO,INE442D01010,33.62,2025-12-05,29.26,-12.97,5370.0,146908.0,152.0,ok
522183,ITL Industries Ltd,BSE,522183.BO,INE478D01014,303.05,2025-12-05,280.35,-7.49,2058.0,603888.0,152.0,ok
522165,Indsil Hydro Power and Manganese Ltd,BSE,522165.BO,INE867D01018,43.5,2025-12-05,39.28,-9.7,13163.0,548358.0,152.0,ok
523351,Standard Shoe Sole and Mould (India) Ltd,BSE,523351.BO,INE888N01013,20.43,2025-12-05,16.82,-17.67,500.0,10427.0,154.0,ok
522289,NMS Global Ltd,BSE,522289.BO,INE169F01014,71.49,2025-12-05,91.41,27.86,3904.0,327927.0,152.0,ok
522267,Veejay Lakshmi Engineering Works Ltd,BSE,522267.BO,INE466D01019,51.0,2025-12-05,35.11,-31.16,1695.0,77820.0,152.0,ok
523309,Shri Gang Industries & Allied Products Ltd,BSE,523309.BO,INE241V01018,70.89,2025-12-05,70.52,-0.52,16856.0,1389679.0,152.0,ok
522292,Candour Techtex Ltd,BSE,522292.BO,INE713D01055,150.1,2025-12-05,61.11,-59.29,68782.0,9304125.0,152.0,ok
523844,Constronics Infra Ltd,BSE,523844.BO,INE537B01011,62.0,2025-12-05,41.63,-32.85,3059.0,167053.0,152.0,ok
522650,Bemco Hydraulics Ltd,BSE,522650.BO,INE142E01022,98.97,2025-12-05,83.88,-15.25,14762.0,1452899.0,152.0,ok
522294,T & I Global Ltd,BSE,522294.BO,INE811B01010,179.8,2025-12-05,165.75,-7.81,1047.0,189284.0,152.0,ok
523732,Ecoboard Industries Ltd,BSE,523732.BO,INE866A01016,34.11,2025-12-05,63.66,86.63,14118.0,728043.0,152.0,ok
523826,Sovereign Diamonds Ltd,BSE,523826.BO,INE959D01013,23.95,2025-12-05,22.37,-6.6,3095.0,81922.0,152.0,ok
523790,Shukra Jewellery Ltd,BSE,523790.BO,INE344E01016,9.36,2025-12-05,8.56,-8.55,368.0,3051.0,154.0,ok
523752,Trans India House Impex Ltd,BSE,523752.BO,INE502D01011,6.79,2025-12-05,4.5,-33.73,158858.0,1043401.0,152.0,ok
523782,Mitshi India Ltd,BSE,523782.BO,INE844D01017,14.73,2025-12-05,16.18,9.84,3966.0,63338.0,153.0,ok
523840,Innovative Tech Pack Ltd,BSE,523840.BO,INE965C01038,20.35,2025-12-05,13.91,-31.65,5282.0,86591.0,152.0,ok
523021,Rishi Techtex Ltd,BSE,523021.BO,INE989D01010,47.12,2025-12-05,39.49,-16.19,2172.0,88298.0,152.0,ok
523850,Axtel Industries Ltd,BSE,523850.BO,INE767C01012,471.0,2025-12-05,479.85,1.88,10457.0,4793610.0,152.0,ok
524038,Venlon Enterprises Ltd,BSE,524038.BO,INE204D01022,6.77,2025-12-05,4.58,-32.35,2543.0,15098.0,152.0,ok
524031,Patidar Buildcon Ltd,BSE,524031.BO,INE637N01014,7.16,2025-12-05,7.9,10.34,249.0,2108.0,152.0,ok
524156,TCM Ltd,BSE,524156.BO,INE034F01010,69.52,2025-12-05,48.51,-30.22,8227.0,488240.0,152.0,ok
523465,Ind Bank Housing Ltd,BSE,523465.BO,INE969D01012,39.19,2025-12-05,47.0,19.93,1667.0,71198.0,152.0,ok
523842,Super Tannery Ltd,BSE,523842.BO,INE460D01038,6.69,2025-12-05,7.31,9.27,45977.0,314074.0,152.0,ok
523475,Lotus Chocolate Company Ltd,BSE,523475.BO,INE026D01011,808.0,2025-12-05,695.8,-13.89,9746.0,7758682.0,152.0,ok
524080,Haryana Leather Chemicals Ltd,BSE,524080.BO,INE681F01018,69.29,2025-12-05,65.04,-6.13,1990.0,124701.0,152.0,ok
523489,Chennai Meenakshi Multispeciality Hospital Ltd,BSE,523489.BO,INE889F01017,45.0,2025-12-05,39.3,-12.67,1537.0,67763.0,152.0,ok
523007,Ansal Buildwell Ltd,BSE,523007.BO,INE030C01015,124.1,2025-12-05,91.11,-26.58,2813.0,328624.0,152.0,ok
524136,Pee Cee Cosma Sope Ltd,BSE,524136.BO,INE417E01010,393.7,2025-12-05,319.6,-18.82,1541.0,567672.0,152.0,ok
523019,BN Rathi Securities Ltd,BSE,523019.BO,INE710D01028,16.77,2025-12-05,16.5,-1.61,41666.0,677959.0,152.0,ok
523558,Swiss Military Consumer Goods Ltd,BSE,523558.BO,INE010C01025,20.31,2025-12-05,16.98,-16.4,162838.0,3025736.0,152.0,ok
523586,Indian Toners & Developers Ltd,BSE,523586.BO,INE826B01018,258.45,2025-12-05,257.05,-0.54,2909.0,739785.0,152.0,ok
523594,Kunststoffe Industries Ltd,BSE,523594.BO,INE638D01021,24.26,2025-12-05,24.66,1.65,1977.0,48081.0,152.0,ok
523652,Kkalpana Plastick Ltd,BSE,523652.BO,INE465K01016,28.29,2025-12-05,29.45,4.1,186.0,5174.0,154.0,ok
523537,APM Industries Ltd,BSE,523537.BO,INE170D01025,40.2,2025-12-05,42.17,4.9,5686.0,233037.0,152.0,ok
523550,Krypton Industries Ltd,BSE,523550.BO,INE951B01014,37.92,2025-12-05,36.0,-5.06,9258.0,372378.0,152.0,ok
523566,Martin Burn Ltd,BSE,523566.BO,INE199D01016,50.0,2025-12-05,41.53,-16.94,1246.0,57522.0,152.0,ok
523620,Phaarmasia Ltd,BSE,523620.BO,INE486I01016,79.9,2025-12-05,79.5,-0.5,1781.0,166072.0,152.0,ok
523650,Yash Innoventures Ltd,BSE,523650.BO,INE823D01011,39.42,2025-12-05,42.94,8.93,19293.0,870618.0,152.0,ok
523483,Pacific Industries Ltd,BSE,523483.BO,INE883C01025,174.75,2025-12-05,144.6,-17.25,2817.0,431636.0,152.0,ok
523660,Waterbase Ltd,BSE,523660.BO,INE054C01015,48.07,2025-12-04,45.36,-5.64,49814.0,2606507.0,150.0,ok
523672,Flex Foods Ltd,BSE,523672.BO,INE954B01018,49.48,2025-12-05,39.15,-20.88,7426.0,310457.0,152.0,ok
523696,Fortis Malar Hospitals Ltd,BSE,523696.BO,INE842B01015,63.05,2025-12-05,53.36,-15.37,12237.0,700808.0,152.0,ok
526439,Ambitious Plastomac Company Ltd,BSE,526439.BO,INE267C01013,11.0,2025-12-05,9.51,-13.55,1372.0,14269.0,152.0,ok
526441,Vision Cinemas Ltd,BSE,526441.BO,INE515B01025,1.0,2025-12-05,1.37,37.0,38027.0,51120.0,152.0,ok
530449,Rungta Irrigation Ltd,BSE,530449.BO,INE347C01013,58.31,2025-12-05,51.99,-10.84,1149.0,62821.0,153.0,ok
523638,IP Rings Ltd,BSE,523638.BO,INE558A01019,119.8,2025-12-05,121.8,1.67,3978.0,449632.0,152.0,ok
526435,Perfectpac Ltd,BSE,526435.BO,INE759I01024,89.8,2025-12-05,74.6,-16.93,472.0,41349.0,153.0,ok
530477,Vikram Thermo India Ltd,BSE,530477.BO,INE337E01010,165.25,2025-12-05,177.05,7.14,7489.0,1205126.0,152.0,ok
530461,Saboo Sodium Chloro Ltd,BSE,530461.BO,INE440C01016,14.0,2025-12-05,12.52,-10.57,33021.0,453994.0,152.0,ok
530457,GTT Data Solutions Ltd,BSE,530457.BO,INE959B01017,74.59,2025-12-05,45.18,-39.43,44936.0,3457974.0,152.0,ok
523676,Golkunda Diamonds & Jewellery Ltd,BSE,523676.BO,INE798D01015,192.9,2025-12-05,254.8,32.09,7269.0,1754872.0,152.0,ok
530421,Kuwer Industries Ltd,BSE,530421.BO,INE430F01010,12.56,2025-12-05,13.0,3.5,4690.0,52735.0,152.0,ok
530459,Valson Industries Ltd,BSE,530459.BO,INE808A01018,25.0,2025-12-05,29.78,19.12,1863.0,53730.0,153.0,ok
530439,Siddha Ventures Ltd,BSE,530439.BO,INE140C01012,5.8,2025-12-05,4.15,-28.45,3673.0,18300.0,152.0,ok
530525,Rajnish Retail Ltd,BSE,530525.BO,INE786J01033,5.71,2025-12-05,2.71,-52.54,491118.0,1974526.0,152.0,ok
530429,Ashish Polyplast Ltd,BSE,530429.BO,INE831C01016,30.96,2025-12-05,29.09,-6.04,1181.0,37699.0,152.0,ok
530521,Virat Industries Ltd,BSE,530521.BO,INE467D01017,544.0,2025-12-05,487.95,-10.3,2028.0,968994.0,152.0,ok
530419,Sumedha Fiscal Services Ltd,BSE,530419.BO,INE886B01012,49.91,2025-12-05,39.56,-20.74,8577.0,351090.0,152.0,ok
530433,Shiva Global Agro Industries Ltd,BSE,530433.BO,INE960E01019,37.46,2025-12-05,40.82,8.97,5831.0,225017.0,152.0,ok
530557,NCL Research & Financial Services Ltd,BSE,530557.BO,INE132F01038,0.51,2025-12-05,0.54,5.88,2274636.0,1147567.0,152.0,ok
530445,Sumeru Industries Ltd,BSE,530445.BO,INE764B01029,1.97,2025-12-05,1.6,-18.78,15667.0,27958.0,152.0,ok
530577,Ladderup Finance Ltd,BSE,530577.BO,INE519D01015,61.97,2025-12-05,52.31,-15.59,1517.0,96963.0,153.0,ok
530571,Explicit Finance Ltd,BSE,530571.BO,INE335G01019,13.41,2025-12-05,9.5,-29.16,1853.0,19870.0,152.0,ok
530213,Fortune International Ltd,BSE,530213.BO,INE501D01013,60.0,2025-12-05,78.0,30.0,1180.0,80863.0,152.0,ok
530595,TeleCanor Global Ltd,BSE,530595.BO,INE381G01013,30.62,2025-12-05,18.84,-38.47,66228.0,2180384.0,152.0,ok
530601,Jagsonpal Services Ltd,BSE,530601.BO,INE582C01015,61.8,2025-12-05,50.1,-18.93,809.0,51729.0,152.0,ok
530405,Jindal Capital Ltd,BSE,530405.BO,INE356F01017,34.0,2025-12-05,32.27,-5.09,3774.0,138341.0,152.0,ok
530585,Swastika Investmart Ltd,BSE,530585.BO,INE691C01022,76.08,2025-12-05,61.79,-18.78,11487.0,758655.0,152.0,ok
530589,Prima Plastics Ltd,BSE,530589.BO,INE573B01016,116.25,2025-12-05,110.5,-4.95,6030.0,705971.0,152.0,ok
530533,Terai Tea Company Ltd,BSE,530533.BO,INE390D01011,101.5,2025-12-05,107.05,5.47,1741.0,177238.0,152.0,ok
530545,Cosco India Ltd,BSE,530545.BO,INE949B01018,231.15,2025-12-05,193.8,-16.16,1010.0,204222.0,152.0,ok
530443,Kiran Syntex Ltd,BSE,530443.BO,INE293D01017,13.1,2025-12-05,18.5,41.22,2099.0,32218.0,153.0,ok
530547,Ken Financial Services Ltd,BSE,530547.BO,INE395E01018,14.28,2025-12-05,14.27,-0.07,871.0,12650.0,155.0,ok
530217,Swojas Foods Ltd,BSE,530217.BO,INE295B01016,11.59,2025-12-05,6.91,-40.38,82406.0,931287.0,152.0,ok
530401,Vinyoflex Ltd,BSE,530401.BO,INE526H01011,54.0,2025-12-05,53.98,-0.04,1120.0,58575.0,152.0,ok
530235,KJMC Financial Services Ltd,BSE,530235.BO,INE533C01018,59.53,2025-12-05,56.0,-5.93,2665.0,149441.0,152.0,ok
530255,Kay Power and Paper Ltd,BSE,530255.BO,INE961B01013,13.19,2025-12-05,10.36,-21.46,20876.0,218960.0,152.0,ok
530253,Rajasthan Tube Manufacturing Company Ltd,BSE,530253.BO,INE497E01020,39.73,2025-12-05,12.45,-68.66,79302.0,2621937.0,153.0,ok
530233,Auro Laboratories Ltd,BSE,530233.BO,INE292C01011,255.95,2025-12-05,267.65,4.57,6829.0,1705704.0,152.0,ok
530259,Inter State Oil Carrier Ltd,BSE,530259.BO,INE003B01014,35.36,2025-12-05,37.99,7.44,5015.0,173380.0,152.0,ok
530263,Global Capital Markets Ltd,BSE,530263.BO,INE062C01042,0.58,2025-12-05,0.5,-13.79,209419.0,117568.0,152.0,ok
530265,Sainik Finance & Industries Ltd,BSE,530265.BO,INE584B01013,42.44,2025-12-05,38.0,-10.46,2019.0,76850.0,153.0,ok
530615,Garg Furnace Ltd,BSE,530615.BO,INE194E01015,137.1,2025-12-05,116.6,-14.95,4299.0,599427.0,152.0,ok
530313,Kimia Biosciences Ltd,BSE,530313.BO,INE285U01025,29.0,2025-12-05,33.29,14.79,7830.0,254006.0,152.0,ok
530295,Shree Rajiv Lochan Oil Extraction Ltd,BSE,530295.BO,INE418K01015,30.0,2025-12-05,21.46,-28.47,37.0,1160.0,154.0,ok
530281,Quantum Digital Vision India Ltd,BSE,530281.BO,INE373C01019,19.1,2025-12-05,22.05,15.45,332.0,7021.0,152.0,ok
530407,EPIC Energy Ltd,BSE,530407.BO,INE932F01015,43.34,2025-12-05,36.69,-15.34,12531.0,506646.0,152.0,ok
530251,Risa International Ltd,BSE,530251.BO,INE001O01029,0.61,2025-12-05,0.51,-16.39,204553.0,114146.0,152.0,ok
530245,Aryaman Financial Services Ltd,BSE,530245.BO,INE032E01017,677.7,2025-12-05,595.75,-12.09,2410.0,1505890.0,152.0,ok
530357,KBS India Ltd,BSE,530357.BO,INE883D01023,1.83,2025-12-05,1.27,-30.6,102308.0,165240.0,152.0,ok
530361,Prabhhans Industries Ltd,BSE,530361.BO,INE428P01013,37.4,2025-12-05,29.55,-20.99,3149.0,133358.0,152.0,ok
530289,SP Capital Financing Ltd,BSE,530289.BO,INE102F01015,58.17,2025-12-05,55.51,-4.57,1968.0,117476.0,152.0,ok
530341,Mukesh Babu Financial Services Ltd,BSE,530341.BO,INE596B01017,112.4,2025-12-05,127.75,13.66,320.0,39200.0,154.0,ok
530315,Hindustan Tin Works Ltd,BSE,530315.BO,INE428D01019,119.2,2025-12-05,106.55,-10.61,10720.0,1293529.0,152.0,ok
530369,Vamshi Rubber Ltd,BSE,530369.BO,INE380C01014,49.0,2025-12-05,44.44,-9.31,1332.0,59800.0,152.0,ok
530907,SI Capital & Financial Services Ltd,BSE,530907.BO,INE417F01017,29.96,2025-12-05,29.4,-1.87,351.0,10893.0,153.0,ok
530899,Asia Pack Ltd,BSE,530899.BO,INE784M01016,56.1,2025-12-05,48.68,-13.23,502.0,24871.0,152.0,ok
530917,RR Securities Ltd,BSE,530917.BO,INE474H01014,44.46,2025-12-05,15.0,-66.26,71.0,1669.0,154.0,ok
530627,Vipul Organics Ltd,BSE,530627.BO,INE834D01018,229.55,2025-12-05,199.15,-13.24,8580.0,1767625.0,152.0,ok
530909,ERP Soft Systems Ltd,BSE,530909.BO,INE308B01017,100.0,2025-12-05,63.0,-37.0,62.0,4163.0,152.0,ok
530931,Stanpacks India Ltd,BSE,530931.BO,INE457D01018,12.94,2025-12-05,10.6,-18.08,2347.0,27871.0,153.0,ok
530897,NG Industries Ltd,BSE,530897.BO,INE825C01018,126.85,2025-12-05,127.35,0.39,919.0,124303.0,152.0,ok
530621,Akar Auto Industries Ltd,BSE,530621.BO,INE864E01021,142.0,2025-12-05,98.65,-30.53,8528.0,1092562.0,152.0,ok
530921,Integrated Thermoplastics Ltd,BSE,530921.BO,INE038N01015,9.29,2025-12-05,6.3,-32.19,425.0,3097.0,155.0,ok
530951,Raminfo Ltd,BSE,530951.BO,INE357B01022,79.29,2025-12-05,43.18,-45.54,10436.0,639258.0,152.0,ok
530973,Alfa Ica India Ltd,BSE,530973.BO,INE042C01010,83.02,2025-12-05,78.0,-6.05,253.0,20660.0,154.0,ok
530953,Sunil Agro Foods Ltd,BSE,530953.BO,INE224D01012,91.54,2025-12-05,82.65,-9.71,221.0,19031.0,152.0,ok
530617,Sampre Nutritions Ltd,BSE,530617.BO,INE375C01022,27.7,2025-12-05,13.44,-51.48,453752.0,11184043.0,152.0,ok
530959,Diana Tea Company Ltd,BSE,530959.BO,INE012E01035,27.88,2025-12-05,25.59,-8.21,7225.0,198567.0,152.0,ok
530991,Roopa Industries Ltd,BSE,530991.BO,INE443C01010,44.5,2025-12-05,52.9,18.88,1785.0,88648.0,153.0,ok
530997,Unique Organics Ltd,BSE,530997.BO,INE333E01019,100.05,2025-12-05,100.95,0.9,3713.0,364849.0,152.0,ok
530979,India Home Loan Ltd,BSE,530979.BO,INE274E01015,36.99,2025-12-05,30.14,-18.52,7423.0,262463.0,152.0,ok
531015,Venmax Drugs and Pharmaceuticals Ltd,BSE,531015.BO,INE154G01022,27.6,2025-12-05,22.94,-16.88,2290.0,60674.0,152.0,ok
530977,Shri Keshav Cements And Infra Ltd,BSE,530977.BO,INE260E01014,177.95,2025-12-05,147.85,-16.91,12492.0,2230469.0,152.0,ok
531003,Swarna Securities Ltd,BSE,531003.BO,INE595G01018,76.59,2025-12-05,79.0,3.15,85.0,6401.0,153.0,ok
531017,Arihants Securities Ltd,BSE,531017.BO,INE190D01015,22.01,2025-12-05,20.08,-8.77,3328.0,70274.0,152.0,ok
531033,Regal Entertainment & Consultants Ltd,BSE,531033.BO,INE101E01010,24.12,2025-12-05,16.35,-32.21,5508.0,112581.0,152.0,ok
531025,Visagar Financial Services Ltd,BSE,531025.BO,INE309H01038,0.41,2025-12-05,0.36,-12.2,824412.0,318798.0,152.0,ok
530643,Eco Recycling Ltd,BSE,530643.BO,INE316A01038,457.65,2025-12-05,463.65,1.31,28874.0,12744619.0,152.0,ok
531043,Dhanvantri Jeevan Rekha Ltd,BSE,531043.BO,INE239F01015,24.22,2025-12-05,19.7,-18.66,803.0,19664.0,155.0,ok
530883,Super Crop Safe Ltd,BSE,530883.BO,INE366G01022,7.92,2025-12-05,9.94,25.51,60269.0,542491.0,152.0,ok
530881,Arunjyoti Bio Ventures Ltd,BSE,530881.BO,INE485K01022,9.16,2025-12-05,5.4,-41.05,578433.0,4947436.0,152.0,ok
531041,Competent Automobiles Company Ltd,BSE,531041.BO,INE823B01015,401.15,2025-12-05,368.8,-8.06,1279.0,491062.0,152.0,ok
531027,Libord Securities Ltd,BSE,531027.BO,INE267E01019,24.61,2025-12-05,18.9,-23.2,477.0,9817.0,155.0,ok
530663,Goyal Associates Ltd,BSE,530663.BO,INE912B01032,0.89,2025-12-05,0.77,-13.48,46985.0,42903.0,152.0,ok
531051,Vintage Securities Ltd,BSE,531051.BO,INE153C01015,20.28,2025-12-05,17.88,-11.83,476.0,8246.0,153.0,ok
530689,Lykis Ltd,BSE,530689.BO,INE624M01014,36.16,2025-12-05,43.23,19.55,62517.0,2905986.0,152.0,ok
530695,Prime Property Development Corporation Ltd,BSE,530695.BO,INE233C01023,27.36,2025-12-05,28.48,4.09,2968.0,72752.0,152.0,ok
530711,Jagan Lamps Ltd,BSE,530711.BO,INE144C01014,70.8,2025-12-05,51.23,-27.64,3359.0,198335.0,152.0,ok
530665,Zenith Healthcare Ltd,BSE,530665.BO,INE812B01026,3.63,2025-12-05,3.15,-13.22,27814.0,93675.0,152.0,ok
530675,York Exports Ltd,BSE,530675.BO,INE057Q01018,69.8,2025-12-05,62.89,-9.9,406.0,25849.0,152.0,ok
530735,Super Bakers India Ltd,BSE,530735.BO,INE897A01011,34.18,2025-12-05,30.0,-12.23,259.0,8236.0,155.0,ok
530733,Encode Packaging India Ltd,BSE,530733.BO,INE900O01014,12.44,2025-12-05,12.5,0.48,773.0,9639.0,154.0,ok
530845,Sunshield Chemicals Ltd,BSE,530845.BO,INE199E01014,1007.1,2025-12-05,985.0,-2.19,3340.0,3118649.0,152.0,ok
530723,Asit C Mehta Financial Services Ltd,BSE,530723.BO,INE041B01014,138.55,2025-12-05,110.0,-20.61,1519.0,194464.0,152.0,ok
530755,Coral Newsprints Ltd,BSE,530755.BO,INE715D01019,12.85,2025-12-05,9.5,-26.07,1061.0,13230.0,153.0,ok
530741,Ovobel Foods Ltd,BSE,530741.BO,INE812S01012,189.85,2025-12-05,174.35,-8.16,9377.0,1562660.0,152.0,ok
530709,Gowra Leasing & Finance Ltd,BSE,530709.BO,INE225G01012,108.0,2025-12-05,80.0,-25.93,2423.0,225001.0,152.0,ok
530747,Challani Capital Ltd,BSE,530747.BO,INE807A01010,25.72,2025-12-05,20.4,-20.68,1046.0,26201.0,152.0,ok
530779,Dynamic Portfolio Management & Services Ltd,BSE,530779.BO,INE118C01018,28.43,2025-12-05,19.21,-32.43,1431.0,33844.0,153.0,ok
530765,Agarwal Fortune India Ltd,BSE,530765.BO,INE510B01018,18.5,2025-12-05,23.0,24.32,817.0,16251.0,152.0,ok
530821,SSPDL Ltd,BSE,530821.BO,INE838C01011,13.98,2025-12-05,16.75,19.81,10209.0,168218.0,152.0,ok
530797,Shree Ganesh Elastoplast Ltd,BSE,530797.BO,INE400N01017,16.0,2025-12-05,18.95,18.44,210.0,3282.0,153.0,ok
530799,Anna Infrastructures Ltd,BSE,530799.BO,INE336D01014,23.6,2025-12-05,35.81,51.74,726.0,22690.0,153.0,ok
530825,Daikaffil Chemicals India Ltd,BSE,530825.BO,INE789B01018,86.12,2025-12-05,32.0,-62.84,7389.0,339540.0,152.0,ok
530789,Ceejay Finance Ltd,BSE,530789.BO,INE358C01010,189.0,2025-12-05,173.85,-8.02,397.0,72446.0,153.0,ok
530809,BNR Udyog Ltd,BSE,530809.BO,INE355C01016,44.7,2025-12-05,30.87,-30.94,689.0,26111.0,152.0,ok
526443,Artificial Electronics Intelligent Material Ltd,BSE,526443.BO,INE072B01027,145.9,2025-12-05,127.45,-12.65,71422.0,9735317.0,152.0,ok
530207,Brawn Biotech Ltd,BSE,530207.BO,INE899B01015,19.12,2025-12-05,21.05,10.09,591.0,12369.0,153.0,ok
530215,Kings Infra Ventures Ltd,BSE,530215.BO,INE050N01010,151.6,2025-12-05,137.25,-9.47,34413.0,4495895.0,152.0,ok
526675,Tirth Plastic Ltd,BSE,526675.BO,INE008N01018,12.34,2025-12-05,35.53,187.93,4201.0,102478.0,152.0,ok
526727,Garnet Construction Ltd,BSE,526727.BO,INE797D01017,69.48,2025-12-05,87.99,26.64,20765.0,1665921.0,152.0,ok
530829,Cil Securities Ltd,BSE,530829.BO,INE830A01012,48.73,2025-12-05,37.71,-22.61,1268.0,54438.0,152.0,ok
526711,Adarsh Plant Protect Ltd,BSE,526711.BO,INE627D01016,28.86,2025-12-05,28.93,0.24,3851.0,128730.0,152.0,ok
526703,Ecoplast Ltd,BSE,526703.BO,INE423D01010,500.0,2025-12-05,484.0,-3.2,610.0,292366.0,152.0,ok
526723,NTC Industries Ltd,BSE,526723.BO,INE920C01017,163.55,2025-12-05,157.55,-3.67,14384.0,2519303.0,152.0,ok
526705,Elegant Marbles & Grani Industries Ltd,BSE,526705.BO,INE095B01010,217.5,2025-12-05,192.2,-11.63,635.0,129658.0,152.0,ok
526813,Raghunath International Ltd,BSE,526813.BO,INE753B01014,12.54,2025-12-05,12.47,-0.56,1958.0,22722.0,152.0,ok
526747,PG Foils Ltd,BSE,526747.BO,INE078D01012,178.0,2025-12-05,206.9,16.24,17277.0,3961565.0,152.0,ok
526709,Bits Ltd,BSE,526709.BO,INE839A01021,10.16,2025-12-05,8.45,-16.83,146290.0,1668280.0,152.0,ok
526751,Gratex Industries Ltd,BSE,526751.BO,INE915E01013,18.14,2025-12-05,25.71,41.73,211.0,4182.0,154.0,ok
526839,Shelter Infra Projects Ltd,BSE,526839.BO,INE413C01013,16.0,2025-12-05,16.9,5.62,1127.0,17090.0,152.0,ok
526721,Nicco Parks & Resorts Ltd,BSE,526721.BO,INE653C01022,85.0,2025-12-05,68.24,-19.72,12583.0,974429.0,152.0,ok
526481,Phoenix International Ltd,BSE,526481.BO,INE245B01011,38.42,2025-12-05,29.13,-24.18,4736.0,167049.0,152.0,ok
526761,Howard Hotels Ltd,BSE,526761.BO,INE931B01016,19.25,2025-12-05,24.89,29.3,1842.0,44737.0,154.0,ok
526847,Ashirwad Steels & Industries Ltd,BSE,526847.BO,INE338C01012,29.63,2025-12-05,25.26,-14.75,2016.0,51399.0,152.0,ok
526479,Sky Industries Ltd,BSE,526479.BO,INE765B01018,90.99,2025-12-05,88.65,-2.57,2778.0,241792.0,152.0,ok
526731,Bright Brothers Ltd,BSE,526731.BO,INE630D01010,277.6,2025-12-05,255.15,-8.09,3789.0,932389.0,152.0,ok
526532,Square Four Projects India Ltd,BSE,526532.BO,INE716K01020,8.39,2025-12-05,8.24,-1.79,2418.0,21529.0,152.0,ok
526473,Elegant Floriculture & Agrotech India Ltd,BSE,526473.BO,INE152E01013,5.0,2025-12-05,5.57,11.4,59222.0,299803.0,152.0,ok
526471,Winsome Breweries Ltd,BSE,526471.BO,INE391C01011,27.4,2025-12-05,22.51,-17.85,9255.0,223288.0,152.0,ok
526468,Euro Leder Fashion Ltd,BSE,526468.BO,INE940E01011,22.86,2025-12-05,17.3,-24.32,1657.0,31957.0,152.0,ok
526755,Velan Hotels Ltd,BSE,526755.BO,INE548D01014,5.22,2025-12-05,6.72,28.74,5798.0,33958.0,152.0,ok
526739,Narmada Gelatines Ltd,BSE,526739.BO,INE869A01010,344.0,2025-12-05,464.8,35.12,5283.0,2209080.0,152.0,ok
526492,Rishiroop Ltd,BSE,526492.BO,INE582D01013,106.1,2025-12-05,88.7,-16.4,2561.0,250896.0,152.0,ok
526827,Spice Islands Industries Ltd,BSE,526827.BO,INE882D01017,95.19,2025-12-05,381.7,300.99,14423.0,3385596.0,152.0,ok
526494,Promact Plastics Ltd,BSE,526494.BO,INE818D01011,10.9,2025-12-05,8.56,-21.47,2878.0,28145.0,152.0,ok
526490,Pratik Panels Ltd,BSE,526490.BO,INE206C01029,8.28,2025-12-05,6.71,-18.96,73734.0,553994.0,152.0,ok
526500,Sterling Green Woods Ltd,BSE,526500.BO,INE398F01019,28.86,2025-12-05,20.09,-30.39,397.0,10219.0,154.0,ok
526775,Valiant Communications Ltd,BSE,526775.BO,INE760B01019,658.25,2025-12-05,1264.6,92.12,14119.0,13155854.0,152.0,ok
526530,IIRM Holdings India Ltd,BSE,526530.BO,INE670C01026,73.8,2025-12-05,108.75,47.36,15838.0,1480557.0,152.0,ok
526519,Alpine Housing Development Corporation Ltd,BSE,526519.BO,INE840D01015,121.85,2025-12-05,97.98,-19.59,2038.0,207323.0,152.0,ok
526525,Worldwide Aluminium Ltd,BSE,526525.BO,INE550D01010,19.42,2025-12-05,20.94,7.83,680.0,13802.0,152.0,ok
526640,Royale Manor Hotels & Industries Ltd,BSE,526640.BO,INE008C01011,38.25,2025-12-05,29.78,-22.14,2414.0,86750.0,152.0,ok
526554,Salguti Industries Ltd,BSE,526554.BO,INE159C01012,25.5,2025-12-05,31.0,21.57,51.0,1334.0,154.0,ok
526508,Shahi Shipping Ltd,BSE,526508.BO,INE825D01016,18.67,2025-12-05,13.5,-27.69,11737.0,218120.0,152.0,ok
526570,Midwest Gold Ltd,BSE,526570.BO,INE519N01014,3240.65,2025-12-05,4616.9,42.47,5715.0,23826028.0,152.0,ok
526574,Enterprise International Ltd,BSE,526574.BO,INE439G01019,21.61,2025-12-05,24.78,14.67,420.0,9433.0,152.0,ok
526588,Photoquip India Ltd,BSE,526588.BO,INE813B01016,14.7,2025-12-05,15.39,4.69,3598.0,53572.0,153.0,ok
526638,Texel Industries Ltd,BSE,526638.BO,INE594V01028,81.43,2025-12-05,62.27,-23.53,21212.0,1676112.0,152.0,ok
526628,Ajwa Fun World & Resort Ltd,BSE,526628.BO,INE863E01015,46.6,2025-12-05,33.31,-28.52,350.0,17441.0,154.0,ok
526616,National Plastic Industries Ltd,BSE,526616.BO,INE233D01013,52.52,2025-12-05,42.86,-18.39,3154.0,154205.0,152.0,ok
526614,Expo Engineering And Projects Ltd,BSE,526614.BO,INE561D01025,73.84,2025-12-05,54.9,-25.65,14675.0,981444.0,152.0,ok
526851,Arex Industries Ltd,BSE,526851.BO,INE480H01011,140.5,2025-12-05,118.65,-15.55,79.0,9074.0,153.0,ok
530053,Real Eco-Energy Ltd,BSE,530053.BO,INE055E01034,4.94,2025-12-05,4.58,-7.29,220980.0,1071234.0,152.0,ok
530119,Natraj Proteins Ltd,BSE,530119.BO,INE444D01016,37.92,2025-12-05,37.89,-0.08,2691.0,94840.0,152.0,ok
530057,Vivanza Biosciences Ltd,BSE,530057.BO,INE984E01035,2.2,2025-12-05,1.78,-19.09,35237.0,74300.0,152.0,ok
530045,Titan Securities Ltd,BSE,530045.BO,INE090D01017,38.55,2025-12-05,43.79,13.59,14541.0,655241.0,152.0,ok
530109,Anupam Finserv Ltd,BSE,530109.BO,INE069B01023,2.45,2025-12-05,2.05,-16.33,424744.0,1017688.0,152.0,ok
530065,Lords Ishwar Hotels Ltd,BSE,530065.BO,INE689J01013,15.22,2025-12-05,14.13,-7.16,542.0,8551.0,154.0,ok
530037,Sparkle Gold Rock Ltd,BSE,530037.BO,INE618F01010,76.0,2025-12-05,69.99,-7.91,1015.0,74132.0,152.0,ok
530025,Samyak International Ltd,BSE,530025.BO,INE607G01011,23.5,2025-12-05,14.96,-36.34,4554.0,72787.0,152.0,ok
530133,Amco India Ltd,BSE,530133.BO,INE924B01011,77.35,2025-12-05,68.5,-11.44,864.0,64667.0,152.0,ok
530125,Samrat Pharmachem Ltd,BSE,530125.BO,INE103E01016,253.3,2025-12-05,212.55,-16.09,2142.0,490363.0,152.0,ok
526622,MFL India Ltd,BSE,526622.BO,INE244C01020,0.49,2025-12-05,0.41,-16.33,591145.0,269605.0,152.0,ok
530077,Puretrop Fruits  Ltd,BSE,530077.BO,INE795D01011,160.15,2025-12-05,159.75,-0.25,20259.0,3512847.0,152.0,ok
530139,Kreon Finnancial Services Ltd,BSE,530139.BO,INE302C01018,30.52,2025-12-05,31.08,1.83,3453.0,108816.0,152.0,ok
530127,NPR Finance Ltd,BSE,530127.BO,INE446D01011,30.5,2025-12-05,22.4,-26.56,1424.0,39248.0,152.0,ok
530111,Raj Packaging Industries Ltd,BSE,530111.BO,INE639C01013,41.33,2025-12-05,30.5,-26.2,2297.0,88637.0,152.0,ok
530167,Moongipa Capital Finance Ltd,BSE,530167.BO,INE153K01018,16.97,2025-12-05,16.0,-5.72,8542.0,133224.0,152.0,ok
530169,Mohit Paper Mills Ltd,BSE,530169.BO,INE388C01017,31.27,2025-12-05,30.06,-3.87,1884.0,57786.0,152.0,ok
530171,Daulat Securities Ltd,BSE,530171.BO,INE108C01019,33.37,2025-12-05,27.9,-16.39,1982.0,62983.0,152.0,ok
530175,Odyssey Technologies Ltd,BSE,530175.BO,INE213B01019,70.36,2025-12-05,41.02,-41.7,10588.0,562366.0,152.0,ok
530179,RSC International Ltd,BSE,530179.BO,INE015F01019,62.04,2025-12-05,26.5,-57.29,6126.0,183888.0,152.0,ok
530187,Atharv Enterprises Ltd,BSE,530187.BO,INE354E01031,3.1,2025-12-05,3.7,19.35,22225.0,80733.0,152.0,ok
530185,Surat Trade and Mercantile Ltd,BSE,530185.BO,INE936A01025,5.33,2025-12-05,4.51,-15.38,91943.0,445661.0,152.0,ok
530043,Acknit Industries Ltd,BSE,530043.BO,INE326C01017,256.15,2025-12-05,282.25,10.19,707.0,190067.0,152.0,ok
526859,ISF Ltd,BSE,526859.BO,INE973B01026,0.9,2025-12-05,0.86,-4.44,37003.0,35433.0,152.0,ok
526869,Kumbhat Financial Services Ltd,BSE,526869.BO,INE795E01019,23.11,2025-12-05,20.97,-9.26,563.0,12567.0,153.0,ok
526861,Rishi Laser Ltd,BSE,526861.BO,INE988D01012,134.75,2025-12-05,113.0,-16.14,7139.0,866094.0,152.0,ok
530145,Kisan Mouldings Ltd,BSE,530145.BO,INE017C01012,27.65,2025-12-05,34.77,25.75,157682.0,4866973.0,152.0,ok
526865,Jainco Projects India Ltd,BSE,526865.BO,INE966C01010,7.05,2025-12-05,4.51,-36.03,2097.0,13928.0,152.0,ok
526877,Siddheswari Garments Ltd,BSE,526877.BO,INE797C01019,18.31,2025-12-05,17.59,-3.93,356.0,7091.0,152.0,ok
526899,Himalaya Food International Ltd,BSE,526899.BO,INE552B01010,9.92,2025-12-05,9.97,0.5,90091.0,861807.0,152.0,ok
526871,Intec Capital Ltd,BSE,526871.BO,INE017E01018,14.39,2025-12-05,15.8,9.8,3913.0,49240.0,152.0,ok
526873,Rajasthan Securities Ltd,BSE,526873.BO,INE184D01026,43.0,2025-12-05,46.11,7.23,70168.0,2692867.0,152.0,ok
526901,Sonal Adhesives Ltd,BSE,526901.BO,INE344I01017,47.31,2025-12-05,40.1,-15.24,1065.0,43127.0,152.0,ok
526891,Market Creators Ltd,BSE,526891.BO,INE944C01017,12.63,2025-12-05,14.7,16.39,259.0,3566.0,152.0,ok
526967,Heera Ispat Ltd,BSE,526967.BO,INE025D01013,7.9,2025-12-05,8.63,9.24,8125.0,62637.0,152.0,ok
526941,Vaishno Cement Company Ltd,BSE,526941.BO,INE116E01018,6.79,2025-12-05,4.05,-40.35,1557.0,7971.0,154.0,ok
530027,Aadi Industries Ltd,BSE,530027.BO,INE563D01013,6.64,2025-12-05,9.0,35.54,14395.0,132658.0,152.0,ok
526931,Hariyana Ship Breakers Ltd,BSE,526931.BO,INE400G01011,111.05,2025-12-05,98.7,-11.12,3414.0,363348.0,152.0,ok
526977,Crimson Metal Engineering Company Ltd,BSE,526977.BO,INE318P01016,43.66,2025-12-05,48.28,10.58,107.0,5253.0,154.0,ok
527005,Shree Pacetronix Ltd,BSE,527005.BO,INE847D01010,242.65,2025-12-05,130.75,-46.12,7784.0,1518193.0,152.0,ok
531562,Pushpsons Industries Ltd,BSE,531562.BO,,9.0,2025-12-05,9.0,0.0,0.0,0.0,155.0,ok
526945,Tyroon Tea Company Ltd,BSE,526945.BO,INE945B01016,97.97,2025-12-05,90.5,-7.62,289.0,26907.0,153.0,ok
526971,Dhoot Industrial Finance Ltd,BSE,526971.BO,INE313G01016,227.5,2025-12-05,213.2,-6.29,1702.0,356903.0,152.0,ok
530163,Kerala Ayurveda Ltd,BSE,530163.BO,INE817B01025,341.9,2025-12-05,187.8,-45.07,16775.0,3962664.0,152.0,ok
526965,Gujarat Craft Industries Ltd,BSE,526965.BO,INE372D01019,119.7,2025-12-05,99.65,-16.75,2739.0,317478.0,152.0,ok
890237,TIL Ltd,BSE,890237.BO,IN9806C01016,,,,,,,,no_data
523031,A D S Diagnostics Ltd,BSE,523031.BO,,11.34,2025-12-05,11.34,0.0,0.0,0.0,155.0,ok
