symbol,name,exchange,yahoo_ticker,series_or_group,isin,bse_sector,bse_mktcap_cr,isin_norm
20MICRONS,20 Microns Limited,NSE,20MICRONS.NS,EQ,INE144J01027,,,INE144J01027
PITTIENG,Pitti Engineering Limited,NSE,PITTIENG.NS,EQ,INE450D01021,,,INE450D01021
PFS,PTC India Financial Services Limited,NSE,PFS.NS,EQ,INE560K01014,,,INE560K01014
PGEL,PG Electroplast Limited,NSE,PGEL.NS,EQ,INE457L01029,,,INE457L01029
PGHH,Procter & Gamble Hygiene and Health Care Limited,NSE,PGHH.NS,EQ,INE179A01014,,,INE179A01014
PGHL,Procter & Gamble Health Limited,NSE,PGHL.NS,EQ,INE199A01012,,,INE199A01012
PGIL,Pearl Global Industries Limited,NSE,PGIL.NS,EQ,INE940H01022,,,INE940H01022
PHOENIXLTD,The Phoenix Mills Limited,NSE,PHOENIXLTD.NS,EQ,INE211B01039,,,INE211B01039
PICCADIL,Piccadily Agro Industries Limited,NSE,PICCADIL.NS,EQ,INE546C01010,,,INE546C01010
PIDILITIND,Pidilite Industries Limited,NSE,PIDILITIND.NS,EQ,INE318A01026,,,INE318A01026
PIGL,Power & Instrumentation (Gujarat) Limited,NSE,PIGL.NS,EQ,INE557Z01018,,,INE557Z01018
PIIND,PI Industries Limited,NSE,PIIND.NS,EQ,INE603J01030,,,INE603J01030
PILANIINVS,Pilani Investment and Industries Corporation Limited,NSE,PILANIINVS.NS,EQ,INE417C01014,,,INE417C01014
PILITA,PIL ITALICA LIFESTYLE LIMITED,NSE,PILITA.NS,BE,INE600A01035,,,INE600A01035
PINELABS,Pine Labs Limited,NSE,PINELABS.NS,EQ,INE15B701018,,,INE15B701018
PIONEEREMB,Pioneer Embroideries Limited,NSE,PIONEEREMB.NS,EQ,INE156C01018,,,INE156C01018
PIONRINV,Pioneer Investcorp Limited,NSE,PIONRINV.NS,EQ,INE746D01014,,,INE746D01014
PFOCUS,Prime Focus Limited,NSE,PFOCUS.NS,BE,INE367G01038,,,INE367G01038
PFIZER,Pfizer Limited,NSE,PFIZER.NS,EQ,INE182A01018,,,INE182A01018
PFC,Power Finance Corporation Limited,NSE,PFC.NS,EQ,INE134E01011,,,INE134E01011
PCBL,PCBL Chemical Limited,NSE,PCBL.NS,EQ,INE602A01031,,,INE602A01031
PATELENG,Patel Engineering Limited,NSE,PATELENG.NS,EQ,INE244B01030,,,INE244B01030
PATELRMART,Patel Retail Limited,NSE,PATELRMART.NS,EQ,INE0R8B01010,,,INE0R8B01010
PATINTLOG,Patel Integrated Logistics Limited,NSE,PATINTLOG.NS,EQ,INE529D01014,,,INE529D01014
PAUSHAKLTD,Paushak Limited,NSE,PAUSHAKLTD.NS,EQ,INE111F01024,,,INE111F01024
PAVNAIND,Pavna Industries Limited,NSE,PAVNAIND.NS,BE,INE07S101038,,,INE07S101038
PAYTM,One 97 Communications Limited,NSE,PAYTM.NS,EQ,INE982J01020,,,INE982J01020
PCJEWELLER,PC Jeweller Limited,NSE,PCJEWELLER.NS,EQ,INE785M01021,,,INE785M01021
PETRONET,Petronet LNG Limited,NSE,PETRONET.NS,EQ,INE347G01014,,,INE347G01014
PDMJEPAPER,Pudumjee Paper Products Limited,NSE,PDMJEPAPER.NS,EQ,INE865T01018,,,INE865T01018
PDSL,PDS Limited,NSE,PDSL.NS,EQ,INE111Q01021,,,INE111Q01021
PEARLPOLY,Pearl Polymers Limited,NSE,PEARLPOLY.NS,BE,INE844A01013,,,INE844A01013
PENIND,Pennar Industries Limited,NSE,PENIND.NS,EQ,INE932A01024,,,INE932A01024
PENINLAND,Peninsula Land Limited,NSE,PENINLAND.NS,BE,INE138A01028,,,INE138A01028
PERSISTENT,Persistent Systems Limited,NSE,PERSISTENT.NS,EQ,INE262H01021,,,INE262H01021
PIRAMALFIN,Piramal Finance Limited,NSE,PIRAMALFIN.NS,EQ,INE202B01038,,,INE202B01038
PIXTRANS,Pix Transmissions Limited,NSE,PIXTRANS.NS,EQ,INE751B01018,,,INE751B01018
RUPA,Rupa & Company Limited,NSE,RUPA.NS,EQ,INE895B01021,,,INE895B01021
PKTEA,The Peria Karamalai Tea & Produce Company Limited,NSE,PKTEA.NS,EQ,INE431F01018,,,INE431F01018
PONNIERODE,Ponni Sugars (Erode) Limited,NSE,PONNIERODE.NS,EQ,INE838E01017,,,INE838E01017
POONAWALLA,Poonawalla Fincorp Limited,NSE,POONAWALLA.NS,EQ,INE511C01022,,,INE511C01022
POWERGRID,Power Grid Corporation of India Limited,NSE,POWERGRID.NS,EQ,INE752E01010,,,INE752E01010
POWERICA,Powerica Limited,NSE,POWERICA.NS,EQ,INE921L01032,,,INE921L01032
POWERINDIA,Hitachi Energy India Limited,NSE,POWERINDIA.NS,EQ,INE07Y701011,,,INE07Y701011
POWERMECH,Power Mech Projects Limited,NSE,POWERMECH.NS,EQ,INE211R01019,,,INE211R01019
PPAP,PPAP Automotive Limited,NSE,PPAP.NS,EQ,INE095I01015,,,INE095I01015
PPL,Prakash Pipes Limited,NSE,PPL.NS,EQ,INE050001010,,,INE050001010
PPLPHARMA,Piramal Pharma Limited,NSE,PPLPHARMA.NS,EQ,INE0DK501011,,,INE0DK501011
PRABHA,Prabha Energy Limited,NSE,PRABHA.NS,EQ,INE0I0M01023,,,INE0I0M01023
PRADPME,Pradeep Metals Limited,NSE,PRADPME.NS,EQ,INE770A01010,,,INE770A01010
PRAENG,Prajay Engineers Syndicate Limited,NSE,PRAENG.NS,EQ,INE505C01016,,,INE505C01016
PRAJIND,Praj Industries Limited,NSE,PRAJIND.NS,EQ,INE074A01025,,,INE074A01025
PRAKASH,Prakash Industries Limited,NSE,PRAKASH.NS,EQ,INE603A01013,,,INE603A01013
PRAKASHSTL,Prakash Steelage Limited,NSE,PRAKASHSTL.NS,EQ,INE696K01024,,,INE696K01024
POLYPLEX,Polyplex Corporation Limited,NSE,POLYPLEX.NS,EQ,INE633B01018,,,INE633B01018
POLYMED,Poly Medicure Limited,NSE,POLYMED.NS,EQ,INE205C01021,,,INE205C01021
POLYCAB,Polycab India Limited,NSE,POLYCAB.NS,EQ,INE455K01017,,,INE455K01017
PNBHOUSING,PNB Housing Finance Limited,NSE,PNBHOUSING.NS,EQ,INE572E01012,,,INE572E01012
PLASTIBLEN,Plastiblends India Limited,NSE,PLASTIBLEN.NS,EQ,INE083C01022,,,INE083C01022
PLATIND,Platinum Industries Limited,NSE,PLATIND.NS,EQ,INE0PT501018,,,INE0PT501018
PLAZACABLE,Plaza Wires Limited,NSE,PLAZACABLE.NS,BE,INE0INJ01017,,,INE0INJ01017
PML,Paul Merchants Limited,NSE,PML.NS,EQ,INE291E01019,,,INE291E01019
PNB,Punjab National Bank,NSE,PNB.NS,EQ,INE160A01022,,,INE160A01022
PNBGILTS,PNB Gilts Limited,NSE,PNBGILTS.NS,EQ,INE859A01011,,,INE859A01011
PNC,Pritish Nandy Communications Limited,NSE,PNC.NS,EQ,INE392B01011,,,INE392B01011
POLICYBZR,PB Fintech Limited,NSE,POLICYBZR.NS,EQ,INE417T01026,,,INE417T01026
PNCINFRA,PNC Infratech Limited,NSE,PNCINFRA.NS,EQ,INE195J01029,,,INE195J01029
PNGJL,P N Gadgil Jewellers Limited,NSE,PNGJL.NS,EQ,INE953R01016,,,INE953R01016
PNGSREVA,PNGS Reva Diamond Jewellery Limited,NSE,PNGSREVA.NS,EQ,INE1RDG01013,,,INE1RDG01013
POCL,Pondy Oxides & Chemicals Limited,NSE,POCL.NS,EQ,INE063E01053,,,INE063E01053
PODDARMENT,Poddar Pigments Limited,NSE,PODDARMENT.NS,EQ,INE371C01013,,,INE371C01013
POKARNA,Pokarna Limited,NSE,POKARNA.NS,EQ,INE637C01025,,,INE637C01025
PATANJALI,Patanjali Foods Limited,NSE,PATANJALI.NS,EQ,INE619A01035,,,INE619A01035
PASUPTAC,Pasupati Acrylon Limited,NSE,PASUPTAC.NS,EQ,INE818B01023,,,INE818B01023
PASHUPATI,Pashupati Cotspin Limited,NSE,PASHUPATI.NS,EQ,INE124Y01028,,,INE124Y01028
PARSVNATH,Parsvnath Developers Limited,NSE,PARSVNATH.NS,BE,INE561H01026,,,INE561H01026
OMAXE,Omaxe Limited,NSE,OMAXE.NS,EQ,INE800H01010,,,INE800H01010
OMFREIGHT,Om Freight Forwarders Limited,NSE,OMFREIGHT.NS,EQ,INE1BZC01019,,,INE1BZC01019
OMINFRAL,OM INFRA LIMITED,NSE,OMINFRAL.NS,EQ,INE239D01028,,,INE239D01028
OMNI,Omnitech Engineering Limited,NSE,OMNI.NS,EQ,INE0UH301010,,,INE0UH301010
OMPOWER,Om Power Transmission Limited,NSE,OMPOWER.NS,EQ,INE25E901019,,,INE25E901019
ONELIFECAP,Onelife Capital Advisors Limited,NSE,ONELIFECAP.NS,BE,INE912L01015,,,INE912L01015
ONEPOINT,One Point One Solutions Limited,NSE,ONEPOINT.NS,EQ,INE840Y01029,,,INE840Y01029
ONESOURCE,Onesource Specialty Pharma Limited,NSE,ONESOURCE.NS,EQ,INE013P01021,,,INE013P01021
ONGC,Oil & Natural Gas Corporation Limited,NSE,ONGC.NS,EQ,INE213A01029,,,INE213A01029
ONMOBILE,OnMobile Global Limited,NSE,ONMOBILE.NS,EQ,INE809I01019,,,INE809I01019
ONWARDTEC,Onward Technologies Limited,NSE,ONWARDTEC.NS,EQ,INE229A01017,,,INE229A01017
OPTIEMUS,Optiemus Infracom Limited,NSE,OPTIEMUS.NS,EQ,INE350C01017,,,INE350C01017
ORBTEXP,Orbit Exports Limited,NSE,ORBTEXP.NS,EQ,INE231G01010,,,INE231G01010
ORCHASP,Orchasp Limited,NSE,ORCHASP.NS,EQ,INE215B01022,,,INE215B01022
ORCHPHARMA,Orchid Pharma Limited,NSE,ORCHPHARMA.NS,EQ,INE191A01027,,,INE191A01027
OMAXAUTO,Omax Autos Limited,NSE,OMAXAUTO.NS,BE,INE090B01011,,,INE090B01011
OLECTRA,Olectra Greentech Limited,NSE,OLECTRA.NS,EQ,INE260D01016,,,INE260D01016
OLAELEC,Ola Electric Mobility Limited,NSE,OLAELEC.NS,EQ,INE0LXG01040,,,INE0LXG01040
NYKAA,FSN E-Commerce Ventures Limited,NSE,NYKAA.NS,EQ,INE388Y01029,,,INE388Y01029
NTPC,NTPC Limited,NSE,NTPC.NS,EQ,INE733E01010,,,INE733E01010
NTPCGREEN,NTPC Green Energy Limited,NSE,NTPCGREEN.NS,EQ,INE0ONG01011,,,INE0ONG01011
NUCLEUS,Nucleus Software Exports Limited,NSE,NUCLEUS.NS,EQ,INE096B01018,,,INE096B01018
NURECA,Nureca Limited,NSE,NURECA.NS,EQ,INE0DSF01015,,,INE0DSF01015
NUVAMA,Nuvama Wealth Management Limited,NSE,NUVAMA.NS,EQ,INE531F01023,,,INE531F01023
NUVOCO,Nuvoco Vistas Corporation Limited,NSE,NUVOCO.NS,EQ,INE118D01016,,,INE118D01016
OAL,Oriental Aromatics Limited,NSE,OAL.NS,EQ,INE959C01023,,,INE959C01023
OILCOUNTUB,Oil Country Tubular Limited,NSE,OILCOUNTUB.NS,BE,INE591A01010,,,INE591A01010
OBCL,Orissa Bengal Carrier Limited,NSE,OBCL.NS,EQ,INE426Z01016,,,INE426Z01016
OBEROIRLTY,Oberoi Realty Limited,NSE,OBEROIRLTY.NS,EQ,INE093I01010,,,INE093I01010
OCCLLTD,OCCL Limited,NSE,OCCLLTD.NS,EQ,INE0PK601023,,,INE0PK601023
ODIGMA,Odigma Consultancy Solutions Limited,NSE,ODIGMA.NS,EQ,INE054301028,,,INE054301028
OFSS,Oracle Financial Services Software Limited,NSE,OFSS.NS,EQ,INE881D01027,,,INE881D01027
OIL,Oil India Limited,NSE,OIL.NS,EQ,INE274J01014,,,INE274J01014
ORICONENT,Oricon Enterprises Limited,NSE,ORICONENT.NS,EQ,INE730A01022,,,INE730A01022
ORIENTALTL,Oriental Trimex Limited,NSE,ORIENTALTL.NS,EQ,INE998H01012,,,INE998H01012
ORIENTBELL,Orient Bell Limited,NSE,ORIENTBELL.NS,EQ,INE607D01018,,,INE607D01018
PAR,Par Drugs And Chemicals Limited,NSE,PAR.NS,EQ,INE04LG01015,,,INE04LG01015
PALASHSECU,Palash Securities Limited,NSE,PALASHSECU.NS,EQ,INE471W01019,,,INE471W01019
PALREDTEC,Palred Technologies Limited,NSE,PALREDTEC.NS,BE,INE218G01033,,,INE218G01033
PANACEABIO,Panacea Biotec Limited,NSE,PANACEABIO.NS,EQ,INE922B01023,,,INE922B01023
PANACHE,Panache Digilife Limited,NSE,PANACHE.NS,EQ,INE895W01019,,,INE895W01019
PANAMAPET,Panama Petrochem Limited,NSE,PANAMAPET.NS,EQ,INE305C01029,,,INE305C01029
PANSARI,Pansari Developers Limited,NSE,PANSARI.NS,EQ,INE697V01011,,,INE697V01011
PARACABLES,Paramount Communications Limited,NSE,PARACABLES.NS,EQ,INE074B01023,,,INE074B01023
PAISALO,Paisalo Digital Limited,NSE,PAISALO.NS,EQ,INE420C01059,,,INE420C01059
PARADEEP,Paradeep Phosphates Limited,NSE,PARADEEP.NS,EQ,INE088F01024,,,INE088F01024
PARAGMILK,Parag Milk Foods Limited,NSE,PARAGMILK.NS,EQ,INE883N01014,,,INE883N01014
PARAS,Paras Defence and Space Technologies Limited,NSE,PARAS.NS,EQ,INE045601023,,,INE045601023
PARASPETRO,Paras Petrofils Limited,NSE,PARASPETRO.NS,EQ,INE162C01024,,,INE162C01024
PARKHOSPS,Park Medi World Limited,NSE,PARKHOSPS.NS,EQ,INE119201023,,,INE119201023
PARKHOTELS,Apeejay Surrendra Park Hotels Limited,NSE,PARKHOTELS.NS,EQ,INE988S01028,,,INE988S01028
PAKKA,PAKKA LIMITED,NSE,PAKKA.NS,EQ,INE551D01018,,,INE551D01018
PAGEIND,Page Industries Limited,NSE,PAGEIND.NS,EQ,INE761H01022,,,INE761H01022
ORIENTCEM,Orient Cement Limited,NSE,ORIENTCEM.NS,EQ,INE876N01018,,,INE876N01018
ORISSAMINE,The Orissa Minerals Development Company Limited,NSE,ORISSAMINE.NS,EQ,INE725E01024,,,INE725E01024
ORIENTCER,ORIENT CERATECH LIMITED,NSE,ORIENTCER.NS,EQ,INE569C01020,,,INE569C01020
ORIENTELEC,Orient Electric Limited,NSE,ORIENTELEC.NS,EQ,INE142Z01019,,,INE142Z01019
ORIENTHOT,Oriental Hotels Limited,NSE,ORIENTHOT.NS,EQ,INE750A01020,,,INE750A01020
ORIENTLTD,Orient Press Limited,NSE,ORIENTLTD.NS,EQ,INE609C01024,,,INE609C01024
ORIENTPPR,Orient Paper & Industries Limited,NSE,ORIENTPPR.NS,EQ,INE592A01026,,,INE592A01026
ORIENTTECH,Orient Technologies Limited,NSE,ORIENTTECH.NS,EQ,INE0PPK01015,,,INE0PPK01015
ORKLAINDIA,Orkla India Limited,NSE,ORKLAINDIA.NS,EQ,INE16NZ01023,,,INE16NZ01023
PACEDIGITK,Pace Digitek Limited,NSE,PACEDIGITK.NS,EQ,INE0S3G01027,,,INE0S3G01027
ORTINGLOBE,ORTIN GLOBAL LIMITED,NSE,ORTINGLOBE.NS,EQ,INE749B01020,,,INE749B01020
OSIAHYPER,Osia Hyper Retail Limited,NSE,OSIAHYPER.NS,BE,INE06IR01021,,,INE06IR01021
OSWALAGRO,Oswal Agro Mills Limited,NSE,OSWALAGRO.NS,BE,INE142A01012,,,INE142A01012
OSWALGREEN,Oswal Greentech Limited,NSE,OSWALGREEN.NS,EQ,INE143A01010,,,INE143A01010
OSWALPUMPS,Oswal Pumps Limited,NSE,OSWALPUMPS.NS,EQ,INE0BYP01024,,,INE0BYP01024
OSWALSEEDS,ShreeOswal Seeds And Chemicals Limited,NSE,OSWALSEEDS.NS,EQ,INE00IK01029,,,INE00IK01029
PRAVEG,Praveg Limited,NSE,PRAVEG.NS,EQ,INE722B01019,,,INE722B01019
PRAXIS,Praxis Home Retail Limited,NSE,PRAXIS.NS,BE,INE546Y01022,,,INE546Y01022
PRECAM,Precision Camshafts Limited,NSE,PRECAM.NS,EQ,INE484I01029,,,INE484I01029
RBA,Restaurant Brands Asia Limited,NSE,RBA.NS,EQ,INE07T201019,,,INE07T201019
REPL,Rudrabhishek Enterprises Limited,NSE,REPL.NS,EQ,INE364Z01019,,,INE364Z01019
REPRO,Repro India Limited,NSE,REPRO.NS,EQ,INE461B01014,,,INE461B01014
RESPONIND,Responsive Industries Limited,NSE,RESPONIND.NS,EQ,INE688D01026,,,INE688D01026
RETAIL,JHS Svendgaard Retail Ventures Limited,NSE,RETAIL.NS,EQ,INE03DD01011,,,INE03DD01011
RGL,Renaissance Global Limited,NSE,RGL.NS,EQ,INE722H01024,,,INE722H01024
RHETAN,Rhetan TMT Limited,NSE,RHETAN.NS,EQ,INE0KKN01029,,,INE0KKN01029
RHIM,RHI MAGNESITA INDIA LIMITED,NSE,RHIM.NS,EQ,INE743M01012,,,INE743M01012
RHL,Robust Hotels Limited,NSE,RHL.NS,EQ,INE508K01013,,,INE508K01013
RICOAUTO,Rico Auto Industries Limited,NSE,RICOAUTO.NS,EQ,INE209B01025,,,INE209B01025
RIIL,Reliance Industrial Infrastructure Limited,NSE,RIIL.NS,EQ,INE046A01015,,,INE046A01015
RISHABH,Rishabh Instruments Limited,NSE,RISHABH.NS,EQ,INE0N2P01017,,,INE0N2P01017
RITCO,Ritco Logistics Limited,NSE,RITCO.NS,EQ,INE01EG01016,,,INE01EG01016
RITES,RITES Limited,NSE,RITES.NS,EQ,INE320J01015,,,INE320J01015
RKDL,Ravi Kumar Distilleries Limited,NSE,RKDL.NS,EQ,INE722J01012,,,INE722J01012
RKEC,RKEC Projects Limited,NSE,RKEC.NS,EQ,INE786W01010,,,INE786W01010
REPCOHOME,Repco Home Finance Limited,NSE,REPCOHOME.NS,EQ,INE612J01015,,,INE612J01015
RENUKA,Shree Renuka Sugars Limited,NSE,RENUKA.NS,EQ,INE087H01022,,,INE087H01022
REMSONSIND,Remsons Industries Limited,NSE,REMSONSIND.NS,EQ,INE474C01023,,,INE474C01023
REFEX,Refex Industries Limited,NSE,REFEX.NS,EQ,INE056I01025,,,INE056I01025
RBZJEWEL,RBZ Jewellers Limited,NSE,RBZJEWEL.NS,EQ,INE0PEQ01016,,,INE0PEQ01016
RCF,Rashtriya Chemicals and Fertilizers Limited,NSE,RCF.NS,EQ,INE027A01015,,,INE027A01015
RCOM,Reliance Communications Limited,NSE,RCOM.NS,BE,INE330H01018,,,INE330H01018
RECLTD,REC Limited,NSE,RECLTD.NS,EQ,INE020B01018,,,INE020B01018
REDINGTON,Redington Limited,NSE,REDINGTON.NS,EQ,INE891D01026,,,INE891D01026
REDTAPE,Redtape Limited,NSE,REDTAPE.NS,EQ,INE0LXT01019,,,INE0LXT01019
REGAAL,Regaal Resources Limited,NSE,REGAAL.NS,BE,INE0MHO01029,,,INE0MHO01029
RELTD,Ravindra Energy Limited,NSE,RELTD.NS,EQ,INE206N01018,,,INE206N01018
REGENCERAM,Regency Ceramics Limited,NSE,REGENCERAM.NS,EQ,INE277C01012,,,INE277C01012
RELAXO,Relaxo Footwears Limited,NSE,RELAXO.NS,EQ,INE131B01039,,,INE131B01039
RELCHEMQ,Reliance Chemotex Industries Limited,NSE,RELCHEMQ.NS,EQ,INE750D01016,,,INE750D01016
RELIABLE,Reliable Data Services Limited,NSE,RELIABLE.NS,EQ,INE375Y01018,,,INE375Y01018
RELIANCE,Reliance Industries Limited,NSE,RELIANCE.NS,EQ,INE002A01018,,,INE002A01018
RELIGARE,Religare Enterprises Limited,NSE,RELIGARE.NS,EQ,INE621H01010,,,INE621H01010
RKFORGE,Ramkrishna Forgings Limited,NSE,RKFORGE.NS,EQ,INE399G01023,,,INE399G01023
RKSWAMY,R K Swamy Limited,NSE,RKSWAMY.NS,EQ,INE0NQ801033,,,INE0NQ801033
RMC,RMC Switchgears Limited,NSE,RMC.NS,BE,INE655V01019,,,INE655V01019
RSYSTEMS,R Systems International Limited,NSE,RSYSTEMS.NS,EQ,INE411H01032,,,INE411H01032
RRIL,RRIL Limited,NSE,RRIL.NS,EQ,INE951M01037,,,INE951M01037
RRKABEL,R R Kabel Limited,NSE,RRKABEL.NS,EQ,INE777K01022,,,INE777K01022
RSDFIN,RSD Finance Limited,NSE,RSDFIN.NS,EQ,INE616F01022,,,INE616F01022
RSL,Rajputana Stainless Limited,NSE,RSL.NS,EQ,INE313L01016,,,INE313L01016
RSSOFTWARE,R. S. Software (India) Limited,NSE,RSSOFTWARE.NS,BE,INE165B01029,,,INE165B01029
RSWM,RSWM Limited,NSE,RSWM.NS,EQ,INE611A01016,,,INE611A01016
RTNINDIA,RattanIndia Enterprises Limited,NSE,RTNINDIA.NS,EQ,INE834M01019,,,INE834M01019
RPSGVENT,RPSG VENTURES LIMITED,NSE,RPSGVENT.NS,EQ,INE425Y01011,,,INE425Y01011
RTNPOWER,RattanIndia Power Limited,NSE,RTNPOWER.NS,EQ,INE399K01017,,,INE399K01017
RUBFILA,Rubfila International Limited,NSE,RUBFILA.NS,EQ,INE642C01025,,,INE642C01025
RUBICON,Rubicon Research Limited,NSE,RUBICON.NS,EQ,INE506V01022,,,INE506V01022
RUBYMILLS,The Ruby Mills Limited,NSE,RUBYMILLS.NS,BE,INE301D01026,,,INE301D01026
RUCHINFRA,Ruchi Infrastructure Limited,NSE,RUCHINFRA.NS,EQ,INE413B01023,,,INE413B01023
RUCHIRA,Ruchira Papers Limited,NSE,RUCHIRA.NS,EQ,INE803H01014,,,INE803H01014
RPTECH,Rashi Peripherals Limited,NSE,RPTECH.NS,EQ,INE0J1F01024,,,INE0J1F01024
RPPL,Rajshree Polypack Limited,NSE,RPPL.NS,EQ,INE760W01023,,,INE760W01023
RMDRIP,R M Drip and Sprinklers Systems Limited,NSE,RMDRIP.NS,EQ,INE219Y01026,,,INE219Y01026
ROSSARI,Rossari Biotech Limited,NSE,ROSSARI.NS,EQ,INE02A801020,,,INE02A801020
RML,Rane (Madras) Limited,NSE,RML.NS,EQ,INE050H01012,,,INE050H01012
RNBDENIMS,R&B Denims Limited,NSE,RNBDENIMS.NS,EQ,INE012Q01039,,,INE012Q01039
ROHLTD,Royal Orchid Hotels Limited,NSE,ROHLTD.NS,EQ,INE283H01019,,,INE283H01019
ROLEXRINGS,Rolex Rings Limited,NSE,ROLEXRINGS.NS,EQ,INE645S01024,,,INE645S01024
ROLLT,Rollatainers Limited,NSE,ROLLT.NS,BE,INE927A01040,,,INE927A01040
ROML,Raj Oil Mills Limited,NSE,ROML.NS,EQ,INE294G01026,,,INE294G01026
ROSSELLIND,Rossell India Limited,NSE,ROSSELLIND.NS,EQ,INE847C01020,,,INE847C01020
RPPINFRA,R.P.P. Infra Projects Limited,NSE,RPPINFRA.NS,EQ,INE324L01013,,,INE324L01013
ROSSTECH,Rossell Techsys Limited,NSE,ROSSTECH.NS,EQ,INE0OJW01016,,,INE0OJW01016
ROTO,Roto Pumps Limited,NSE,ROTO.NS,EQ,INE535D01037,,,INE535D01037
ROUTE,ROUTE MOBILE LIMITED,NSE,ROUTE.NS,EQ,INE450U01017,,,INE450U01017
RPEL,Raghav Productivity Enhancers Limited,NSE,RPEL.NS,EQ,INE912T01018,,,INE912T01018
RPGLIFE,RPG Life Sciences Limited,NSE,RPGLIFE.NS,EQ,INE105J01010,,,INE105J01010
RPOWER,Reliance Power Limited,NSE,RPOWER.NS,EQ,INE614G01033,,,INE614G01033
RBLBANK,RBL Bank Limited,NSE,RBLBANK.NS,EQ,INE976G01028,,,INE976G01028
RAYMONDREL,Raymond Realty Limited,NSE,RAYMONDREL.NS,EQ,INE1SY401010,,,INE1SY401010
PRECOT,Precot Limited,NSE,PRECOT.NS,EQ,INE283A01014,,,INE283A01014
RAYMONDLSL,Raymond Lifestyle Limited,NSE,RAYMONDLSL.NS,EQ,INE02ID01020,,,INE02ID01020
PRUDENT,Prudent Corporate Advisory Services Limited,NSE,PRUDENT.NS,EQ,INE00F201020,,,INE00F201020
PRUDMOULI,Prudential Sugar Corporation Limited,NSE,PRUDMOULI.NS,EQ,INE024D01016,,,INE024D01016
PSB,Punjab & Sind Bank,NSE,PSB.NS,EQ,INE608A01012,,,INE608A01012
PSPPROJECT,PSP Projects Limited,NSE,PSPPROJECT.NS,EQ,INE488V01015,,,INE488V01015
PTC,PTC India Limited,NSE,PTC.NS,EQ,INE877F01012,,,INE877F01012
PTCIL,PTC Industries Limited,NSE,PTCIL.NS,EQ,INE596F01018,,,INE596F01018
PTL,PTL Enterprises Limited,NSE,PTL.NS,EQ,INE034D01049,,,INE034D01049
PUNJABCHEM,Punjab Chemicals & Crop Protection Limited,NSE,PUNJABCHEM.NS,EQ,INE277B01014,,,INE277B01014
PURVA,Puravankara Limited,NSE,PURVA.NS,EQ,INE323I01011,,,INE323I01011
PVP,PVP Ventures Limited,NSE,PVP.NS,EQ,INE362A01016,,,INE362A01016
PVRINOX,PVR INOX Limited,NSE,PVRINOX.NS,EQ,INE191H01014,,,INE191H01014
PVSL,Popular Vehicles and Services Limited,NSE,PVSL.NS,EQ,INE772T01024,,,INE772T01024
PWL,Physicswallah Limited,NSE,PWL.NS,EQ,INE0LP301011,,,INE0LP301011
PYRAMID,Pyramid Technoplast Limited,NSE,PYRAMID.NS,EQ,INE0MIS01010,,,INE0MIS01010
QPOWER,Quality Power Electrical Equipments Limited,NSE,QPOWER.NS,BE,INE0SII01026,,,INE0SII01026
PRSMJOHNSN,Prism Johnson Limited,NSE,PRSMJOHNSN.NS,EQ,INE010A01011,,,INE010A01011
PROZONER,Prozone Realty Limited,NSE,PROZONER.NS,EQ,INE195N01013,,,INE195N01013
PROTEAN,Protean eGov Technologies Limited,NSE,PROTEAN.NS,EQ,INE004A01022,,,INE004A01022
PRESTIGE,Prestige Estates Projects Limited,NSE,PRESTIGE.NS,EQ,INE811K01011,,,INE811K01011
PRECWIRE,Precision Wires India Limited,NSE,PRECWIRE.NS,EQ,INE372C01037,,,INE372C01037
PREMCO,Premco Global Limited,NSE,PREMCO.NS,EQ,INE001E01012,,,INE001E01012
PREMEXPLN,Premier Explosives Limited,NSE,PREMEXPLN.NS,EQ,INE863B01029,,,INE863B01029
PREMIER,Premier Limited,NSE,PREMIER.NS,BE,INE342A01018,,,INE342A01018
PREMIERENE,Premier Energies Limited,NSE,PREMIERENE.NS,EQ,INE0BS701011,,,INE0BS701011
PREMIERPOL,Premier Polyfilm Limited,NSE,PREMIERPOL.NS,BE,INE309M01020,,,INE309M01020
PRICOLLTD,Pricol Limited,NSE,PRICOLLTD.NS,EQ,INE726V01018,,,INE726V01018
PROSTARM,Prostarm Info Systems Limited,NSE,PROSTARM.NS,EQ,INE0BX301013,,,INE0BX301013
PRIMESECU,Prime Securities Limited,NSE,PRIMESECU.NS,EQ,INE032B01021,,,INE032B01021
PRIMO,Primo Chemicals Limited,NSE,PRIMO.NS,EQ,INE607A01022,,,INE607A01022
PRINCEPIPE,Prince Pipes And Fittings Limited,NSE,PRINCEPIPE.NS,EQ,INE689W01016,,,INE689W01016
PRITI,Priti International Limited,NSE,PRITI.NS,BE,INE974Z01015,,,INE974Z01015
PRITIKAUTO,Pritika Auto Industries Limited,NSE,PRITIKAUTO.NS,EQ,INE583R01029,,,INE583R01029
PRIVISCL,Privi Speciality Chemicals Limited,NSE,PRIVISCL.NS,EQ,INE959A01019,,,INE959A01019
QUADFUTURE,Quadrant Future Tek Limited,NSE,QUADFUTURE.NS,EQ,INE0LRY01011,,,INE0LRY01011
QUESS,Quess Corp Limited,NSE,QUESS.NS,EQ,INE615P01015,,,INE615P01015
QUICKHEAL,Quick Heal Technologies Limited,NSE,QUICKHEAL.NS,BE,INE306L01010,,,INE306L01010
RAMKY,Ramky Infrastructure Limited,NSE,RAMKY.NS,EQ,INE874I01013,,,INE874I01013
RAMANEWS,Shree Rama Newsprint Limited,NSE,RAMANEWS.NS,EQ,INE278B01020,,,INE278B01020
RAMAPHO,Rama Phosphates Limited,NSE,RAMAPHO.NS,EQ,INE809A01032,,,INE809A01032
RAMASTEEL,Rama Steel Tubes Limited,NSE,RAMASTEEL.NS,EQ,INE230R01035,,,INE230R01035
RAMCOCEM,The Ramco Cements Limited,NSE,RAMCOCEM.NS,EQ,INE331A01037,,,INE331A01037
RAMCOIND,Ramco Industries Limited,NSE,RAMCOIND.NS,EQ,INE614A01028,,,INE614A01028
RAMCOSYS,Ramco Systems Limited,NSE,RAMCOSYS.NS,EQ,INE246B01019,,,INE246B01019
RAMRAT,Ram Ratna Wires Limited,NSE,RAMRAT.NS,EQ,INE207E01023,,,INE207E01023
RAJTV,Raj Television Network Limited,NSE,RAJTV.NS,EQ,INE952H01027,,,INE952H01027
RANASUG,Rana Sugars Limited,NSE,RANASUG.NS,EQ,INE625B01014,,,INE625B01014
RANEHOLDIN,Rane Holdings Limited,NSE,RANEHOLDIN.NS,EQ,INE384A01010,,,INE384A01010
RATEGAIN,Rategain Travel Technologies Limited,NSE,RATEGAIN.NS,EQ,INE0CLI01024,,,INE0CLI01024
RATNAMANI,Ratnamani Metals & Tubes Limited,NSE,RATNAMANI.NS,EQ,INE703B01027,,,INE703B01027
RATNAVEER,Ratnaveer Precision Engineering Limited,NSE,RATNAVEER.NS,EQ,INE05CZ01011,,,INE05CZ01011
RAYMOND,Raymond Limited,NSE,RAYMOND.NS,EQ,INE301A01014,,,INE301A01014
RALLIS,Rallis India Limited,NSE,RALLIS.NS,EQ,INE613A01020,,,INE613A01020
RAJSREESUG,Rajshree Sugars & Chemicals Limited,NSE,RAJSREESUG.NS,EQ,INE562B01019,,,INE562B01019
QUINT,Quint Digital Limited,NSE,QUINT.NS,EQ,INE641R01017,,,INE641R01017
RADIOCITY,Music Broadcast Limited,NSE,RADIOCITY.NS,EQ,INE919I01024,,,INE919I01024
RACE,Race Eco Chain Limited,NSE,RACE.NS,BE,INE084Q01012,,,INE084Q01012
RACLGEAR,RACL Geartech Limited,NSE,RACLGEAR.NS,EQ,INE704B01017,,,INE704B01017
RADAAN,Radaan Mediaworks India Limited,NSE,RADAAN.NS,EQ,INE874F01027,,,INE874F01027
RADHIKAJWE,Radhika Jeweltech Limited,NSE,RADHIKAJWE.NS,EQ,INE583V01021,,,INE583V01021
RADIANTCMS,Radiant Cash Management Services Limited,NSE,RADIANTCMS.NS,EQ,INE855R01021,,,INE855R01021
RADICO,Radico Khaitan Limited,NSE,RADICO.NS,EQ,INE944F01028,,,INE944F01028
RAILTEL,Railtel Corporation Of India Limited,NSE,RAILTEL.NS,EQ,INE0DD101019,,,INE0DD101019
RAJRILTD,Raj Rayon Industries Limited,NSE,RAJRILTD.NS,BE,INE533D01032,,,INE533D01032
RAIN,Rain Industries Limited,NSE,RAIN.NS,EQ,INE855B01025,,,INE855B01025
RAINBOW,Rainbow Childrens Medicare Limited,NSE,RAINBOW.NS,EQ,INE961O01016,,,INE961O01016
RAJMET,Rajnandini Metal Limited,NSE,RAJMET.NS,EQ,INE00KV01022,,,INE00KV01022
RAJOOENG,Rajoo Engineers Limited,NSE,RAJOOENG.NS,EQ,INE535F01024,,,INE535F01024
RAJPALAYAM,Rajapalayam Mills Limited,NSE,RAJPALAYAM.NS,EQ,INE296E01026,,,INE296E01026
RAJRATAN,Rajratan Global Wire Limited,NSE,RAJRATAN.NS,EQ,INE451D01029,,,INE451D01029
NSLNISP,NMDC Steel Limited,NSE,NSLNISP.NS,EQ,INE0NNS01018,,,INE0NNS01018
NSIL,Nalwa Sons Investments Limited,NSE,NSIL.NS,EQ,INE023A01030,,,INE023A01030
NRL,Nupur Recyclers Limited,NSE,NRL.NS,EQ,INE0JM501013,,,INE0JM501013
MAHEPC,Mahindra EPC Irrigation Limited,NSE,MAHEPC.NS,EQ,INE215D01010,,,INE215D01010
MANGLMCEM,Mangalam Cement Limited,NSE,MANGLMCEM.NS,EQ,INE347A01017,,,INE347A01017
MANINDS,Man Industries (India) Limited,NSE,MANINDS.NS,EQ,INE993A01026,,,INE993A01026
MANINFRA,Man Infraconstruction Limited,NSE,MANINFRA.NS,EQ,INE949H01023,,,INE949H01023
MANKIND,Mankind Pharma Limited,NSE,MANKIND.NS,EQ,INE634S01028,,,INE634S01028
MANOMAY,Manomay Tex India Limited,NSE,MANOMAY.NS,EQ,INE784W01015,,,INE784W01015
MANORAMA,Manorama Industries Limited,NSE,MANORAMA.NS,EQ,INE00VM01036,,,INE00VM01036
MANORG,Mangalam Organics Limited,NSE,MANORG.NS,BE,INE370D01013,,,INE370D01013
MANUGRAPH,Manugraph India Limited,NSE,MANUGRAPH.NS,EQ,INE867A01022,,,INE867A01022
MANYAVAR,Vedant Fashions Limited,NSE,MANYAVAR.NS,EQ,INE825V01034,,,INE825V01034
MAPMYINDIA,C.E. Info Systems Limited,NSE,MAPMYINDIA.NS,EQ,INE0BV301023,,,INE0BV301023
MARALOVER,Maral Overseas Limited,NSE,MARALOVER.NS,BE,INE882A01013,,,INE882A01013
MARATHON,Marathon Nextgen Realty Limited,NSE,MARATHON.NS,EQ,INE182D01020,,,INE182D01020
MARICO,Marico Limited,NSE,MARICO.NS,EQ,INE196A01026,,,INE196A01026
MARINE,Marine Electricals (India) Limited,NSE,MARINE.NS,EQ,INE01JE01028,,,INE01JE01028
MARKOLINES,Markolines Pavement Technologies Limited,NSE,MARKOLINES.NS,EQ,INE0FW001016,,,INE0FW001016
MANGALAM,Mangalam Drugs And Organics Limited,NSE,MANGALAM.NS,EQ,INE584F01014,,,INE584F01014
MANCREDIT,Mangal Credit and Fincorp Limited,NSE,MANCREDIT.NS,EQ,INE545L01039,,,INE545L01039
MANBA,Manba Finance Limited,NSE,MANBA.NS,EQ,INE939X01013,,,INE939X01013
MALLCOM,Mallcom (India) Limited,NSE,MALLCOM.NS,EQ,INE389C01015,,,INE389C01015
MAHLIFE,Mahindra Lifespace Developers Limited,NSE,MAHLIFE.NS,EQ,INE813A01018,,,INE813A01018
MAHLOG,Mahindra Logistics Limited,NSE,MAHLOG.NS,EQ,INE766P01016,,,INE766P01016
MAHSCOOTER,Maharashtra Scooters Limited,NSE,MAHSCOOTER.NS,EQ,INE288A01013,,,INE288A01013
MAHSEAMLES,Maharashtra Seamless Limited,NSE,MAHSEAMLES.NS,EQ,INE271B01025,,,INE271B01025
MAITHANALL,Maithan Alloys Limited,NSE,MAITHANALL.NS,EQ,INE683C01011,,,INE683C01011
MAJESAUT,Majestic Auto Limited,NSE,MAJESAUT.NS,EQ,INE201B01022,,,INE201B01022
MALUPAPER,Malu Paper Mills Limited,NSE,MALUPAPER.NS,EQ,INE383H01017,,,INE383H01017
MANAPPURAM,Manappuram Finance Limited,NSE,MANAPPURAM.NS,EQ,INE522D01027,,,INE522D01027
MAMATA,Mamata Machinery Limited,NSE,MAMATA.NS,EQ,INE0TO701015,,,INE0TO701015
MANAKALUCO,Manaksia Aluminium Company Limited,NSE,MANAKALUCO.NS,EQ,INE859Q01017,,,INE859Q01017
MANAKCOAT,Manaksia Coated Metals & Industries Limited,NSE,MANAKCOAT.NS,EQ,INE830Q01018,,,INE830Q01018
MANAKSIA,Manaksia Limited,NSE,MANAKSIA.NS,EQ,INE015D01022,,,INE015D01022
MANAKSTEEL,Manaksia Steels Limited,NSE,MANAKSTEEL.NS,BE,INE824Q01011,,,INE824Q01011
MANALIPETC,Manali Petrochemicals Limited,NSE,MANALIPETC.NS,EQ,INE201A01024,,,INE201A01024
MARKSANS,Marksans Pharma Limited,NSE,MARKSANS.NS,EQ,INE750C01026,,,INE750C01026
MARSONS,Marsons Limited,NSE,MARSONS.NS,EQ,INE415B01044,,,INE415B01044
MARUTI,Maruti Suzuki India Limited,NSE,MARUTI.NS,EQ,INE585B01010,,,INE585B01010
MEESHO,Meesho Limited,NSE,MEESHO.NS,EQ,INE0VDM01015,,,INE0VDM01015
MCX,Multi Commodity Exchange of India Limited,NSE,MCX.NS,EQ,INE745G01043,,,INE745G01043
MEDANTA,Global Health Limited,NSE,MEDANTA.NS,EQ,INE474Q01031,,,INE474Q01031
MEDIASSIST,Medi Assist Healthcare Services Limited,NSE,MEDIASSIST.NS,EQ,INE456Z01021,,,INE456Z01021
MEDICAMEQ,Medicamen Biotech Limited,NSE,MEDICAMEQ.NS,EQ,INE646B01010,,,INE646B01010
MEDICO,Medico Remedies Limited,NSE,MEDICO.NS,EQ,INE630Y01024,,,INE630Y01024
MEDPLUS,Medplus Health Services Limited,NSE,MEDPLUS.NS,EQ,INE804L01022,,,INE804L01022
MEGASTAR,Megastar Foods Limited,NSE,MEGASTAR.NS,EQ,INE00EM01016,,,INE00EM01016
MCLEODRUSS,Mcleod Russel India Limited,NSE,MCLEODRUSS.NS,BE,INE942G01012,,,INE942G01012
MEIL,Mangal Electrical Industries Limited,NSE,MEIL.NS,BE,INE0PKD01011,,,INE0PKD01011
MENNPIS,Menon Pistons Limited,NSE,MENNPIS.NS,EQ,INE650G01029,,,INE650G01029
MENONBE,Menon Bearings Limited,NSE,MENONBE.NS,EQ,INE071D01033,,,INE071D01033
MERCANTILE,Mercantile Ventures Limited,NSE,MERCANTILE.NS,EQ,INE689O01013,,,INE689O01013
MERCURYEV,Mercury Ev-Tech Limited,NSE,MERCURYEV.NS,BE,INE763M01028,,,INE763M01028
METROBRAND,Metro Brands Limited,NSE,METROBRAND.NS,EQ,INE317I01021,,,INE317I01021
MCLOUD,Magellanic Cloud Limited,NSE,MCLOUD.NS,EQ,INE613C01026,,,INE613C01026
MCL,M TEK COPPER LIMITED,NSE,MCL.NS,EQ,INE813V01022,,,INE813V01022
MASFIN,MAS Financial Services Limited,NSE,MASFIN.NS,EQ,INE348L01012,,,INE348L01012
MAXHEALTH,Max Healthcare Institute Limited,NSE,MAXHEALTH.NS,EQ,INE027H01010,,,INE027H01010
MASKINVEST,Mask Investments Limited,NSE,MASKINVEST.NS,BE,INE885F01015,,,INE885F01015
MASTEK,Mastek Limited,NSE,MASTEK.NS,EQ,INE759A01021,,,INE759A01021
MASTERTR,Master Trust Limited,NSE,MASTERTR.NS,EQ,INE677D01037,,,INE677D01037
MATRIMONY,Matrimony.Com Limited,NSE,MATRIMONY.NS,EQ,INE866R01028,,,INE866R01028
MAWANASUG,Mawana Sugars Limited,NSE,MAWANASUG.NS,BE,INE636A01039,,,INE636A01039
MAXESTATES,Max Estates Limited,NSE,MAXESTATES.NS,EQ,INE03EI01018,,,INE03EI01018
MAXIND,Max India Limited,NSE,MAXIND.NS,EQ,INE0CG601016,,,INE0CG601016
MCCHRLS-B,Mac Charles India Limited,NSE,MCCHRLS-B.NS,EQ,INE435D01014,,,INE435D01014
MAYURUNIQ,Mayur Uniquoters Ltd,NSE,MAYURUNIQ.NS,EQ,INE040D01038,,,INE040D01038
MAZDA,Mazda Limited,NSE,MAZDA.NS,EQ,INE885E01042,,,INE885E01042
MAZDOCK,Mazagon Dock Shipbuilders Limited,NSE,MAZDOCK.NS,EQ,INE249Z01020,,,INE249Z01020
MBAPL,Madhya Bharat Agro Products Limited,NSE,MBAPL.NS,EQ,INE900L01010,,,INE900L01010
MBEL,M & B Engineering Limited,NSE,MBEL.NS,EQ,INE08N601015,,,INE08N601015
MBLINFRA,MBL Infrastructure Limited,NSE,MBLINFRA.NS,EQ,INE912H01013,,,INE912H01013
MAHESHWARI,Maheshwari Logistics Limited,NSE,MAHESHWARI.NS,BE,INE263W01010,,,INE263W01010
MAHASTEEL,Mahamaya Steel Industries Limited,NSE,MAHASTEEL.NS,BE,INE451L01014,,,INE451L01014
METROPOLIS,Metropolis Healthcare Limited,NSE,METROPOLIS.NS,EQ,INE112L01020,,,INE112L01020
MAHAPEXLTD,Maha Rashtra Apex Corporation Limited,NSE,MAHAPEXLTD.NS,EQ,INE843B01013,,,INE843B01013
LEMONTREE,Lemon Tree Hotels Limited,NSE,LEMONTREE.NS,EQ,INE970X01018,,,INE970X01018
LENSKART,Lenskart Solutions Limited,NSE,LENSKART.NS,EQ,INE956O01016,,,INE956O01016
LEXUS,Lexus Granito (India) Limited,NSE,LEXUS.NS,EQ,INE500X01013,,,INE500X01013
LFIC,Lakshmi Finance & Industrial Corporation Limited,NSE,LFIC.NS,EQ,INE850E01012,,,INE850E01012
LGBBROSLTD,LG Balakrishnan & Bros Limited,NSE,LGBBROSLTD.NS,EQ,INE337A01034,,,INE337A01034
LGEINDIA,LG Electronics India Limited,NSE,LGEINDIA.NS,EQ,INE324D01010,,,INE324D01010
LGHL,Laxmi Goldorna House Limited,NSE,LGHL.NS,EQ,INE258Y01016,,,INE258Y01016
LIBAS,Libas Consumer Products Limited,NSE,LIBAS.NS,EQ,INE908V01012,,,INE908V01012
LIBERTSHOE,Liberty Shoes Limited,NSE,LIBERTSHOE.NS,EQ,INE557B01019,,,INE557B01019
LICHSGFIN,LIC Housing Finance Limited,NSE,LICHSGFIN.NS,EQ,INE115A01026,,,INE115A01026
LICI,Life Insurance Corporation Of India,NSE,LICI.NS,EQ,INE0J1Y01017,,,INE0J1Y01017
LIKHITHA,Likhitha Infrastructure Limited,NSE,LIKHITHA.NS,BE,INE060901027,,,INE060901027
LINC,Linc Limited,NSE,LINC.NS,EQ,INE802B01027,,,INE802B01027
LINCOLN,Lincoln Pharmaceuticals Limited,NSE,LINCOLN.NS,EQ,INE405C01035,,,INE405C01035
LINDEINDIA,Linde India Limited,NSE,LINDEINDIA.NS,EQ,INE473A01011,,,INE473A01011
LEMERITE,Le Merite Exports Limited,NSE,LEMERITE.NS,EQ,INE0G1L01025,,,INE0G1L01025
LCCINFOTEC,LCC Infotech Limited,NSE,LCCINFOTEC.NS,EQ,INE938A01021,,,INE938A01021
LAXMIINDIA,Laxmi India Finance Limited,NSE,LAXMIINDIA.NS,BE,INE06WU01026,,,INE06WU01026
LANDMARK,Landmark Cars Limited,NSE,LANDMARK.NS,EQ,INE559R01029,,,INE559R01029
LAGNAM,Lagnam Spintex Limited,NSE,LAGNAM.NS,EQ,INE548Z01017,,,INE548Z01017
LAHOTIOV,Lahoti Overseas Limited,NSE,LAHOTIOV.NS,EQ,INE515C01023,,,INE515C01023
LAL,Lorenzini Apparels Limited,NSE,LAL.NS,EQ,INE740X01023,,,INE740X01023
LALPATHLAB,Dr. Lal Path Labs Ltd.,NSE,LALPATHLAB.NS,EQ,INE600L01024,,,INE600L01024
LAMBODHARA,Lambodhara Textiles Limited,NSE,LAMBODHARA.NS,EQ,INE112F01022,,,INE112F01022
LANCORHOL,Lancor Holdings Limited,NSE,LANCORHOL.NS,EQ,INE572G01025,,,INE572G01025
LANDSMILL,Landsmill Green Limited,NSE,LANDSMILL.NS,EQ,INE688J01023,,,INE688J01023
LAXMIDENTL,Laxmi Dental Limited,NSE,LAXMIDENTL.NS,EQ,INE0WO601020,,,INE0WO601020
LAOPALA,La Opala RG Limited,NSE,LAOPALA.NS,EQ,INE059D01020,,,INE059D01020
LASA,Lasa Supergenerics Limited,NSE,LASA.NS,EQ,INE670X01014,,,INE670X01014
LATENTVIEW,Latent View Analytics Limited,NSE,LATENTVIEW.NS,EQ,INE0I7C01011,,,INE0I7C01011
LATTEYS,Latteys Industries Limited,NSE,LATTEYS.NS,BE,INE262Z01023,,,INE262Z01023
LAURUSLABS,Laurus Labs Limited,NSE,LAURUSLABS.NS,EQ,INE947Q01028,,,INE947Q01028
LAXMICOT,Laxmi Cotspin Limited,NSE,LAXMICOT.NS,EQ,INE801V01019,,,INE801V01019
LLOYDSENGG,LLOYDS ENGINEERING WORKS LIMITED,NSE,LLOYDSENGG.NS,EQ,INE093R01011,,,INE093R01011
LLOYDSENT,Lloyds Enterprises Limited,NSE,LLOYDSENT.NS,EQ,INE080I01025,,,INE080I01025
LLOYDSME,Lloyds Metals And Energy Limited,NSE,LLOYDSME.NS,EQ,INE281B01032,,,INE281B01032
MADHAV,Madhav Marbles and Granites Limited,NSE,MADHAV.NS,EQ,INE925C01016,,,INE925C01016
LYKALABS,Lyka Labs Limited,NSE,LYKALABS.NS,EQ,INE933A01014,,,INE933A01014
LYPSAGEMS,Lypsa Gems & Jewellery Limited,NSE,LYPSAGEMS.NS,EQ,INE142K01011,,,INE142K01011
M&M,Mahindra & Mahindra Limited,NSE,M&M.NS,EQ,INE101A01026,,,INE101A01026
M&MFIN,Mahindra & Mahindra Financial Services Limited,NSE,M&MFIN.NS,EQ,INE774D01024,,,INE774D01024
MAANALU,Maan Aluminium Limited,NSE,MAANALU.NS,EQ,INE215I01027,,,INE215I01027
MACPOWER,Macpower CNC Machines Limited,NSE,MACPOWER.NS,EQ,INE155Z01011,,,INE155Z01011
MADHAVIPL,Madhav Infra Projects Limited,NSE,MADHAVIPL.NS,EQ,INE631R01026,,,INE631R01026
LUXIND,Lux Industries Limited,NSE,LUXIND.NS,EQ,INE150G01020,,,INE150G01020
MADHUCON,Madhucon Projects Limited,NSE,MADHUCON.NS,EQ,INE378D01032,,,INE378D01032
MADRASFERT,Madras Fertilizers Limited,NSE,MADRASFERT.NS,EQ,INE414A01015,,,INE414A01015
MAFATIND,Mafatlal Industries Limited,NSE,MAFATIND.NS,EQ,INE270B01035,,,INE270B01035
MAGADSUGAR,Magadh Sugar & Energy Limited,NSE,MAGADSUGAR.NS,EQ,INE347W01011,,,INE347W01011
MAGNUM,Magnum Ventures Limited,NSE,MAGNUM.NS,EQ,INE387I01016,,,INE387I01016
MAHABANK,Bank of Maharashtra,NSE,MAHABANK.NS,EQ,INE457A01014,,,INE457A01014
LXCHEM,Laxmi Organic Industries Limited,NSE,LXCHEM.NS,EQ,INE576O01020,,,INE576O01020
LUPIN,Lupin Limited,NSE,LUPIN.NS,EQ,INE326A01037,,,INE326A01037
LMW,LMW Limited,NSE,LMW.NS,EQ,INE269B01029,,,INE269B01029
LOYALTEX,Loyal Textile Mills Limited,NSE,LOYALTEX.NS,BE,INE970D01010,,,INE970D01010
LODHA,Lodha Developers Limited,NSE,LODHA.NS,EQ,INE670K01029,,,INE670K01029
LOKESHMACH,Lokesh Machines Limited,NSE,LOKESHMACH.NS,BE,INE397H01017,,,INE397H01017
LORDSCHLO,Lords Chloro Alkali Limited,NSE,LORDSCHLO.NS,EQ,INE846D01012,,,INE846D01012
LOTUSDEV,Sri Lotus Developers and Realty Limited,NSE,LOTUSDEV.NS,EQ,INE0V9Q01010,,,INE0V9Q01010
LOTUSEYE,Lotus Eye Hospital and Institute Limited,NSE,LOTUSEYE.NS,EQ,INE947I01017,,,INE947I01017
LOVABLE,Lovable Lingerie Limited,NSE,LOVABLE.NS,EQ,INE597L01014,,,INE597L01014
LPDC,Landmark Property Development Company Limited,NSE,LPDC.NS,EQ,INE197J01017,,,INE197J01017
LUMAXTECH,Lumax Auto Technologies Limited,NSE,LUMAXTECH.NS,EQ,INE872H01027,,,INE872H01027
LT,Larsen & Toubro Limited,NSE,LT.NS,EQ,INE018A01030,,,INE018A01030
LTF,L&T Finance Limited,NSE,LTF.NS,EQ,INE498L01015,,,INE498L01015
LTFOODS,LT Foods Limited,NSE,LTFOODS.NS,EQ,INE818H01020,,,INE818H01020
LTM,LTM Limited,NSE,LTM.NS,EQ,INE214T01019,,,INE214T01019
LTTS,L&T Technology Services Limited,NSE,LTTS.NS,EQ,INE010V01017,,,INE010V01017
LUMAXIND,Lumax Industries Limited,NSE,LUMAXIND.NS,EQ,INE162B01018,,,INE162B01018
METROGLOBL,Metroglobal Limited,NSE,METROGLOBL.NS,EQ,INE085D01033,,,INE085D01033
MFML,Mahalaxmi Fabric Mills Limited,NSE,MFML.NS,EQ,INE0US801024,,,INE0US801024
NRBBEARING,NRB Bearing Limited,NSE,NRBBEARING.NS,EQ,INE349A01021,,,INE349A01021
NATCAPSUQ,Natural Capsules Limited,NSE,NATCAPSUQ.NS,EQ,INE936B01015,,,INE936B01015
NDTV,New Delhi Television Limited,NSE,NDTV.NS,EQ,INE155G01029,,,INE155G01029
NEAGI,Neelamalai Agro Industries Limited,NSE,NEAGI.NS,EQ,INE605D01012,,,INE605D01012
NECCLTD,North Eastern Carrying Corporation Limited,NSE,NECCLTD.NS,EQ,INE553C01016,,,INE553C01016
NECLIFE,Nectar Lifesciences Limited,NSE,NECLIFE.NS,BE,INE023H01027,,,INE023H01027
NELCAST,Nelcast Limited,NSE,NELCAST.NS,EQ,INE189I01024,,,INE189I01024
NELCO,NELCO Limited,NSE,NELCO.NS,EQ,INE045B01015,,,INE045B01015
NEOGEN,Neogen Chemicals Limited,NSE,NEOGEN.NS,EQ,INE136S01016,,,INE136S01016
NEPHROPLUS,Nephrocare Health Services Limited,NSE,NEPHROPLUS.NS,EQ,INE428V01029,,,INE428V01029
NESCO,Nesco Limited,NSE,NESCO.NS,EQ,INE317F01035,,,INE317F01035
NESTLEIND,Nestle India Limited,NSE,NESTLEIND.NS,EQ,INE239A01024,,,INE239A01024
NETWEB,Netweb Technologies India Limited,NSE,NETWEB.NS,EQ,INE0NT901020,,,INE0NT901020
NETWORK18,Network18 Media & Investments Limited,NSE,NETWORK18.NS,EQ,INE870H01013,,,INE870H01013
NEULANDLAB,Neuland Laboratories Limited,NSE,NEULANDLAB.NS,EQ,INE794A01010,,,INE794A01010
NEWGEN,Newgen Software Technologies Limited,NSE,NEWGEN.NS,EQ,INE619B01017,,,INE619B01017
NEXTMEDIA,Next Mediaworks Limited,NSE,NEXTMEDIA.NS,EQ,INE747B01016,,,INE747B01016
NDRAUTO,Ndr Auto Components Limited,NSE,NDRAUTO.NS,EQ,INE07OG01012,,,INE07OG01012
NDLVENTURE,NDL Ventures Limited,NSE,NDLVENTURE.NS,EQ,INE353A01023,,,INE353A01023
NDL,Nandan Denim Limited,NSE,NDL.NS,EQ,INE875G01048,,,INE875G01048
NAVKARCORP,Navkar Corporation Limited,NSE,NAVKARCORP.NS,EQ,INE278M01019,,,INE278M01019
NATHBIOGEN,Nath Bio-Genes (India) Limited,NSE,NATHBIOGEN.NS,EQ,INE448G01010,,,INE448G01010
NATIONALUM,National Aluminium Company Limited,NSE,NATIONALUM.NS,EQ,INE139A01034,,,INE139A01034
NATIONSTD,National Standard (India) Limited,NSE,NATIONSTD.NS,EQ,INE166R01015,,,INE166R01015
NAUKRI,Info Edge (India) Limited,NSE,NAUKRI.NS,EQ,INE663F01032,,,INE663F01032
NAVA,NAVA LIMITED,NSE,NAVA.NS,EQ,INE725A01030,,,INE725A01030
NAVINFLUOR,Navin Fluorine International Limited,NSE,NAVINFLUOR.NS,EQ,INE048G01026,,,INE048G01026
NAVKARURB,Navkar Urbanstructure Limited,NSE,NAVKARURB.NS,EQ,INE268H01044,,,INE268H01044
NDGL,Naga Dhunseri Group Limited,NSE,NDGL.NS,EQ,INE756C01015,,,INE756C01015
NAVNETEDUL,Navneet Education Limited,NSE,NAVNETEDUL.NS,EQ,INE060A01024,,,INE060A01024
NAZARA,Nazara Technologies Limited,NSE,NAZARA.NS,EQ,INE418L01047,,,INE418L01047
NBCC,NBCC (India) Limited,NSE,NBCC.NS,EQ,INE095N01031,,,INE095N01031
NBIFIN,N. B. I. Industrial Finance Company Limited,NSE,NBIFIN.NS,EQ,INE365I01020,,,INE365I01020
NCC,NCC Limited,NSE,NCC.NS,EQ,INE868B01028,,,INE868B01028
NCLIND,NCL Industries Limited,NSE,NCLIND.NS,EQ,INE732C01016,,,INE732C01016
NFL,National Fertilizers Limited,NSE,NFL.NS,EQ,INE870D01012,,,INE870D01012
NGIL,Nakoda Group of Industries Limited,NSE,NGIL.NS,BE,INE236Y01012,,,INE236Y01012
NGLFINE,NGL Fine-Chem Limited,NSE,NGLFINE.NS,EQ,INE887E01022,,,INE887E01022
NOCIL,NOCIL Limited,NSE,NOCIL.NS,EQ,INE163A01018,,,INE163A01018
NITIRAJ,Nitiraj Engineers Limited,NSE,NITIRAJ.NS,EQ,INE439T01012,,,INE439T01012
NITTAGELA,Nitta Gelatin India Limited,NSE,NITTAGELA.NS,EQ,INE265B01019,,,INE265B01019
NIVABUPA,Niva Bupa Health Insurance Company Limited,NSE,NIVABUPA.NS,EQ,INE995S01015,,,INE995S01015
NKIND,NK Industries Limited,NSE,NKIND.NS,EQ,INE542C01019,,,INE542C01019
NLCINDIA,NLC India Limited,NSE,NLCINDIA.NS,EQ,INE589A01014,,,INE589A01014
NMDC,NMDC Limited,NSE,NMDC.NS,EQ,INE584A01023,,,INE584A01023
NOIDATOLL,Noida Toll Bridge Company Limited,NSE,NOIDATOLL.NS,BE,INE781B01015,,,INE781B01015
NITCO,Nitco Limited,NSE,NITCO.NS,EQ,INE858F01012,,,INE858F01012
NORBTEAEXP,Norben Tea & Exports Limited,NSE,NORBTEAEXP.NS,EQ,INE369C01017,,,INE369C01017
NORTHARC,Northern Arc Capital Limited,NSE,NORTHARC.NS,EQ,INE850M01015,,,INE850M01015
NOVAAGRI,Nova Agritech Limited,NSE,NOVAAGRI.NS,EQ,INE02H701025,,,INE02H701025
NOVARTIND,Novartis India Limited,NSE,NOVARTIND.NS,EQ,INE234A01025,,,INE234A01025
NPST,Network People Services Technologies Limited,NSE,NPST.NS,EQ,INE0FFK01017,,,INE0FFK01017
NRAIL,N R Agarwal Industries Limited,NSE,NRAIL.NS,EQ,INE740D01017,,,INE740D01017
NITINSPIN,Nitin Spinners Limited,NSE,NITINSPIN.NS,EQ,INE229H01012,,,INE229H01012
NIRLON,Nirlon Limited,NSE,NIRLON.NS,EQ,INE910A01012,,,INE910A01012
NH,Narayana Hrudayalaya Ltd.,NSE,NH.NS,EQ,INE410P01011,,,INE410P01011
NILAINFRA,Nila Infrastructures Limited,NSE,NILAINFRA.NS,EQ,INE937C01029,,,INE937C01029
NHPC,NHPC Limited,NSE,NHPC.NS,EQ,INE848E01016,,,INE848E01016
NIACL,The New India Assurance Company Limited,NSE,NIACL.NS,EQ,INE470Y01017,,,INE470Y01017
NIBE,NIBE Limited,NSE,NIBE.NS,EQ,INE149O01018,,,INE149O01018
NIBL,NRB Industrial Bearings Limited,NSE,NIBL.NS,EQ,INE047O01014,,,INE047O01014
NIITLTD,NIIT Limited,NSE,NIITLTD.NS,EQ,INE161A01038,,,INE161A01038
NIITMTS,NIIT Learning Systems Limited,NSE,NIITMTS.NS,EQ,INE342G01023,,,INE342G01023
NILASPACES,Nila Spaces Limited,NSE,NILASPACES.NS,EQ,INE00S901012,,,INE00S901012
NIRAJISPAT,Niraj Ispat Industries Limited,NSE,NIRAJISPAT.NS,EQ,INE326T01011,,,INE326T01011
NILE,Nile Limited,NSE,NILE.NS,EQ,INE445D01013,,,INE445D01013
NILKAMAL,Nilkamal Limited,NSE,NILKAMAL.NS,EQ,INE310A01015,,,INE310A01015
NIMBSPROJ,Nimbus Projects Limited,NSE,NIMBSPROJ.NS,BE,INE875B01015,,,INE875B01015
NINSYS,NINtec Systems Limited,NSE,NINSYS.NS,BE,INE395U01014,,,INE395U01014
NIPPOBATRY,Indo-National Limited,NSE,NIPPOBATRY.NS,EQ,INE567A01028,,,INE567A01028
NIRAJ,Niraj Cement Structurals Limited,NSE,NIRAJ.NS,BE,INE368I01016,,,INE368I01016
NATCOPHARM,Natco Pharma Limited,NSE,NATCOPHARM.NS,EQ,INE987B01026,,,INE987B01026
NARMADA,Narmada Agrobase Limited,NSE,NARMADA.NS,EQ,INE117Z01011,,,INE117Z01011
MFSL,Max Financial Services Limited,NSE,MFSL.NS,EQ,INE180A01020,,,INE180A01020
NAM-INDIA,Nippon Life India Asset Management Limited,NSE,NAM-INDIA.NS,EQ,INE298J01013,,,INE298J01013
MOBIKWIK,One Mobikwik Systems Limited,NSE,MOBIKWIK.NS,EQ,INE0HLU01028,,,INE0HLU01028
MODINATUR,Modi Naturals Limited,NSE,MODINATUR.NS,BE,INE537F01012,,,INE537F01012
MODIRUBBER,Modi Rubber Limited,NSE,MODIRUBBER.NS,EQ,INE832A01018,,,INE832A01018
MODIS,Modis Navnirman Limited,NSE,MODIS.NS,EQ,INE0L0L01012,,,INE0L0L01012
MODISONLTD,MODISON LIMITED,NSE,MODISONLTD.NS,BE,INE737D01021,,,INE737D01021
MODTHREAD,Modern Threads (India) Limited,NSE,MODTHREAD.NS,EQ,INE794W01014,,,INE794W01014
MOHITIND,Mohit Industries Limited,NSE,MOHITIND.NS,EQ,INE954E01012,,,INE954E01012
MOIL,MOIL Limited,NSE,MOIL.NS,EQ,INE490G01020,,,INE490G01020
MOKSH,Moksh Ornaments Limited,NSE,MOKSH.NS,EQ,INE514Y01020,,,INE514Y01020
MOL,Meghmani Organics Limited,NSE,MOL.NS,EQ,INE0CT101020,,,INE0CT101020
MOLDTECH,Mold-Tek Technologies Limited,NSE,MOLDTECH.NS,EQ,INE835B01035,,,INE835B01035
MOLDTKPAC,Mold-Tek Packaging Limited,NSE,MOLDTKPAC.NS,EQ,INE893J01029,,,INE893J01029
MONARCH,Monarch Networth Capital Limited,NSE,MONARCH.NS,EQ,INE903D01011,,,INE903D01011
MONEYBOXX,Moneyboxx Finance Limited,NSE,MONEYBOXX.NS,EQ,INE296Q01012,,,INE296Q01012
MONTECARLO,Monte Carlo Fashions Limited,NSE,MONTECARLO.NS,EQ,INE950M01013,,,INE950M01013
MMWL,Media Matrix Worldwide Limited,NSE,MMWL.NS,BE,INE200D01020,,,INE200D01020
MMTC,MMTC Limited,NSE,MMTC.NS,EQ,INE123F01029,,,INE123F01029
MMP,MMP Industries Limited,NSE,MMP.NS,EQ,INE511Y01018,,,INE511Y01018
MIDWESTLTD,Midwest Limited,NSE,MIDWESTLTD.NS,EQ,INE0XAD01024,,,INE0XAD01024
MGEL,Mangalam Global Enterprise Limited,NSE,MGEL.NS,BE,INE0APB01032,,,INE0APB01032
MGL,Mahanagar Gas Limited,NSE,MGL.NS,EQ,INE002S01010,,,INE002S01010
MHLXMIRU,Mahalaxmi Rubtech Limited,NSE,MHLXMIRU.NS,EQ,INE112D01035,,,INE112D01035
MHRIL,Mahindra Holidays & Resorts India Limited,NSE,MHRIL.NS,EQ,INE998I01010,,,INE998I01010
MICEL,MIC Electronics Limited,NSE,MICEL.NS,EQ,INE287C01037,,,INE287C01037
MIDHANI,Mishra Dhatu Nigam Limited,NSE,MIDHANI.NS,EQ,INE099Z01011,,,INE099Z01011
MINDACORP,Minda Corporation Limited,NSE,MINDACORP.NS,EQ,INE842C01021,,,INE842C01021
MMFL,MM Forgings Limited,NSE,MMFL.NS,EQ,INE227C01017,,,INE227C01017
MINDTECK,Mindteck (India) Limited,NSE,MINDTECK.NS,EQ,INE110B01017,,,INE110B01017
MIRCELECTR,MIRC Electronics Limited,NSE,MIRCELECTR.NS,BE,INE831A01028,,,INE831A01028
MIRZAINT,Mirza International Limited,NSE,MIRZAINT.NS,EQ,INE771A01026,,,INE771A01026
MITCON,MITCON Consultancy & Engineering Services Limited,NSE,MITCON.NS,BE,INE828O01033,,,INE828O01033
MITTAL,Mittal Life Style Limited,NSE,MITTAL.NS,EQ,INE997Y01027,,,INE997Y01027
MKPL,M K Proteins Limited,NSE,MKPL.NS,EQ,INE964W01021,,,INE964W01021
MOREPENLAB,Morepen Laboratories Limited,NSE,MOREPENLAB.NS,EQ,INE083A01026,,,INE083A01026
MOSCHIP,Moschip Technologies Limited,NSE,MOSCHIP.NS,EQ,INE935B01025,,,INE935B01025
MOTHERSON,Samvardhana Motherson International Limited,NSE,MOTHERSON.NS,EQ,INE775A01035,,,INE775A01035
MWL,Mangalam Worldwide Limited,NSE,MWL.NS,EQ,INE0JYY01011,,,INE0JYY01011
MUNJALSHOW,Munjal Showa Limited,NSE,MUNJALSHOW.NS,EQ,INE577A01027,,,INE577A01027
MURUDCERA,Murudeshwar Ceramics Limited,NSE,MURUDCERA.NS,EQ,INE692B01014,,,INE692B01014
MUTHOOTCAP,Muthoot Capital Services Limited,NSE,MUTHOOTCAP.NS,EQ,INE296G01013,,,INE296G01013
MUTHOOTFIN,Muthoot Finance Limited,NSE,MUTHOOTFIN.NS,EQ,INE414G01012,,,INE414G01012
MUTHOOTMF,Muthoot Microfin Limited,NSE,MUTHOOTMF.NS,EQ,INE046W01019,,,INE046W01019
MVGJL,Manoj Vaibhav Gems N Jewellers Limited,NSE,MVGJL.NS,EQ,INE0KNT01012,,,INE0KNT01012
NACLIND,NACL Industries Limited,NSE,NACLIND.NS,EQ,INE295D01020,,,INE295D01020
MUKTAARTS,Mukta Arts Limited,NSE,MUKTAARTS.NS,EQ,INE374B01019,,,INE374B01019
NAGREEKCAP,Nagreeka Capital & Infrastructure Limited,NSE,NAGREEKCAP.NS,BE,INE245I01016,,,INE245I01016
NAGREEKEXP,Nagreeka Exports Limited,NSE,NAGREEKEXP.NS,EQ,INE123B01028,,,INE123B01028
NAHARCAP,Nahar Capital and Financial Services Limited,NSE,NAHARCAP.NS,EQ,INE049I01012,,,INE049I01012
NAHARINDUS,Nahar Industrial Enterprises Limited,NSE,NAHARINDUS.NS,EQ,INE289A01011,,,INE289A01011
NAHARPOLY,Nahar Poly Films Limited,NSE,NAHARPOLY.NS,EQ,INE308A01027,,,INE308A01027
NAHARSPING,Nahar Spinning Mills Limited,NSE,NAHARSPING.NS,BE,INE290A01027,,,INE290A01027
MUNJALAU,Munjal Auto Industries Limited,NSE,MUNJALAU.NS,EQ,INE672B01032,,,INE672B01032
MUKKA,Mukka Proteins Limited,NSE,MUKKA.NS,EQ,INE0CG401037,,,INE0CG401037
MOTILALOFS,Motilal Oswal Financial Services Limited,NSE,MOTILALOFS.NS,EQ,INE338I01027,,,INE338I01027
MSPL,MSP Steel & Power Limited,NSE,MSPL.NS,EQ,INE752G01015,,,INE752G01015
MOTISONS,Motisons Jewellers Limited,NSE,MOTISONS.NS,EQ,INE0FRK01020,,,INE0FRK01020
MOTOGENFIN,The Motor & General Finance Limited,NSE,MOTOGENFIN.NS,BE,INE861B01023,,,INE861B01023
MPHASIS,MphasiS Limited,NSE,MPHASIS.NS,EQ,INE356A01018,,,INE356A01018
MPSLTD,MPS Limited,NSE,MPSLTD.NS,EQ,INE943D01017,,,INE943D01017
MRF,MRF Limited,NSE,MRF.NS,EQ,INE883A01011,,,INE883A01011
MRPL,Mangalore Refinery and Petrochemicals Limited,NSE,MRPL.NS,EQ,INE103A01014,,,INE103A01014
MSTCLTD,Mstc Limited,NSE,MSTCLTD.NS,EQ,INE255X01014,,,INE255X01014
MUKANDLTD,Mukand Limited,NSE,MUKANDLTD.NS,EQ,INE304A01026,,,INE304A01026
MSUMI,Motherson Sumi Wiring India Limited,NSE,MSUMI.NS,EQ,INE0FS801015,,,INE0FS801015
MTARTECH,Mtar Technologies Limited,NSE,MTARTECH.NS,EQ,INE864I01014,,,INE864I01014
MTEDUCARE,MT Educare Limited,NSE,MTEDUCARE.NS,BE,INE472M01018,,,INE472M01018
MTNL,Mahanagar Telephone Nigam Limited,NSE,MTNL.NS,EQ,INE153A01019,,,INE153A01019
MUFIN,Mufin Green Finance Limited,NSE,MUFIN.NS,EQ,INE08KJ01020,,,INE08KJ01020
MUFTI,Credo Brands Marketing Limited,NSE,MUFTI.NS,EQ,INE220Q01020,,,INE220Q01020
RUDRA,Rudra Global Infra Products Limited,NSE,RUDRA.NS,BE,INE027T01023,,,INE027T01023
RUSHIL,Rushil Decor Limited,NSE,RUSHIL.NS,EQ,INE573K01025,,,INE573K01025
KUANTUM,Kuantum Papers Limited,NSE,KUANTUM.NS,EQ,INE529I01021,,,INE529I01021
TVSMOTOR,TVS Motor Company Limited,NSE,TVSMOTOR.NS,EQ,INE494B01023,,,INE494B01023
TREL,Transindia Real Estate Limited,NSE,TREL.NS,EQ,INE0O3901029,,,INE0O3901029
TRENT,Trent Limited,NSE,TRENT.NS,EQ,INE849A01020,,,INE849A01020
TRF,TRF Limited,NSE,TRF.NS,EQ,INE391D01019,,,INE391D01019
TRIDENT,Trident Limited,NSE,TRIDENT.NS,EQ,INE064C01022,,,INE064C01022
TRIGYN,Trigyn Technologies Limited,NSE,TRIGYN.NS,EQ,INE948A01012,,,INE948A01012
TRITURBINE,Triveni Turbine Limited,NSE,TRITURBINE.NS,EQ,INE152M01016,,,INE152M01016
TRIVENI,Triveni Engineering & Industries Limited,NSE,TRIVENI.NS,EQ,INE256C01024,,,INE256C01024
TRU,TruCap Finance Limited,NSE,TRU.NS,EQ,INE615R01029,,,INE615R01029
TRUALT,TruAlt Bioenergy Limited,NSE,TRUALT.NS,EQ,INE0MWH01014,,,INE0MWH01014
TSFINV,TSF INVESTMENTS LIMITED,NSE,TSFINV.NS,EQ,INE202Z01029,,,INE202Z01029
TTKHLTCARE,TTK Healthcare Limited,NSE,TTKHLTCARE.NS,EQ,INE910C01018,,,INE910C01018
TTKPRESTIG,TTK Prestige Limited,NSE,TTKPRESTIG.NS,EQ,INE690A01028,,,INE690A01028
TTL,T T Limited,NSE,TTL.NS,EQ,INE592B01024,,,INE592B01024
TTML,Tata Teleservices (Maharashtra) Limited,NSE,TTML.NS,EQ,INE517B01013,,,INE517B01013
TVSELECT,TVS Electronics Limited,NSE,TVSELECT.NS,EQ,INE236G01019,,,INE236G01019
TREJHARA,TREJHARA SOLUTIONS LIMITED,NSE,TREJHARA.NS,EQ,INE00CA01015,,,INE00CA01015
TREEHOUSE,Tree House Education & Accessories Limited,NSE,TREEHOUSE.NS,EQ,INE040M01013,,,INE040M01013
TRAVELFOOD,Travel Food Services Limited,NSE,TRAVELFOOD.NS,EQ,INE103V01028,,,INE103V01028
TORNTPOWER,Torrent Power Limited,NSE,TORNTPOWER.NS,EQ,INE813H01021,,,INE813H01021
TNPETRO,Tamilnadu PetroProducts Limited,NSE,TNPETRO.NS,EQ,INE148A01019,,,INE148A01019
TNPL,Tamil Nadu Newsprint & Papers Limited,NSE,TNPL.NS,EQ,INE107A01015,,,INE107A01015
TNTELE,Tamilnadu Telecommunication Limited,NSE,TNTELE.NS,EQ,INE141D01018,,,INE141D01018
TOKYOPLAST,Tokyo Plast International Limited,NSE,TOKYOPLAST.NS,BE,INE932C01012,,,INE932C01012
TOLINS,Tolins Tyres Limited,NSE,TOLINS.NS,EQ,INE0RWQ01014,,,INE0RWQ01014
TORNTPHARM,Torrent Pharmaceuticals Limited,NSE,TORNTPHARM.NS,EQ,INE685A01028,,,INE685A01028
TOTAL,Total Transport Systems Limited,NSE,TOTAL.NS,EQ,INE336X01012,,,INE336X01012
TRANSWORLD,TRANSWORLD SHIPPING LINES LIMITED,NSE,TRANSWORLD.NS,EQ,INE757B01015,,,INE757B01015
TOUCHWOOD,Touchwood Entertainment Limited,NSE,TOUCHWOOD.NS,EQ,INE486Y01013,,,INE486Y01013
TPHQ,Teamo Productions HQ Limited,NSE,TPHQ.NS,EQ,INE065J01024,,,INE065J01024
TPLPLASTEH,TPL Plastech Limited,NSE,TPLPLASTEH.NS,EQ,INE413G01022,,,INE413G01022
TRACXN,Tracxn Technologies Limited,NSE,TRACXN.NS,EQ,INE0HMF01019,,,INE0HMF01019
TRANSPEK,Transpek Industry Limited,NSE,TRANSPEK.NS,EQ,INE687A01016,,,INE687A01016
TRANSRAILL,Transrail Lighting Limited,NSE,TRANSRAILL.NS,EQ,INE454P01035,,,INE454P01035
TVSHLTD,TVS Holdings Limited,NSE,TVSHLTD.NS,EQ,INE105A01035,,,INE105A01035
TVSSCS,TVS Supply Chain Solutions Limited,NSE,TVSSCS.NS,EQ,INE395N01027,,,INE395N01027
RUSTOMJEE,Keystone Realtors Limited,NSE,RUSTOMJEE.NS,EQ,INE263M01029,,,INE263M01029
TVSSRICHAK,TVS Srichakra Limited,NSE,TVSSRICHAK.NS,EQ,INE421C01016,,,INE421C01016
UNICHEMLAB,Unichem Laboratories Limited,NSE,UNICHEMLAB.NS,EQ,INE351A01035,,,INE351A01035
UNIDT,United Drilling Tools Limited,NSE,UNIDT.NS,BE,INE961D01019,,,INE961D01019
UNIECOM,Unicommerce Esolutions Limited,NSE,UNIECOM.NS,EQ,INE00U401027,,,INE00U401027
UNIENTER,Uniphos Enterprises Limited,NSE,UNIENTER.NS,EQ,INE037A01022,,,INE037A01022
UNIINFO,Uniinfo Telecom Services Limited,NSE,UNIINFO.NS,BE,INE481Z01011,,,INE481Z01011
UNIMECH,Unimech Aerospace and Manufacturing Limited,NSE,UNIMECH.NS,EQ,INE0U3I01011,,,INE0U3I01011
UNIONBANK,Union Bank of India,NSE,UNIONBANK.NS,EQ,INE692A01016,,,INE692A01016
UNIPARTS,Uniparts India Limited,NSE,UNIPARTS.NS,EQ,INE244O01017,,,INE244O01017
UNITDSPR,United Spirits Limited,NSE,UNITDSPR.NS,EQ,INE854D01024,,,INE854D01024
UNITECH,Unitech Limited,NSE,UNITECH.NS,EQ,INE694A01020,,,INE694A01020
UNITEDPOLY,United Polyfab Gujarat Limited,NSE,UNITEDPOLY.NS,BE,INE368U01029,,,INE368U01029
UNITEDTEA,The United Nilgiri Tea Estates Company Limited,NSE,UNITEDTEA.NS,EQ,INE458F01011,,,INE458F01011
UNIVASTU,Univastu India Limited,NSE,UNIVASTU.NS,EQ,INE562X01013,,,INE562X01013
UNIVCABLES,Universal Cables Limited,NSE,UNIVCABLES.NS,EQ,INE279A01012,,,INE279A01012
UNIVPHOTO,Universus Photo Imagings Limited,NSE,UNIVPHOTO.NS,BE,INE03V001013,,,INE03V001013
UMIYA-MRO,UMIYA BUILDCON LIMITED,NSE,UMIYA-MRO.NS,EQ,INE398B01018,,,INE398B01018
UMESLTD,Usha Martin Education & Solutions Limited,NSE,UMESLTD.NS,BE,INE240C01028,,,INE240C01028
UMAEXPORTS,Uma Exports Limited,NSE,UMAEXPORTS.NS,BE,INE0GIU01018,,,INE0GIU01018
UEL,Ujaas Energy Limited,NSE,UEL.NS,EQ,INE899L01030,,,INE899L01030
TVTODAY,TV Today Network Limited,NSE,TVTODAY.NS,EQ,INE038F01029,,,INE038F01029
TVVISION,TV Vision Limited,NSE,TVVISION.NS,EQ,INE871L01013,,,INE871L01013
UBL,United Breweries Limited,NSE,UBL.NS,EQ,INE686F01025,,,INE686F01025
UCAL,UCAL LIMITED,NSE,UCAL.NS,EQ,INE139B01016,,,INE139B01016
UCOBANK,UCO Bank,NSE,UCOBANK.NS,EQ,INE691A01018,,,INE691A01018
UDS,Updater Services Limited,NSE,UDS.NS,EQ,INE851I01011,,,INE851I01011
UFBL,United Foodbrands Limited,NSE,UFBL.NS,EQ,INE382M01027,,,INE382M01027
ULTRAMAR,Ultramarine & Pigments Limited,NSE,ULTRAMAR.NS,EQ,INE405A01021,,,INE405A01021
UFLEX,UFLEX Limited,NSE,UFLEX.NS,EQ,INE516A01017,,,INE516A01017
UFO,UFO Moviez India Limited,NSE,UFO.NS,EQ,INE527H01019,,,INE527H01019
UGARSUGAR,The Ugar Sugar Works Limited,NSE,UGARSUGAR.NS,EQ,INE071E01023,,,INE071E01023
UGROCAP,Ugro Capital Limited,NSE,UGROCAP.NS,EQ,INE583D01011,,,INE583D01011
UJJIVANSFB,Ujjivan Small Finance Bank Limited,NSE,UJJIVANSFB.NS,EQ,INE551W01018,,,INE551W01018
ULTRACEMCO,UltraTech Cement Limited,NSE,ULTRACEMCO.NS,EQ,INE481G01011,,,INE481G01011
TMPV,Tata Motors Passenger Vehicles Limited,NSE,TMPV.NS,EQ,INE155A01022,,,INE155A01022
TMCV,Tata Motors Limited,NSE,TMCV.NS,EQ,INE1TAE01010,,,INE1TAE01010
TMB,Tamilnad Mercantile Bank Limited,NSE,TMB.NS,EQ,INE668A01016,,,INE668A01016
TITAN,Titan Company Limited,NSE,TITAN.NS,EQ,INE280A01028,,,INE280A01028
TCC,TCC Concept Limited,NSE,TCC.NS,EQ,INE887D01016,,,INE887D01016
TCI,Transport Corporation of India Limited,NSE,TCI.NS,EQ,INE688A01022,,,INE688A01022
TCIEXP,TCI Express Limited,NSE,TCIEXP.NS,EQ,INE586V01016,,,INE586V01016
TCIFINANCE,TCI Finance Limited,NSE,TCIFINANCE.NS,EQ,INE911B01018,,,INE911B01018
TCPLPACK,TCPL Packaging Limited,NSE,TCPLPACK.NS,EQ,INE822C01015,,,INE822C01015
TCS,Tata Consultancy Services Limited,NSE,TCS.NS,EQ,INE467B01029,,,INE467B01029
TDPOWERSYS,TD Power Systems Limited,NSE,TDPOWERSYS.NS,EQ,INE419M01027,,,INE419M01027
TEAMGTY,Team India Guaranty Limited,NSE,TEAMGTY.NS,EQ,INE289C01025,,,INE289C01025
TEAMLEASE,Teamlease Services Limited,NSE,TEAMLEASE.NS,EQ,INE985S01024,,,INE985S01024
TECHM,Tech Mahindra Limited,NSE,TECHM.NS,EQ,INE669C01036,,,INE669C01036
TECHNOE,Techno Electric & Engineering Company Limited,NSE,TECHNOE.NS,EQ,INE285K01026,,,INE285K01026
TECHNVISN,TechNVision Ventures Limited,NSE,TECHNVISN.NS,EQ,INE314H01012,,,INE314H01012
TECILCHEM,TECIL Chemicals and Hydro Power Limited,NSE,TECILCHEM.NS,EQ,INE014B01011,,,INE014B01011
TEGA,Tega Industries Limited,NSE,TEGA.NS,EQ,INE011K01018,,,INE011K01018
TEJASNET,Tejas Networks Limited,NSE,TEJASNET.NS,EQ,INE010J01012,,,INE010J01012
TBZ,Tribhovandas Bhimji Zaveri Limited,NSE,TBZ.NS,EQ,INE760L01018,,,INE760L01018
TBOTEK,TBO Tek Limited,NSE,TBOTEK.NS,EQ,INE673O01025,,,INE673O01025
TATVA,Tatva Chintan Pharma Chem Limited,NSE,TATVA.NS,EQ,INE0GK401011,,,INE0GK401011
TATACAP,Tata Capital Limited,NSE,TATACAP.NS,EQ,INE976I01016,,,INE976I01016
TARAPUR,Tarapur Transformers Limited,NSE,TARAPUR.NS,EQ,INE747K01017,,,INE747K01017
TARC,TARC Limited,NSE,TARC.NS,EQ,INE0EK901012,,,INE0EK901012
TARIL,Transformers And Rectifiers (India) Limited,NSE,TARIL.NS,EQ,INE763I01026,,,INE763I01026
TARMAT,Tarmat Limited,NSE,TARMAT.NS,EQ,INE924H01018,,,INE924H01018
TARSONS,Tarsons Products Limited,NSE,TARSONS.NS,EQ,INE144Z01023,,,INE144Z01023
TASTYBITE,Tasty Bite Eatables Limited,NSE,TASTYBITE.NS,EQ,INE488B01017,,,INE488B01017
TATACHEM,Tata Chemicals Limited,NSE,TATACHEM.NS,EQ,INE092A01019,,,INE092A01019
TATATECH,Tata Technologies Limited,NSE,TATATECH.NS,EQ,INE142M01025,,,INE142M01025
TATACOMM,Tata Communications Limited,NSE,TATACOMM.NS,EQ,INE151A01013,,,INE151A01013
TATACONSUM,TATA CONSUMER PRODUCTS LIMITED,NSE,TATACONSUM.NS,EQ,INE192A01025,,,INE192A01025
TATAELXSI,Tata Elxsi Limited,NSE,TATAELXSI.NS,EQ,INE670A01012,,,INE670A01012
TATAINVEST,Tata Investment Corporation Limited,NSE,TATAINVEST.NS,EQ,INE672A01026,,,INE672A01026
TATAPOWER,Tata Power Company Limited,NSE,TATAPOWER.NS,EQ,INE245A01021,,,INE245A01021
TATASTEEL,Tata Steel Limited,NSE,TATASTEEL.NS,EQ,INE081A01020,,,INE081A01020
TEMBO,Tembo Global Industries Limited,NSE,TEMBO.NS,EQ,INE869Y01010,,,INE869Y01010
TENNIND,Tenneco Clean Air India Limited,NSE,TENNIND.NS,EQ,INE19RI01016,,,INE19RI01016
TERASOFT,Tera Software Limited,NSE,TERASOFT.NS,EQ,INE482B01010,,,INE482B01010
TIMEX,Timex Group India Limited,NSE,TIMEX.NS,EQ,INE064A01026,,,INE064A01026
TIGERLOGS,Tiger Logistics (India) Limited,NSE,TIGERLOGS.NS,BE,INE906O01029,,,INE906O01029
TIIL,Technocraft Industries (India) Limited,NSE,TIIL.NS,EQ,INE545H01011,,,INE545H01011
TIINDIA,Tube Investments of India Limited,NSE,TIINDIA.NS,EQ,INE974X01010,,,INE974X01010
TIJARIA,Tijaria Polypipes Limited,NSE,TIJARIA.NS,EQ,INE440L01017,,,INE440L01017
TIL,TIL Limited,NSE,TIL.NS,EQ,INE806C01018,,,INE806C01018
TIMETECHNO,Time Technoplast Limited,NSE,TIMETECHNO.NS,EQ,INE508G01029,,,INE508G01029
TIMKEN,Timken India Limited,NSE,TIMKEN.NS,EQ,INE325A01013,,,INE325A01013
TI,Tilaknagar Industries Limited,NSE,TI.NS,EQ,INE133E01013,,,INE133E01013
TINNARUBR,Tinna Rubber and Infrastructure Limited,NSE,TINNARUBR.NS,EQ,INE015C01016,,,INE015C01016
TIPSFILMS,Tips Films Limited,NSE,TIPSFILMS.NS,EQ,INE0LQS01015,,,INE0LQS01015
TIPSMUSIC,Tips Music Limited,NSE,TIPSMUSIC.NS,EQ,INE716B01029,,,INE716B01029
TIRUMALCHM,Thirumalai Chemicals Limited,NSE,TIRUMALCHM.NS,EQ,INE338A01024,,,INE338A01024
TIRUPATIFL,Tirupati Forge Limited,NSE,TIRUPATIFL.NS,BE,INE319Y01024,,,INE319Y01024
TITAGARH,TITAGARH RAIL SYSTEMS LIMITED,NSE,TITAGARH.NS,EQ,INE615H01020,,,INE615H01020
TICL,Twamev Construction and Infrastructure Limited,NSE,TICL.NS,EQ,INE388G01026,,,INE388G01026
THYROCARE,Thyrocare Technologies Limited,NSE,THYROCARE.NS,EQ,INE594H01019,,,INE594H01019
TEXINFRA,Texmaco Infrastructure & Holdings Limited,NSE,TEXINFRA.NS,EQ,INE435C01024,,,INE435C01024
THAKDEV,Thakkers Developers Limited,NSE,THAKDEV.NS,EQ,INE403F01017,,,INE403F01017
TEXMOPIPES,Texmo Pipes and Products Limited,NSE,TEXMOPIPES.NS,EQ,INE141K01013,,,INE141K01013
TEXRAIL,Texmaco Rail & Engineering Limited,NSE,TEXRAIL.NS,EQ,INE621L01012,,,INE621L01012
TFCILTD,Tourism Finance Corporation of India Limited,NSE,TFCILTD.NS,EQ,INE305A01023,,,INE305A01023
TFL,Transwarranty Finance Limited,NSE,TFL.NS,EQ,INE804H01012,,,INE804H01012
TGBHOTELS,TGB Banquets And Hotels Limited,NSE,TGBHOTELS.NS,EQ,INE797H01018,,,INE797H01018
THACKER,Thacker & Company Limited,NSE,THACKER.NS,BE,INE077P01034,,,INE077P01034
THANGAMAYL,Thangamayil Jewellery Limited,NSE,THANGAMAYL.NS,EQ,INE085J01014,,,INE085J01014
THOMASCOTT,Thomas Scott (India) Limited,NSE,THOMASCOTT.NS,EQ,INE480M01011,,,INE480M01011
THEINVEST,The Investment Trust Of India Limited,NSE,THEINVEST.NS,EQ,INE924D01017,,,INE924D01017
THEJO,Thejo Engineering Limited,NSE,THEJO.NS,EQ,INE121N01019,,,INE121N01019
THELEELA,Leela Palaces Hotels & Resorts Limited,NSE,THELEELA.NS,EQ,INE0AQ201015,,,INE0AQ201015
THEMISMED,Themis Medicare Limited,NSE,THEMISMED.NS,EQ,INE083B01024,,,INE083B01024
THERMAX,Thermax Limited,NSE,THERMAX.NS,EQ,INE152A01029,,,INE152A01029
THOMASCOOK,Thomas Cook  (India)  Limited,NSE,THOMASCOOK.NS,EQ,INE332A01027,,,INE332A01027
UNOMINDA,UNO Minda Limited,NSE,UNOMINDA.NS,EQ,INE405E01023,,,INE405E01023
UPL,UPL Limited,NSE,UPL.NS,EQ,INE628A01036,,,INE628A01036
URAVIDEF,Uravi Defence and Technology Limited,NSE,URAVIDEF.NS,EQ,INE568Z01015,,,INE568Z01015
VOLTAS,Voltas Limited,NSE,VOLTAS.NS,EQ,INE226A01021,,,INE226A01021
WELCORP,Welspun Corp Limited,NSE,WELCORP.NS,EQ,INE191B01025,,,INE191B01025
WELENT,Welspun Enterprises Limited,NSE,WELENT.NS,EQ,INE625G01013,,,INE625G01013
WELINV,Welspun Investments and Commercials Limited,NSE,WELINV.NS,BE,INE389K01018,,,INE389K01018
WELSPLSOL,Welspun Specialty Solutions Limited,NSE,WELSPLSOL.NS,EQ,INE731F01037,,,INE731F01037
WELSPUNLIV,Welspun Living Limited,NSE,WELSPUNLIV.NS,EQ,INE192B01031,,,INE192B01031
WENDT,Wendt (India) Limited,NSE,WENDT.NS,EQ,INE274C01019,,,INE274C01019
WESTLIFE,WESTLIFE FOODWORLD LIMITED,NSE,WESTLIFE.NS,EQ,INE274F01020,,,INE274F01020
WEWIN,WE WIN LIMITED,NSE,WEWIN.NS,BE,INE082W01014,,,INE082W01014
WEWORK,WeWork India Management Limited,NSE,WEWORK.NS,EQ,INE085001019,,,INE085001019
WHEELS,Wheels India Limited,NSE,WHEELS.NS,EQ,INE715A01015,,,INE715A01015
WHIRLPOOL,Whirlpool of India Limited,NSE,WHIRLPOOL.NS,EQ,INE716A01013,,,INE716A01013
WILLAMAGOR,Williamson Magor & Company Limited,NSE,WILLAMAGOR.NS,EQ,INE210A01017,,,INE210A01017
WINDLAS,Windlas Biotech Limited,NSE,WINDLAS.NS,EQ,INE0H5O01029,,,INE0H5O01029
WINDMACHIN,Windsor Machines Limited,NSE,WINDMACHIN.NS,EQ,INE052A01021,,,INE052A01021
WIPL,The Western India Plywoods Limited,NSE,WIPL.NS,EQ,INE215F01023,,,INE215F01023
WEL,Wonder Electricals Limited,NSE,WEL.NS,EQ,INE02WG01024,,,INE02WG01024
WEIZMANIND,Weizmann Limited,NSE,WEIZMANIND.NS,EQ,INE080A01014,,,INE080A01014
WEBELSOLAR,Websol Energy System Limited,NSE,WEBELSOLAR.NS,EQ,INE855C01023,,,INE855C01023
WAAREEENER,Waaree Energies Limited,NSE,WAAREEENER.NS,EQ,INE377N01017,,,INE377N01017
VRLLOG,VRL Logistics Limited,NSE,VRLLOG.NS,EQ,INE366I01010,,,INE366I01010
VSSL,Vardhman Special Steels Limited,NSE,VSSL.NS,EQ,INE050M01012,,,INE050M01012
VSTIND,VST Industries Limited,NSE,VSTIND.NS,EQ,INE710A01016,,,INE710A01016
VSTL,Vibhor Steel Tubes Limited,NSE,VSTL.NS,EQ,INE0QTF01015,,,INE0QTF01015
VSTTILLERS,V.S.T Tillers Tractors Limited,NSE,VSTTILLERS.NS,EQ,INE764D01017,,,INE764D01017
VTL,Vardhman Textiles Limited,NSE,VTL.NS,EQ,INE825A01020,,,INE825A01020
WAAREEINDO,Indosolar Limited,NSE,WAAREEINDO.NS,EQ,INE866K01023,,,INE866K01023
WEALTH,Wealth First Portfolio Managers Limited,NSE,WEALTH.NS,EQ,INE658T01017,,,INE658T01017
WAAREERTL,Waaree Renewable Technologies Limited,NSE,WAAREERTL.NS,EQ,INE299N01021,,,INE299N01021
WABAG,VA Tech Wabag Limited,NSE,WABAG.NS,EQ,INE956G01038,,,INE956G01038
WAKEFIT,Wakefit Innovations Limited,NSE,WAKEFIT.NS,EQ,INE0E7301029,,,INE0E7301029
WALCHANNAG,Walchandnagar Industries Limited,NSE,WALCHANNAG.NS,EQ,INE711A01022,,,INE711A01022
WANBURY,Wanbury Limited,NSE,WANBURY.NS,EQ,INE107F01022,,,INE107F01022
WCIL,Western Carriers (India) Limited,NSE,WCIL.NS,EQ,INE0CJF01024,,,INE0CJF01024
WIPRO,Wipro Limited,NSE,WIPRO.NS,EQ,INE075A01022,,,INE075A01022
WOCKPHARMA,Wockhardt Limited,NSE,WOCKPHARMA.NS,EQ,INE049B01025,,,INE049B01025
WONDERLA,Wonderla Holidays Limited,NSE,WONDERLA.NS,EQ,INE066O01014,,,INE066O01014
ZODIACLOTH,Zodiac Clothing Company Limited,NSE,ZODIACLOTH.NS,EQ,INE206B01013,,,INE206B01013
ZENSARTECH,Zensar Technologies Limited,NSE,ZENSARTECH.NS,EQ,INE520A01027,,,INE520A01027
ZENTEC,Zen Technologies Limited,NSE,ZENTEC.NS,EQ,INE251B01027,,,INE251B01027
ZFCVINDIA,ZF Commercial Vehicle Control Systems India Limited,NSE,ZFCVINDIA.NS,EQ,INE342J01019,,,INE342J01019
ZFSTEERING,ZF Steering Gear (India) Limited,NSE,ZFSTEERING.NS,EQ,INE116C01012,,,INE116C01012
ZIMLAB,Zim Laboratories Limited,NSE,ZIMLAB.NS,BE,INE518E01015,,,INE518E01015
ZODIAC,Zodiac Energy Limited,NSE,ZODIAC.NS,BE,INE761Y01019,,,INE761Y01019
ZOTA,Zota Health Care LImited,NSE,ZOTA.NS,EQ,INE358U01012,,,INE358U01012
ZENITHEXPO,Zenith Exports Limited,NSE,ZENITHEXPO.NS,EQ,INE058B01018,,,INE058B01018
ZSARACOM,Saraswati Commercial India Limited,NSE,ZSARACOM.NS,EQ,INE967G01019,,,INE967G01019
ZUARI,Zuari Agro Chemicals Limited,NSE,ZUARI.NS,EQ,INE840M01016,,,INE840M01016
ZUARIIND,ZUARI INDUSTRIES LIMITED,NSE,ZUARIIND.NS,EQ,INE217A01012,,,INE217A01012
ZYDUSLIFE,Zydus Lifesciences Limited,NSE,ZYDUSLIFE.NS,EQ,INE010B01027,,,INE010B01027
ZYDUSWELL,Zydus Wellness Limited,NSE,ZYDUSWELL.NS,EQ,INE768C01028,,,INE768C01028
21STCENMGM,21st Century Management Services Limited,NSE,21STCENMGM.NS,EQ,INE253B01015,,,INE253B01015
ZENITHSTL,Zenith Steel Pipes & Industries Limited,NSE,ZENITHSTL.NS,EQ,INE318D01020,,,INE318D01020
ZEEMEDIA,Zee Media Corporation Limited,NSE,ZEEMEDIA.NS,EQ,INE966H01019,,,INE966H01019
WORTHPERI,Worth Peripherals Limited,NSE,WORTHPERI.NS,EQ,INE196Y01018,,,INE196Y01018
XTGLOBAL,Xtglobal Infotech Limited,NSE,XTGLOBAL.NS,EQ,INE547B01028,,,INE547B01028
WPIL,WPIL Limited,NSE,WPIL.NS,EQ,INE765D01022,,,INE765D01022
WSI,W S Industries (I) Limited,NSE,WSI.NS,EQ,INE100D01014,,,INE100D01014
WSTCSTPAPR,West Coast Paper Mills Limited,NSE,WSTCSTPAPR.NS,EQ,INE976A01021,,,INE976A01021
XCHANGING,Xchanging Solutions Limited,NSE,XCHANGING.NS,EQ,INE692G01013,,,INE692G01013
XELPMOC,Xelpmoc Design And Tech Limited,NSE,XELPMOC.NS,EQ,INE01P501012,,,INE01P501012
XPROINDIA,Xpro India Limited,NSE,XPROINDIA.NS,EQ,INE445C01015,,,INE445C01015
YASHO,Yasho Industries Limited,NSE,YASHO.NS,EQ,INE616Z01012,,,INE616Z01012
ZEELEARN,Zee Learn Limited,NSE,ZEELEARN.NS,EQ,INE565L01011,,,INE565L01011
YATHARTH,Yatharth Hospital & Trauma Care Services Limited,NSE,YATHARTH.NS,EQ,INE0JO301016,,,INE0JO301016
YATRA,Yatra Online Limited,NSE,YATRA.NS,EQ,INE0JR601024,,,INE0JR601024
YESBANK,Yes Bank Limited,NSE,YESBANK.NS,EQ,INE528G01035,,,INE528G01035
YUKEN,Yuken India Limited,NSE,YUKEN.NS,EQ,INE384C01016,,,INE384C01016
ZAGGLE,Zaggle Prepaid Ocean Services Limited,NSE,ZAGGLE.NS,EQ,INE07K301024,,,INE07K301024
ZEEL,Zee Entertainment Enterprises Limited,NSE,ZEEL.NS,EQ,INE256A01028,,,INE256A01028
VRAJ,Vraj Iron and Steel Limited,NSE,VRAJ.NS,EQ,INE0S2V01010,,,INE0S2V01010
VOLTAMP,Voltamp Transformers Limited,NSE,VOLTAMP.NS,EQ,INE540H01012,,,INE540H01012
URBANCO,Urban Company Limited,NSE,URBANCO.NS,EQ,INE0CAZ01013,,,INE0CAZ01013
VMSTMT,VMS TMT Limited,NSE,VMSTMT.NS,BE,INE0SJA01013,,,INE0SJA01013
VASCONEQ,Vascon Engineers Limited,NSE,VASCONEQ.NS,BE,INE893I01013,,,INE893I01013
VASWANI,Vaswani Industries Limited,NSE,VASWANI.NS,EQ,INE590L01019,,,INE590L01019
VBL,Varun Beverages Limited,NSE,VBL.NS,EQ,INE200M01039,,,INE200M01039
VCL,Vaxtex Cotfab Limited,NSE,VCL.NS,EQ,INE098201036,,,INE098201036
VEDL,Vedanta Limited,NSE,VEDL.NS,EQ,INE205A01025,,,INE205A01025
VEEDOL,Veedol Corporation Limited,NSE,VEEDOL.NS,EQ,INE484C01030,,,INE484C01030
VELJAN,Veljan Denison Limited,NSE,VELJAN.NS,EQ,INE232E01013,,,INE232E01013
VENKEYS,Venky's (India) Limited,NSE,VENKEYS.NS,EQ,INE398A01010,,,INE398A01010
VENTIVE,Ventive Hospitality Limited,NSE,VENTIVE.NS,EQ,INE781S01027,,,INE781S01027
VENUSPIPES,Venus Pipes & Tubes Limited,NSE,VENUSPIPES.NS,EQ,INE0JA001018,,,INE0JA001018
VENUSREM,Venus Remedies Limited,NSE,VENUSREM.NS,EQ,INE411B01019,,,INE411B01019
VERANDA,Veranda Learning Solutions Limited,NSE,VERANDA.NS,EQ,INE0IQ001011,,,INE0IQ001011
VERTOZ,Vertoz Limited,NSE,VERTOZ.NS,BE,INE188Y01031,,,INE188Y01031
VESUVIUS,Vesuvius India Limited,NSE,VESUVIUS.NS,EQ,INE386A01023,,,INE386A01023
VETO,Veto Switchgears And Cables Limited,NSE,VETO.NS,EQ,INE918N01018,,,INE918N01018
VARROC,Varroc Engineering Limited,NSE,VARROC.NS,EQ,INE665L01035,,,INE665L01035
VARDMNPOLY,Vardhman Polytex Limited,NSE,VARDMNPOLY.NS,EQ,INE835A01029,,,INE835A01029
VARDHACRLC,Vardhman Acrylics Limited,NSE,VARDHACRLC.NS,EQ,INE116G01013,,,INE116G01013
UTTAMSUGAR,Uttam Sugar Mills Limited,NSE,UTTAMSUGAR.NS,EQ,INE786F01031,,,INE786F01031
URJA,Urja Global Limited,NSE,URJA.NS,EQ,INE550C01020,,,INE550C01020
USHAMART,Usha Martin Limited,NSE,USHAMART.NS,EQ,INE228A01035,,,INE228A01035
USK,Udayshivakumar Infra Limited,NSE,USK.NS,EQ,INE0N0Y01013,,,INE0N0Y01013
UTIAMC,UTI Asset Management Company Limited,NSE,UTIAMC.NS,EQ,INE094J01016,,,INE094J01016
UTKARSHBNK,Utkarsh Small Finance Bank Limited,NSE,UTKARSHBNK.NS,EQ,INE735W01017,,,INE735W01017
UTLSOLAR,Fujiyama Power Systems Limited,NSE,UTLSOLAR.NS,EQ,INE12UR01024,,,INE12UR01024
UYFINCORP,U. Y. Fincorp Limited,NSE,UYFINCORP.NS,EQ,INE152C01025,,,INE152C01025
VALIANTORG,Valiant Organics Limited,NSE,VALIANTORG.NS,EQ,INE565V01010,,,INE565V01010
V2RETAIL,V2 Retail Limited,NSE,V2RETAIL.NS,EQ,INE945H01021,,,INE945H01021
VADILALIND,Vadilal Industries Limited,NSE,VADILALIND.NS,EQ,INE694D01016,,,INE694D01016
VAIBHAVGBL,Vaibhav Global Limited,NSE,VAIBHAVGBL.NS,EQ,INE884A01027,,,INE884A01027
VAISHALI,Vaishali Pharma Limited,NSE,VAISHALI.NS,BE,INE972X01022,,,INE972X01022
VAKRANGEE,Vakrangee Limited,NSE,VAKRANGEE.NS,EQ,INE051B01021,,,INE051B01021
VALIANTLAB,Valiant Laboratories Limited,NSE,VALIANTLAB.NS,BE,INE0JWS01017,,,INE0JWS01017
VGL,VARVEE GLOBAL LIMITED,NSE,VGL.NS,EQ,INE273D01027,,,INE273D01027
VGUARD,V-Guard Industries Limited,NSE,VGUARD.NS,EQ,INE951I01027,,,INE951I01027
VHL,Vardhman Holdings Limited,NSE,VHL.NS,EQ,INE701A01023,,,INE701A01023
VIVIANA,Viviana Power Tech Limited,NSE,VIVIANA.NS,BE,INE0MEG01014,,,INE0MEG01014
VIRINCHI,Virinchi Limited,NSE,VIRINCHI.NS,EQ,INE539B01017,,,INE539B01017
VISACHROME,VISA Chrome Limited,NSE,VISACHROME.NS,BE,INE286H01012,,,INE286H01012
VISAKAIND,Visaka Industries Limited,NSE,VISAKAIND.NS,EQ,INE392A01021,,,INE392A01021
VISHNU,Vishnu Chemicals Limited,NSE,VISHNU.NS,EQ,INE270I01022,,,INE270I01022
VISHWARAJ,Vishwaraj Sugar Industries Limited,NSE,VISHWARAJ.NS,EQ,INE430N01022,,,INE430N01022
VITAL,Vital Chemtech Limited,NSE,VITAL.NS,BE,INE0L4K01016,,,INE0L4K01016
VIVIDHA,Visagar Polytex Limited,NSE,VIVIDHA.NS,EQ,INE370E01029,,,INE370E01029
VIPIND,VIP Industries Limited,NSE,VIPIND.NS,EQ,INE054A01027,,,INE054A01027
VIVIMEDLAB,Vivimed Labs Limited,NSE,VIVIMEDLAB.NS,BE,INE526G01021,,,INE526G01021
VIYASH,Viyash Scientific Limited,NSE,VIYASH.NS,EQ,INE807F01027,,,INE807F01027
VLEGOV,VL E-Governance & IT Solutions Limited,NSE,VLEGOV.NS,BE,INE03HW01020,,,INE03HW01020
VLSFINANCE,VLS Finance Limited,NSE,VLSFINANCE.NS,EQ,INE709A01018,,,INE709A01018
VMART,V-Mart Retail Limited,NSE,VMART.NS,EQ,INE665J01013,,,INE665J01013
VMM,Vishal Mega Mart Limited,NSE,VMM.NS,EQ,INE01EA01019,,,INE01EA01019
VIPULLTD,Vipul Limited,NSE,VIPULLTD.NS,EQ,INE946H01037,,,INE946H01037
VIPCLOTHNG,VIP Clothing Limited,NSE,VIPCLOTHNG.NS,BE,INE450G01024,,,INE450G01024
VHLTD,Viceroy Hotels Limited,NSE,VHLTD.NS,BE,INE048C01025,,,INE048C01025
VIKRAMSOLR,Vikram Solar Limited,NSE,VIKRAMSOLR.NS,EQ,INE078V01014,,,INE078V01014
VIDHIING,Vidhi Specialty Food Ingredients Limited,NSE,VIDHIING.NS,EQ,INE632C01026,,,INE632C01026
VIDYAWIRES,Vidya Wires Limited,NSE,VIDYAWIRES.NS,EQ,INE14UN01029,,,INE14UN01029
VIJAYA,Vijaya Diagnostic Centre Limited,NSE,VIJAYA.NS,EQ,INE043W01024,,,INE043W01024
VIJIFIN,Viji Finance Limited,NSE,VIJIFIN.NS,BE,INE159N01027,,,INE159N01027
VIKASECO,Vikas EcoTech Limited,NSE,VIKASECO.NS,EQ,INE806A01020,,,INE806A01020
VIKASLIFE,Vikas Lifecare Limited,NSE,VIKASLIFE.NS,EQ,INE161L01027,,,INE161L01027
VIKRAN,Vikran Engineering Limited,NSE,VIKRAN.NS,EQ,INE01R501028,,,INE01R501028
VINYLINDIA,Vinyl Chemicals (India) Limited,NSE,VINYLINDIA.NS,EQ,INE250B01029,,,INE250B01029
VIMTALABS,Vimta Labs Limited,NSE,VIMTALABS.NS,EQ,INE579C01029,,,INE579C01029
VINATIORGA,Vinati Organics Limited,NSE,VINATIORGA.NS,EQ,INE410B01037,,,INE410B01037
VINCOFE,Vintage Coffee And Beverages Limited,NSE,VINCOFE.NS,EQ,INE498Q01014,,,INE498Q01014
VINDHYATEL,Vindhya Telelinks Limited,NSE,VINDHYATEL.NS,EQ,INE707A01012,,,INE707A01012
VINEETLAB,Vineet Laboratories Limited,NSE,VINEETLAB.NS,BE,INE505Y01010,,,INE505Y01010
VINNY,Vinny Overseas Limited,NSE,VINNY.NS,EQ,INE01KI01027,,,INE01KI01027
TARACHAND,Tara Chand InfraLogistic Solutions Limited,NSE,TARACHAND.NS,EQ,INE555Z01020,,,INE555Z01020
TANLA,Tanla Platforms Limited,NSE,TANLA.NS,EQ,INE483C01032,,,INE483C01032
TAMBOLIIN,Tamboli Industries Limited,NSE,TAMBOLIIN.NS,EQ,INE864J01012,,,INE864J01012
SECURKLOUD,SECUREKLOUD TECHNOLOGIES LIMITED,NSE,SECURKLOUD.NS,EQ,INE650K01021,,,INE650K01021
SHAH,Shah Metacorp Limited,NSE,SHAH.NS,EQ,INE482J01021,,,INE482J01021
SHAHALLOYS,Shah Alloys Limited,NSE,SHAHALLOYS.NS,EQ,INE640C01011,,,INE640C01011
SHAILY,Shaily Engineering Plastics Limited,NSE,SHAILY.NS,EQ,INE151G01028,,,INE151G01028
SHAKTIPUMP,Shakti Pumps (India) Limited,NSE,SHAKTIPUMP.NS,EQ,INE908D01010,,,INE908D01010
SHALBY,Shalby Limited,NSE,SHALBY.NS,EQ,INE597J01018,,,INE597J01018
SHALPAINTS,Shalimar Paints Limited,NSE,SHALPAINTS.NS,EQ,INE849C01026,,,INE849C01026
SHANKARA,Shankara Building Products Limited,NSE,SHANKARA.NS,BE,INE274V01019,,,INE274V01019
SHANTI,Shanti Overseas (India) Limited,NSE,SHANTI.NS,EQ,INE933X01016,,,INE933X01016
SHANTIGEAR,Shanthi Gears Limited,NSE,SHANTIGEAR.NS,EQ,INE631A01022,,,INE631A01022
SHANTIGOLD,Shanti Gold International Limited,NSE,SHANTIGOLD.NS,EQ,INE06ZD01017,,,INE06ZD01017
SHARDACROP,Sharda Cropchem Limited,NSE,SHARDACROP.NS,EQ,INE221J01015,,,INE221J01015
SHARDAMOTR,Sharda Motor Industries Limited,NSE,SHARDAMOTR.NS,EQ,INE597I01028,,,INE597I01028
SHARDUL,Shardul Securities Limited,NSE,SHARDUL.NS,EQ,INE037B01020,,,INE037B01020
SHAREINDIA,Share India Securities Limited,NSE,SHAREINDIA.NS,EQ,INE932X01026,,,INE932X01026
SHBAJRG,Shri Bajrang Alliance Limited,NSE,SHBAJRG.NS,EQ,INE402H01015,,,INE402H01015
SHADOWFAX,Shadowfax Technologies Limited,NSE,SHADOWFAX.NS,EQ,INE12UN01015,,,INE12UN01015
SGMART,SG Mart Limited,NSE,SGMART.NS,EQ,INE385F01024,,,INE385F01024
SGL,STL Global Limited,NSE,SGL.NS,EQ,INE353H01010,,,INE353H01010
SEPC,SEPC Limited,NSE,SEPC.NS,EQ,INE964H01014,,,INE964H01014
SEIL,Shanti Educational Initiatives Limited,NSE,SEIL.NS,EQ,INE440T01028,,,INE440T01028
SEJALLTD,Sejal Glass Limited,NSE,SEJALLTD.NS,BE,INE955I01044,,,INE955I01044
SELMC,SEL Manufacturing Company Limited,NSE,SELMC.NS,EQ,INE105I01020,,,INE105I01020
SEMAC,Semac Construction Limited,NSE,SEMAC.NS,BE,INE617A01013,,,INE617A01013
SENCO,Senco Gold Limited,NSE,SENCO.NS,EQ,INE602W01027,,,INE602W01027
SENORES,Senores Pharmaceuticals Limited,NSE,SENORES.NS,EQ,INE0RB801010,,,INE0RB801010
SERVOTECH,Servotech Renewable Power System Limited,NSE,SERVOTECH.NS,EQ,INE782X01033,,,INE782X01033
SGIL,Synergy Green Industries Limited,NSE,SGIL.NS,EQ,INE00QT01015,,,INE00QT01015
SESHAPAPER,Seshasayee Paper and Boards Limited,NSE,SESHAPAPER.NS,EQ,INE630A01024,,,INE630A01024
SETCO,Setco Automotive Limited,NSE,SETCO.NS,BE,INE878E01021,,,INE878E01021
SETL,Standard Engineering Technology Limited,NSE,SETL.NS,EQ,INE0M4D01010,,,INE0M4D01010
SEYAIND,Seya Industries Limited,NSE,SEYAIND.NS,BE,INE573R01012,,,INE573R01012
SFL,Sheela Foam Limited,NSE,SFL.NS,EQ,INE916U01025,,,INE916U01025
SGFIN,SG Finserve Limited,NSE,SGFIN.NS,EQ,INE618R01015,,,INE618R01015
SHEKHAWATI,Shekhawati Industries Limited,NSE,SHEKHAWATI.NS,BE,INE268L01046,,,INE268L01046
SHEMAROO,Shemaroo Entertainment Limited,NSE,SHEMAROO.NS,EQ,INE363M01019,,,INE363M01019
SHILCTECH,Shilchar Technologies Limited,NSE,SHILCTECH.NS,EQ,INE024F01011,,,INE024F01011
SICALLOG,Sical Logistics Limited,NSE,SICALLOG.NS,BE,INE075B01020,,,INE075B01020
SHRIRAMFIN,Shriram Finance Limited,NSE,SHRIRAMFIN.NS,EQ,INE721A01047,,,INE721A01047
SHRIRAMPPS,Shriram Properties Limited,NSE,SHRIRAMPPS.NS,EQ,INE217L01019,,,INE217L01019
SHYAMCENT,Shyam Century Ferrous Limited,NSE,SHYAMCENT.NS,EQ,INE979R01011,,,INE979R01011
SHYAMMETL,Shyam Metalics and Energy Limited,NSE,SHYAMMETL.NS,EQ,INE810G01011,,,INE810G01011
SHYAMTEL,Shyam Telecom Limited,NSE,SHYAMTEL.NS,BE,INE635A01023,,,INE635A01023
SICAGEN,Sicagen India Limited,NSE,SICAGEN.NS,EQ,INE176J01011,,,INE176J01011
SIEMENS,Siemens Limited,NSE,SIEMENS.NS,EQ,INE003A01024,,,INE003A01024
SHRINGARMS,Shringar House of Mangalsutra Limited,NSE,SHRINGARMS.NS,EQ,INE1B3L01017,,,INE1B3L01017
SIGACHI,Sigachi Industries Limited,NSE,SIGACHI.NS,BE,INE0D0K01022,,,INE0D0K01022
SIGIND,Signet Industries Limited,NSE,SIGIND.NS,EQ,INE529F01035,,,INE529F01035
SIGMA,Sigma Solve Limited,NSE,SIGMA.NS,EQ,INE0A0S01028,,,INE0A0S01028
SIGMAADV,SIGMA ADVANCED SYSTEMS LIMITED,NSE,SIGMAADV.NS,BE,INE933B01012,,,INE933B01012
SIGNATURE,Signatureglobal (India) Limited,NSE,SIGNATURE.NS,EQ,INE903U01023,,,INE903U01023
SIGNPOST,Signpost India Limited,NSE,SIGNPOST.NS,EQ,INE0KGZ01021,,,INE0KGZ01021
SHRIPISTON,Shriram Pistons & Rings Limited,NSE,SHRIPISTON.NS,EQ,INE526E01018,,,INE526E01018
SHRIKRISH,Shri Krishna Devcon Limited,NSE,SHRIKRISH.NS,EQ,INE997I01012,,,INE997I01012
SHILPAMED,Shilpa Medicare Limited,NSE,SHILPAMED.NS,EQ,INE790G01031,,,INE790G01031
SHK,S H Kelkar and Company Limited,NSE,SHK.NS,EQ,INE500L01026,,,INE500L01026
SHINDL,Sharat Industries Limited,NSE,SHINDL.NS,EQ,INE220Z01013,,,INE220Z01013
SHIVALIK,Shivalik Rasayan Limited,NSE,SHIVALIK.NS,BE,INE788J01021,,,INE788J01021
SHIVAMAUTO,Shivam Autotech Limited,NSE,SHIVAMAUTO.NS,BE,INE637H01024,,,INE637H01024
SHIVAMILLS,Shiva Mills Limited,NSE,SHIVAMILLS.NS,BE,INE644Y01017,,,INE644Y01017
SHIVATEX,Shiva Texyarn Limited,NSE,SHIVATEX.NS,EQ,INE705C01020,,,INE705C01020
SHIVAUM,Shiv Aum Steels Limited,NSE,SHIVAUM.NS,EQ,INE719F01016,,,INE719F01016
SHOPERSTOP,Shoppers Stop Limited,NSE,SHOPERSTOP.NS,EQ,INE498B01024,,,INE498B01024
SHREYANIND,Shreyans Industries Limited,NSE,SHREYANIND.NS,EQ,INE231C01019,,,INE231C01019
SHRADHA,Shradha Realty Limited,NSE,SHRADHA.NS,EQ,INE715Y01031,,,INE715Y01031
SHREDIGCEM,Shree Digvijay Cement Co.Ltd,NSE,SHREDIGCEM.NS,EQ,INE232A01011,,,INE232A01011
SHREECEM,SHREE CEMENT LIMITED,NSE,SHREECEM.NS,EQ,INE070A01015,,,INE070A01015
SHREEJISPG,Shreeji Shipping Global Limited,NSE,SHREEJISPG.NS,EQ,INE1B6101010,,,INE1B6101010
SHREEPUSHK,Shree Pushkar Chemicals & Fertilisers Limited,NSE,SHREEPUSHK.NS,EQ,INE712K01011,,,INE712K01011
SHREERAMA,Shree Rama Multi-Tech Limited,NSE,SHREERAMA.NS,EQ,INE879A01019,,,INE879A01019
SEDEMAC,SEDEMAC Mechatronics Limited,NSE,SEDEMAC.NS,EQ,INE00XB01019,,,INE00XB01019
SECMARK,SecMark Consultancy Limited,NSE,SECMARK.NS,EQ,INE0BTM01013,,,INE0BTM01013
SIKKO,Sikko Industries Limited,NSE,SIKKO.NS,EQ,INE112X01025,,,INE112X01025
SEAMECLTD,Seamec Limited,NSE,SEAMECLTD.NS,EQ,INE497B01018,,,INE497B01018
SAKAR,Sakar Healthcare Limited,NSE,SAKAR.NS,EQ,INE732S01012,,,INE732S01012
SAKHTISUG,Sakthi Sugars Limited,NSE,SAKHTISUG.NS,EQ,INE623A01011,,,INE623A01011
SAKSOFT,Saksoft Limited,NSE,SAKSOFT.NS,EQ,INE667G01023,,,INE667G01023
SAKUMA,Sakuma Exports Limited,NSE,SAKUMA.NS,BE,INE190H01024,,,INE190H01024
SALASAR,Salasar Techno Engineering Limited,NSE,SALASAR.NS,EQ,INE170V01027,,,INE170V01027
SALONA,Salona Cotspin Limited,NSE,SALONA.NS,EQ,INE498E01010,,,INE498E01010
SALSTEEL,S.A.L. Steel Limited,NSE,SALSTEEL.NS,BE,INE658G01014,,,INE658G01014
SALZERELEC,Salzer Electronics Limited,NSE,SALZERELEC.NS,EQ,INE457F01013,,,INE457F01013
SAMBHAAV,Sambhaav Media Limited,NSE,SAMBHAAV.NS,EQ,INE699B01027,,,INE699B01027
SAMBHV,Sambhv Steel Tubes Limited,NSE,SAMBHV.NS,EQ,INE12NJ01018,,,INE12NJ01018
SAMHI,Samhi Hotels Limited,NSE,SAMHI.NS,EQ,INE08U801020,,,INE08U801020
SAMMAANCAP,Sammaan Capital Limited,NSE,SAMMAANCAP.NS,EQ,INE148I01020,,,INE148I01020
SAMPANN,Sampann Utpadan India Limited,NSE,SAMPANN.NS,EQ,INE735M01018,,,INE735M01018
SANATHAN,Sanathan Textiles Limited,NSE,SANATHAN.NS,EQ,INE0JPD01013,,,INE0JPD01013
SANDESH,The Sandesh Limited,NSE,SANDESH.NS,EQ,INE583B01015,,,INE583B01015
SAIPARENT,Sai Parenterals Limited,NSE,SAIPARENT.NS,EQ,INE0H9F01037,,,INE0H9F01037
SAILIFE,Sai Life Sciences Limited,NSE,SAILIFE.NS,EQ,INE570L01029,,,INE570L01029
SAIL,Steel Authority of India Limited,NSE,SAIL.NS,EQ,INE114A01011,,,INE114A01011
SADBHAV,Sadbhav Engineering Limited,NSE,SADBHAV.NS,EQ,INE226H01026,,,INE226H01026
RVHL,Ravinder Heights Limited,NSE,RVHL.NS,EQ,INE09E501017,,,INE09E501017
RVNL,Rail Vikas Nigam Limited,NSE,RVNL.NS,EQ,INE415G01027,,,INE415G01027
RVTH,Revathi Equipment India Limited,NSE,RVTH.NS,EQ,INE0DAB01012,,,INE0DAB01012
S&SPOWER,S&S Power Switchgears Limited,NSE,S&SPOWER.NS,BE,INE902B01017,,,INE902B01017
SAATVIKGL,Saatvik Green Energy Limited,NSE,SAATVIKGL.NS,EQ,INE13B501022,,,INE13B501022
SABEVENTS,Sab Events & Governance Now Media Limited,NSE,SABEVENTS.NS,BE,INE860T01019,,,INE860T01019
SADBHIN,Sadbhav Infrastructure Project Limited,NSE,SADBHIN.NS,EQ,INE764L01010,,,INE764L01010
SAHYADRI,Sahyadri Industries Limited,NSE,SAHYADRI.NS,EQ,INE280H01015,,,INE280H01015
SADHNANIQ,Sadhana Nitrochem Limited,NSE,SADHNANIQ.NS,BE,INE888C01040,,,INE888C01040
SAFARI,Safari Industries (India) Limited,NSE,SAFARI.NS,EQ,INE429E01023,,,INE429E01023
SAGARDEEP,Sagardeep Alloys Limited,NSE,SAGARDEEP.NS,EQ,INE976T01013,,,INE976T01013
SAGCEM,Sagar Cements Limited,NSE,SAGCEM.NS,EQ,INE229C01021,,,INE229C01021
SAGILITY,SAGILITY LIMITED,NSE,SAGILITY.NS,EQ,INE0W2G01015,,,INE0W2G01015
SAHLIBHFI,Shalibhadra Finance Limited,NSE,SAHLIBHFI.NS,EQ,INE861D01011,,,INE861D01011
SANDHAR,Sandhar Technologies Limited,NSE,SANDHAR.NS,EQ,INE278H01035,,,INE278H01035
SANDUMA,Sandur Manganese & Iron Ores Limited,NSE,SANDUMA.NS,EQ,INE149K01016,,,INE149K01016
SANGAMIND,Sangam (India) Limited,NSE,SANGAMIND.NS,EQ,INE495C01010,,,INE495C01010
SCHAEFFLER,Schaeffler India Limited,NSE,SCHAEFFLER.NS,EQ,INE513A01022,,,INE513A01022
SBFC,SBFC Finance Limited,NSE,SBFC.NS,EQ,INE423Y01016,,,INE423Y01016
SBGLP,Suratwwala Business Group Limited,NSE,SBGLP.NS,EQ,INE05ST01028,,,INE05ST01028
SBICARD,SBI Cards and Payment Services Limited,NSE,SBICARD.NS,EQ,INE018E01016,,,INE018E01016
SBILIFE,SBI Life Insurance Company Limited,NSE,SBILIFE.NS,EQ,INE123W01016,,,INE123W01016
SBIN,State Bank of India,NSE,SBIN.NS,EQ,INE062A01020,,,INE062A01020
SCANSTL,Scan Steels Limited,NSE,SCANSTL.NS,EQ,INE099G01011,,,INE099G01011
SCHAND,S Chand And Company Limited,NSE,SCHAND.NS,EQ,INE807K01035,,,INE807K01035
SBC,SBC Exports Limited,NSE,SBC.NS,EQ,INE04AK01028,,,INE04AK01028
SCHNEIDER,Schneider Electric Infrastructure Limited,NSE,SCHNEIDER.NS,EQ,INE839M01018,,,INE839M01018
SCI,Shipping Corporation Of India Limited,NSE,SCI.NS,EQ,INE109A01011,,,INE109A01011
SCILAL,Shipping Corporation of India Land and Assets Limited,NSE,SCILAL.NS,EQ,INE0PB301013,,,INE0PB301013
SCODATUBES,Scoda Tubes Limited,NSE,SCODATUBES.NS,EQ,INE090501011,,,INE090501011
SCPL,Sheetal Cool Products Limited,NSE,SCPL.NS,BE,INE501Y01019,,,INE501Y01019
SDBL,Som Distilleries & Breweries Limited,NSE,SDBL.NS,EQ,INE480C01038,,,INE480C01038
SBCL,Shivalik Bimetal Controls Limited,NSE,SBCL.NS,EQ,INE386D01027,,,INE386D01027
SAYAJIHOTL,Sayaji Hotels Limited,NSE,SAYAJIHOTL.NS,EQ,INE318C01014,,,INE318C01014
SANGHVIMOV,Sanghvi Movers Limited,NSE,SANGHVIMOV.NS,EQ,INE989A01032,,,INE989A01032
SAPPL,Shree Ajit Pulp & Paper Limited,NSE,SAPPL.NS,EQ,INE185C01017,,,INE185C01017
SANGINITA,Sanginita Chemicals Limited,NSE,SANGINITA.NS,BE,INE753W01010,,,INE753W01010
SANOFI,Sanofi India Limited,NSE,SANOFI.NS,EQ,INE058A01010,,,INE058A01010
SANOFICONR,Sanofi Consumer Healthcare India Limited,NSE,SANOFICONR.NS,EQ,INE0UOS01011,,,INE0UOS01011
SANSERA,Sansera Engineering Limited,NSE,SANSERA.NS,EQ,INE953O01021,,,INE953O01021
SANSTAR,Sanstar Limited,NSE,SANSTAR.NS,EQ,INE08NE01025,,,INE08NE01025
SAPPHIRE,Sapphire Foods India Limited,NSE,SAPPHIRE.NS,EQ,INE806T01020,,,INE806T01020
SARDAEN,Sarda Energy & Minerals Limited,NSE,SARDAEN.NS,EQ,INE385C01021,,,INE385C01021
SAURASHCEM,Saurashtra Cement Limited,NSE,SAURASHCEM.NS,EQ,INE626A01014,,,INE626A01014
SAREGAMA,Saregama India Limited,NSE,SAREGAMA.NS,EQ,INE979A01025,,,INE979A01025
SARLAPOLY,Sarla Performance Fibers Limited,NSE,SARLAPOLY.NS,EQ,INE453D01025,,,INE453D01025
SARVESHWAR,Sarveshwar Foods Limited,NSE,SARVESHWAR.NS,BE,INE324X01026,,,INE324X01026
SASKEN,Sasken Technologies Limited,NSE,SASKEN.NS,EQ,INE231F01020,,,INE231F01020
SATIA,Satia Industries Limited,NSE,SATIA.NS,EQ,INE170E01023,,,INE170E01023
SATIN,Satin Creditcare Network Limited,NSE,SATIN.NS,EQ,INE836B01017,,,INE836B01017
SIKA,Sika Interplant Systems Limited,NSE,SIKA.NS,EQ,INE438E01032,,,INE438E01032
SIL,Standard Industries Limited,NSE,SIL.NS,EQ,INE173A01025,,,INE173A01025
TALBROAUTO,Talbros Automotive Components Limited,NSE,TALBROAUTO.NS,EQ,INE187D01029,,,INE187D01029
STEELCITY,Steel City Securities Limited,NSE,STEELCITY.NS,EQ,INE395H01011,,,INE395H01011
SUMICHEM,Sumitomo Chemical India Limited,NSE,SUMICHEM.NS,EQ,INE258G01013,,,INE258G01013
SUMIT,Sumit Woods Limited,NSE,SUMIT.NS,BE,INE748Z01013,,,INE748Z01013
SUMMITSEC,Summit Securities Limited,NSE,SUMMITSEC.NS,EQ,INE519C01017,,,INE519C01017
SUNCLAY,Sundaram Clayton Limited,NSE,SUNCLAY.NS,EQ,INE0Q3R01026,,,INE0Q3R01026
SUNDARAM,Sundaram Multi Pap Limited,NSE,SUNDARAM.NS,EQ,INE108E01023,,,INE108E01023
SUNDARMFIN,Sundaram Finance Limited,NSE,SUNDARMFIN.NS,EQ,INE660A01013,,,INE660A01013
SUNDRMBRAK,Sundaram Brake Linings Limited,NSE,SUNDRMBRAK.NS,EQ,INE073D01013,,,INE073D01013
SUNDRMFAST,Sundram Fasteners Limited,NSE,SUNDRMFAST.NS,EQ,INE387A01021,,,INE387A01021
SUNDROP,Sundrop Brands Limited,NSE,SUNDROP.NS,EQ,INE209A01019,,,INE209A01019
SUNFLAG,Sunflag Iron And Steel Company Limited,NSE,SUNFLAG.NS,EQ,INE947A01014,,,INE947A01014
SUNPHARMA,Sun Pharmaceutical Industries Limited,NSE,SUNPHARMA.NS,EQ,INE044A01036,,,INE044A01036
SUNTECK,Sunteck Realty Limited,NSE,SUNTECK.NS,EQ,INE805D01034,,,INE805D01034
SUNTV,Sun TV Network Limited,NSE,SUNTV.NS,EQ,INE424H01027,,,INE424H01027
SUPERHOUSE,Superhouse Limited,NSE,SUPERHOUSE.NS,EQ,INE712B01010,,,INE712B01010
SUPERSPIN,Super Spinning Mills Limited,NSE,SUPERSPIN.NS,EQ,INE662A01027,,,INE662A01027
SUMEETINDS,Sumeet Industries Limited,NSE,SUMEETINDS.NS,EQ,INE235C01036,,,INE235C01036
SULA,Sula Vineyards Limited,NSE,SULA.NS,EQ,INE142Q01026,,,INE142Q01026
SUKHJITS,Sukhjit Starch & Chemicals Limited,NSE,SUKHJITS.NS,EQ,INE450E01029,,,INE450E01029
STYL,Seshaasai Technologies Limited,NSE,STYL.NS,EQ,INE04VU01023,,,INE04VU01023
STEL,Stel Holdings Limited,NSE,STEL.NS,EQ,INE577L01016,,,INE577L01016
STERTOOLS,Sterling Tools Limited,NSE,STERTOOLS.NS,EQ,INE334A01023,,,INE334A01023
STLNETWORK,STL Networks Limited,NSE,STLNETWORK.NS,BE,INE1VXE01018,,,INE1VXE01018
STLTECH,Sterlite Technologies Limited,NSE,STLTECH.NS,BE,INE089C01029,,,INE089C01029
STOVEKRAFT,Stove Kraft Limited,NSE,STOVEKRAFT.NS,EQ,INE00IN01015,,,INE00IN01015
STUDDS,Studds Accessories Limited,NSE,STUDDS.NS,EQ,INE00Q601028,,,INE00Q601028
STYLAMIND,Stylam Industries Limited,NSE,STYLAMIND.NS,EQ,INE239C01020,,,INE239C01020
SUDEEPPHRM,Sudeep Pharma Limited,NSE,SUDEEPPHRM.NS,EQ,INE0QPI01025,,,INE0QPI01025
STYLEBAAZA,Baazar Style Retail Limited,NSE,STYLEBAAZA.NS,BE,INE01FR01028,,,INE01FR01028
STYRENIX,Styrenix Performance Materials Limited,NSE,STYRENIX.NS,EQ,INE189B01011,,,INE189B01011
SUBEXLTD,Subex Limited,NSE,SUBEXLTD.NS,BE,INE754A01055,,,INE754A01055
SUBROS,Subros Limited,NSE,SUBROS.NS,EQ,INE287B01021,,,INE287B01021
SUDARCOLOR,Sudarshan Colorants India Limited,NSE,SUDARCOLOR.NS,EQ,INE492A01029,,,INE492A01029
SUDARSCHEM,Sudarshan Chemical Industries Limited,NSE,SUDARSCHEM.NS,EQ,INE659A01023,,,INE659A01023
SUPRAJIT,Suprajit Engineering Limited,NSE,SUPRAJIT.NS,EQ,INE399C01030,,,INE399C01030
SUPREME,Supreme Holdings & Hospitality (India) Limited,NSE,SUPREME.NS,EQ,INE822E01011,,,INE822E01011
SUPREMEIND,Supreme Industries Limited,NSE,SUPREMEIND.NS,EQ,INE195A01028,,,INE195A01028
SYNCOMF,Syncom Formulations (India) Limited,NSE,SYNCOMF.NS,EQ,INE312C01025,,,INE312C01025
SWANDEF,Swan Defence and Heavy Industries Limited,NSE,SWANDEF.NS,BE,INE542F01020,,,INE542F01020
SWARAJENG,Swaraj Engines Limited,NSE,SWARAJENG.NS,EQ,INE277A01016,,,INE277A01016
SWELECTES,Swelect Energy Systems Limited,NSE,SWELECTES.NS,EQ,INE409B01013,,,INE409B01013
SWIGGY,Swiggy Limited,NSE,SWIGGY.NS,EQ,INE00H001014,,,INE00H001014
SWSOLAR,Sterling and Wilson Renewable Energy Limited,NSE,SWSOLAR.NS,EQ,INE00M201021,,,INE00M201021
SYMPHONY,Symphony Limited,NSE,SYMPHONY.NS,EQ,INE225D01027,,,INE225D01027
SYNGENE,Syngene International Limited,NSE,SYNGENE.NS,EQ,INE398R01022,,,INE398R01022
SVPGLOB,SVP GLOBAL TEXTILES LIMITED,NSE,SVPGLOB.NS,BE,INE308E01029,,,INE308E01029
SYRMA,Syrma SGS Technology Limited,NSE,SYRMA.NS,EQ,INE0DYJ01015,,,INE0DYJ01015
SYSTMTXC,Systematix Corporate Services Limited,NSE,SYSTMTXC.NS,EQ,INE356B01024,,,INE356B01024
TAALTECH,Taal Tech Limited,NSE,TAALTECH.NS,EQ,INE524T01011,,,INE524T01011
TAINWALCHM,Tainwala Chemical and Plastic (I) Limited,NSE,TAINWALCHM.NS,EQ,INE123C01018,,,INE123C01018
TAJGVK,Taj GVK Hotels & Resorts Limited,NSE,TAJGVK.NS,EQ,INE586B01026,,,INE586B01026
TAKE,Take Solutions Limited,NSE,TAKE.NS,BE,INE142I01023,,,INE142I01023
SWANCORP,SWAN CORP LIMITED,NSE,SWANCORP.NS,EQ,INE665A01038,,,INE665A01038
SVLL,Shree Vasu Logistics Limited,NSE,SVLL.NS,EQ,INE00CE01017,,,INE00CE01017
SUPREMEINF,Supreme Infrastructure India Limited,NSE,SUPREMEINF.NS,EQ,INE550H01011,,,INE550H01011
SURYALA,Suryalata Spinning Mills Limited,NSE,SURYALA.NS,EQ,INE132C01027,,,INE132C01027
SUPRIYA,Supriya Lifescience Limited,NSE,SUPRIYA.NS,EQ,INE07RO01027,,,INE07RO01027
SURAJEST,Suraj Estate Developers Limited,NSE,SURAJEST.NS,EQ,INE843S01025,,,INE843S01025
SURAJLTD,Suraj Limited,NSE,SURAJLTD.NS,EQ,INE713C01016,,,INE713C01016
SURAKSHA,Suraksha Diagnostic Limited,NSE,SURAKSHA.NS,EQ,INE877V01027,,,INE877V01027
SURANASOL,Surana Solar Limited,NSE,SURANASOL.NS,EQ,INE272L01022,,,INE272L01022
SURANAT&P,Surana Telecom and Power Limited,NSE,SURANAT&P.NS,EQ,INE130B01031,,,INE130B01031
SURYALAXMI,Suryalakshmi Cotton Mills Limited,NSE,SURYALAXMI.NS,EQ,INE713B01026,,,INE713B01026
SUZLON,Suzlon Energy Limited,NSE,SUZLON.NS,EQ,INE040H01021,,,INE040H01021
SURYAROSNI,Surya Roshni Limited,NSE,SURYAROSNI.NS,EQ,INE335A01020,,,INE335A01020
SURYODAY,Suryoday Small Finance Bank Limited,NSE,SURYODAY.NS,EQ,INE428Q01011,,,INE428Q01011
SUTLEJTEX,Sutlej Textiles and Industries Limited,NSE,SUTLEJTEX.NS,EQ,INE645H01027,,,INE645H01027
SUVEN,Suven Life Sciences Limited,NSE,SUVEN.NS,EQ,INE495B01038,,,INE495B01038
SUVIDHAA,Suvidhaa Infoserve Limited,NSE,SUVIDHAA.NS,EQ,INE018401013,,,INE018401013
SUYOG,Suyog Telematics Limited,NSE,SUYOG.NS,EQ,INE442P01014,,,INE442P01014
STEELXIND,STEEL EXCHANGE INDIA LIMITED,NSE,STEELXIND.NS,EQ,INE503B01021,,,INE503B01021
STEELCAS,Steelcast Limited,NSE,STEELCAS.NS,EQ,INE124E01038,,,INE124E01038
SILGO,Silgo Retail Limited,NSE,SILGO.NS,EQ,INE01II01013,,,INE01II01013
STCINDIA,The State Trading Corporation of India Limited,NSE,STCINDIA.NS,EQ,INE655A01013,,,INE655A01013
SMARTLINK,Smartlink Holdings Limited,NSE,SMARTLINK.NS,BE,INE178C01020,,,INE178C01020
SMARTWORKS,Smartworks Coworking Spaces Limited,NSE,SMARTWORKS.NS,EQ,INE0NAZ01010,,,INE0NAZ01010
SMCGLOBAL,SMC Global Securities Limited,NSE,SMCGLOBAL.NS,EQ,INE103C01036,,,INE103C01036
SMLMAH,SML Mahindra Limited,NSE,SMLMAH.NS,EQ,INE294B01019,,,INE294B01019
SMLT,Sarthak Metals Limited,NSE,SMLT.NS,EQ,INE017W01010,,,INE017W01010
SMSPHARMA,SMS Pharmaceuticals Limited,NSE,SMSPHARMA.NS,EQ,INE812G01025,,,INE812G01025
SNOWMAN,Snowman Logistics Limited,NSE,SNOWMAN.NS,EQ,INE734N01019,,,INE734N01019
SOBHA,Sobha Limited,NSE,SOBHA.NS,EQ,INE671H01015,,,INE671H01015
SOFTTECH,Softtech Engineers Limited,NSE,SOFTTECH.NS,BE,INE728Z01015,,,INE728Z01015
SOLARA,Solara Active Pharma Sciences Limited,NSE,SOLARA.NS,EQ,INE624Z01016,,,INE624Z01016
SOLARINDS,Solar Industries India Limited,NSE,SOLARINDS.NS,EQ,INE343H01029,,,INE343H01029
SOLARWORLD,Solarworld Energy Solutions Limited,NSE,SOLARWORLD.NS,EQ,INE0TY101024,,,INE0TY101024
SOLEX,Solex Energy Limited,NSE,SOLEX.NS,EQ,INE880Y01017,,,INE880Y01017
SOMANYCERA,Somany Ceramics Limited,NSE,SOMANYCERA.NS,EQ,INE355A01028,,,INE355A01028
SOMATEX,Soma Textiles & Industries Limited,NSE,SOMATEX.NS,EQ,INE314C01013,,,INE314C01013
SKYGOLD,SKY GOLD AND DIAMONDS LIMITED,NSE,SKYGOLD.NS,EQ,INE01IU01018,,,INE01IU01018
SKMEGGPROD,SKM Egg Products Export (India) Limited,NSE,SKMEGGPROD.NS,EQ,INE411D01023,,,INE411D01023
SKIPPER,Skipper Limited,NSE,SKIPPER.NS,EQ,INE439E01022,,,INE439E01022
SINGERIND,Singer India Limited,NSE,SINGERIND.NS,EQ,INE638A01035,,,INE638A01035
SILINV,SIL Investments Limited,NSE,SILINV.NS,EQ,INE923A01015,,,INE923A01015
SILLYMONKS,Silly Monks Entertainment Limited,NSE,SILLYMONKS.NS,EQ,INE203Y01012,,,INE203Y01012
SILVERTUC,Silver Touch Technologies Limited,NSE,SILVERTUC.NS,EQ,INE625X01026,,,INE625X01026
SIMPLEXINF,Simplex Infrastructures Limited,NSE,SIMPLEXINF.NS,EQ,INE059B01024,,,INE059B01024
SINCLAIR,Sinclairs Hotels Limited,NSE,SINCLAIR.NS,EQ,INE985A01022,,,INE985A01022
SINDHUTRAD,Sindhu Trade Links Limited,NSE,SINDHUTRAD.NS,EQ,INE325D01025,,,INE325D01025
SINTERCOM,Sintercom India Limited,NSE,SINTERCOM.NS,EQ,INE129Z01016,,,INE129Z01016
SKFINDUS,SKF India (Industrial) Limited,NSE,SKFINDUS.NS,EQ,INE2J8701016,,,INE2J8701016
SIRCA,Sirca Paints India Limited,NSE,SIRCA.NS,EQ,INE792Z01011,,,INE792Z01011
SIS,SIS LIMITED,NSE,SIS.NS,EQ,INE285J01028,,,INE285J01028
SIYSIL,Siyaram Silk Mills Limited,NSE,SIYSIL.NS,EQ,INE076B01028,,,INE076B01028
SJS,S.J.S. Enterprises Limited,NSE,SJS.NS,EQ,INE284S01014,,,INE284S01014
SJVN,SJVN Limited,NSE,SJVN.NS,EQ,INE002L01015,,,INE002L01015
SKFINDIA,SKF India Limited,NSE,SKFINDIA.NS,EQ,INE640A01023,,,INE640A01023
SOMICONVEY,Somi Conveyor Beltings Limited,NSE,SOMICONVEY.NS,EQ,INE323J01019,,,INE323J01019
SONACOMS,Sona BLW Precision Forgings Limited,NSE,SONACOMS.NS,EQ,INE073K01018,,,INE073K01018
SONAL,Sonal Mercantile Limited,NSE,SONAL.NS,EQ,INE321M01017,,,INE321M01017
SSWL,Steel Strips Wheels Limited,NSE,SSWL.NS,EQ,INE802C01033,,,INE802C01033
SRF,SRF Limited,NSE,SRF.NS,EQ,INE647A01010,,,INE647A01010
SRGHFL,SRG Housing Finance Limited,NSE,SRGHFL.NS,EQ,INE559N01010,,,INE559N01010
SRHHYPOLTD,Sree Rayalaseema Hi-Strength Hypo Limited,NSE,SRHHYPOLTD.NS,EQ,INE917H01012,,,INE917H01012
SRM,SRM Contractors Limited,NSE,SRM.NS,EQ,INE0R6Z01013,,,INE0R6Z01013
SRTL,Shree Ram Twistex Limited,NSE,SRTL.NS,EQ,INE19GK01015,,,INE19GK01015
SSDL,Saraswati Saree Depot Limited,NSE,SSDL.NS,EQ,INE0PQ101010,,,INE0PQ101010
STALLION,Stallion India Fluorochemicals Limited,NSE,STALLION.NS,EQ,INE0RYC01010,,,INE0RYC01010
SRD,Shankar Lal Rampal Dye-Chem Limited,NSE,SRD.NS,EQ,INE01NE01012,,,INE01NE01012
STANLEY,Stanley Lifestyles Limited,NSE,STANLEY.NS,EQ,INE01A001028,,,INE01A001028
STAR,Strides Pharma Science Limited,NSE,STAR.NS,EQ,INE939A01011,,,INE939A01011
STARCEMENT,Star Cement Limited,NSE,STARCEMENT.NS,EQ,INE460H01021,,,INE460H01021
STARHEALTH,Star Health and Allied Insurance Company Limited,NSE,STARHEALTH.NS,EQ,INE575P01011,,,INE575P01011
STARPAPER,Star Paper Mills Limited,NSE,STARPAPER.NS,EQ,INE733A01018,,,INE733A01018
STARTECK,Starteck Finance Limited,NSE,STARTECK.NS,EQ,INE992I01013,,,INE992I01013
SREEL,Sreeleathers Limited,NSE,SREEL.NS,EQ,INE099F01013,,,INE099F01013
SPORTKING,Sportking India Limited,NSE,SPORTKING.NS,EQ,INE885H01029,,,INE885H01029
SONAMLTD,SONAM LIMITED,NSE,SONAMLTD.NS,EQ,INE00LM01029,,,INE00LM01029
SPARC,Sun Pharma Advanced Research Company Limited,NSE,SPARC.NS,EQ,INE232I01014,,,INE232I01014
SONATSOFTW,Sonata Software Limited,NSE,SONATSOFTW.NS,EQ,INE269A01021,,,INE269A01021
SOTL,Savita Oil Technologies Limited,NSE,SOTL.NS,EQ,INE035D01020,,,INE035D01020
SOUTHBANK,The South Indian Bank Limited,NSE,SOUTHBANK.NS,EQ,INE683A01023,,,INE683A01023
SOUTHWEST,South West Pinnacle Exploration Limited,NSE,SOUTHWEST.NS,EQ,INE980Y01015,,,INE980Y01015
SPAL,S. P. Apparels Limited,NSE,SPAL.NS,EQ,INE212I01016,,,INE212I01016
SPANDANA,Spandana Sphoorty Financial Limited,NSE,SPANDANA.NS,EQ,INE572J01011,,,INE572J01011
SPCENET,Spacenet Enterprises India Limited,NSE,SPCENET.NS,EQ,INE970N01027,,,INE970N01027
SPMLINFRA,SPML Infra Limited,NSE,SPMLINFRA.NS,EQ,INE937A01023,,,INE937A01023
SPECIALITY,Speciality Restaurants Limited,NSE,SPECIALITY.NS,EQ,INE247M01014,,,INE247M01014
SPECTRUM,Spectrum Electrical Industries Limited,NSE,SPECTRUM.NS,EQ,INE01EO01010,,,INE01EO01010
SPENCERS,Spencer's Retail Limited,NSE,SPENCERS.NS,EQ,INE020801028,,,INE020801028
SPIC,Southern Petrochemicals Industries Corporation  Limited,NSE,SPIC.NS,EQ,INE147A01011,,,INE147A01011
SPLIL,SPL Industries Limited,NSE,SPLIL.NS,EQ,INE978G01016,,,INE978G01016
SPLPETRO,Supreme Petrochem Limited,NSE,SPLPETRO.NS,EQ,INE663A01033,,,INE663A01033
KWIL,Kwality Wall's (India) Limited,NSE,KWIL.NS,EQ,INE2KCE01013,,,INE2KCE01013
VPRPL,Vishnu Prakash R Punglia Limited,NSE,VPRPL.NS,BE,INE0AE001013,,,INE0AE001013
KTKBANK,The Karnataka Bank Limited,NSE,KTKBANK.NS,EQ,INE614B01018,,,INE614B01018
CELEBRITY,Celebrity Fashions Limited,NSE,CELEBRITY.NS,EQ,INE185H01016,,,INE185H01016
CAPLIPOINT,Caplin Point Laboratories Limited,NSE,CAPLIPOINT.NS,EQ,INE475E01026,,,INE475E01026
CAPTRUST,Capital Trust Limited,NSE,CAPTRUST.NS,BE,INE707C01018,,,INE707C01018
CARBORUNIV,Carborundum Universal Limited,NSE,CARBORUNIV.NS,EQ,INE120A01034,,,INE120A01034
CARERATING,CARE Ratings Limited,NSE,CARERATING.NS,EQ,INE752H01013,,,INE752H01013
CARRARO,Carraro India Limited,NSE,CARRARO.NS,EQ,INE0V7W01012,,,INE0V7W01012
CARTRADE,Cartrade Tech Limited,NSE,CARTRADE.NS,EQ,INE290S01011,,,INE290S01011
CARYSIL,CARYSIL LIMITED,NSE,CARYSIL.NS,EQ,INE482D01024,,,INE482D01024
CASTROLIND,Castrol India Limited,NSE,CASTROLIND.NS,EQ,INE172A01027,,,INE172A01027
CCAVENUE,AvenuesAI Limited,NSE,CCAVENUE.NS,EQ,INE483S01020,,,INE483S01020
CCCL,Consolidated Construction Consortium Limited,NSE,CCCL.NS,EQ,INE429I01024,,,INE429I01024
CCHHL,Country Club Hospitality & Holidays Limited,NSE,CCHHL.NS,EQ,INE652F01027,,,INE652F01027
CCL,CCL Products (India) Limited,NSE,CCL.NS,EQ,INE421D01022,,,INE421D01022
CDSL,Central Depository Services (India) Limited,NSE,CDSL.NS,EQ,INE736A01011,,,INE736A01011
CEATLTD,CEAT Limited,NSE,CEATLTD.NS,EQ,INE482A01020,,,INE482A01020
CEIGALL,Ceigall India Limited,NSE,CEIGALL.NS,EQ,INE0AG901020,,,INE0AG901020
CAPITALSFB,Capital Small Finance Bank Limited,NSE,CAPITALSFB.NS,EQ,INE646H01017,,,INE646H01017
CAPILLARY,Capillary Technologies India Limited,NSE,CAPILLARY.NS,EQ,INE0ILV01024,,,INE0ILV01024
CAPACITE,Capacit'e Infraprojects Limited,NSE,CAPACITE.NS,EQ,INE264T01014,,,INE264T01014
BYKE,The Byke Hospitality Ltd,NSE,BYKE.NS,EQ,INE319B01014,,,INE319B01014
BSOFT,BIRLASOFT LIMITED,NSE,BSOFT.NS,EQ,INE836A01035,,,INE836A01035
BTML,Bodhi Tree Multimedia Limited,NSE,BTML.NS,EQ,INE0EEJ01023,,,INE0EEJ01023
BTTL,Bhilwara Technical Textiles Limited,NSE,BTTL.NS,EQ,INE274K01012,,,INE274K01012
BUILDPRO,Shankara Buildpro Limited,NSE,BUILDPRO.NS,EQ,INE24OJ01011,,,INE24OJ01011
BUTTERFLY,Butterfly Gandhimathi Appliances Limited,NSE,BUTTERFLY.NS,EQ,INE295F01017,,,INE295F01017
BVCL,Barak Valley Cements Limited,NSE,BVCL.NS,EQ,INE139I01011,,,INE139I01011
CALSOFT,California Software Company Limited,NSE,CALSOFT.NS,BE,INE526B01014,,,INE526B01014
CANTABIL,Cantabil Retail India Limited,NSE,CANTABIL.NS,EQ,INE068L01024,,,INE068L01024
CAMLINFINE,Camlin Fine Sciences Limited,NSE,CAMLINFINE.NS,EQ,INE052I01032,,,INE052I01032
CAMPUS,Campus Activewear Limited,NSE,CAMPUS.NS,EQ,INE278Y01022,,,INE278Y01022
CAMS,Computer Age Management Services Limited,NSE,CAMS.NS,EQ,INE596I01020,,,INE596I01020
CANBK,Canara Bank,NSE,CANBK.NS,EQ,INE476A01022,,,INE476A01022
CANFINHOME,Can Fin Homes Limited,NSE,CANFINHOME.NS,EQ,INE477A01020,,,INE477A01020
CANHLIFE,Canara HSBC Life Insurance Company Limited,NSE,CANHLIFE.NS,EQ,INE01TY01017,,,INE01TY01017
CEINSYS,Ceinsys Tech Limited,NSE,CEINSYS.NS,EQ,INE016Q01014,,,INE016Q01014
CELLO,Cello World Limited,NSE,CELLO.NS,EQ,INE0LMW01024,,,INE0LMW01024
ECOSMOBLTY,Ecos (India) Mobility & Hospitality Limited,NSE,ECOSMOBLTY.NS,BE,INE06HJ01020,,,INE06HJ01020
CEMPRO,Cemindia Projects Limited,NSE,CEMPRO.NS,EQ,INE686A01026,,,INE686A01026
CHENNPETRO,Chennai Petroleum Corporation Limited,NSE,CHENNPETRO.NS,EQ,INE178A01016,,,INE178A01016
CHEVIOT,Cheviot Company Limited,NSE,CHEVIOT.NS,EQ,INE974B01016,,,INE974B01016
CHOICEIN,Choice International Limited,NSE,CHOICEIN.NS,EQ,INE102B01014,,,INE102B01014
CHOLAFIN,Cholamandalam Investment and Finance Company Limited,NSE,CHOLAFIN.NS,EQ,INE121A01024,,,INE121A01024
CHOLAHLDNG,Cholamandalam Financial Holdings Limited,NSE,CHOLAHLDNG.NS,EQ,INE149A01033,,,INE149A01033
CIEINDIA,CIE Automotive India Limited,NSE,CIEINDIA.NS,EQ,INE536H01010,,,INE536H01010
CIFL,Capital India Finance Limited,NSE,CIFL.NS,EQ,INE345H01024,,,INE345H01024
CINELINE,Cineline India Limited,NSE,CINELINE.NS,EQ,INE704H01022,,,INE704H01022
CINEVISTA,Cinevista Limited,NSE,CINEVISTA.NS,EQ,INE039B01026,,,INE039B01026
CIPLA,Cipla Limited,NSE,CIPLA.NS,EQ,INE059A01026,,,INE059A01026
CLEAN,Clean Science and Technology Limited,NSE,CLEAN.NS,EQ,INE227W01023,,,INE227W01023
CLEANMAX,Clean Max Enviro Energy Solutions Limited,NSE,CLEANMAX.NS,EQ,INE647U01026,,,INE647U01026
CLEDUCATE,CL Educate Limited,NSE,CLEDUCATE.NS,BE,INE201M01029,,,INE201M01029
CLSEL,Chaman Lal Setia Exports Limited,NSE,CLSEL.NS,EQ,INE419D01026,,,INE419D01026
CMPDI,Central Mine Planning & Design Institute Limited,NSE,CMPDI.NS,EQ,INE05HV01027,,,INE05HV01027
CHEMPLASTS,Chemplast Sanmar Limited,NSE,CHEMPLASTS.NS,EQ,INE488A01050,,,INE488A01050
CHEMFAB,Chemfab Alkalis Limited,NSE,CHEMFAB.NS,BE,INE783X01023,,,INE783X01023
CHEMCON,Chemcon Speciality Chemicals Limited,NSE,CHEMCON.NS,EQ,INE03YM01018,,,INE03YM01018
CERA,Cera Sanitaryware Limited,NSE,CERA.NS,EQ,INE739E01017,,,INE739E01017
CENTENKA,Century Enka Limited,NSE,CENTENKA.NS,EQ,INE485A01015,,,INE485A01015
CENTEXT,Century Extrusions Limited,NSE,CENTEXT.NS,EQ,INE281A01026,,,INE281A01026
CENTRALBK,Central Bank of India,NSE,CENTRALBK.NS,EQ,INE483A01010,,,INE483A01010
CENTRUM,Centrum Capital Limited,NSE,CENTRUM.NS,EQ,INE660C01027,,,INE660C01027
CENTUM,Centum Electronics Limited,NSE,CENTUM.NS,EQ,INE320B01020,,,INE320B01020
CENTURYPLY,Century Plyboards (India) Limited,NSE,CENTURYPLY.NS,EQ,INE348B01021,,,INE348B01021
CESC,CESC Limited,NSE,CESC.NS,EQ,INE486A01021,,,INE486A01021
CHEMBONDCH,Chembond Chemicals Limited,NSE,CHEMBONDCH.NS,BE,INE0TGX01019,,,INE0TGX01019
CEWATER,Concord Enviro Systems Limited,NSE,CEWATER.NS,EQ,INE037Z01029,,,INE037Z01029
CGCL,Capri Global Capital Limited,NSE,CGCL.NS,EQ,INE180C01042,,,INE180C01042
CGPOWER,CG Power and Industrial Solutions Limited,NSE,CGPOWER.NS,EQ,INE067A01029,,,INE067A01029
CHALET,Chalet Hotels Limited,NSE,CHALET.NS,EQ,INE427F01016,,,INE427F01016
CHAMBLFERT,Chambal Fertilizers & Chemicals Limited,NSE,CHAMBLFERT.NS,EQ,INE085A01013,,,INE085A01013
CHEMBOND,Chembond Material Technologies Limited,NSE,CHEMBOND.NS,BE,INE995D01025,,,INE995D01025
BSL,BSL Limited,NSE,BSL.NS,EQ,INE594B01012,,,INE594B01012
BSHSL,Bombay Super Hybrid Seeds Limited,NSE,BSHSL.NS,BE,INE032Z01020,,,INE032Z01020
BSE,BSE Limited,NSE,BSE.NS,EQ,INE118H01025,,,INE118H01025
BROOKS,Brooks Laboratories Limited,NSE,BROOKS.NS,BE,INE650L01011,,,INE650L01011
BHARATWIRE,Bharat Wire Ropes Limited,NSE,BHARATWIRE.NS,EQ,INE316L01019,,,INE316L01019
BHARTIARTL,Bharti Airtel Limited,NSE,BHARTIARTL.NS,EQ,INE397D01024,,,INE397D01024
BHARTIHEXA,Bharti Hexacom Limited,NSE,BHARTIHEXA.NS,EQ,INE343G01021,,,INE343G01021
BHEL,Bharat Heavy Electricals Limited,NSE,BHEL.NS,EQ,INE257A01026,,,INE257A01026
BI,Bilcare Limited,NSE,BI.NS,EQ,INE986A01012,,,INE986A01012
BIGBLOC,Bigbloc Construction Limited,NSE,BIGBLOC.NS,EQ,INE412U01025,,,INE412U01025
BIKAJI,Bikaji Foods International Limited,NSE,BIKAJI.NS,EQ,INE00E101023,,,INE00E101023
BIL,Bhartiya International Limited,NSE,BIL.NS,EQ,INE828A01016,,,INE828A01016
BILVYAPAR,BIL VYAPAR LIMITED,NSE,BILVYAPAR.NS,BE,INE071A01013,,,INE071A01013
BIMETAL,Bimetal Bearings Limited,NSE,BIMETAL.NS,EQ,INE469A01019,,,INE469A01019
BIOCON,Biocon Limited,NSE,BIOCON.NS,EQ,INE376G01013,,,INE376G01013
BIOFILCHEM,Biofil Chemicals & Pharmaceuticals Limited,NSE,BIOFILCHEM.NS,EQ,INE829A01014,,,INE829A01014
BIRLACABLE,Birla Cable Limited,NSE,BIRLACABLE.NS,BE,INE800A01015,,,INE800A01015
BIRLACORPN,Birla Corporation Limited,NSE,BIRLACORPN.NS,EQ,INE340A01012,,,INE340A01012
BIRLAMONEY,Aditya Birla Money Limited,NSE,BIRLAMONEY.NS,EQ,INE865C01022,,,INE865C01022
BHARATSE,Bharat Seats Limited,NSE,BHARATSE.NS,EQ,INE415D01024,,,INE415D01024
BHARATRAS,Bharat Rasayan Limited,NSE,BHARATRAS.NS,EQ,INE838B01021,,,INE838B01021
BHARATGEAR,Bharat Gears Limited,NSE,BHARATGEAR.NS,EQ,INE561C01019,,,INE561C01019
BFINVEST,BF Investment Limited,NSE,BFINVEST.NS,EQ,INE878K01010,,,INE878K01010
BEML,BEML Limited,NSE,BEML.NS,EQ,INE258A01024,,,INE258A01024
BENGALASM,Bengal & Assam Company Limited,NSE,BENGALASM.NS,EQ,INE083K01017,,,INE083K01017
BEPL,Bhansali Engineering Polymers Limited,NSE,BEPL.NS,EQ,INE922A01025,,,INE922A01025
BERGEPAINT,Berger Paints (I) Limited,NSE,BERGEPAINT.NS,EQ,INE463A01038,,,INE463A01038
BESTAGRO,Best Agrolife Limited,NSE,BESTAGRO.NS,EQ,INE052T01021,,,INE052T01021
BETA,Beta Drugs Limited,NSE,BETA.NS,EQ,INE351Y01019,,,INE351Y01019
BFUTILITIE,BF Utilities Limited,NSE,BFUTILITIE.NS,EQ,INE243D01012,,,INE243D01012
BHARATFORG,Bharat Forge Limited,NSE,BHARATFORG.NS,EQ,INE465A01025,,,INE465A01025
BGRENERGY,BGR Energy Systems Limited,NSE,BGRENERGY.NS,BE,INE661I01014,,,INE661I01014
BHAGCHEM,Bhagiradha Chemicals & Industries Limited,NSE,BHAGCHEM.NS,EQ,INE414D01027,,,INE414D01027
BHAGERIA,Bhageria Industries Limited,NSE,BHAGERIA.NS,EQ,INE354C01027,,,INE354C01027
BHAGYANGR,Bhagyanagar India Limited,NSE,BHAGYANGR.NS,BE,INE458B01036,,,INE458B01036
BHANDARI,Bhandari Hosiery Exports Limited,NSE,BHANDARI.NS,BE,INE474E01029,,,INE474E01029
BHARATCOAL,Bharat Coking Coal Limited,NSE,BHARATCOAL.NS,EQ,INE05XR01022,,,INE05XR01022
BIRLANU,BirlaNu Limited,NSE,BIRLANU.NS,EQ,INE557A01011,,,INE557A01011
BIRLAPREC,Birla Precision Technologies Limited,NSE,BIRLAPREC.NS,EQ,INE372E01025,,,INE372E01025
BLACKBUCK,BLACKBUCK LIMITED,NSE,BLACKBUCK.NS,EQ,INE0UIZ01018,,,INE0UIZ01018
BOSCH-HCIL,BOSCH HOME COMFORT INDIA LIMITED,NSE,BOSCH-HCIL.NS,EQ,INE782A01015,,,INE782A01015
BOMDYEING,Bombay Dyeing & Mfg Company Limited,NSE,BOMDYEING.NS,EQ,INE032A01023,,,INE032A01023
BONLON,Bonlon Industries Limited,NSE,BONLON.NS,EQ,INE0B9A01018,,,INE0B9A01018
BORANA,Borana Weaves Limited,NSE,BORANA.NS,EQ,INE16SF01016,,,INE16SF01016
BOROLTD,Borosil Limited,NSE,BOROLTD.NS,EQ,INE02PY01013,,,INE02PY01013
BORORENEW,BOROSIL RENEWABLES LIMITED,NSE,BORORENEW.NS,EQ,INE666D01022,,,INE666D01022
BOROSCI,Borosil Scientific Limited,NSE,BOROSCI.NS,EQ,INE02L001032,,,INE02L001032
BOSCHLTD,Bosch Limited,NSE,BOSCHLTD.NS,EQ,INE323A01026,,,INE323A01026
BODALCHEM,Bodal Chemicals Limited,NSE,BODALCHEM.NS,BE,INE338D01028,,,INE338D01028
BPCL,Bharat Petroleum Corporation Limited,NSE,BPCL.NS,EQ,INE029A01011,,,INE029A01011
BPL,BPL Limited,NSE,BPL.NS,EQ,INE110A01019,,,INE110A01019
BRIGADE,Brigade Enterprises Limited,NSE,BRIGADE.NS,EQ,INE791I01019,,,INE791I01019
BRIGHOTEL,Brigade Hotel Ventures Limited,NSE,BRIGHOTEL.NS,EQ,INE03NU01014,,,INE03NU01014
BRITANNIA,Britannia Industries Limited,NSE,BRITANNIA.NS,EQ,INE216A01030,,,INE216A01030
BRNL,Bharat Road Network Limited,NSE,BRNL.NS,EQ,INE727S01012,,,INE727S01012
BOHRAIND,Bohra Industries Limited,NSE,BOHRAIND.NS,EQ,INE802W01023,,,INE802W01023
BNALTD,B & A Limited,NSE,BNALTD.NS,EQ,INE489D01011,,,INE489D01011
BLACKROSE,Black Rose Inds. Limited,NSE,BLACKROSE.NS,EQ,INE761G01016,,,INE761G01016
BLSE,BLS E-Services Limited,NSE,BLSE.NS,EQ,INE0NLT01010,,,INE0NLT01010
BLAL,BEML Land Assets Limited,NSE,BLAL.NS,EQ,INE0N7W01012,,,INE0N7W01012
BLBLIMITED,BLB Limited,NSE,BLBLIMITED.NS,EQ,INE791A01024,,,INE791A01024
BLIL,Balmer Lawrie Investments Limited,NSE,BLIL.NS,EQ,INE525F01025,,,INE525F01025
BLISSGVS,Bliss GVS Pharma Limited,NSE,BLISSGVS.NS,EQ,INE416D01022,,,INE416D01022
BLKASHYAP,B. L. Kashyap and Sons Limited,NSE,BLKASHYAP.NS,EQ,INE350H01032,,,INE350H01032
BLS,BLS International Services Limited,NSE,BLS.NS,EQ,INE153T01027,,,INE153T01027
BLUECOAST,Blue Coast Hotels Limited,NSE,BLUECOAST.NS,BE,INE472B01011,,,INE472B01011
BNAGROCHEM,BN Agrochem Limited,NSE,BNAGROCHEM.NS,BE,INE00HZ01011,,,INE00HZ01011
BLUEDART,Blue Dart Express Limited,NSE,BLUEDART.NS,EQ,INE233B01017,,,INE233B01017
BLUEJET,Blue Jet Healthcare Limited,NSE,BLUEJET.NS,EQ,INE0KBH01020,,,INE0KBH01020
BLUESTARCO,Blue Star Limited,NSE,BLUESTARCO.NS,EQ,INE472A01039,,,INE472A01039
BLUESTONE,BlueStone Jewellery and Lifestyle Limited,NSE,BLUESTONE.NS,EQ,INE304W01038,,,INE304W01038
BLUSPRING,Bluspring Enterprises Limited,NSE,BLUSPRING.NS,EQ,INE0U4101014,,,INE0U4101014
BMWVENTLTD,BMW Ventures Limited,NSE,BMWVENTLTD.NS,EQ,INE965W01036,,,INE965W01036
CMSINFO,CMS Info Systems Limited,NSE,CMSINFO.NS,EQ,INE925R01014,,,INE925R01014
CNL,Creative Newtech Limited,NSE,CNL.NS,EQ,INE985W01018,,,INE985W01018
COALINDIA,Coal India Limited,NSE,COALINDIA.NS,EQ,INE522F01014,,,INE522F01014
DDEVPLSTIK,Ddev Plastiks Industries Limited,NSE,DDEVPLSTIK.NS,EQ,INE0HR601026,,,INE0HR601026
DHANUKA,Dhanuka Agritech Limited,NSE,DHANUKA.NS,EQ,INE435G01025,,,INE435G01025
DHARMAJ,Dharmaj Crop Guard Limited,NSE,DHARMAJ.NS,EQ,INE00OQ01016,,,INE00OQ01016
DHRUV,Dhruv Consultancy Services Limited,NSE,DHRUV.NS,BE,INE506Z01015,,,INE506Z01015
DHUNINV,Dhunseri Investments Limited,NSE,DHUNINV.NS,EQ,INE320L01011,,,INE320L01011
DIACABS,Diamond Power Infrastructure Limited,NSE,DIACABS.NS,EQ,INE989C01038,,,INE989C01038
DIAMINESQ,Diamines & Chemicals Limited,NSE,DIAMINESQ.NS,EQ,INE591D01014,,,INE591D01014
DIAMONDYD,Prataap Snacks Limited,NSE,DIAMONDYD.NS,EQ,INE393P01035,,,INE393P01035
DICIND,DIC India Limited,NSE,DICIND.NS,EQ,INE303A01010,,,INE303A01010
DIFFNKG,Diffusion Engineers Limited,NSE,DIFFNKG.NS,EQ,INE184O01015,,,INE184O01015
DIGIDRIVE,Digidrive Distributors Limited,NSE,DIGIDRIVE.NS,EQ,INE0PSC01024,,,INE0PSC01024
DIGISPICE,DiGiSPICE Technologies Limited,NSE,DIGISPICE.NS,BE,INE927C01020,,,INE927C01020
DIGITIDE,Digitide Solutions Limited,NSE,DIGITIDE.NS,EQ,INE0U4701011,,,INE0U4701011
DIGJAMLMTD,Digjam Limited,NSE,DIGJAMLMTD.NS,EQ,INE731U01028,,,INE731U01028
DISAQ,Disa India Limited,NSE,DISAQ.NS,EQ,INE131C01011,,,INE131C01011
DISHTV,Dish TV India Limited,NSE,DISHTV.NS,BE,INE836F01026,,,INE836F01026
DHANBANK,Dhanlaxmi Bank Limited,NSE,DHANBANK.NS,EQ,INE680A01011,,,INE680A01011
DHAMPURSUG,Dhampur Sugar Mills Limited,NSE,DHAMPURSUG.NS,EQ,INE041A01016,,,INE041A01016
DGCONTENT,Digicontent Limited,NSE,DGCONTENT.NS,EQ,INE03JI01017,,,INE03JI01017
DELPHIFX,DELPHI WORLD MONEY LIMITED,NSE,DELPHIFX.NS,EQ,INE726L01027,,,INE726L01027
DECNGOLD,Deccan Gold Mines Limited,NSE,DECNGOLD.NS,EQ,INE945F01025,,,INE945F01025
DEEDEV,DEE Development Engineers Limited,NSE,DEEDEV.NS,BE,INE841L01016,,,INE841L01016
DEEPAKFERT,Deepak Fertilizers and Petrochemicals Corporation Limited,NSE,DEEPAKFERT.NS,EQ,INE501A01019,,,INE501A01019
DEEPAKNTR,Deepak Nitrite Limited,NSE,DEEPAKNTR.NS,EQ,INE288B01029,,,INE288B01029
DEEPINDS,Deep Industries Limited,NSE,DEEPINDS.NS,EQ,INE0FHS01024,,,INE0FHS01024
DELHIVERY,Delhivery Limited,NSE,DELHIVERY.NS,EQ,INE148O01028,,,INE148O01028
DELTACORP,Delta Corp Limited,NSE,DELTACORP.NS,EQ,INE124G01033,,,INE124G01033
DEVYANI,Devyani International Limited,NSE,DEVYANI.NS,EQ,INE872J01023,,,INE872J01023
DELTAMAGNT,Delta Manufacturing Limited,NSE,DELTAMAGNT.NS,EQ,INE393A01011,,,INE393A01011
DEN,Den Networks Limited,NSE,DEN.NS,EQ,INE947J01015,,,INE947J01015
DENORA,De Nora India Limited,NSE,DENORA.NS,EQ,INE244A01016,,,INE244A01016
DENTA,Denta Water and Infra Solutions Limited,NSE,DENTA.NS,EQ,INE0R4L01018,,,INE0R4L01018
DEVIT,Dev Information Technology Limited,NSE,DEVIT.NS,EQ,INE060X01034,,,INE060X01034
DEVX,Dev Accelerator Limited,NSE,DEVX.NS,EQ,INE0VOV01021,,,INE0VOV01021
DIVGIITTS,Divgi Torqtransfer Systems Limited,NSE,DIVGIITTS.NS,EQ,INE753U01022,,,INE753U01022
DIVISLAB,Divi's Laboratories Limited,NSE,DIVISLAB.NS,EQ,INE361B01024,,,INE361B01024
DIXON,Dixon Technologies (India) Limited,NSE,DIXON.NS,EQ,INE935N01020,,,INE935N01020
DWARKESH,Dwarikesh Sugar Industries Limited,NSE,DWARKESH.NS,EQ,INE366A01041,,,INE366A01041
DRREDDY,Dr. Reddy's Laboratories Limited,NSE,DRREDDY.NS,EQ,INE089A01031,,,INE089A01031
DSFCL,DCM Shriram Fine Chemicals Limited,NSE,DSFCL.NS,EQ,INE0OFM01015,,,INE0OFM01015
DSSL,Dynacons Systems & Solutions Limited,NSE,DSSL.NS,EQ,INE417B01040,,,INE417B01040
DTIL,Dhunseri Tea & Industries Limited,NSE,DTIL.NS,EQ,INE341R01014,,,INE341R01014
DUCON,Ducon Infratechnologies Limited,NSE,DUCON.NS,BE,INE741L01018,,,INE741L01018
DVL,Dhunseri Ventures Limited,NSE,DVL.NS,EQ,INE477B01010,,,INE477B01010
DYCL,Dynamic Cables Limited,NSE,DYCL.NS,EQ,INE600Y01019,,,INE600Y01019
DREAMFOLKS,Dreamfolks Services Limited,NSE,DREAMFOLKS.NS,EQ,INE0JS101016,,,INE0JS101016
DYNAMATECH,Dynamatic Technologies Limited,NSE,DYNAMATECH.NS,EQ,INE221B01012,,,INE221B01012
DYNPRO,Dynemic Products Limited,NSE,DYNPRO.NS,EQ,INE256H01015,,,INE256H01015
E2E,E2E Networks Limited,NSE,E2E.NS,EQ,INE255Z01027,,,INE255Z01027
EASEMYTRIP,Easy Trip Planners Limited,NSE,EASEMYTRIP.NS,EQ,INE07O001026,,,INE07O001026
EASTSILK,Eastern Silk Industries Limited,NSE,EASTSILK.NS,BE,INE962C01035,,,INE962C01035
EBGNG,GNG Electronics Limited,NSE,EBGNG.NS,EQ,INE18JU01028,,,INE18JU01028
DREDGECORP,Dredging Corporation of India Limited,NSE,DREDGECORP.NS,EQ,INE506A01018,,,INE506A01018
DRCSYSTEMS,DRC Systems India Limited,NSE,DRCSYSTEMS.NS,EQ,INE03RS01027,,,INE03RS01027
DJML,DJ Mediaprint & Logistics Limited,NSE,DJML.NS,EQ,INE0B1K01014,,,INE0B1K01014
DOLATALGO,Dolat Algotech Limited,NSE,DOLATALGO.NS,EQ,INE966A01022,,,INE966A01022
DLF,DLF Limited,NSE,DLF.NS,EQ,INE271C01023,,,INE271C01023
DLINKINDIA,D-Link (India) Limited,NSE,DLINKINDIA.NS,EQ,INE250K01012,,,INE250K01012
DMART,Avenue Supermarts Limited,NSE,DMART.NS,EQ,INE192R01011,,,INE192R01011
DMCC,DMCC SPECIALITY CHEMICALS LIMITED,NSE,DMCC.NS,EQ,INE505A01010,,,INE505A01010
DNAMEDIA,Diligent Media Corporation Limited,NSE,DNAMEDIA.NS,EQ,INE016M01021,,,INE016M01021
DODLA,Dodla Dairy Limited,NSE,DODLA.NS,EQ,INE021O01019,,,INE021O01019
DOLLAR,Dollar Industries Limited,NSE,DOLLAR.NS,EQ,INE325C01035,,,INE325C01035
DRAGARWQ,Dr Agarwals Eye Hospital Limited,NSE,DRAGARWQ.NS,EQ,INE934C01018,,,INE934C01018
DOLPHIN,Dolphin Offshore Enterprises (India) Limited,NSE,DOLPHIN.NS,EQ,INE920A01037,,,INE920A01037
DOMS,DOMS Industries Limited,NSE,DOMS.NS,EQ,INE321T01012,,,INE321T01012
DONEAR,Donear Industries Limited,NSE,DONEAR.NS,EQ,INE668D01028,,,INE668D01028
DPABHUSHAN,D. P. Abhushan Limited,NSE,DPABHUSHAN.NS,EQ,INE266Y01019,,,INE266Y01019
DPSCLTD,DPSC Limited,NSE,DPSCLTD.NS,BE,INE360C01024,,,INE360C01024
DPWIRES,D P Wires Limited,NSE,DPWIRES.NS,EQ,INE864X01013,,,INE864X01013
DECCANCE,Deccan Cements Limited,NSE,DECCANCE.NS,EQ,INE583C01021,,,INE583C01021
DCXINDIA,DCX Systems Limited,NSE,DCXINDIA.NS,EQ,INE0KL801015,,,INE0KL801015
COASTCORP,Coastal Corporation Limited,NSE,COASTCORP.NS,EQ,INE377E01024,,,INE377E01024
DCW,DCW Limited,NSE,DCW.NS,EQ,INE500A01029,,,INE500A01029
COSMOFIRST,COSMO FIRST LIMITED,NSE,COSMOFIRST.NS,EQ,INE757A01017,,,INE757A01017
COUNCODOS,Country Condo's Limited,NSE,COUNCODOS.NS,EQ,INE695B01025,,,INE695B01025
CPCAP,CP Capital Limited,NSE,CPCAP.NS,BE,INE521J01018,,,INE521J01018
CPEDU,Career Point Edutech Limited,NSE,CPEDU.NS,EQ,INE0P6P01016,,,INE0P6P01016
CPPLUS,Aditya Infotech Limited,NSE,CPPLUS.NS,EQ,INE819V01029,,,INE819V01029
CRAFTSMAN,Craftsman Automation Limited,NSE,CRAFTSMAN.NS,EQ,INE00LO01017,,,INE00LO01017
CRAMC,Canara Robeco Asset Management Company Limited,NSE,CRAMC.NS,EQ,INE218I01013,,,INE218I01013
CREATIVEYE,Creative Eye Limited,NSE,CREATIVEYE.NS,EQ,INE230B01021,,,INE230B01021
CREDITACC,CREDITACCESS GRAMEEN LIMITED,NSE,CREDITACC.NS,EQ,INE741K01010,,,INE741K01010
CREST,Crest Ventures Limited,NSE,CREST.NS,EQ,INE559D01011,,,INE559D01011
CRISIL,Crisil Limited,NSE,CRISIL.NS,EQ,INE007A01025,,,INE007A01025
CRIZAC,Crizac Limited,NSE,CRIZAC.NS,EQ,INE0S4R01014,,,INE0S4R01014
CROMPTON,Crompton Greaves Consumer Electricals Limited,NSE,CROMPTON.NS,EQ,INE299U01018,,,INE299U01018
CROWN,Crown Lifters Limited,NSE,CROWN.NS,EQ,INE491V01019,,,INE491V01019
CSBBANK,CSB Bank Limited,NSE,CSBBANK.NS,EQ,INE679A01013,,,INE679A01013
CORONA,CORONA Remedies Limited,NSE,CORONA.NS,EQ,INE02ZQ01018,,,INE02ZQ01018
COROMANDEL,Coromandel International Limited,NSE,COROMANDEL.NS,EQ,INE169A01031,,,INE169A01031
CORDSCABLE,Cords Cable Industries Limited,NSE,CORDSCABLE.NS,BE,INE792I01017,,,INE792I01017
COMFINTE,Comfort Intech Limited,NSE,COMFINTE.NS,EQ,INE819A01049,,,INE819A01049
COCHINSHIP,Cochin Shipyard Limited,NSE,COCHINSHIP.NS,EQ,INE704P01025,,,INE704P01025
COCKERILL,John Cockerill India Limited,NSE,COCKERILL.NS,EQ,INE515A01019,,,INE515A01019
COFFEEDAY,Coffee Day Enterprises Limited,NSE,COFFEEDAY.NS,BE,INE335K01011,,,INE335K01011
COFORGE,Coforge Limited,NSE,COFORGE.NS,EQ,INE591G01025,,,INE591G01025
COHANCE,Cohance Lifesciences Limited,NSE,COHANCE.NS,EQ,INE03QK01018,,,INE03QK01018
COLPAL,Colgate Palmolive (India) Limited,NSE,COLPAL.NS,EQ,INE259A01022,,,INE259A01022
COMPUSOFT,Compucom Software Limited,NSE,COMPUSOFT.NS,EQ,INE453B01029,,,INE453B01029
CORALFINAC,Coral India Finance & Housing Limited,NSE,CORALFINAC.NS,EQ,INE558D01021,,,INE558D01021
COMSYN,Commercial Syn Bags Limited,NSE,COMSYN.NS,EQ,INE073V01015,,,INE073V01015
CONCOR,Container Corporation of India Limited,NSE,CONCOR.NS,EQ,INE111A01025,,,INE111A01025
CONCORDBIO,Concord Biotech Limited,NSE,CONCORDBIO.NS,EQ,INE338H01029,,,INE338H01029
CONFIPET,Confidence Petroleum India Limited,NSE,CONFIPET.NS,EQ,INE552D01024,,,INE552D01024
CONSOFINVT,Consolidated Finvest & Holdings Limited,NSE,CONSOFINVT.NS,EQ,INE025A01027,,,INE025A01027
CONTROLPR,Control Print Limited,NSE,CONTROLPR.NS,EQ,INE663B01015,,,INE663B01015
CSLFINANCE,CSL Finance Limited,NSE,CSLFINANCE.NS,EQ,INE718F01018,,,INE718F01018
CTE,Cambridge Technology Enterprises Limited,NSE,CTE.NS,EQ,INE627H01017,,,INE627H01017
CUB,City Union Bank Limited,NSE,CUB.NS,EQ,INE491A01021,,,INE491A01021
DCBBANK,DCB Bank Limited,NSE,DCBBANK.NS,EQ,INE503A01015,,,INE503A01015
DBEIL,Deepak Builders & Engineers India Limited,NSE,DBEIL.NS,BE,INE0OPA01019,,,INE0OPA01019
DBL,Dilip Buildcon Limited,NSE,DBL.NS,EQ,INE917M01012,,,INE917M01012
DBOL,Dhampur Bio Organics Limited,NSE,DBOL.NS,BE,INE0I3401014,,,INE0I3401014
DBREALTY,Valor Estate Limited,NSE,DBREALTY.NS,BE,INE879I01012,,,INE879I01012
DBSTOCKBRO,DB (International) Stock Brokers Limited,NSE,DBSTOCKBRO.NS,EQ,INE921B01025,,,INE921B01025
DCAL,Dishman Carbogen Amcis Limited,NSE,DCAL.NS,EQ,INE385W01011,,,INE385W01011
DCI,Dc Infotech And Communication Limited,NSE,DCI.NS,BE,INE0A1101019,,,INE0A1101019
DAVANGERE,Davangere Sugar Company Limited,NSE,DAVANGERE.NS,EQ,INE179G01029,,,INE179G01029
DCM,DCM  Limited,NSE,DCM.NS,EQ,INE498A01018,,,INE498A01018
DCMFINSERV,DCM Financial Services Limited,NSE,DCMFINSERV.NS,BE,INE891B01012,,,INE891B01012
DCMNVL,DCM Nouvelle Limited,NSE,DCMNVL.NS,BE,INE08KP01019,,,INE08KP01019
DCMSHRIRAM,DCM Shriram Limited,NSE,DCMSHRIRAM.NS,EQ,INE499A01024,,,INE499A01024
DCMSIL,DCM Shriram International Limited,NSE,DCMSIL.NS,BE,INE0OU201013,,,INE0OU201013
DCMSRIND,DCM Shriram Industries Limited,NSE,DCMSRIND.NS,EQ,INE843D01027,,,INE843D01027
DBCORP,D.B.Corp Limited,NSE,DBCORP.NS,EQ,INE950I01011,,,INE950I01011
DATAPATTNS,Data Patterns (India) Limited,NSE,DATAPATTNS.NS,EQ,INE0IX101010,,,INE0IX101010
CUBEXTUB,Cubex Tubings Limited,NSE,CUBEXTUB.NS,EQ,INE144D01012,,,INE144D01012
CYIENTDLM,Cyient DLM Limited,NSE,CYIENTDLM.NS,EQ,INE055S01018,,,INE055S01018
CUMMINSIND,Cummins India Limited,NSE,CUMMINSIND.NS,EQ,INE298A01020,,,INE298A01020
CUPID,Cupid Limited,NSE,CUPID.NS,EQ,INE509F01029,,,INE509F01029
CURAA,Cura Technologies Limited,NSE,CURAA.NS,EQ,INE117B01020,,,INE117B01020
CYBERMEDIA,Cyber Media (India) Limited,NSE,CYBERMEDIA.NS,BE,INE278G01037,,,INE278G01037
CYBERTECH,Cybertech Systems And Software Limited,NSE,CYBERTECH.NS,EQ,INE214A01019,,,INE214A01019
CYIENT,Cyient Limited,NSE,CYIENT.NS,EQ,INE136B01020,,,INE136B01020
DABUR,Dabur India Limited,NSE,DABUR.NS,EQ,INE016A01026,,,INE016A01026
DATAMATICS,Datamatics Global Services Limited,NSE,DATAMATICS.NS,EQ,INE365B01017,,,INE365B01017
DAICHI,Dai-Ichi Karkaria Limited,NSE,DAICHI.NS,EQ,INE928C01010,,,INE928C01010
DALBHARAT,Dalmia Bharat Limited,NSE,DALBHARAT.NS,EQ,INE00R701025,,,INE00R701025
DALMIASUG,Dalmia Bharat Sugar and Industries Limited,NSE,DALMIASUG.NS,EQ,INE495A01022,,,INE495A01022
DAMCAPITAL,Dam Capital Advisors Limited,NSE,DAMCAPITAL.NS,EQ,INE284H01025,,,INE284H01025
DAMODARIND,Damodar Industries Limited,NSE,DAMODARIND.NS,EQ,INE497D01022,,,INE497D01022
DANGEE,Dangee Dums Limited,NSE,DANGEE.NS,EQ,INE688Y01022,,,INE688Y01022
BELRISE,Belrise Industries Limited,NSE,BELRISE.NS,EQ,INE894V01022,,,INE894V01022
BELLACASA,Bella Casa Fashion & Retail Limited,NSE,BELLACASA.NS,EQ,INE344T01014,,,INE344T01014
BEL,Bharat Electronics Limited,NSE,BEL.NS,EQ,INE263A01024,,,INE263A01024
AFSL,Abans Financial Services Limited,NSE,AFSL.NS,EQ,INE00ZE01026,,,INE00ZE01026
AKASH,Akash Infra-Projects Limited,NSE,AKASH.NS,EQ,INE737W01013,,,INE737W01013
AKCAPIT,AK Capital Services Limited,NSE,AKCAPIT.NS,EQ,INE701G01012,,,INE701G01012
AKG,Akg Exim Limited,NSE,AKG.NS,EQ,INE00Y801016,,,INE00Y801016
AKI,AKI India Limited,NSE,AKI.NS,EQ,INE642Z01026,,,INE642Z01026
AKSHAR,Akshar Spintex Limited,NSE,AKSHAR.NS,EQ,INE256Z01025,,,INE256Z01025
AKSHARCHEM,AksharChem India Limited,NSE,AKSHARCHEM.NS,EQ,INE542B01011,,,INE542B01011
AKSHOPTFBR,Aksh Optifibre Limited,NSE,AKSHOPTFBR.NS,BE,INE523B01011,,,INE523B01011
AKUMS,Akums Drugs and Pharmaceuticals Limited,NSE,AKUMS.NS,EQ,INE09XN01023,,,INE09XN01023
ALANKIT,Alankit Limited,NSE,ALANKIT.NS,EQ,INE914E01040,,,INE914E01040
ALBERTDAVD,Albert David Limited,NSE,ALBERTDAVD.NS,EQ,INE155C01010,,,INE155C01010
ALEMBICLTD,Alembic Limited,NSE,ALEMBICLTD.NS,EQ,INE426A01027,,,INE426A01027
ALGOQUANT,Algoquant Fintech Limited,NSE,ALGOQUANT.NS,EQ,INE598D01035,,,INE598D01035
ALICON,Alicon Castalloy Limited,NSE,ALICON.NS,EQ,INE062D01024,,,INE062D01024
ALIVUS,Alivus Life Sciences Limited,NSE,ALIVUS.NS,EQ,INE03Q201024,,,INE03Q201024
ALKALI,Alkali Metals Limited,NSE,ALKALI.NS,BE,INE773I01017,,,INE773I01017
AJOONI,Ajooni Biotech Limited,NSE,AJOONI.NS,EQ,INE820Y01021,,,INE820Y01021
AJMERA,Ajmera Realty & Infra India Limited,NSE,AJMERA.NS,EQ,INE298G01035,,,INE298G01035
AJAXENGG,Ajax Engineering Limited,NSE,AJAXENGG.NS,EQ,INE274Y01021,,,INE274Y01021
AHLADA,Ahlada Engineers Limited,NSE,AHLADA.NS,EQ,INE00PV01013,,,INE00PV01013
AGARWALEYE,Dr. Agarwal's Health Care Limited,NSE,AGARWALEYE.NS,EQ,INE943P01029,,,INE943P01029
AGI,AGI Greenpac Limited,NSE,AGI.NS,EQ,INE415A01038,,,INE415A01038
AGIIL,Agi Infra Limited,NSE,AGIIL.NS,EQ,INE976R01033,,,INE976R01033
AGRITECH,Agri-Tech (India) Limited,NSE,AGRITECH.NS,EQ,INE449G01018,,,INE449G01018
AGROPHOS,Agro Phos India Limited,NSE,AGROPHOS.NS,EQ,INE740V01019,,,INE740V01019
AHCL,Anlon Healthcare Limited,NSE,AHCL.NS,EQ,INE0Y8W01025,,,INE0Y8W01025
AHLEAST,Asian Hotels (East) Limited,NSE,AHLEAST.NS,EQ,INE926K01017,,,INE926K01017
AJANTPHARM,Ajanta Pharma Limited,NSE,AJANTPHARM.NS,EQ,INE031B01049,,,INE031B01049
AHLUCONT,Ahluwalia Contracts (India) Limited,NSE,AHLUCONT.NS,EQ,INE758C01029,,,INE758C01029
AHLWEST,Asian Hotels (West) Limited,NSE,AHLWEST.NS,BE,INE915K01010,,,INE915K01010
AIAENG,AIA Engineering Limited,NSE,AIAENG.NS,EQ,INE212H01026,,,INE212H01026
AIIL,Authum Investment & Infrastructure Limited,NSE,AIIL.NS,EQ,INE206F01022,,,INE206F01022
AIRAN,Airan Limited,NSE,AIRAN.NS,EQ,INE645W01026,,,INE645W01026
AIROLAM,Airo Lam limited,NSE,AIROLAM.NS,EQ,INE801L01010,,,INE801L01010
ALKEM,Alkem Laboratories Limited,NSE,ALKEM.NS,EQ,INE540L01014,,,INE540L01014
ALKYLAMINE,Alkyl Amines Chemicals Limited,NSE,ALKYLAMINE.NS,EQ,INE150B01039,,,INE150B01039
ALLCARGO,Allcargo Logistics Limited,NSE,ALLCARGO.NS,EQ,INE418H01029,,,INE418H01029
ANTELOPUS,Antelopus Selan Energy Limited,NSE,ANTELOPUS.NS,EQ,INE818A01017,,,INE818A01017
ANANTRAJ,Anant Raj Limited,NSE,ANANTRAJ.NS,EQ,INE242C01024,,,INE242C01024
ANDHRAPAP,ANDHRA PAPER LIMITED,NSE,ANDHRAPAP.NS,EQ,INE435A01051,,,INE435A01051
ANDHRSUGAR,The Andhra Sugars Limited,NSE,ANDHRSUGAR.NS,EQ,INE715B01021,,,INE715B01021
ANGELONE,Angel One Limited,NSE,ANGELONE.NS,EQ,INE732I01021,,,INE732I01021
ANIKINDS,Anik Industries Limited,NSE,ANIKINDS.NS,BE,INE087B01017,,,INE087B01017
ANMOL,Anmol India Limited,NSE,ANMOL.NS,EQ,INE02AR01019,,,INE02AR01019
ANTGRAPHIC,Antarctica Limited,NSE,ANTGRAPHIC.NS,EQ,INE414B01021,,,INE414B01021
AMRUTANJAN,Amrutanjan Health Care Limited,NSE,AMRUTANJAN.NS,EQ,INE098F01031,,,INE098F01031
ANTHEM,Anthem Biosciences Limited,NSE,ANTHEM.NS,EQ,INE0CZ201020,,,INE0CZ201020
ANUHPHR,Anuh Pharma Limited,NSE,ANUHPHR.NS,EQ,INE489G01022,,,INE489G01022
ANUP,The Anup Engineering Limited,NSE,ANUP.NS,EQ,INE294Z01018,,,INE294Z01018
ANURAS,Anupam Rasayan India Limited,NSE,ANURAS.NS,EQ,INE930P01018,,,INE930P01018
APARINDS,Apar Industries Limited,NSE,APARINDS.NS,EQ,INE372A01015,,,INE372A01015
APCL,Anjani Portland Cement Limited,NSE,APCL.NS,EQ,INE071F01012,,,INE071F01012
ANANDRATHI,Anand Rathi Wealth Limited,NSE,ANANDRATHI.NS,EQ,INE463V01026,,,INE463V01026
AMNPLST,Amines & Plasticizers Limited,NSE,AMNPLST.NS,EQ,INE275D01022,,,INE275D01022
ALLDIGI,Alldigi Tech Limited,NSE,ALLDIGI.NS,EQ,INE835G01018,,,INE835G01018
AMANTA,Amanta Healthcare Limited,NSE,AMANTA.NS,EQ,INE084K01015,,,INE084K01015
ALLTIME,All Time Plastics Limited,NSE,ALLTIME.NS,EQ,INE0GV601021,,,INE0GV601021
ALMONDZ,Almondz Global Securities Limited,NSE,ALMONDZ.NS,EQ,INE326B01035,,,INE326B01035
ALOKINDS,Alok Industries Limited,NSE,ALOKINDS.NS,EQ,INE270A01029,,,INE270A01029
ALPA,Alpa Laboratories Limited,NSE,ALPA.NS,EQ,INE385I01010,,,INE385I01010
ALPHAGEO,Alphageo (India) Limited,NSE,ALPHAGEO.NS,EQ,INE137C01018,,,INE137C01018
AMAGI,Amagi Media Labs Limited,NSE,AMAGI.NS,EQ,INE121R01077,,,INE121R01077
AMBALALSA,Ambalal Sarabhai Enterprises Limited,NSE,AMBALALSA.NS,EQ,INE432A01017,,,INE432A01017
AMJLAND,Amj Land Holdings Limited,NSE,AMJLAND.NS,EQ,INE606A01024,,,INE606A01024
AMBER,Amber Enterprises India Limited,NSE,AMBER.NS,EQ,INE371P01015,,,INE371P01015
AMBICAAGAR,Ambica Agarbathies & Aroma industries Limited,NSE,AMBICAAGAR.NS,EQ,INE792B01012,,,INE792B01012
AMBIKCO,Ambika Cotton Mills Limited,NSE,AMBIKCO.NS,EQ,INE540G01014,,,INE540G01014
AMBUJACEM,Ambuja Cements Limited,NSE,AMBUJACEM.NS,EQ,INE079A01024,,,INE079A01024
AMDIND,AMD Industries Limited,NSE,AMDIND.NS,EQ,INE005I01014,,,INE005I01014
AMIRCHAND,Amir Chand Jagdish Kumar (Exports) Limited,NSE,AMIRCHAND.NS,EQ,INE05TO01019,,,INE05TO01019
AGARIND,Agarwal Industrial Corporation Limited,NSE,AGARIND.NS,EQ,INE204E01012,,,INE204E01012
AFIL,Akme Fintrade (India) Limited,NSE,AFIL.NS,BE,INE916Y01027,,,INE916Y01027
APEX,Apex Frozen Foods Limited,NSE,APEX.NS,EQ,INE346W01013,,,INE346W01013
AFFORDABLE,Affordable Robotic & Automation Limited,NSE,AFFORDABLE.NS,BE,INE692Z01013,,,INE692Z01013
AARTIPHARM,Aarti Pharmalabs Limited,NSE,AARTIPHARM.NS,EQ,INE0LRU01027,,,INE0LRU01027
AARTISURF,Aarti Surfactants Limited,NSE,AARTISURF.NS,EQ,INE09EO01013,,,INE09EO01013
AARVI,Aarvi Encon Limited,NSE,AARVI.NS,EQ,INE754X01016,,,INE754X01016
AAVAS,Aavas Financiers Limited,NSE,AAVAS.NS,EQ,INE216P01012,,,INE216P01012
ABANSENT,Abans Enterprises Limited,NSE,ABANSENT.NS,BE,INE365O01028,,,INE365O01028
ABB,ABB India Limited,NSE,ABB.NS,EQ,INE117A01022,,,INE117A01022
ABBOTINDIA,Abbott India Limited,NSE,ABBOTINDIA.NS,EQ,INE358A01014,,,INE358A01014
ABCAPITAL,Aditya Birla Capital Limited,NSE,ABCAPITAL.NS,EQ,INE674K01013,,,INE674K01013
ABCOTS,A B Cotspin India Limited,NSE,ABCOTS.NS,EQ,INE08PH01015,,,INE08PH01015
ABDL,Allied Blenders and Distillers Limited,NSE,ABDL.NS,EQ,INE552Z01027,,,INE552Z01027
ABFRL,Aditya Birla Fashion and Retail Limited,NSE,ABFRL.NS,EQ,INE647O01011,,,INE647O01011
ABINFRA,A B Infrabuild Limited,NSE,ABINFRA.NS,EQ,INE00YB01025,,,INE00YB01025
ABLBL,Aditya Birla Lifestyle Brands Limited,NSE,ABLBL.NS,EQ,INE14LE01019,,,INE14LE01019
ABMINTLLTD,ABM International Limited,NSE,ABMINTLLTD.NS,EQ,INE251C01025,,,INE251C01025
ABMKNO,ABM Knowledgeware Limited,NSE,ABMKNO.NS,EQ,INE850B01026,,,INE850B01026
AARTIIND,Aarti Industries Limited,NSE,AARTIIND.NS,EQ,INE769A01020,,,INE769A01020
AARTIDRUGS,Aarti Drugs Limited,NSE,AARTIDRUGS.NS,EQ,INE767A01016,,,INE767A01016
AARTECH,Aartech Solonics Limited,NSE,AARTECH.NS,EQ,INE01C001026,,,INE01C001026
5PAISA,5Paisa Capital Limited,NSE,5PAISA.NS,EQ,INE618L01018,,,INE618L01018
360ONE,360 ONE WAM LIMITED,NSE,360ONE.NS,EQ,INE466L01038,,,INE466L01038
KSR,KSR Footwear Limited,NSE,KSR.NS,BE,INE1SPP01016,,,INE1SPP01016
3BBLACKBIO,3B Blackbio Dx Limited,NSE,3BBLACKBIO.NS,EQ,INE994E01018,,,INE994E01018
3IINFOLTD,3i Infotech Limited,NSE,3IINFOLTD.NS,EQ,INE748C01038,,,INE748C01038
3MINDIA,3M India Limited,NSE,3MINDIA.NS,EQ,INE470A01017,,,INE470A01017
3PLAND,3P Land Holdings Limited,NSE,3PLAND.NS,EQ,INE105C01023,,,INE105C01023
63MOONS,63 moons technologies limited,NSE,63MOONS.NS,EQ,INE111B01023,,,INE111B01023
AARON,Aaron Industries Limited,NSE,AARON.NS,EQ,INE721Z01010,,,INE721Z01010
A2ZINFRA,A2Z Infra Engineering Limited,NSE,A2ZINFRA.NS,EQ,INE619I01012,,,INE619I01012
AAATECH,AAA Technologies Limited,NSE,AAATECH.NS,EQ,INE0D0U01013,,,INE0D0U01013
AADHARHFC,Aadhar Housing Finance Limited,NSE,AADHARHFC.NS,EQ,INE883F01010,,,INE883F01010
AAKASH,Aakash Exploration Services Limited,NSE,AAKASH.NS,BE,INE087Z01024,,,INE087Z01024
AAREYDRUGS,Aarey Drugs & Pharmaceuticals Limited,NSE,AAREYDRUGS.NS,BE,INE198H01019,,,INE198H01019
AARNAV,Aarnav Fashions Limited,NSE,AARNAV.NS,EQ,INE750R01016,,,INE750R01016
ABREL,Aditya Birla Real Estate Limited,NSE,ABREL.NS,EQ,INE055A01016,,,INE055A01016
ABSLAMC,Aditya Birla Sun Life AMC Limited,NSE,ABSLAMC.NS,EQ,INE404A01024,,,INE404A01024
ACC,ACC Limited,NSE,ACC.NS,EQ,INE012A01025,,,INE012A01025
AEPL,Artemis Electricals and Projects Limited,NSE,AEPL.NS,EQ,INE757T01025,,,INE757T01025
ADVANCE,Advance Agrolife Limited,NSE,ADVANCE.NS,EQ,INE1B0W01010,,,INE1B0W01010
ADVANIHOTR,Advani Hotels & Resorts (India) Limited,NSE,ADVANIHOTR.NS,EQ,INE199C01026,,,INE199C01026
ADVENTHTL,Advent Hotels International Limited,NSE,ADVENTHTL.NS,EQ,INE28GN01010,,,INE28GN01010
ADVENZYMES,Advanced Enzyme Technologies Limited,NSE,ADVENZYMES.NS,EQ,INE837H01020,,,INE837H01020
AEGISLOG,Aegis Logistics Limited,NSE,AEGISLOG.NS,EQ,INE208C01025,,,INE208C01025
AEGISVOPAK,Aegis Vopak Terminals Limited,NSE,AEGISVOPAK.NS,EQ,INE0INX01018,,,INE0INX01018
AEQUS,Aequs Limited,NSE,AEQUS.NS,EQ,INE947N01017,,,INE947N01017
ADSL,Allied Digital Services Limited,NSE,ADSL.NS,EQ,INE102I01027,,,INE102I01027
AEROENTER,Aeroflex Enterprises Limited,NSE,AEROENTER.NS,EQ,INE065D01027,,,INE065D01027
AEROFLEX,Aeroflex Industries Limited,NSE,AEROFLEX.NS,EQ,INE024001021,,,INE024001021
AERONEU,Aeroflex Neu Limited,NSE,AERONEU.NS,EQ,INE035801013,,,INE035801013
AETHER,Aether Industries Limited,NSE,AETHER.NS,EQ,INE0BWX01014,,,INE0BWX01014
AFCONS,Afcons Infrastructure Limited,NSE,AFCONS.NS,EQ,INE101I01011,,,INE101I01011
AFFLE,Affle 3i Limited,NSE,AFFLE.NS,EQ,INE00WC01027,,,INE00WC01027
ADVAIT,Advait Energy Transitions Limited,NSE,ADVAIT.NS,EQ,INE0ALI01010,,,INE0ALI01010
ADROITINFO,Adroit Infotech Limited,NSE,ADROITINFO.NS,EQ,INE737B01033,,,INE737B01033
ACCURACY,Accuracy Shipping Limited,NSE,ACCURACY.NS,EQ,INE648Z01023,,,INE648Z01023
ACUTAAS,Acutaas Chemicals Limited,NSE,ACUTAAS.NS,EQ,INE00FF01025,,,INE00FF01025
ACE,Action Construction Equipment Limited,NSE,ACE.NS,EQ,INE731H01025,,,INE731H01025
ACEINTEG,Ace Integrated Solutions Limited,NSE,ACEINTEG.NS,EQ,INE543V01017,,,INE543V01017
ACI,Archean Chemical Industries Limited,NSE,ACI.NS,EQ,INE128X01021,,,INE128X01021
ACL,Andhra Cements Limited,NSE,ACL.NS,EQ,INE666E01020,,,INE666E01020
ACMESOLAR,Acme Solar Holdings Limited,NSE,ACMESOLAR.NS,EQ,INE622W01025,,,INE622W01025
ACSTECH,ACS Technologies Limited,NSE,ACSTECH.NS,EQ,INE366C01021,,,INE366C01021
ADANIENSOL,Adani Energy Solutions Limited,NSE,ADANIENSOL.NS,EQ,INE931S01010,,,INE931S01010
ADOR,Ador Welding Limited,NSE,ADOR.NS,EQ,INE045A01017,,,INE045A01017
ADANIENT,Adani Enterprises Limited,NSE,ADANIENT.NS,EQ,INE423A01024,,,INE423A01024
ADANIGREEN,Adani Green Energy Limited,NSE,ADANIGREEN.NS,EQ,INE364U01010,,,INE364U01010
ADANIPORTS,Adani Ports and Special Economic Zone Limited,NSE,ADANIPORTS.NS,EQ,INE742F01042,,,INE742F01042
ADANIPOWER,Adani Power Limited,NSE,ADANIPOWER.NS,EQ,INE814H01029,,,INE814H01029
ADFFOODS,ADF Foods Limited,NSE,ADFFOODS.NS,EQ,INE982B01027,,,INE982B01027
ADL,Archidply Decor Limited,NSE,ADL.NS,EQ,INE0CHO01012,,,INE0CHO01012
APCOTEXIND,Apcotex Industries Limited,NSE,APCOTEXIND.NS,EQ,INE116A01032,,,INE116A01032
APLAPOLLO,APL Apollo Tubes Limited,NSE,APLAPOLLO.NS,EQ,INE702C01027,,,INE702C01027
BEEKAY,Beekay Steel Industries Limited,NSE,BEEKAY.NS,EQ,INE213D01015,,,INE213D01015
AUTOIND,Autoline Industries Limited,NSE,AUTOIND.NS,BE,INE718H01014,,,INE718H01014
BAGFILMS,B.A.G Films and Media Limited,NSE,BAGFILMS.NS,EQ,INE116D01028,,,INE116D01028
BAIDFIN,Baid Finserv Limited,NSE,BAIDFIN.NS,EQ,INE020D01022,,,INE020D01022
BAJAJ-AUTO,Bajaj Auto Limited,NSE,BAJAJ-AUTO.NS,EQ,INE917I01010,,,INE917I01010
BAJAJCON,Bajaj Consumer Care Limited,NSE,BAJAJCON.NS,EQ,INE933K01021,,,INE933K01021
BAJAJELEC,Bajaj Electricals Limited,NSE,BAJAJELEC.NS,EQ,INE193E01025,,,INE193E01025
BAJAJFINSV,Bajaj Finserv Limited,NSE,BAJAJFINSV.NS,EQ,INE918I01026,,,INE918I01026
BAJAJHCARE,Bajaj Healthcare Limited,NSE,BAJAJHCARE.NS,EQ,INE411U01027,,,INE411U01027
BAJAJHFL,Bajaj Housing Finance Limited,NSE,BAJAJHFL.NS,EQ,INE377Y01014,,,INE377Y01014
BAJAJHIND,Bajaj Hindusthan Sugar Limited,NSE,BAJAJHIND.NS,EQ,INE306A01021,,,INE306A01021
BAJAJHLDNG,Bajaj Holdings & Investment Limited,NSE,BAJAJHLDNG.NS,EQ,INE118A01012,,,INE118A01012
BAJAJINDEF,Indef Manufacturing Limited,NSE,BAJAJINDEF.NS,EQ,INE0O9T01021,,,INE0O9T01021
BAJAJST,Bajaj Steel Industries Limited,NSE,BAJAJST.NS,EQ,INE704G01024,,,INE704G01024
BAJEL,Bajel Projects Limited,NSE,BAJEL.NS,EQ,INE0KQN01018,,,INE0KQN01018
BAJFINANCE,Bajaj Finance Limited,NSE,BAJFINANCE.NS,EQ,INE296A01032,,,INE296A01032
BALAJEE,Shree Tirupati Balajee Agro Trading Company Limited,NSE,BALAJEE.NS,EQ,INE0S2G01011,,,INE0S2G01011
BAFNAPH,Bafna Pharmaceuticals Limited,NSE,BAFNAPH.NS,EQ,INE878I01022,,,INE878I01022
AZAD,Azad Engineering Limited,NSE,AZAD.NS,EQ,INE02IJ01035,,,INE02IJ01035
AYMSYNTEX,AYM Syntex Limited,NSE,AYMSYNTEX.NS,EQ,INE193B01039,,,INE193B01039
AVROIND,AVRO INDIA LIMITED,NSE,AVROIND.NS,EQ,INE652Z01025,,,INE652Z01025
AVALON,Avalon Technologies Limited,NSE,AVALON.NS,EQ,INE0LCL01028,,,INE0LCL01028
AVANTEL,Avantel Limited,NSE,AVANTEL.NS,EQ,INE005B01027,,,INE005B01027
AVANTIFEED,Avanti Feeds Limited,NSE,AVANTIFEED.NS,EQ,INE871C01038,,,INE871C01038
AVG,AVG Logistics Limited,NSE,AVG.NS,EQ,INE680Z01018,,,INE680Z01018
AVL,Aditya Vision Limited,NSE,AVL.NS,EQ,INE679V01027,,,INE679V01027
AVONMORE,Avonmore Capital & Management Services Limited,NSE,AVONMORE.NS,EQ,INE323B01024,,,INE323B01024
AVTNPL,AVT Natural Products Limited,NSE,AVTNPL.NS,EQ,INE488D01021,,,INE488D01021
AYE,Aye Finance Limited,NSE,AYE.NS,EQ,INE501X01029,,,INE501X01029
AWFIS,Awfis Space Solutions Limited,NSE,AWFIS.NS,EQ,INE108V01019,,,INE108V01019
AWHCL,Antony Waste Handling Cell Limited,NSE,AWHCL.NS,EQ,INE01BK01022,,,INE01BK01022
AWL,AWL Agri Business Limited,NSE,AWL.NS,EQ,INE699H01024,,,INE699H01024
AXISBANK,Axis Bank Limited,NSE,AXISBANK.NS,EQ,INE238A01034,,,INE238A01034
AXISCADES,AXISCADES Technologies Limited,NSE,AXISCADES.NS,EQ,INE555B01013,,,INE555B01013
AXITA,Axita Cotton Limited,NSE,AXITA.NS,EQ,INE02EZ01022,,,INE02EZ01022
BALAJITELE,Balaji Telefilms Limited,NSE,BALAJITELE.NS,EQ,INE794B01026,,,INE794B01026
BALAMINES,Balaji Amines Limited,NSE,BALAMINES.NS,EQ,INE050E01027,,,INE050E01027
BALAXI,BALAXI PHARMACEUTICALS LIMITED,NSE,BALAXI.NS,BE,INE618N01022,,,INE618N01022
BCG,Brightcom Group Limited,NSE,BCG.NS,EQ,INE425B01027,,,INE425B01027
BATLIBOI,Batliboi Limited,NSE,BATLIBOI.NS,EQ,INE177C01022,,,INE177C01022
BAYERCROP,Bayer Cropscience Limited,NSE,BAYERCROP.NS,EQ,INE462A01022,,,INE462A01022
BBL,Bharat Bijlee Limited,NSE,BBL.NS,EQ,INE464A01036,,,INE464A01036
BBOX,Black Box Limited,NSE,BBOX.NS,EQ,INE676A01027,,,INE676A01027
BBTC,The Bombay Burmah Trading Corporation Limited,NSE,BBTC.NS,EQ,INE050A01025,,,INE050A01025
BBTCL,B&B Triplewall Containers Limited,NSE,BBTCL.NS,EQ,INE01EE01011,,,INE01EE01011
BCLIND,Bcl Industries Limited,NSE,BCLIND.NS,EQ,INE412G01024,,,INE412G01024
BASML,Bannari Amman Spinning Mills Limited,NSE,BASML.NS,EQ,INE186H01022,,,INE186H01022
BCONCEPTS,Brand Concepts Limited,NSE,BCONCEPTS.NS,EQ,INE977Y01011,,,INE977Y01011
BCPL,BCPL Railway Infrastructure Limited,NSE,BCPL.NS,EQ,INE00SW01015,,,INE00SW01015
BDL,Bharat Dynamics Limited,NSE,BDL.NS,EQ,INE171Z01026,,,INE171Z01026
BEARDSELL,Beardsell Limited,NSE,BEARDSELL.NS,EQ,INE520H01022,,,INE520H01022
BECTORFOOD,Mrs. Bectors Food Specialities Limited,NSE,BECTORFOOD.NS,EQ,INE495P01020,,,INE495P01020
BEDMUTHA,Bedmutha Industries Limited,NSE,BEDMUTHA.NS,EQ,INE844K01012,,,INE844K01012
BATAINDIA,Bata India Limited,NSE,BATAINDIA.NS,EQ,INE176A01028,,,INE176A01028
BASF,BASF India Limited,NSE,BASF.NS,EQ,INE373A01013,,,INE373A01013
BALKRISHNA,Balkrishna Paper Mills Limited,NSE,BALKRISHNA.NS,EQ,INE875R01011,,,INE875R01011
BANARISUG,Bannari Amman Sugars Limited,NSE,BANARISUG.NS,EQ,INE459A01010,,,INE459A01010
BALKRISIND,Balkrishna Industries Limited,NSE,BALKRISIND.NS,EQ,INE787D01026,,,INE787D01026
BALMLAWRIE,Balmer Lawrie & Company Limited,NSE,BALMLAWRIE.NS,EQ,INE164A01016,,,INE164A01016
BALPHARMA,Bal Pharma Limited,NSE,BALPHARMA.NS,EQ,INE083D01012,,,INE083D01012
BALRAMCHIN,Balrampur Chini Mills Limited,NSE,BALRAMCHIN.NS,EQ,INE119A01028,,,INE119A01028
BALUFORGE,Balu Forge Industries Limited,NSE,BALUFORGE.NS,EQ,INE011E01029,,,INE011E01029
BANARBEADS,Banaras Beads Limited,NSE,BANARBEADS.NS,EQ,INE655B01011,,,INE655B01011
BANCOINDIA,Banco Products (I) Limited,NSE,BANCOINDIA.NS,EQ,INE213C01025,,,INE213C01025
BANSWRAS,Banswara Syntex Limited,NSE,BANSWRAS.NS,EQ,INE629D01020,,,INE629D01020
BANDHANBNK,Bandhan Bank Limited,NSE,BANDHANBNK.NS,EQ,INE545U01014,,,INE545U01014
BANG,Bang Overseas Limited,NSE,BANG.NS,EQ,INE863I01016,,,INE863I01016
BANKA,Banka BioLoo Limited,NSE,BANKA.NS,BE,INE862Y01015,,,INE862Y01015
BANKBARODA,Bank of Baroda,NSE,BANKBARODA.NS,EQ,INE028A01039,,,INE028A01039
BANKINDIA,Bank of India,NSE,BANKINDIA.NS,EQ,INE084A01016,,,INE084A01016
BANSALWIRE,Bansal Wire Industries Limited,NSE,BANSALWIRE.NS,EQ,INE0B9K01025,,,INE0B9K01025
AVADHSUGAR,Avadh Sugar & Energy Limited,NSE,AVADHSUGAR.NS,BE,INE349W01017,,,INE349W01017
AUTOAXLES,Automotive Axles Limited,NSE,AUTOAXLES.NS,EQ,INE449A01011,,,INE449A01011
APLLTD,Alembic Pharmaceuticals Limited,NSE,APLLTD.NS,EQ,INE901L01018,,,INE901L01018
AUSOMENT,Ausom Enterprise Limited,NSE,AUSOMENT.NS,BE,INE218C01016,,,INE218C01016
ARKADE,Arkade Developers Limited,NSE,ARKADE.NS,EQ,INE0QRL01017,,,INE0QRL01017
ARMANFIN,Arman Financial Services Limited,NSE,ARMANFIN.NS,EQ,INE109C01017,,,INE109C01017
AROGRANITE,Aro Granite Industries Limited,NSE,AROGRANITE.NS,EQ,INE210C01013,,,INE210C01013
ARROWGREEN,Arrow Greentech Limited,NSE,ARROWGREEN.NS,EQ,INE570D01018,,,INE570D01018
ARSSBL,Anand Rathi Share and Stock Brokers Limited,NSE,ARSSBL.NS,EQ,INE549H01021,,,INE549H01021
ARTEMISMED,Artemis Medicare Services Limited,NSE,ARTEMISMED.NS,EQ,INE025R01021,,,INE025R01021
ARTNIRMAN,Art Nirman Limited,NSE,ARTNIRMAN.NS,EQ,INE738V01013,,,INE738V01013
ARVEE,Arvee Laboratories (India) Limited,NSE,ARVEE.NS,EQ,INE006Z01016,,,INE006Z01016
ARVIND,Arvind Limited,NSE,ARVIND.NS,EQ,INE034A01011,,,INE034A01011
ARVINDFASN,Arvind Fashions Limited,NSE,ARVINDFASN.NS,EQ,INE955V01021,,,INE955V01021
ARVSMART,Arvind SmartSpaces Limited,NSE,ARVSMART.NS,EQ,INE034S01021,,,INE034S01021
ASAHIINDIA,Asahi India Glass Limited,NSE,ASAHIINDIA.NS,EQ,INE439A01020,,,INE439A01020
ASAHISONG,Asahi Songwon Colors Limited,NSE,ASAHISONG.NS,EQ,INE228I01012,,,INE228I01012
ASAL,Automotive Stampings and Assemblies Limited,NSE,ASAL.NS,EQ,INE900C01027,,,INE900C01027
ASALCBR,Associated Alcohols & Breweries Ltd.,NSE,ASALCBR.NS,EQ,INE073G01016,,,INE073G01016
ARIS,Arisinfra Solutions Limited,NSE,ARIS.NS,EQ,INE0H9P01028,,,INE0H9P01028
ARIHANTSUP,Arihant Superstructures Limited,NSE,ARIHANTSUP.NS,EQ,INE643K01018,,,INE643K01018
ARIHANTCAP,Arihant Capital Markets Limited,NSE,ARIHANTCAP.NS,EQ,INE420B01036,,,INE420B01036
APTUS,Aptus Value Housing Finance India Limited,NSE,APTUS.NS,EQ,INE852O01025,,,INE852O01025
APOLLO,Apollo Micro Systems Limited,NSE,APOLLO.NS,EQ,INE713T01028,,,INE713T01028
APOLLOHOSP,Apollo Hospitals Enterprise Limited,NSE,APOLLOHOSP.NS,EQ,INE437A01024,,,INE437A01024
APOLLOPIPE,Apollo Pipes Limited,NSE,APOLLOPIPE.NS,EQ,INE126J01016,,,INE126J01016
APOLLOTYRE,Apollo Tyres Limited,NSE,APOLLOTYRE.NS,EQ,INE438A01022,,,INE438A01022
APOLSINHOT,Apollo Sindoori Hotels Limited,NSE,APOLSINHOT.NS,EQ,INE451F01024,,,INE451F01024
APTECHT,Aptech Limited,NSE,APTECHT.NS,EQ,INE266F01018,,,INE266F01018
AQYLON,Aqylon Nexus Limited,NSE,AQYLON.NS,EQ,INE416A01051,,,INE416A01051
ARIHANT,Arihant Foundations & Housing Limited,NSE,ARIHANT.NS,EQ,INE413D01011,,,INE413D01011
ARCHIDPLY,Archidply Industries Limited,NSE,ARCHIDPLY.NS,EQ,INE877I01016,,,INE877I01016
ARCHIES,Archies Limited,NSE,ARCHIES.NS,EQ,INE731A01020,,,INE731A01020
ARE&M,Amara Raja Energy & Mobility Limited,NSE,ARE&M.NS,EQ,INE885A01032,,,INE885A01032
ARENTERP,Rajdarshan Industries Limited,NSE,ARENTERP.NS,EQ,INE610C01014,,,INE610C01014
ARFIN,Arfin India Limited,NSE,ARFIN.NS,EQ,INE784R01023,,,INE784R01023
ARIES,Aries Agro Limited,NSE,ARIES.NS,EQ,INE298I01015,,,INE298I01015
ASHAPURMIN,Ashapura Minechem Limited,NSE,ASHAPURMIN.NS,EQ,INE348A01023,,,INE348A01023
ASHIANA,Ashiana Housing Limited,NSE,ASHIANA.NS,EQ,INE365D01021,,,INE365D01021
ASHIKA,Ashika Credit Capital Limited,NSE,ASHIKA.NS,EQ,INE094B01013,,,INE094B01013
ATLASCYCLE,Atlas Cycles (Haryana) Limited,NSE,ATLASCYCLE.NS,EQ,INE446A01025,,,INE446A01025
ATAM,Atam Valves Limited,NSE,ATAM.NS,EQ,INE09KD01013,,,INE09KD01013
ATGL,Adani Total Gas Limited,NSE,ATGL.NS,EQ,INE399L01023,,,INE399L01023
ATHERENERG,Ather Energy Limited,NSE,ATHERENERG.NS,EQ,INE0LEZ01016,,,INE0LEZ01016
ATL,Allcargo Terminals Limited,NSE,ATL.NS,EQ,INE0NN701020,,,INE0NN701020
ATLANTAA,ATLANTAA LIMITED,NSE,ATLANTAA.NS,EQ,INE285H01022,,,INE285H01022
ATLANTAELE,Atlanta Electricals Limited,NSE,ATLANTAELE.NS,BE,INE0Z4F01028,,,INE0Z4F01028
ATUL,Atul Limited,NSE,ATUL.NS,EQ,INE100A01010,,,INE100A01010
ASTRON,Astron Paper & Board Mill Limited,NSE,ASTRON.NS,BE,INE646X01014,,,INE646X01014
ATULAUTO,Atul Auto Limited,NSE,ATULAUTO.NS,EQ,INE951D01028,,,INE951D01028
AUBANK,AU Small Finance Bank Limited,NSE,AUBANK.NS,EQ,INE949L01017,,,INE949L01017
AURIGROW,Auri Grow India Limited,NSE,AURIGROW.NS,EQ,INE925Y01036,,,INE925Y01036
AURIONPRO,Aurionpro Solutions Limited,NSE,AURIONPRO.NS,EQ,INE132H01018,,,INE132H01018
AUROPHARMA,Aurobindo Pharma Limited,NSE,AUROPHARMA.NS,EQ,INE406A01037,,,INE406A01037
AURUM,Aurum PropTech Limited,NSE,AURUM.NS,EQ,INE898S01029,,,INE898S01029
ATALREAL,Atal Realtech Limited,NSE,ATALREAL.NS,EQ,INE0ALR01029,,,INE0ALR01029
ASTRAZEN,AstraZeneca Pharma India Limited,NSE,ASTRAZEN.NS,EQ,INE203A01020,,,INE203A01020
ASHIMASYN,Ashima Limited,NSE,ASHIMASYN.NS,EQ,INE440A01010,,,INE440A01010
ASIANTILES,Asian Granito India Limited,NSE,ASIANTILES.NS,EQ,INE022I01019,,,INE022I01019
ASHOKA,Ashoka Buildcon Limited,NSE,ASHOKA.NS,EQ,INE442H01029,,,INE442H01029
ASHOKAMET,Ashoka Metcast Limited,NSE,ASHOKAMET.NS,EQ,INE760Y01011,,,INE760Y01011
ASHOKLEY,Ashok Leyland Limited,NSE,ASHOKLEY.NS,EQ,INE208A01029,,,INE208A01029
ASIANENE,Asian Energy Services Limited,NSE,ASIANENE.NS,EQ,INE276G01015,,,INE276G01015
ASIANHOTNR,Asian Hotels (North) Limited,NSE,ASIANHOTNR.NS,EQ,INE363A01022,,,INE363A01022
ASIANPAINT,Asian Paints Limited,NSE,ASIANPAINT.NS,EQ,INE021A01026,,,INE021A01026
ASKAUTOLTD,ASK Automotive Limited,NSE,ASKAUTOLTD.NS,EQ,INE491J01022,,,INE491J01022
ASTRAMICRO,Astra Microwave Products Limited,NSE,ASTRAMICRO.NS,EQ,INE386C01029,,,INE386C01029
ASMS,Bartronics India Limited,NSE,ASMS.NS,EQ,INE855F01042,,,INE855F01042
ASPINWALL,Aspinwall and Company Limited,NSE,ASPINWALL.NS,EQ,INE991I01015,,,INE991I01015
ASTAR,Asian Star Company Limited,NSE,ASTAR.NS,EQ,INE194D01017,,,INE194D01017
ASTEC,Astec LifeSciences Limited,NSE,ASTEC.NS,EQ,INE563J01010,,,INE563J01010
ASTERDM,Aster DM Healthcare Limited,NSE,ASTERDM.NS,EQ,INE914M01019,,,INE914M01019
ASTRAL,Astral Limited,NSE,ASTRAL.NS,EQ,INE006I01046,,,INE006I01046
ECLERX,eClerx Services Limited,NSE,ECLERX.NS,EQ,INE738I01010,,,INE738I01010
ACCELYA,Accelya Solutions India Limited,NSE,ACCELYA.NS,EQ,INE793A01012,,,INE793A01012
EDELWEISS,Edelweiss Financial Services Limited,NSE,EDELWEISS.NS,EQ,INE532F01054,,,INE532F01054
IRCON,Ircon International Limited,NSE,IRCON.NS,EQ,INE962Y01021,,,INE962Y01021
INOXWIND,Inox Wind Limited,NSE,INOXWIND.NS,EQ,INE066P01011,,,INE066P01011
INSECTICID,Insecticides (India) Limited,NSE,INSECTICID.NS,EQ,INE070I01018,,,INE070I01018
INSPIRISYS,Inspirisys Solutions Limited,NSE,INSPIRISYS.NS,BE,INE020G01017,,,INE020G01017
INTELLECT,Intellect Design Arena Limited,NSE,INTELLECT.NS,EQ,INE306R01017,,,INE306R01017
INTENTECH,Intense Technologies Limited,NSE,INTENTECH.NS,EQ,INE781A01025,,,INE781A01025
INTERARCH,Interarch Building Solutions Limited,NSE,INTERARCH.NS,EQ,INE00M901018,,,INE00M901018
INTLCONV,International Conveyors Limited,NSE,INTLCONV.NS,EQ,INE575C01027,,,INE575C01027
INVENTURE,Inventure Growth & Securities Limited,NSE,INVENTURE.NS,EQ,INE878H01024,,,INE878H01024
INVPRECQ,Investment & Precision Castings Limited,NSE,INVPRECQ.NS,EQ,INE155E01016,,,INE155E01016
IOB,Indian Overseas Bank,NSE,IOB.NS,EQ,INE565A01014,,,INE565A01014
IOC,Indian Oil Corporation Limited,NSE,IOC.NS,EQ,INE242A01010,,,INE242A01010
IOLCP,IOL Chemicals and Pharmaceuticals Limited,NSE,IOLCP.NS,EQ,INE485C01029,,,INE485C01029
IONEXCHANG,ION Exchange (India) Limited,NSE,IONEXCHANG.NS,EQ,INE570A01022,,,INE570A01022
IPCALAB,IPCA Laboratories Limited,NSE,IPCALAB.NS,EQ,INE571A01038,,,INE571A01038
IPL,India Pesticides Limited,NSE,IPL.NS,EQ,INE0D6701023,,,INE0D6701023
INOXINDIA,INOX India Limited,NSE,INOXINDIA.NS,EQ,INE616N01034,,,INE616N01034
INOXGREEN,Inox Green Energy Services Limited,NSE,INOXGREEN.NS,EQ,INE510W01014,,,INE510W01014
INNOVISION,Innovision Limited,NSE,INNOVISION.NS,EQ,INE0ADB01012,,,INE0ADB01012
INDTERRAIN,Indian Terrain Fashions Limited,NSE,INDTERRAIN.NS,EQ,INE611L01021,,,INE611L01021
INDOTHAI,Indo Thai Securities Limited,NSE,INDOTHAI.NS,EQ,INE337M01021,,,INE337M01021
INDOUS,Indo Us Biotech Limited,NSE,INDOUS.NS,EQ,INE250Z01010,,,INE250Z01010
INDOWIND,Indowind Energy Limited,NSE,INDOWIND.NS,BE,INE227G01018,,,INE227G01018
INDPRUD,Industrial & Prudential Investment Company Limited,NSE,INDPRUD.NS,EQ,INE620D01011,,,INE620D01011
INDRAMEDCO,Indraprastha Medical Corporation Limited,NSE,INDRAMEDCO.NS,EQ,INE681B01017,,,INE681B01017
INDSWFTLAB,Ind-Swift Laboratories Limited,NSE,INDSWFTLAB.NS,EQ,INE915B01019,,,INE915B01019
INDUSINDBK,IndusInd Bank Limited,NSE,INDUSINDBK.NS,EQ,INE095A01012,,,INE095A01012
INNOVANA,Innovana Thinklabs Limited,NSE,INNOVANA.NS,EQ,INE403Y01018,,,INE403Y01018
INDUSTOWER,Indus Towers Limited,NSE,INDUSTOWER.NS,EQ,INE121J01017,,,INE121J01017
INFOBEAN,InfoBeans Technologies Limited,NSE,INFOBEAN.NS,EQ,INE344S01016,,,INE344S01016
INFOMEDIA,Infomedia Press Limited,NSE,INFOMEDIA.NS,EQ,INE669A01022,,,INE669A01022
INFY,Infosys Limited,NSE,INFY.NS,EQ,INE009A01021,,,INE009A01021
INGERRAND,Ingersoll Rand (India) Limited,NSE,INGERRAND.NS,EQ,INE177A01018,,,INE177A01018
INNOVACAP,Innova Captab Limited,NSE,INNOVACAP.NS,EQ,INE0DUT01020,,,INE0DUT01020
IRB,IRB Infrastructure Developers Limited,NSE,IRB.NS,EQ,INE821I01022,,,INE821I01022
IRCTC,Indian Railway Catering And Tourism Corporation Limited,NSE,IRCTC.NS,EQ,INE335Y01020,,,INE335Y01020
HITECHCORP,Hitech Corporation Limited,NSE,HITECHCORP.NS,BE,INE120D01012,,,INE120D01012
IREDA,Indian Renewable Energy Development Agency Limited,NSE,IREDA.NS,EQ,INE202E01016,,,INE202E01016
JAGRAN,Jagran Prakashan Limited,NSE,JAGRAN.NS,EQ,INE199G01027,,,INE199G01027
JAGSNPHARM,Jagsonpal Pharmaceuticals Limited,NSE,JAGSNPHARM.NS,EQ,INE048B01035,,,INE048B01035
JAIBALAJI,Jai Balaji Industries Limited,NSE,JAIBALAJI.NS,BE,INE091G01026,,,INE091G01026
JAICORPLTD,Jai Corp Limited,NSE,JAICORPLTD.NS,EQ,INE070D01027,,,INE070D01027
JAINREC,Jain Resource Recycling Limited,NSE,JAINREC.NS,EQ,INE0YD401026,,,INE0YD401026
JAIPURKURT,Nandani Creation Limited,NSE,JAIPURKURT.NS,EQ,INE696V01013,,,INE696V01013
JAMNAAUTO,Jamna Auto Industries Limited,NSE,JAMNAAUTO.NS,EQ,INE039C01032,,,INE039C01032
JARO,Jaro Institute of Technology Management and Research Limited,NSE,JARO.NS,EQ,INE00YJ01010,,,INE00YJ01010
JASH,Jash Engineering Limited,NSE,JASH.NS,EQ,INE039O01029,,,INE039O01029
JAYAGROGN,Jayant Agro Organics Limited,NSE,JAYAGROGN.NS,EQ,INE785A01026,,,INE785A01026
JAYBARMARU,Jay Bharat Maruti Limited,NSE,JAYBARMARU.NS,EQ,INE571B01036,,,INE571B01036
JAYKAY,Jaykay Enterprises Limited,NSE,JAYKAY.NS,EQ,INE903A01025,,,INE903A01025
JAYNECOIND,Jayaswal Neco Industries Limited,NSE,JAYNECOIND.NS,EQ,INE854B01010,,,INE854B01010
JAYSREETEA,Jayshree Tea & Industries Limited,NSE,JAYSREETEA.NS,EQ,INE364A01020,,,INE364A01020
JBCHEPHARM,JB Chemicals & Pharmaceuticals Limited,NSE,JBCHEPHARM.NS,EQ,INE572A01036,,,INE572A01036
J&KBANK,The Jammu & Kashmir Bank Limited,NSE,J&KBANK.NS,EQ,INE168A01041,,,INE168A01041
IZMO,IZMO Limited,NSE,IZMO.NS,EQ,INE848A01014,,,INE848A01014
IXIGO,Le Travenues Technology Limited,NSE,IXIGO.NS,EQ,INE0HV901016,,,INE0HV901016
ISHANCH,Ishan Dyes and Chemicals Limited,NSE,ISHANCH.NS,EQ,INE561M01018,,,INE561M01018
IRFC,Indian Railway Finance Corporation Limited,NSE,IRFC.NS,EQ,INE053F01010,,,INE053F01010
IRIS,IRIS RegTech Solutions Limited,NSE,IRIS.NS,EQ,INE864K01010,,,INE864K01010
IRISDOREME,Iris Clothings Limited,NSE,IRISDOREME.NS,EQ,INE01GN01025,,,INE01GN01025
IRMENERGY,IRM Energy Limited,NSE,IRMENERGY.NS,EQ,INE07U701015,,,INE07U701015
ISFT,Intrasoft Technologies Limited,NSE,ISFT.NS,EQ,INE566K01011,,,INE566K01011
ISGEC,Isgec Heavy Engineering Limited,NSE,ISGEC.NS,EQ,INE858B01029,,,INE858B01029
ITC,ITC Limited,NSE,ITC.NS,EQ,INE154A01025,,,INE154A01025
IWP,The Indian Wood Products Company Limited,NSE,IWP.NS,EQ,INE586E01020,,,INE586E01020
ITCHOTELS,ITC Hotels Limited,NSE,ITCHOTELS.NS,EQ,INE379A01028,,,INE379A01028
ITDC,India Tourism Development Corporation Limited,NSE,ITDC.NS,EQ,INE353K01014,,,INE353K01014
ITI,ITI Limited,NSE,ITI.NS,EQ,INE248A01017,,,INE248A01017
IVALUE,Ivalue Infosolutions Limited,NSE,IVALUE.NS,EQ,INE056801025,,,INE056801025
IVC,IL&FS Investment Managers Limited,NSE,IVC.NS,EQ,INE050B01023,,,INE050B01023
IVP,IVP Limited,NSE,IVP.NS,EQ,INE043C01018,,,INE043C01018
INDOTECH,Indo Tech Transformers Limited,NSE,INDOTECH.NS,BE,INE332H01014,,,INE332H01014
INDOSTAR,IndoStar Capital Finance Limited,NSE,INDOSTAR.NS,EQ,INE896L01010,,,INE896L01010
INDORAMA,Indo Rama Synthetics (India) Limited,NSE,INDORAMA.NS,EQ,INE156A01020,,,INE156A01020
INDOFARM,Indo Farm Equipment Limited,NSE,INDOFARM.NS,EQ,INE622H01018,,,INE622H01018
HYUNDAI,Hyundai Motor India Limited,NSE,HYUNDAI.NS,EQ,INE0V6F01027,,,INE0V6F01027
IBULLSLTD,Indiabulls Limited,NSE,IBULLSLTD.NS,BE,INE126M01010,,,INE126M01010
ICDSLTD,ICDS Limited,NSE,ICDSLTD.NS,EQ,INE613B01010,,,INE613B01010
ICEMAKE,Ice Make Refrigeration Limited,NSE,ICEMAKE.NS,EQ,INE520Y01019,,,INE520Y01019
ICICIAMC,ICICI Prudential Asset Management Company Limited,NSE,ICICIAMC.NS,EQ,INE346A01027,,,INE346A01027
ICICIBANK,ICICI Bank Limited,NSE,ICICIBANK.NS,EQ,INE090A01021,,,INE090A01021
ICICIGI,ICICI Lombard General Insurance Company Limited,NSE,ICICIGI.NS,EQ,INE765G01017,,,INE765G01017
ICICIPRULI,ICICI Prudential Life Insurance Company Limited,NSE,ICICIPRULI.NS,EQ,INE726G01019,,,INE726G01019
ICIL,Indo Count Industries Limited,NSE,ICIL.NS,EQ,INE483B01026,,,INE483B01026
ICRA,ICRA Limited,NSE,ICRA.NS,EQ,INE725G01011,,,INE725G01011
IDBI,IDBI Bank Limited,NSE,IDBI.NS,EQ,INE008A01015,,,INE008A01015
IDEA,Vodafone Idea Limited,NSE,IDEA.NS,EQ,INE669E01016,,,INE669E01016
IDEAFORGE,Ideaforge Technology Limited,NSE,IDEAFORGE.NS,BE,INE349Y01013,,,INE349Y01013
IDFCFIRSTB,IDFC First Bank Limited,NSE,IDFCFIRSTB.NS,EQ,INE092T01019,,,INE092T01019
IEX,Indian Energy Exchange Limited,NSE,IEX.NS,EQ,INE022Q01020,,,INE022Q01020
HYBRIDFIN,Hybrid Financial Services Limited,NSE,HYBRIDFIN.NS,EQ,INE965B01022,,,INE965B01022
HUHTAMAKI,Huhtamaki India Limited,NSE,HUHTAMAKI.NS,EQ,INE275B01026,,,INE275B01026
HUDCO,Housing & Urban Development Corporation Limited,NSE,HUDCO.NS,EQ,INE031A01017,,,INE031A01017
HONASA,Honasa Consumer Limited,NSE,HONASA.NS,EQ,INE0J5401028,,,INE0J5401028
HLEGLAS,HLE Glascoat Limited,NSE,HLEGLAS.NS,EQ,INE461D01028,,,INE461D01028
HLVLTD,HLV LIMITED,NSE,HLVLTD.NS,EQ,INE102A01024,,,INE102A01024
HMAAGRO,HMA Agro Industries Limited,NSE,HMAAGRO.NS,EQ,INE0ECP01024,,,INE0ECP01024
HMVL,Hindustan Media Ventures Limited,NSE,HMVL.NS,EQ,INE871K01015,,,INE871K01015
HNDFDS,Hindustan Foods Limited,NSE,HNDFDS.NS,EQ,INE254N01026,,,INE254N01026
HOMEFIRST,Home First Finance Company India Limited,NSE,HOMEFIRST.NS,EQ,INE481N01025,,,INE481N01025
HONAUT,Honeywell Automation India Limited,NSE,HONAUT.NS,EQ,INE671A01010,,,INE671A01010
HUBTOWN,Hubtown Limited,NSE,HUBTOWN.NS,EQ,INE703H01016,,,INE703H01016
HONDAPOWER,Honda India Power Products Limited,NSE,HONDAPOWER.NS,EQ,INE634A01018,,,INE634A01018
HPAL,HP Adhesives Limited,NSE,HPAL.NS,EQ,INE0GSL01024,,,INE0GSL01024
HPIL,Hindprakash Industries Limited,NSE,HPIL.NS,EQ,INE05X901010,,,INE05X901010
HPL,HPL Electric & Power Limited,NSE,HPL.NS,EQ,INE495S01016,,,INE495S01016
HSCL,Himadri Speciality Chemical Limited,NSE,HSCL.NS,EQ,INE019C01026,,,INE019C01026
HTMEDIA,HT Media Limited,NSE,HTMEDIA.NS,EQ,INE501G01024,,,INE501G01024
IFBAGRO,IFB Agro Industries Limited,NSE,IFBAGRO.NS,BE,INE076C01018,,,INE076C01018
IFBIND,IFB Industries Limited,NSE,IFBIND.NS,EQ,INE559A01017,,,INE559A01017
IFCI,IFCI Limited,NSE,IFCI.NS,EQ,INE039A01010,,,INE039A01010
INDIASHLTR,India Shelter Finance Corporation Limited,NSE,INDIASHLTR.NS,EQ,INE922K01024,,,INE922K01024
INDIACEM,The India Cements Limited,NSE,INDIACEM.NS,EQ,INE383A01012,,,INE383A01012
INDIAGLYCO,India Glycols Limited,NSE,INDIAGLYCO.NS,EQ,INE560A01023,,,INE560A01023
INDIAMART,Indiamart Intermesh Limited,NSE,INDIAMART.NS,EQ,INE933S01016,,,INE933S01016
INDIANB,Indian Bank,NSE,INDIANB.NS,EQ,INE562A01011,,,INE562A01011
INDIANCARD,Indian Card Clothing Company Limited,NSE,INDIANCARD.NS,EQ,INE061A01014,,,INE061A01014
INDIANHUME,Indian Hume Pipe Company Limited,NSE,INDIANHUME.NS,EQ,INE323C01030,,,INE323C01030
INDIGO,InterGlobe Aviation Limited,NSE,INDIGO.NS,EQ,INE646L01027,,,INE646L01027
INDGN,Indegene Limited,NSE,INDGN.NS,EQ,INE065X01017,,,INE065X01017
INDIGOPNTS,Indigo Paints Limited,NSE,INDIGOPNTS.NS,EQ,INE09VQ01012,,,INE09VQ01012
INDIQUBE,Indiqube Spaces Limited,NSE,INDIQUBE.NS,EQ,INE06ST01018,,,INE06ST01018
INDNIPPON,India Nippon Electricals Limited,NSE,INDNIPPON.NS,EQ,INE092B01025,,,INE092B01025
INDOAMIN,Indo Amines Limited,NSE,INDOAMIN.NS,EQ,INE760F01028,,,INE760F01028
INDOBORAX,Indo Borax & Chemicals Limited,NSE,INDOBORAX.NS,EQ,INE803D01021,,,INE803D01021
INDOCO,Indoco Remedies Limited,NSE,INDOCO.NS,EQ,INE873D01024,,,INE873D01024
INDHOTEL,The Indian Hotels Company Limited,NSE,INDHOTEL.NS,EQ,INE053A01029,,,INE053A01029
INDBANK,Indbank Merchant Banking Services Limited,NSE,INDBANK.NS,EQ,INE841B01017,,,INE841B01017
IFGLEXPOR,IFGL Refractories Limited,NSE,IFGLEXPOR.NS,EQ,INE133Y01011,,,INE133Y01011
IIFLCAPS,IIFL Capital Services Limited,NSE,IIFLCAPS.NS,EQ,INE489L01022,,,INE489L01022
IGARASHI,Igarashi Motors India Limited,NSE,IGARASHI.NS,EQ,INE188B01013,,,INE188B01013
IGCL,Indogulf Cropsciences Limited,NSE,IGCL.NS,EQ,INE05J901018,,,INE05J901018
IGIL,International Gemological Institute Limited,NSE,IGIL.NS,EQ,INE0Q9301021,,,INE0Q9301021
IGL,Indraprastha Gas Limited,NSE,IGL.NS,EQ,INE203G01027,,,INE203G01027
IGPL,IG Petrochemicals Limited,NSE,IGPL.NS,EQ,INE204A01010,,,INE204A01010
IIFL,IIFL Finance Limited,NSE,IIFL.NS,EQ,INE530B01024,,,INE530B01024
IITL,Industrial Investment Trust Limited,NSE,IITL.NS,EQ,INE886A01014,,,INE886A01014
INCREDIBLE,INCREDIBLE INDUSTRIES LIMITED,NSE,INCREDIBLE.NS,EQ,INE452L01012,,,INE452L01012
IKIO,IKIO Technologies Limited,NSE,IKIO.NS,EQ,INE0LOJ01019,,,INE0LOJ01019
IKS,Inventurus Knowledge Solutions Limited,NSE,IKS.NS,EQ,INE115Q01022,,,INE115Q01022
IMAGICAA,Imagicaaworld Entertainment Limited,NSE,IMAGICAA.NS,EQ,INE172N01012,,,INE172N01012
IMFA,Indian Metals & Ferro Alloys Limited,NSE,IMFA.NS,EQ,INE919H01018,,,INE919H01018
IMPAL,India Motor Parts and Accessories Limited,NSE,IMPAL.NS,EQ,INE547E01014,,,INE547E01014
INA,Insolation Energy Limited,NSE,INA.NS,EQ,INE0LGX01024,,,INE0LGX01024
JBMA,JBM Auto Limited,NSE,JBMA.NS,EQ,INE927D01051,,,INE927D01051
JETFREIGHT,Jet Freight Logistics Limited,NSE,JETFREIGHT.NS,EQ,INE982V01025,,,INE982V01025
JGCHEM,J.G.Chemicals Limited,NSE,JGCHEM.NS,EQ,INE0MB501011,,,INE0MB501011
KEC,KEC International Limited,NSE,KEC.NS,EQ,INE389H01022,,,INE389H01022
KIRIINDUS,Kiri Industries Limited,NSE,KIRIINDUS.NS,EQ,INE415I01015,,,INE415I01015
KIRLFER,Kirloskar Ferrous Industries Limited,NSE,KIRLFER.NS,EQ,INE884B01025,,,INE884B01025
KIRLOSBROS,Kirloskar Brothers Limited,NSE,KIRLOSBROS.NS,EQ,INE732A01036,,,INE732A01036
KIRLOSENG,Kirloskar Oil Engines Limited,NSE,KIRLOSENG.NS,EQ,INE146L01010,,,INE146L01010
KIRLOSIND,Kirloskar Industries Limited,NSE,KIRLOSIND.NS,EQ,INE250A01039,,,INE250A01039
KIRLPNU,Kirloskar Pneumatic Company Limited,NSE,KIRLPNU.NS,EQ,INE811A01020,,,INE811A01020
KISSHT,OnEMI Technology Solutions Limited,NSE,KISSHT.NS,EQ,INE12F801023,,,INE12F801023
KITEX,Kitex Garments Limited,NSE,KITEX.NS,EQ,INE602G01020,,,INE602G01020
KKCL,Kewal Kiran Clothing Limited,NSE,KKCL.NS,EQ,INE401H01017,,,INE401H01017
KLBRENG-B,Kilburn Engineering Limited,NSE,KLBRENG-B.NS,EQ,INE338F01015,,,INE338F01015
KMEW,Knowledge Marine & Engineering Works Limited,NSE,KMEW.NS,EQ,INE0CJD01029,,,INE0CJD01029
KMSUGAR,K.M.Sugar Mills Limited,NSE,KMSUGAR.NS,EQ,INE157H01023,,,INE157H01023
KNAGRI,KN Agri Resources Limited,NSE,KNAGRI.NS,EQ,INE0KNW01016,,,INE0KNW01016
KNRCON,KNR Constructions Limited,NSE,KNRCON.NS,EQ,INE634I01029,,,INE634I01029
KOHINOOR,Kohinoor Foods Limited,NSE,KOHINOOR.NS,EQ,INE080B01012,,,INE080B01012
KIRANVYPAR,Kiran Vyapar Limited,NSE,KIRANVYPAR.NS,EQ,INE555P01013,,,INE555P01013
KIOCL,KIOCL Limited,NSE,KIOCL.NS,EQ,INE880L01014,,,INE880L01014
KINGFA,Kingfa Science & Technology (India) Limited,NSE,KINGFA.NS,EQ,INE473D01015,,,INE473D01015
KEYFINSERV,Keynote Financial Services Limited,NSE,KEYFINSERV.NS,EQ,INE681C01015,,,INE681C01015
KEEPLEARN,DSJ Keep Learning Limited,NSE,KEEPLEARN.NS,EQ,INE055C01020,,,INE055C01020
KEI,KEI Industries Limited,NSE,KEI.NS,EQ,INE878B01027,,,INE878B01027
KELLTONTEC,Kellton Tech Solutions Limited,NSE,KELLTONTEC.NS,EQ,INE164B01030,,,INE164B01030
KENNAMET,Kennametal India Limited,NSE,KENNAMET.NS,EQ,INE717A01029,,,INE717A01029
KERNEX,Kernex Microsystems (India) Limited,NSE,KERNEX.NS,EQ,INE202H01019,,,INE202H01019
KESORAMIND,Kesoram Industries Limited,NSE,KESORAMIND.NS,BE,INE087A01019,,,INE087A01019
KFINTECH,Kfin Technologies Limited,NSE,KFINTECH.NS,EQ,INE138Y01010,,,INE138Y01010
KIMS,Krishna Institute of Medical Sciences Limited,NSE,KIMS.NS,EQ,INE967H01025,,,INE967H01025
KHADIM,Khadim India Limited,NSE,KHADIM.NS,EQ,INE834I01025,,,INE834I01025
KHAICHEM,Khaitan Chemicals & Fertilizers Limited,NSE,KHAICHEM.NS,BE,INE745B01028,,,INE745B01028
KHAITANLTD,Khaitan (India) Limited,NSE,KHAITANLTD.NS,BE,INE731C01018,,,INE731C01018
KHANDSE,Khandwala Securities Limited,NSE,KHANDSE.NS,EQ,INE060B01014,,,INE060B01014
KICL,Kalyani Investment Company Limited,NSE,KICL.NS,EQ,INE029L01018,,,INE029L01018
KILITCH,Kilitch Drugs (India) Limited,NSE,KILITCH.NS,EQ,INE729D01010,,,INE729D01010
KOKUYOCMLN,Kokuyo Camlin Limited,NSE,KOKUYOCMLN.NS,EQ,INE760A01029,,,INE760A01029
KOLTEPATIL,Kolte - Patil Developers Limited,NSE,KOLTEPATIL.NS,EQ,INE094I01018,,,INE094I01018
KOPRAN,Kopran Limited,NSE,KOPRAN.NS,BE,INE082A01010,,,INE082A01010
KRYSTAL,Krystal Integrated Services Limited,NSE,KRYSTAL.NS,EQ,INE0QN801017,,,INE0QN801017
KRITIKA,Kritika Wires Limited,NSE,KRITIKA.NS,EQ,INE00Z501029,,,INE00Z501029
KRITINUT,Kriti Nutrients Limited,NSE,KRITINUT.NS,BE,INE798K01010,,,INE798K01010
KRN,KRN Heat Exchanger and Refrigeration Limited,NSE,KRN.NS,BE,INE0Q3J01015,,,INE0Q3J01015
KRONOX,Kronox Lab Sciences Limited,NSE,KRONOX.NS,EQ,INE0ATZ01017,,,INE0ATZ01017
KROSS,Kross Limited,NSE,KROSS.NS,EQ,INE0O6601022,,,INE0O6601022
KRSNAA,Krsnaa Diagnostics Limited,NSE,KRSNAA.NS,EQ,INE08LI01020,,,INE08LI01020
KSB,Ksb Limited,NSE,KSB.NS,EQ,INE999A01023,,,INE999A01023
KRISHNADEF,Krishna Defence And Allied Industries Limited,NSE,KRISHNADEF.NS,EQ,INE0J5601015,,,INE0J5601015
KSCL,Kaveri Seed Company Limited,NSE,KSCL.NS,EQ,INE455I01029,,,INE455I01029
KSHINTL,KSH International Limited,NSE,KSHINTL.NS,EQ,INE987S01020,,,INE987S01020
KSHITIJPOL,Kshitij Polyline Limited,NSE,KSHITIJPOL.NS,BE,INE013801027,,,INE013801027
KSOLVES,Ksolves India Limited,NSE,KSOLVES.NS,EQ,INE0D6I01023,,,INE0D6I01023
EFCIL,EFC (I) Limited,NSE,EFCIL.NS,EQ,INE886D01026,,,INE886D01026
KSL,Kalyani Steels Limited,NSE,KSL.NS,EQ,INE907A01026,,,INE907A01026
KRITI,Kriti Industries (India) Limited,NSE,KRITI.NS,BE,INE479D01038,,,INE479D01038
KRISHIVAL,Krishival Foods Limited,NSE,KRISHIVAL.NS,EQ,INE0GGO01015,,,INE0GGO01015
KOTAKBANK,Kotak Mahindra Bank Limited,NSE,KOTAKBANK.NS,EQ,INE237A01036,,,INE237A01036
KPEL,K.P. Energy Limited,NSE,KPEL.NS,EQ,INE127T01021,,,INE127T01021
KOTARISUG,Kothari Sugars And Chemicals Limited,NSE,KOTARISUG.NS,EQ,INE419A01022,,,INE419A01022
KOTHARIPET,Kothari Petrochemicals Limited,NSE,KOTHARIPET.NS,EQ,INE720A01015,,,INE720A01015
KOTHARIPRO,Kothari Products Limited,NSE,KOTHARIPRO.NS,EQ,INE823A01017,,,INE823A01017
KOTIC,Kothari Industrial Corporation Limited,NSE,KOTIC.NS,EQ,INE972A01020,,,INE972A01020
KOTYARK,Kotyark Industries Limited,NSE,KOTYARK.NS,EQ,INE0J0B01017,,,INE0J0B01017
KOVAI,Kovai Medical Center & Hospital Limited,NSE,KOVAI.NS,EQ,INE177F01017,,,INE177F01017
KPIGREEN,KPI Green Energy Limited,NSE,KPIGREEN.NS,EQ,INE542W01025,,,INE542W01025
KRISHANA,Krishana Phoschem Limited,NSE,KRISHANA.NS,EQ,INE506W01012,,,INE506W01012
KPIL,Kalpataru Projects International Limited,NSE,KPIL.NS,EQ,INE220B01022,,,INE220B01022
KPITTECH,KPIT Technologies Limited,NSE,KPITTECH.NS,EQ,INE04I401011,,,INE04I401011
KPL,Kwality Pharmaceuticals Limited,NSE,KPL.NS,EQ,INE552U01010,,,INE552U01010
KPRMILL,K.P.R. Mill Limited,NSE,KPRMILL.NS,EQ,INE930H01031,,,INE930H01031
KREBSBIO,Krebs Biochemicals and Industries Limited,NSE,KREBSBIO.NS,EQ,INE268B01013,,,INE268B01013
KRIDHANINF,Kridhan Infra Limited,NSE,KRIDHANINF.NS,BE,INE524L01026,,,INE524L01026
KECL,Kirloskar Electric Company Limited,NSE,KECL.NS,BE,INE134B01017,,,INE134B01017
KDDL,KDDL Limited,NSE,KDDL.NS,EQ,INE291D01011,,,INE291D01011
JHS,JHS Svendgaard Laboratories Limited,NSE,JHS.NS,EQ,INE544H01014,,,INE544H01014
KCPSUGIND,KCP Sugar and Industries Corporation Limited,NSE,KCPSUGIND.NS,EQ,INE790B01024,,,INE790B01024
JMFINANCIL,JM Financial Limited,NSE,JMFINANCIL.NS,EQ,INE780C01023,,,INE780C01023
JNKINDIA,JNK India Limited,NSE,JNKINDIA.NS,EQ,INE0OAF01028,,,INE0OAF01028
JOCIL,Jocil Limited,NSE,JOCIL.NS,BE,INE839G01010,,,INE839G01010
JPOLYINVST,Jindal Poly Investment and Finance Company Limited,NSE,JPOLYINVST.NS,EQ,INE147P01019,,,INE147P01019
JPPOWER,Jaiprakash Power Ventures Limited,NSE,JPPOWER.NS,EQ,INE351F01018,,,INE351F01018
JSFB,Jana Small Finance Bank Limited,NSE,JSFB.NS,EQ,INE953L01027,,,INE953L01027
JSL,Jindal Stainless Limited,NSE,JSL.NS,EQ,INE220G01021,,,INE220G01021
JSLL,Jeena Sikho Lifecare Limited,NSE,JSLL.NS,EQ,INE0J5801029,,,INE0J5801029
JSWCEMENT,JSW Cement Limited,NSE,JSWCEMENT.NS,EQ,INE718I01012,,,INE718I01012
JSWDULUX,JSW Dulux Limited,NSE,JSWDULUX.NS,EQ,INE133A01011,,,INE133A01011
JSWENERGY,JSW Energy Limited,NSE,JSWENERGY.NS,EQ,INE121E01018,,,INE121E01018
JSWHL,JSW Holdings Limited,NSE,JSWHL.NS,EQ,INE824G01012,,,INE824G01012
JSWINFRA,JSW Infrastructure Limited,NSE,JSWINFRA.NS,EQ,INE880J01026,,,INE880J01026
JSWSTEEL,JSW Steel Limited,NSE,JSWSTEEL.NS,EQ,INE019A01038,,,INE019A01038
JTEKTINDIA,Jtekt India Limited,NSE,JTEKTINDIA.NS,EQ,INE643A01035,,,INE643A01035
JMA,Jullundur Motor Agency (Delhi) Limited,NSE,JMA.NS,EQ,INE412C01023,,,INE412C01023
JLHL,Jupiter Life Line Hospitals Limited,NSE,JLHL.NS,EQ,INE682M01012,,,INE682M01012
JKTYRE,JK Tyre & Industries Limited,NSE,JKTYRE.NS,EQ,INE573A01042,,,INE573A01042
JIOFIN,Jio Financial Services Limited,NSE,JIOFIN.NS,EQ,INE758E01017,,,INE758E01017
JINDALPHOT,Jindal Photo Limited,NSE,JINDALPHOT.NS,EQ,INE796G01012,,,INE796G01012
JINDALPOLY,Jindal Poly Films Limited,NSE,JINDALPOLY.NS,EQ,INE197D01010,,,INE197D01010
JINDALSAW,Jindal Saw Limited,NSE,JINDALSAW.NS,EQ,INE324A01032,,,INE324A01032
JINDALSTEL,JINDAL STEEL LIMITED,NSE,JINDALSTEL.NS,EQ,INE749A01030,,,INE749A01030
JINDRILL,Jindal Drilling And Industries Limited,NSE,JINDRILL.NS,EQ,INE742C01031,,,INE742C01031
JINDWORLD,Jindal Worldwide Limited,NSE,JINDWORLD.NS,EQ,INE247D01039,,,INE247D01039
JISLDVREQS,Jain Irrigation Systems Limited,NSE,JISLDVREQS.NS,EQ,IN9175A01010,,,IN9175A01010
JKPAPER,JK Paper Limited,NSE,JKPAPER.NS,EQ,INE789E01012,,,INE789E01012
JISLJALEQS,Jain Irrigation Systems Limited,NSE,JISLJALEQS.NS,EQ,INE175A01038,,,INE175A01038
JITFINFRA,JITF Infralogistics Limited,NSE,JITFINFRA.NS,EQ,INE863T01013,,,INE863T01013
JKCEMENT,JK Cement Limited,NSE,JKCEMENT.NS,EQ,INE823G01014,,,INE823G01014
JKIL,J.Kumar Infraprojects Limited,NSE,JKIL.NS,EQ,INE576I01022,,,INE576I01022
JKIPL,Jinkushal Industries Limited,NSE,JKIPL.NS,BE,INE1FF001016,,,INE1FF001016
JKLAKSHMI,JK Lakshmi Cement Limited,NSE,JKLAKSHMI.NS,EQ,INE786A01032,,,INE786A01032
JTLIND,JTL INDUSTRIES LIMITED,NSE,JTLIND.NS,EQ,INE391J01032,,,INE391J01032
JUBLCPL,Jubilant Agri and Consumer Products Limited,NSE,JUBLCPL.NS,EQ,INE03CC01015,,,INE03CC01015
JUBLFOOD,Jubilant Foodworks Limited,NSE,JUBLFOOD.NS,EQ,INE797F01020,,,INE797F01020
KAPSTON,Kapston Services Limited,NSE,KAPSTON.NS,EQ,INE542Z01028,,,INE542Z01028
KAMOPAINTS,Kamdhenu Ventures Limited,NSE,KAMOPAINTS.NS,EQ,INE0BTI01037,,,INE0BTI01037
KANANIIND,Kanani Industries Limited,NSE,KANANIIND.NS,EQ,INE879E01037,,,INE879E01037
KANCHI,Kanchi Karpooram Limited,NSE,KANCHI.NS,BE,INE081G01019,,,INE081G01019
KANORICHEM,Kanoria Chemicals & Industries Limited,NSE,KANORICHEM.NS,BE,INE138C01024,,,INE138C01024
KANPRPLA,Kanpur Plastipack Limited,NSE,KANPRPLA.NS,EQ,INE694E01014,,,INE694E01014
KANSAINER,Kansai Nerolac Paints Limited,NSE,KANSAINER.NS,EQ,INE531A01024,,,INE531A01024
KARMAENG,Karma Energy Limited,NSE,KARMAENG.NS,EQ,INE725L01011,,,INE725L01011
KAMATHOTEL,Kamat Hotels (I) Limited,NSE,KAMATHOTEL.NS,EQ,INE967C01018,,,INE967C01018
KARURVYSYA,Karur Vysya Bank Limited,NSE,KARURVYSYA.NS,EQ,INE036D01028,,,INE036D01028
KAUSHALYA,Kaushalya Infrastructure Development Corporation Limited,NSE,KAUSHALYA.NS,EQ,INE234I01028,,,INE234I01028
KAVDEFENCE,Kavveri Defence & Wireless Technologies Limited,NSE,KAVDEFENCE.NS,EQ,INE641C01019,,,INE641C01019
KAYA,Kaya Limited,NSE,KAYA.NS,EQ,INE587G01015,,,INE587G01015
KAYNES,Kaynes Technology India Limited,NSE,KAYNES.NS,EQ,INE918Z01012,,,INE918Z01012
KCP,KCP Limited,NSE,KCP.NS,EQ,INE805C01028,,,INE805C01028
KAMDHENU,Kamdhenu Limited,NSE,KAMDHENU.NS,EQ,INE390H01020,,,INE390H01020
KAMAHOLD,Kama Holdings Limited,NSE,KAMAHOLD.NS,EQ,INE411F01010,,,INE411F01010
JUBLINGREA,Jubilant Ingrevia Limited,NSE,JUBLINGREA.NS,EQ,INE0BY001018,,,INE0BY001018
JYOTISTRUC,Jyoti Structures Limited,NSE,JYOTISTRUC.NS,EQ,INE197A01024,,,INE197A01024
JUBLPHARMA,Jubilant Pharmova Limited,NSE,JUBLPHARMA.NS,EQ,INE700A01033,,,INE700A01033
JUNIPER,Juniper Hotels Limited,NSE,JUNIPER.NS,EQ,INE696F01016,,,INE696F01016
JUSTDIAL,Just Dial Limited,NSE,JUSTDIAL.NS,EQ,INE599M01018,,,INE599M01018
JWL,Jupiter Wagons Limited,NSE,JWL.NS,EQ,INE209L01016,,,INE209L01016
JYOTHYLAB,Jyothy Labs Limited,NSE,JYOTHYLAB.NS,EQ,INE668F01031,,,INE668F01031
JYOTICNC,Jyoti CNC Automation Limited,NSE,JYOTICNC.NS,EQ,INE980O01024,,,INE980O01024
KABRAEXTRU,Kabra Extrusion Technik Limited,NSE,KABRAEXTRU.NS,EQ,INE900B01029,,,INE900B01029
KALYANKJIL,Kalyan Jewellers India Limited,NSE,KALYANKJIL.NS,EQ,INE303R01014,,,INE303R01014
KAJARIACER,Kajaria Ceramics Limited,NSE,KAJARIACER.NS,EQ,INE217B01036,,,INE217B01036
KAKATCEM,Kakatiya Cement Sugar & Industries Limited,NSE,KAKATCEM.NS,BE,INE437B01014,,,INE437B01014
KALAMANDIR,Sai Silks (Kalamandir) Limited,NSE,KALAMANDIR.NS,EQ,INE438K01021,,,INE438K01021
KALPATARU,Kalpataru Limited,NSE,KALPATARU.NS,EQ,INE227J01012,,,INE227J01012
KALYANI,Kalyani Commercials Limited,NSE,KALYANI.NS,BE,INE610E01010,,,INE610E01010
KALYANIFRG,Kalyani Forge Limited,NSE,KALYANIFRG.NS,EQ,INE314G01014,,,INE314G01014
HITECHGEAR,The Hi-Tech Gears Limited,NSE,HITECHGEAR.NS,BE,INE127B01011,,,INE127B01011
KRBL,KRBL Limited,NSE,KRBL.NS,EQ,INE001B01026,,,INE001B01026
HITECH,Hi-Tech Pipes Limited,NSE,HITECH.NS,EQ,INE106T01025,,,INE106T01025
FDC,FDC Limited,NSE,FDC.NS,EQ,INE258B01022,,,INE258B01022
FMGOETZE,Federal-Mogul Goetze (India) Limited.,NSE,FMGOETZE.NS,EQ,INE529A01010,,,INE529A01010
FMNL,Future Market Networks Limited,NSE,FMNL.NS,BE,INE360L01017,,,INE360L01017
FOCUS,Focus Lighting and Fixtures Limited,NSE,FOCUS.NS,EQ,INE593W01028,,,INE593W01028
FOODSIN,Foods & Inns Limited,NSE,FOODSIN.NS,EQ,INE976E01023,,,INE976E01023
FORCEMOT,FORCE MOTORS LTD,NSE,FORCEMOT.NS,EQ,INE451A01017,,,INE451A01017
FORTIS,Fortis Healthcare Limited,NSE,FORTIS.NS,EQ,INE061F01013,,,INE061F01013
FOSECOIND,Foseco India Limited,NSE,FOSECOIND.NS,EQ,INE519A01011,,,INE519A01011
FRACTAL,Fractal Analytics Limited,NSE,FRACTAL.NS,EQ,INE212S01015,,,INE212S01015
FRONTSP,Frontier Springs Limited,NSE,FRONTSP.NS,EQ,INE572D01014,,,INE572D01014
FSL,Firstsource Solutions Limited,NSE,FSL.NS,EQ,INE684F01012,,,INE684F01012
FUSION,Fusion Finance Limited,NSE,FUSION.NS,EQ,INE139R01012,,,INE139R01012
GABRIEL,Gabriel India Limited,NSE,GABRIEL.NS,EQ,INE524A01029,,,INE524A01029
GAEL,Gujarat Ambuja Exports Limited,NSE,GAEL.NS,EQ,INE036B01030,,,INE036B01030
GAIL,GAIL (India) Limited,NSE,GAIL.NS,EQ,INE129A01019,,,INE129A01019
GALAPREC,Gala Precision Engineering Limited,NSE,GALAPREC.NS,EQ,INE0RE001014,,,INE0RE001014
FLUOROCHEM,Gujarat Fluorochemicals Limited,NSE,FLUOROCHEM.NS,EQ,INE09N301011,,,INE09N301011
FLEXITUFF,Flexituff Ventures International Limited,NSE,FLEXITUFF.NS,EQ,INE060J01017,,,INE060J01017
FLAIR,Flair Writing Industries Limited,NSE,FLAIR.NS,EQ,INE00Y201027,,,INE00Y201027
FILATFASH,Filatex Fashions Limited,NSE,FILATFASH.NS,BE,INE185E01021,,,INE185E01021
FEDERALBNK,The Federal Bank  Limited,NSE,FEDERALBNK.NS,EQ,INE171A01029,,,INE171A01029
FEDFINA,Fedbank Financial Services Limited,NSE,FEDFINA.NS,EQ,INE007N01010,,,INE007N01010
FERMENTA,Fermenta Biotech Limited,NSE,FERMENTA.NS,EQ,INE225B01021,,,INE225B01021
FIBERWEB,Fiberweb (India) Limited,NSE,FIBERWEB.NS,EQ,INE296C01020,,,INE296C01020
FIEMIND,Fiem Industries Limited,NSE,FIEMIND.NS,EQ,INE737H01014,,,INE737H01014
FILATEX,Filatex India Limited,NSE,FILATEX.NS,EQ,INE816B01035,,,INE816B01035
FINCABLES,Finolex Cables Limited,NSE,FINCABLES.NS,EQ,INE235A01022,,,INE235A01022
FIVESTAR,Five-Star Business Finance Limited,NSE,FIVESTAR.NS,EQ,INE128S01021,,,INE128S01021
FINEORG,Fine Organic Industries Limited,NSE,FINEORG.NS,EQ,INE686Y01026,,,INE686Y01026
FINKURVE,Finkurve Financial Services Limited,NSE,FINKURVE.NS,EQ,INE734I01027,,,INE734I01027
FINOPB,Fino Payments Bank Limited,NSE,FINOPB.NS,EQ,INE02NC01014,,,INE02NC01014
FINPIPE,Finolex Industries Limited,NSE,FINPIPE.NS,EQ,INE183A01024,,,INE183A01024
FIRSTCRY,Brainbees Solutions Limited,NSE,FIRSTCRY.NS,EQ,INE02RE01045,,,INE02RE01045
FISCHER,Fischer Medical Ventures Limited,NSE,FISCHER.NS,EQ,INE771F01041,,,INE771F01041
GALAXYSURF,Galaxy Surfactants Limited,NSE,GALAXYSURF.NS,EQ,INE600K01018,,,INE600K01018
GALLANTT,Gallantt Ispat Limited,NSE,GALLANTT.NS,EQ,INE297H01019,,,INE297H01019
GANDHAR,Gandhar Oil Refinery (India) Limited,NSE,GANDHAR.NS,EQ,INE717W01049,,,INE717W01049
GFLLIMITED,GFL Limited,NSE,GFLLIMITED.NS,EQ,INE538A01037,,,INE538A01037
GENCON,Generic Engineering Construction and Projects Limited,NSE,GENCON.NS,EQ,INE854S01022,,,INE854S01022
GENESYS,Genesys International Corporation Limited,NSE,GENESYS.NS,EQ,INE727B01026,,,INE727B01026
GENUSPAPER,Genus Paper & Boards Limited,NSE,GENUSPAPER.NS,EQ,INE949P01018,,,INE949P01018
GENUSPOWER,Genus Power Infrastructures Limited,NSE,GENUSPOWER.NS,EQ,INE955D01029,,,INE955D01029
GEOJITFSL,Geojit Financial Services Limited,NSE,GEOJITFSL.NS,EQ,INE007B01023,,,INE007B01023
GESHIP,The Great Eastern Shipping Company Limited,NSE,GESHIP.NS,EQ,INE017A01032,,,INE017A01032
GHCL,GHCL Limited,NSE,GHCL.NS,EQ,INE539A01019,,,INE539A01019
GEEKAYWIRE,Geekay Wires Limited,NSE,GEEKAYWIRE.NS,EQ,INE669X01032,,,INE669X01032
GHCLTEXTIL,GHCL Textiles Limited,NSE,GHCLTEXTIL.NS,EQ,INE0PA801013,,,INE0PA801013
GICHSGFIN,GIC Housing Finance Limited,NSE,GICHSGFIN.NS,EQ,INE289B01019,,,INE289B01019
GICL,Globe International Carriers Limited,NSE,GICL.NS,EQ,INE947T01022,,,INE947T01022
GICRE,General Insurance Corporation of India,NSE,GICRE.NS,EQ,INE481Y01014,,,INE481Y01014
GILLANDERS,Gillanders Arbuthnot & Company Limited,NSE,GILLANDERS.NS,EQ,INE047B01011,,,INE047B01011
GILLETTE,Gillette India Limited,NSE,GILLETTE.NS,EQ,INE322A01010,,,INE322A01010
GEMAROMA,Gem Aromatics Limited,NSE,GEMAROMA.NS,BE,INE06XZ01023,,,INE06XZ01023
GEECEE,GeeCee Ventures Limited,NSE,GEECEE.NS,EQ,INE916G01016,,,INE916G01016
GANDHITUBE,Gandhi Special Tubes Limited,NSE,GANDHITUBE.NS,EQ,INE524B01027,,,INE524B01027
GARFIBRES,Garware Technical Fibres Limited,NSE,GARFIBRES.NS,EQ,INE276A01018,,,INE276A01018
GANECOS,Ganesha Ecosphere Limited,NSE,GANECOS.NS,EQ,INE845D01014,,,INE845D01014
GANESHBE,Ganesh Benzoplast Limited,NSE,GANESHBE.NS,EQ,INE388A01029,,,INE388A01029
GANESHCP,Ganesh Consumer Products Limited,NSE,GANESHCP.NS,EQ,INE652V01016,,,INE652V01016
GANESHHOU,GANESH HOUSING LIMITED,NSE,GANESHHOU.NS,EQ,INE460C01014,,,INE460C01014
GANGAFORGE,Ganga Forging Limited,NSE,GANGAFORGE.NS,EQ,INE691Z01023,,,INE691Z01023
GANGESSECU,Ganges Securities Limited,NSE,GANGESSECU.NS,EQ,INE335W01016,,,INE335W01016
GARUDA,Garuda Construction and Engineering Limited,NSE,GARUDA.NS,EQ,INE0JVO01026,,,INE0JVO01026
GCSL,Gretex Corporate Services Limited,NSE,GCSL.NS,EQ,INE199P01028,,,INE199P01028
GATECH,GACM Technologies Limited,NSE,GATECH.NS,EQ,INE224E01028,,,INE224E01028
GATECHDVR,GACM Technologies Limited,NSE,GATECHDVR.NS,EQ,INE224E01036,,,INE224E01036
GATEWAY,Gateway Distriparks Limited,NSE,GATEWAY.NS,EQ,INE079J01017,,,INE079J01017
GAUDIUMIVF,Gaudium IVF and Women Health Limited,NSE,GAUDIUMIVF.NS,BE,INE0P8B01020,,,INE0P8B01020
GAYAHWS,Gayatri Highways Limited,NSE,GAYAHWS.NS,EQ,INE287Z01012,,,INE287Z01012
GAYAPROJ,Gayatri Projects Limited,NSE,GAYAPROJ.NS,BE,INE336H01023,,,INE336H01023
FEDDERSHOL,Fedders Holding Limited,NSE,FEDDERSHOL.NS,EQ,INE417D01020,,,INE417D01020
FCSSOFT,FCS Software Solutions Limited,NSE,FCSSOFT.NS,BE,INE512B01022,,,INE512B01022
GIPCL,Gujarat Industries Power Company Limited,NSE,GIPCL.NS,EQ,INE162A01010,,,INE162A01010
FCL,Fineotex Chemical Limited,NSE,FCL.NS,EQ,INE045J01034,,,INE045J01034
ELLEN,Ellenbarrie Industrial Gases Limited,NSE,ELLEN.NS,EQ,INE236E01022,,,INE236E01022
ELPROINTL,Elpro International Limited,NSE,ELPROINTL.NS,EQ,INE579B01039,,,INE579B01039
EMAMILTD,Emami Limited,NSE,EMAMILTD.NS,EQ,INE548C01032,,,INE548C01032
EMAMIPAP,Emami Paper Mills Limited,NSE,EMAMIPAP.NS,EQ,INE830C01026,,,INE830C01026
EMAMIREAL,Emami Realty Limited,NSE,EMAMIREAL.NS,BE,INE778K01012,,,INE778K01012
EMBDL,Embassy Developments Limited,NSE,EMBDL.NS,EQ,INE069I01010,,,INE069I01010
EMCURE,Emcure Pharmaceuticals Limited,NSE,EMCURE.NS,EQ,INE168P01015,,,INE168P01015
EMIL,Electronics Mart India Limited,NSE,EMIL.NS,EQ,INE02YR01019,,,INE02YR01019
EMKAY,Emkay Global Financial Services Limited,NSE,EMKAY.NS,EQ,INE296H01011,,,INE296H01011
EMMBI,Emmbi Industries Limited,NSE,EMMBI.NS,EQ,INE753K01015,,,INE753K01015
EMMVEE,Emmvee Photovoltaic Power Limited,NSE,EMMVEE.NS,EQ,INE1C6T01020,,,INE1C6T01020
EMPOWER,Empower India Limited,NSE,EMPOWER.NS,BE,INE507F01023,,,INE507F01023
EMSLIMITED,EMS Limited,NSE,EMSLIMITED.NS,EQ,INE0OV601013,,,INE0OV601013
EMUDHRA,eMudhra Limited,NSE,EMUDHRA.NS,EQ,INE01QM01018,,,INE01QM01018
ENDURANCE,Endurance Technologies Limited,NSE,ENDURANCE.NS,EQ,INE913H01037,,,INE913H01037
ELITECON,Elitecon International Limited,NSE,ELITECON.NS,EQ,INE669R01026,,,INE669R01026
ELIN,Elin Electronics Limited,NSE,ELIN.NS,EQ,INE050401020,,,INE050401020
ELGIRUBCO,Elgi Rubber Company Limited,NSE,ELGIRUBCO.NS,EQ,INE819L01012,,,INE819L01012
EIHOTEL,EIH Limited,NSE,EIHOTEL.NS,EQ,INE230A01023,,,INE230A01023
EIDPARRY,EID Parry India Limited,NSE,EIDPARRY.NS,EQ,INE126A01031,,,INE126A01031
HISARMETAL,Hisar Metal Industries Limited,NSE,HISARMETAL.NS,EQ,INE598C01011,,,INE598C01011
EIEL,Enviro Infra Engineers Limited,NSE,EIEL.NS,EQ,INE0LLY01014,,,INE0LLY01014
EICHERMOT,Eicher Motors Limited,NSE,EICHERMOT.NS,EQ,INE066A01021,,,INE066A01021
EIFFL,Euro India Fresh Foods Limited,NSE,EIFFL.NS,EQ,INE546V01010,,,INE546V01010
EIHAHOTELS,EIH Associated Hotels Limited,NSE,EIHAHOTELS.NS,EQ,INE276C01014,,,INE276C01014
EIMCOELECO,Eimco Elecon (India) Limited,NSE,EIMCOELECO.NS,EQ,INE158B01016,,,INE158B01016
ELGIEQUIP,Elgi Equipments Limited,NSE,ELGIEQUIP.NS,EQ,INE285A01027,,,INE285A01027
EKC,Everest Kanto Cylinder Limited,NSE,EKC.NS,EQ,INE184H01027,,,INE184H01027
ELANTAS,Elantas Beck India Limited,NSE,ELANTAS.NS,EQ,INE280B01018,,,INE280B01018
ELCIDIN,EL CID Investments Limited,NSE,ELCIDIN.NS,EQ,INE927X01018,,,INE927X01018
ELDEHSG,Eldeco Housing And Industries Limited,NSE,ELDEHSG.NS,EQ,INE668G01021,,,INE668G01021
ELECTCAST,Electrosteel Castings Limited,NSE,ELECTCAST.NS,EQ,INE086A01029,,,INE086A01029
ELECTHERM,Electrotherm (India) Limited,NSE,ELECTHERM.NS,EQ,INE822G01016,,,INE822G01016
ENERGYDEV,Energy Development Company Limited,NSE,ENERGYDEV.NS,EQ,INE306C01019,,,INE306C01019
ENGINERSIN,Engineers India Limited,NSE,ENGINERSIN.NS,EQ,INE510A01028,,,INE510A01028
ENIL,Entertainment Network (India) Limited,NSE,ENIL.NS,EQ,INE265F01028,,,INE265F01028
EXICOM,Exicom Tele-Systems Limited,NSE,EXICOM.NS,EQ,INE777F01014,,,INE777F01014
EUROPRATIK,Euro Pratik Sales Limited,NSE,EUROPRATIK.NS,EQ,INE198501012,,,INE198501012
EUROTEXIND,Eurotex Industries and Exports Limited,NSE,EUROTEXIND.NS,EQ,INE022C01012,,,INE022C01012
EVEREADY,Eveready Industries India Limited,NSE,EVEREADY.NS,EQ,INE128A01029,,,INE128A01029
EVERESTIND,Everest Industries Limited,NSE,EVERESTIND.NS,EQ,INE295A01018,,,INE295A01018
EXCELINDUS,Excel Industries Limited,NSE,EXCELINDUS.NS,EQ,INE369A01029,,,INE369A01029
EXCELSOFT,Excelsoft Technologies Limited,NSE,EXCELSOFT.NS,EQ,INE606N01019,,,INE606N01019
EXIDEIND,Exide Industries Limited,NSE,EXIDEIND.NS,EQ,INE302A01020,,,INE302A01020
EUREKAFORB,Eureka Forbes Limited,NSE,EUREKAFORB.NS,EQ,INE0KCE01017,,,INE0KCE01017
EXPLEOSOL,Expleo Solutions Limited,NSE,EXPLEOSOL.NS,EQ,INE201K01015,,,INE201K01015
EXXARO,Exxaro Tiles Limited,NSE,EXXARO.NS,EQ,INE0GFE01026,,,INE0GFE01026
FABTECH,Fabtech Technologies Limited,NSE,FABTECH.NS,EQ,INE0HF201011,,,INE0HF201011
FACT,Fertilizers and Chemicals Travancore Limited,NSE,FACT.NS,EQ,INE188A01015,,,INE188A01015
FAIRCHEMOR,Fairchem Organics Limited,NSE,FAIRCHEMOR.NS,EQ,INE0DNW01011,,,INE0DNW01011
FAZE3Q,Faze Three Limited,NSE,FAZE3Q.NS,EQ,INE963C01033,,,INE963C01033
EUROBOND,Euro Panel Products Limited,NSE,EUROBOND.NS,EQ,INE505V01016,,,INE505V01016
ETHOSLTD,Ethos Limited,NSE,ETHOSLTD.NS,EQ,INE04TZ01018,,,INE04TZ01018
ENRIN,Siemens Energy India Limited,NSE,ENRIN.NS,EQ,INE1NPP01017,,,INE1NPP01017
EQUITASBNK,Equitas Small Finance Bank Limited,NSE,EQUITASBNK.NS,EQ,INE063P01018,,,INE063P01018
ENTERO,Entero Healthcare Solutions Limited,NSE,ENTERO.NS,EQ,INE010601016,,,INE010601016
EPACK,EPACK Durable Limited,NSE,EPACK.NS,EQ,INE0G5901015,,,INE0G5901015
EPACKPEB,EPack Prefab Technologies Limited,NSE,EPACKPEB.NS,EQ,INE0MLS01022,,,INE0MLS01022
EPIGRAL,Epigral Limited,NSE,EPIGRAL.NS,EQ,INE071N01016,,,INE071N01016
EPL,EPL Limited,NSE,EPL.NS,EQ,INE255A01020,,,INE255A01020
EQUIPPP,Equippp Social Impact Technologies Limited,NSE,EQUIPPP.NS,BE,INE217G01035,,,INE217G01035
ERIS,Eris Lifesciences Limited,NSE,ERIS.NS,EQ,INE406M01024,,,INE406M01024
ETERNAL,ETERNAL LIMITED,NSE,ETERNAL.NS,EQ,INE758T01015,,,INE758T01015
ESABINDIA,Esab India Limited,NSE,ESABINDIA.NS,EQ,INE284A01012,,,INE284A01012
ESAFSFB,ESAF Small Finance Bank Limited,NSE,ESAFSFB.NS,EQ,INE818W01011,,,INE818W01011
ESCORTS,Escorts Kubota Limited,NSE,ESCORTS.NS,EQ,INE042A01014,,,INE042A01014
ESSARSHPNG,Essar Shipping Limited,NSE,ESSARSHPNG.NS,EQ,INE122M01019,,,INE122M01019
ESSENTIA,Integra Essentia Limited,NSE,ESSENTIA.NS,BE,INE418N01035,,,INE418N01035
ESTER,Ester Industries Limited,NSE,ESTER.NS,EQ,INE778B01029,,,INE778B01029
GINNIFILA,Ginni Filaments Limited,NSE,GINNIFILA.NS,EQ,INE424C01010,,,INE424C01010
ELECON,Elecon Engineering Company Limited,NSE,ELECON.NS,EQ,INE205B01031,,,INE205B01031
GKENERGY,GK Energy Limited,NSE,GKENERGY.NS,EQ,INE1AG301022,,,INE1AG301022
GTLINFRA,GTL Infrastructure Limited,NSE,GTLINFRA.NS,EQ,INE221H01019,,,INE221H01019
HAPPYFORGE,Happy Forgings Limited,NSE,HAPPYFORGE.NS,EQ,INE330T01021,,,INE330T01021
HARDWYN,Hardwyn India Limited,NSE,HARDWYN.NS,EQ,INE626Z01029,,,INE626Z01029
HARIOMPIPE,Hariom Pipe Industries Limited,NSE,HARIOMPIPE.NS,EQ,INE00EV01017,,,INE00EV01017
HARRMALAYA,Harrisons  Malayalam Limited,NSE,HARRMALAYA.NS,EQ,INE544A01019,,,INE544A01019
HARSHA,Harsha Engineers International Limited,NSE,HARSHA.NS,EQ,INE0JUS01029,,,INE0JUS01029
HATHWAY,Hathway Cable & Datacom Limited,NSE,HATHWAY.NS,EQ,INE982F01036,,,INE982F01036
HATSUN,Hatsun Agro Product Limited,NSE,HATSUN.NS,EQ,INE473B01035,,,INE473B01035
HAVELLS,Havells India Limited,NSE,HAVELLS.NS,EQ,INE176B01034,,,INE176B01034
HAVISHA,Sri Havisha Hospitality and Infrastructure Limited,NSE,HAVISHA.NS,EQ,INE293B01029,,,INE293B01029
HAWKINCOOK,Hawkins Cookers Limited,NSE,HAWKINCOOK.NS,EQ,INE979B01015,,,INE979B01015
HBESD,HB Estate Developers Limited,NSE,HBESD.NS,EQ,INE640B01021,,,INE640B01021
HBLENGINE,HBL Engineering Limited,NSE,HBLENGINE.NS,EQ,INE292B01021,,,INE292B01021
HBSL,HB Stockholdings Limited,NSE,HBSL.NS,BE,INE550B01022,,,INE550B01022
HCC,Hindustan Construction Company Limited,NSE,HCC.NS,EQ,INE549A01026,,,INE549A01026
HCG,Healthcare Global Enterprises Limited,NSE,HCG.NS,EQ,INE075I01017,,,INE075I01017
HAPPSTMNDS,Happiest Minds Technologies Limited,NSE,HAPPSTMNDS.NS,EQ,INE419U01012,,,INE419U01012
HALEOSLABS,HALEOS LABS LIMITED,NSE,HALEOSLABS.NS,EQ,INE320X01016,,,INE320X01016
HALDYNGL,Haldyn Glass Limited,NSE,HALDYNGL.NS,EQ,INE506D01020,,,INE506D01020
GULFOILLUB,Gulf Oil Lubricants India Limited,NSE,GULFOILLUB.NS,EQ,INE635Q01029,,,INE635Q01029
GUFICBIO,Gufic Biosciences Limited,NSE,GUFICBIO.NS,EQ,INE742B01025,,,INE742B01025
GUJALKALI,Gujarat Alkalies and Chemicals Limited,NSE,GUJALKALI.NS,EQ,INE186A01019,,,INE186A01019
GUJAPOLLO,Gujarat Apollo Industries Limited,NSE,GUJAPOLLO.NS,EQ,INE826C01016,,,INE826C01016
GUJGASLTD,Gujarat Gas Limited,NSE,GUJGASLTD.NS,EQ,INE844O01030,,,INE844O01030
GUJRAFFIA,Gujarat Raffia Industries Limited,NSE,GUJRAFFIA.NS,EQ,INE610B01024,,,INE610B01024
GUJTHEM,Gujarat Themis Biosyn Limited,NSE,GUJTHEM.NS,EQ,INE942C01045,,,INE942C01045
GULFPETRO,GP Petroleums Limited,NSE,GULFPETRO.NS,EQ,INE586G01017,,,INE586G01017
HALDER,Halder Venture Limited,NSE,HALDER.NS,EQ,INE115S01010,,,INE115S01010
GULPOLY,Gulshan Polyols Limited,NSE,GULPOLY.NS,EQ,INE255D01024,,,INE255D01024
GVKPIL,GVK Power & Infrastructure Limited,NSE,GVKPIL.NS,BE,INE251H01024,,,INE251H01024
GVPIL,GE Power India Limited,NSE,GVPIL.NS,EQ,INE878A01011,,,INE878A01011
GVPTECH,GVP Infotech Limited,NSE,GVPTECH.NS,EQ,INE382T01030,,,INE382T01030
GVT&D,GE Vernova T&D India Limited,NSE,GVT&D.NS,EQ,INE200A01026,,,INE200A01026
HAL,Hindustan Aeronautics Limited,NSE,HAL.NS,EQ,INE066F01020,,,INE066F01020
HCL-INSYS,HCL Infosystems Limited,NSE,HCL-INSYS.NS,EQ,INE236A01020,,,INE236A01020
HCLTECH,HCL Technologies Limited,NSE,HCLTECH.NS,EQ,INE860A01027,,,INE860A01027
HDBFS,HDB Financial Services Limited,NSE,HDBFS.NS,EQ,INE756I01012,,,INE756I01012
HINDCON,Hindcon Chemicals Limited,NSE,HINDCON.NS,BE,INE642Y01029,,,INE642Y01029
HIKAL,Hikal Limited,NSE,HIKAL.NS,EQ,INE475B01022,,,INE475B01022
HILINFRA,Highway Infrastructure Limited,NSE,HILINFRA.NS,BE,INE00RL01028,,,INE00RL01028
HILTON,Hilton Metal Forging Limited,NSE,HILTON.NS,BE,INE788H01017,,,INE788H01017
HIMATSEIDE,Himatsingka Seide Limited,NSE,HIMATSEIDE.NS,EQ,INE049A01027,,,INE049A01027
HINDALCO,Hindalco Industries Limited,NSE,HINDALCO.NS,EQ,INE038A01020,,,INE038A01020
HINDCOMPOS,Hindustan Composites Limited,NSE,HINDCOMPOS.NS,EQ,INE310C01029,,,INE310C01029
HINDCOPPER,Hindustan Copper Limited,NSE,HINDCOPPER.NS,EQ,INE531E01026,,,INE531E01026
HGM,HandsOn Global Management (HGM) Limited,NSE,HGM.NS,EQ,INE596H01014,,,INE596H01014
HINDOILEXP,Hindustan Oil Exploration Company Limited,NSE,HINDOILEXP.NS,EQ,INE345A01011,,,INE345A01011
HINDPETRO,Hindustan Petroleum Corporation Limited,NSE,HINDPETRO.NS,EQ,INE094A01015,,,INE094A01015
HINDUNILVR,Hindustan Unilever Limited,NSE,HINDUNILVR.NS,EQ,INE030A01027,,,INE030A01027
GKSL,Gujarat Kidney And Super Speciality Limited,NSE,GKSL.NS,EQ,INE0V0W01025,,,INE0V0W01025
HINDZINC,Hindustan Zinc Limited,NSE,HINDZINC.NS,EQ,INE267A01025,,,INE267A01025
HIRECT,Hind Rectifiers Limited,NSE,HIRECT.NS,EQ,INE835D01023,,,INE835D01023
HGS,Hinduja Global Solutions Limited,NSE,HGS.NS,EQ,INE170I01016,,,INE170I01016
HGINFRA,H.G. Infra Engineering Limited,NSE,HGINFRA.NS,EQ,INE926X01010,,,INE926X01010
HDFCAMC,HDFC Asset Management Company Limited,NSE,HDFCAMC.NS,EQ,INE127D01025,,,INE127D01025
HEIDELBERG,HeidelbergCement India Limited,NSE,HEIDELBERG.NS,EQ,INE578A01017,,,INE578A01017
HDFCBANK,HDFC Bank Limited,NSE,HDFCBANK.NS,EQ,INE040A01034,,,INE040A01034
HDFCLIFE,HDFC Life Insurance Company Limited,NSE,HDFCLIFE.NS,EQ,INE795G01014,,,INE795G01014
HEADSUP,Heads UP Ventures Limited,NSE,HEADSUP.NS,EQ,INE759V01019,,,INE759V01019
HEALTHX,Health X Platform Limited,NSE,HEALTHX.NS,EQ,INE019J01013,,,INE019J01013
HECPROJECT,HEC Infra Projects Limited,NSE,HECPROJECT.NS,EQ,INE558R01013,,,INE558R01013
HEG,HEG Limited,NSE,HEG.NS,EQ,INE545A01024,,,INE545A01024
HEMIPROP,Hemisphere Properties India Limited,NSE,HEMIPROP.NS,EQ,INE0AJG01018,,,INE0AJG01018
HFCL,HFCL Limited,NSE,HFCL.NS,EQ,INE548A01028,,,INE548A01028
HERANBA,Heranba Industries Limited,NSE,HERANBA.NS,EQ,INE694N01015,,,INE694N01015
HERITGFOOD,Heritage Foods Limited,NSE,HERITGFOOD.NS,EQ,INE978A01027,,,INE978A01027
HEROMOTOCO,Hero MotoCorp Limited,NSE,HEROMOTOCO.NS,EQ,INE158A01026,,,INE158A01026
HESTERBIO,Hester Biosciences Limited,NSE,HESTERBIO.NS,EQ,INE782E01017,,,INE782E01017
HEXATRADEX,Hexa Tradex Limited,NSE,HEXATRADEX.NS,EQ,INE750M01017,,,INE750M01017
HEXT,Hexaware Technologies Limited,NSE,HEXT.NS,EQ,INE093A01041,,,INE093A01041
GTPL,GTPL Hathway Limited,NSE,GTPL.NS,EQ,INE869I01013,,,INE869I01013
HINDWAREAP,Hindware Home Innovation Limited,NSE,HINDWAREAP.NS,EQ,INE05AN01011,,,INE05AN01011
GTL,GTL Limited,NSE,GTL.NS,EQ,INE043A01012,,,INE043A01012
GOLDTECH,AION-TECH SOLUTIONS LIMITED,NSE,GOLDTECH.NS,EQ,INE805A01014,,,INE805A01014
GNFC,Gujarat Narmada Valley Fertilizers and Chemicals Limited,NSE,GNFC.NS,EQ,INE113A01013,,,INE113A01013
GNRL,Gujarat Natural Resources Limited,NSE,GNRL.NS,EQ,INE207H01018,,,INE207H01018
GOACARBON,Goa Carbon Limited,NSE,GOACARBON.NS,EQ,INE426D01013,,,INE426D01013
GOCLCORP,GOCL Corporation Limited,NSE,GOCLCORP.NS,EQ,INE077F01035,,,INE077F01035
GOCOLORS,Go Fashion (India) Limited,NSE,GOCOLORS.NS,EQ,INE0BJS01011,,,INE0BJS01011
GODAVARIB,Godavari Biorefineries Limited,NSE,GODAVARIB.NS,EQ,INE497S01012,,,INE497S01012
GODFRYPHLP,Godfrey Phillips India Limited,NSE,GODFRYPHLP.NS,EQ,INE260B01028,,,INE260B01028
GODIGIT,Go Digit General Insurance Limited,NSE,GODIGIT.NS,EQ,INE03JT01014,,,INE03JT01014
GODREJAGRO,Godrej Agrovet Limited,NSE,GODREJAGRO.NS,EQ,INE850D01014,,,INE850D01014
GODREJCP,Godrej Consumer Products Limited,NSE,GODREJCP.NS,EQ,INE102D01028,,,INE102D01028
GODREJIND,Godrej Industries Limited,NSE,GODREJIND.NS,EQ,INE233A01035,,,INE233A01035
GODREJPROP,Godrej Properties Limited,NSE,GODREJPROP.NS,EQ,INE484J01027,,,INE484J01027
GOKEX,Gokaldas Exports Limited,NSE,GOKEX.NS,EQ,INE887G01027,,,INE887G01027
GOKUL,Gokul Refoils and Solvent Limited,NSE,GOKUL.NS,EQ,INE020J01029,,,INE020J01029
GOKULAGRO,Gokul Agro Resources Limited,NSE,GOKULAGRO.NS,EQ,INE314T01033,,,INE314T01033
GNA,GNA Axles Limited,NSE,GNA.NS,EQ,INE934S01014,,,INE934S01014
GMRP&UI,GMR Power and Urban Infra Limited,NSE,GMRP&UI.NS,EQ,INE0CU601026,,,INE0CU601026
GMRAIRPORT,GMR AIRPORTS LIMITED,NSE,GMRAIRPORT.NS,EQ,INE776C01039,,,INE776C01039
GLOBALVECT,Global Vectra Helicorp Limited,NSE,GLOBALVECT.NS,EQ,INE792H01019,,,INE792H01019
GLAXO,GlaxoSmithKline Pharmaceuticals Limited,NSE,GLAXO.NS,EQ,INE159A01016,,,INE159A01016
GLENMARK,Glenmark Pharmaceuticals Limited,NSE,GLENMARK.NS,EQ,INE935A01035,,,INE935A01035
GKWLIMITED,GKW Limited,NSE,GKWLIMITED.NS,EQ,INE528A01020,,,INE528A01020
GLAND,Gland Pharma Limited,NSE,GLAND.NS,EQ,INE068V01023,,,INE068V01023
GLFL,Gujarat Lease Financing Limited,NSE,GLFL.NS,BE,INE540A01017,,,INE540A01017
GLOBAL,Global Education Limited,NSE,GLOBAL.NS,EQ,INE291W01037,,,INE291W01037
GLOBE,GLOBE ENTERPRISES (INDIA) LIMITED,NSE,GLOBE.NS,EQ,INE581X01021,,,INE581X01021
GMMPFAUDLR,GMM Pfaudler Limited,NSE,GMMPFAUDLR.NS,EQ,INE541A01023,,,INE541A01023
GLOBECIVIL,Globe Civil Projects Limited,NSE,GLOBECIVIL.NS,BE,INE0V3U01015,,,INE0V3U01015
GLOBUSSPR,Globus Spirits Limited,NSE,GLOBUSSPR.NS,EQ,INE615I01010,,,INE615I01010
GLOSTERLTD,Gloster Limited,NSE,GLOSTERLTD.NS,EQ,INE350Z01018,,,INE350Z01018
GLOTTIS,Glottis Limited,NSE,GLOTTIS.NS,BE,INE0TQE01026,,,INE0TQE01026
GMBREW,GM Breweries Limited,NSE,GMBREW.NS,EQ,INE075D01018,,,INE075D01018
GMDCLTD,Gujarat Mineral Development Corporation Limited,NSE,GMDCLTD.NS,EQ,INE131A01031,,,INE131A01031
GOLDIAM,Goldiam International Limited,NSE,GOLDIAM.NS,EQ,INE025B01025,,,INE025B01025
GLOBALE,Globale Tessile Limited,NSE,GLOBALE.NS,BE,INE0URU01010,,,INE0URU01010
GSFC,Gujarat State Fertilizers & Chemicals Limited,NSE,GSFC.NS,EQ,INE026A01025,,,INE026A01025
GROBTEA,The Grob Tea Company Limited,NSE,GROBTEA.NS,EQ,INE646C01018,,,INE646C01018
GREENLAM,Greenlam Industries Limited,NSE,GREENLAM.NS,EQ,INE544R01021,,,INE544R01021
GREENPANEL,Greenpanel Industries Limited,NSE,GREENPANEL.NS,EQ,INE08ZM01014,,,INE08ZM01014
GREENPLY,Greenply Industries Limited,NSE,GREENPLY.NS,EQ,INE461C01038,,,INE461C01038
GREENPOWER,Orient Green Power Company Limited,NSE,GREENPOWER.NS,EQ,INE999K01014,,,INE999K01014
GRINDWELL,Grindwell Norton Limited,NSE,GRINDWELL.NS,EQ,INE536A01023,,,INE536A01023
GRMOVER,GRM Overseas Limited,NSE,GRMOVER.NS,EQ,INE192H01020,,,INE192H01020
GROWW,Billionbrains Garage Ventures Limited,NSE,GROWW.NS,EQ,INE0HOQ01053,,,INE0HOQ01053
GRAVITA,Gravita India Limited,NSE,GRAVITA.NS,EQ,INE024L01027,,,INE024L01027
GRPLTD,GRP Limited,NSE,GRPLTD.NS,EQ,INE137I01015,,,INE137I01015
GRSE,Garden Reach Shipbuilders & Engineers Limited,NSE,GRSE.NS,EQ,INE382Z01011,,,INE382Z01011
GRWRHITECH,Garware Hi-Tech Films Limited,NSE,GRWRHITECH.NS,EQ,INE291A01017,,,INE291A01017
GSS,GSS Infotech Limited,NSE,GSS.NS,BE,INE871H01011,,,INE871H01011
GSLSU,Global Surfaces Limited,NSE,GSLSU.NS,EQ,INE0JSX01015,,,INE0JSX01015
GSPCROP,GSP Crop Science Limited,NSE,GSPCROP.NS,EQ,INE713R01022,,,INE713R01022
GREAVESCOT,Greaves Cotton Limited,NSE,GREAVESCOT.NS,EQ,INE224A01026,,,INE224A01026
GRINFRA,G R Infraprojects Limited,NSE,GRINFRA.NS,EQ,INE201P01022,,,INE201P01022
GTECJAINX,G-TEC JAINX EDUCATION LIMITED,NSE,GTECJAINX.NS,BE,INE586X01012,,,INE586X01012
GRADIENTE,Gradiente Infotainment Limited,NSE,GRADIENTE.NS,EQ,INE361K01017,,,INE361K01017
GOODYEAR,Goodyear India Limited,NSE,GOODYEAR.NS,EQ,INE533A01012,,,INE533A01012
GOPAL,Gopal Snacks Limited,NSE,GOPAL.NS,EQ,INE0L9R01028,,,INE0L9R01028
GRAVISSHO,Graviss Hospitality Limited,NSE,GRAVISSHO.NS,EQ,INE214F01026,,,INE214F01026
GPIL,Godawari Power And Ispat limited,NSE,GPIL.NS,EQ,INE177H01039,,,INE177H01039
GPPL,Gujarat Pipavav Port Limited,NSE,GPPL.NS,EQ,INE517F01014,,,INE517F01014
GPTHEALTH,GPT Healthcare Limited,NSE,GPTHEALTH.NS,EQ,INE486R01017,,,INE486R01017
GPTINFRA,GPT Infraprojects Limited,NSE,GPTINFRA.NS,EQ,INE390G01014,,,INE390G01014
GOYALALUM,Goyal Aluminiums Limited,NSE,GOYALALUM.NS,EQ,INE705X01026,,,INE705X01026
GRANDOAK,Grand Oak Canyons Distillery Limited,NSE,GRANDOAK.NS,EQ,INE926B01016,,,INE926B01016
GRAPHITE,Graphite India Limited,NSE,GRAPHITE.NS,EQ,INE371A01025,,,INE371A01025
GRAUWEIL,Grauer & Weil India Limited,NSE,GRAUWEIL.NS,EQ,INE266D01021,,,INE266D01021
GRASIM,Grasim Industries Limited,NSE,GRASIM.NS,EQ,INE047A01021,,,INE047A01021
GOODLUCK,Goodluck India Limited,NSE,GOODLUCK.NS,EQ,INE127I01024,,,INE127I01024
GRANULES,Granules India Limited,NSE,GRANULES.NS,EQ,INE101D01020,,,INE101D01020
540545,Guru Krupa Gems and Jewellery Ltd,BSE,540545.BO,X,INE986W01016,None,54.67,INE986W01016
540550,Yug Decor Ltd,BSE,540550.BO,M,INE796W01019,None,36.82,INE796W01019
540597,Containerway International Ltd,BSE,540597.BO,X,INE319U01022,None,20.53,INE319U01022
540614,G G Engineering Ltd,BSE,540614.BO,X,INE694X01030,None,74.47,INE694X01030
540612,ICICI Prudential Nifty 100 Low Volatility 30 ETF,BSE,540612.BO,B,INF109KC19U5,None,,INF109KC19U5
540613,Gautam Exim Ltd,BSE,540613.BO,M,INE721X01023,None,83.9,INE721X01023
540590,Riddhi Corporate Services Ltd,BSE,540590.BO,X,INE325X01015,None,73.18,INE325X01015
540221,Shashank Traders Ltd,BSE,540221.BO,X,INE508R01018,None,10.53,INE508R01018
540686,Smruthi Organics Ltd,BSE,540686.BO,X,INE172E01011,None,137.81,INE172E01011
540515,Kanungo Financiers Ltd,BSE,540515.BO,X,INE453S01015,None,4.03,INE453S01015
540681,Chothani Foods Ltd,BSE,540681.BO,M,INE344X01016,None,9.46,INE344X01016
540669,UTI Nifty Next 50 ETF,BSE,540669.BO,B,INF789F1AUW9,None,,INF789F1AUW9
540652,Captain Technocast Ltd,BSE,540652.BO,M,INE931X01010,None,534.06,INE931X01010
540651,Jigar Cables Ltd,BSE,540651.BO,M,INE943X01015,None,60.38,INE943X01015
540519,Meera Industries Ltd,BSE,540519.BO,T,INE343X01026,None,86.65,INE343X01026
540386,Ontic Finserve Ltd,BSE,540386.BO,X,INE989S01042,None,11.43,INE989S01042
540243,New Light Industries Ltd,BSE,540243.BO,X,INE835U01027,None,11.91,INE835U01027
540693,Shish Industries Ltd,BSE,540693.BO,B,INE145Y01023,None,492.84,INE145Y01023
540252,Viram Suvarn Ltd,BSE,540252.BO,B,INE607V01028,None,116.75,INE607V01028
540259,Shangar Decor Ltd,BSE,540259.BO,X,INE118R01032,None,11.75,INE118R01032
540267,Flora Corporation Ltd,BSE,540267.BO,X,INE318U01016,None,6.83,INE318U01016
540269,Super Fine Knitters Ltd,BSE,540269.BO,MT,INE459U01018,None,8.49,INE459U01018
540332,Tanvi Foods (India) Ltd,BSE,540332.BO,M,INE978V01015,None,98.54,INE978V01015
540360,Leading Leasing Finance And Investment Company Ltd,BSE,540360.BO,B,INE715Q01029,None,75.52,INE715Q01029
540361,Danube Industries Ltd,BSE,540361.BO,X,INE575D01041,None,42.77,INE575D01041
540492,Starlineps Enterprises Ltd,BSE,540492.BO,T,INE594W01042,None,400.53,INE594W01042
540377,IFL Enterprises Ltd,BSE,540377.BO,B,INE714U01024,None,48.56,INE714U01024
540395,Chemcrux Enterprises Ltd,BSE,540395.BO,B,INE298W01016,None,135.55,INE298W01016
540401,Maximus International Ltd,BSE,540401.BO,X,INE544W01021,None,144.2,INE544W01021
540402,Manas Properties Ltd,BSE,540402.BO,MT,INE800W01019,None,162.24,INE800W01019
540404,Prime Fresh Ltd,BSE,540404.BO,B,INE442V01012,None,313.55,INE442V01012
540405,Oceanic Foods Ltd,BSE,540405.BO,X,INE711V01010,None,65.13,INE711V01010
540416,Octaware Technologies Ltd,BSE,540416.BO,MT,INE208U01019,None,22.84,INE208U01019
540455,Escorp Asset Management Ltd,BSE,540455.BO,B,INE953W01016,None,108.94,INE953W01016
540468,KMS Medisurgi Ltd,BSE,540468.BO,MT,INE870V01014,None,43.82,INE870V01014
540481,Classic Leasing & Finance Ltd,BSE,540481.BO,X,INE949C01016,None,67.23,INE949C01016
540694,ANG Lifesciences India Ltd,BSE,540694.BO,B,INE236W01016,None,39.4,INE236W01016
540809,MRC Agrotech Ltd,BSE,540809.BO,B,INE333Y01017,None,109.46,INE333Y01017
540874,7Seas Entertainment Ltd,BSE,540874.BO,X,INE454F01010,None,177.57,INE454F01010
540850,Jhandewalas Foods Ltd,BSE,540850.BO,M,INE841Y01019,None,41.19,INE841Y01019
540843,Rithwik Facility Management Services Ltd,BSE,540843.BO,MT,INE819Y01015,None,47.43,INE819Y01015
540829,Chandrima Mercantiles Ltd,BSE,540829.BO,X,INE371F01024,None,205.23,INE371F01024
540811,Diggi Multitrade Ltd,BSE,540811.BO,MT,INE158R01012,None,13.55,INE158R01012
540696,KCD Industries India Ltd,BSE,540696.BO,X,INE185U01035,None,9.61,INE185U01035
540796,Ratnabhumi Developers Ltd,BSE,540796.BO,B,INE821Y01011,None,385.93,INE821Y01011
540787,BHARAT 22 ETF - ICICI Prudential AMC,BSE,540787.BO,A,INF109KB15Y7,None,,INF109KB15Y7
540786,Sharika Enterprises Ltd,BSE,540786.BO,B,INE669Y01022,None,60.01,INE669Y01022
540782,Sanghvi Brands Ltd,BSE,540782.BO,MT,INE204Y01010,None,13.28,INE204Y01010
540904,Tirupati Foam Ltd,BSE,540904.BO,X,INE115G01015,None,31.82,INE115G01015
540914,SRU Steels Ltd,BSE,540914.BO,X,INE425C01017,None,11.99,INE425C01017
540936,Gautam Gems Ltd,BSE,540936.BO,X,INE063Z01017,None,13.28,INE063Z01017
540938,Gujarat Hy-Spin Ltd,BSE,540938.BO,MT,INE578V01013,None,16.5,INE578V01013
540953,Kenvi Jewels Ltd,BSE,540953.BO,B,INE923Y01023,None,27.42,INE923Y01023
540956,Bhatia Communications & Retail (India) Ltd,BSE,540956.BO,X,INE341Z01025,None,369.21,INE341Z01025
540727,Poojawestern Metaliks Ltd,BSE,540727.BO,B,INE973X01012,None,19.42,INE973X01012
540703,Pro Clb Global Ltd,BSE,540703.BO,X,INE438C01010,None,15.13,INE438C01010
540717,Polo Queen Industrial and Fintech Ltd,BSE,540717.BO,B,INE689M01025,None,538.54,INE689M01025
540718,Aayush Art And Bullion Ltd,BSE,540718.BO,M,INE777X01017,None,1801.55,INE777X01017
540726,Trident Texofab Ltd,BSE,540726.BO,B,INE071Y01013,None,52.56,INE071Y01013
540728,Sayaji Industries Ltd,BSE,540728.BO,X,INE327G01032,None,358.34,INE327G01032
540729,Vanta Bioscience Ltd,BSE,540729.BO,MT,INE695X01011,None,15.66,INE695X01011
540737,Shree Ganesh Remedies Ltd,BSE,540737.BO,X,INE414Y01015,None,791.85,INE414Y01015
540738,Shreeji Translogistics Ltd,BSE,540738.BO,B,INE402Y01028,None,60.59,INE402Y01028
540756,Kaarya Facilities and Services Ltd,BSE,540756.BO,MT,INE282Y01016,None,25.83,INE282Y01016
540080,Dhatre Udyog Ltd,BSE,540080.BO,X,INE715T01031,None,52.41,INE715T01031
539762,Modern Engineering And Projects Ltd,BSE,539762.BO,X,INE250S01015,None,46.58,INE250S01015
539788,Khemani Distributors & Marketing Ltd,BSE,539788.BO,MT,INE030U01025,None,274.77,INE030U01025
539784,LIC MF Exchange Traded Fund- NIFTY 100,BSE,539784.BO,B,INF767K01PC8,None,,INF767K01PC8
539773,Advik Capital Ltd,BSE,539773.BO,X,INE178T01024,None,79.11,INE178T01024
539767,Mega Nirman and Industries Ltd,BSE,539767.BO,X,INE216Q01010,None,116.13,INE216Q01010
539760,Relicab Cable Manufacturing Ltd,BSE,539760.BO,B,INE773T01014,None,40.07,INE773T01014
539730,Fredun Pharmaceuticals Ltd,BSE,539730.BO,X,INE194R01017,None,1264.88,INE194R01017
539697,Hiliks Technologies Ltd,BSE,539697.BO,X,INE966Q01010,None,63.32,INE966Q01010
539692,Interactive Financial Services Ltd,BSE,539692.BO,X,INE064T01018,None,9.97,INE064T01018
539682,Mobavenue AI Tech Ltd,BSE,539682.BO,B,INE622Q01019,None,2279.13,INE622Q01019
539798,Umiya Tubes Ltd,BSE,539798.BO,X,INE173U01015,None,51.8,INE173U01015
539800,CHD Chemicals Ltd,BSE,539800.BO,X,INE043U01010,None,5.86,INE043U01010
539814,LE Lavoir Ltd,BSE,539814.BO,X,INE204S01012,None,54.67,INE204S01012
539819,Mudra Financial Services Ltd,BSE,539819.BO,X,INE967S01014,None,2.15,INE967S01014
539834,Balgopal Commercial Ltd,BSE,539834.BO,X,INE119R01014,None,316.37,INE119R01014
539835,Superior Finlease Ltd,BSE,539835.BO,X,INE574R01028,None,5.4,INE574R01028
539839,Franklin Leasing and Finance Ltd,BSE,539839.BO,M,INE399S01010,None,14.08,INE399S01010
539841,Lancer Container Lines Ltd,BSE,539841.BO,X,INE359U01028,None,252.65,INE359U01028
539864,Ghushine Fintrrade Ocean Ltd,BSE,539864.BO,M,INE009U01011,None,8.5,INE009U01011
539681,Dynamic Archistructures Ltd,BSE,539681.BO,X,INE874E01012,None,24.99,INE874E01012
539680,Ganga Pharmaceuticals Ltd,BSE,539680.BO,M,INE615T01017,None,7.09,INE615T01017
539679,Kapil Raj Finance Ltd,BSE,539679.BO,X,INE332Q01023,None,33.91,INE332Q01023
539552,F Mec International Financial Services Ltd,BSE,539552.BO,X,INE108T01021,None,87.69,INE108T01021
539522,Grovy India Ltd,BSE,539522.BO,X,INE343C01012,None,56.68,INE343C01012
541005,Kanco Tea & Industries Ltd,BSE,541005.BO,X,INE398L01017,None,29.46,INE398L01017
539526,Suncare Traders Ltd,BSE,539526.BO,X,INE452S01025,None,11.73,INE452S01025
539527,Creative Castings Ltd,BSE,539527.BO,X,INE146E01015,None,65.65,INE146E01015
539528,Aayush Wellness Ltd,BSE,539528.BO,X,INE430R01023,None,144.65,INE430R01023
539543,Valley Magnesite Company Ltd,BSE,539543.BO,X,INE834E01016,None,1.38,INE834E01016
539544,Abhishek Infraventures Ltd,BSE,539544.BO,X,INE281P01016,None,4.37,INE281P01016
539545,Apoorva Leasing Finance and Investment Company Ltd,BSE,539545.BO,X,INE217S01014,None,65.36,INE217S01014
539546,Agribio Spirits Ltd,BSE,539546.BO,X,INE679E01015,None,320.7,INE679E01015
539559,Deep Health AI India Ltd,BSE,539559.BO,X,INE005G01026,None,30.42,INE005G01026
539594,Mishtann Foods Ltd,BSE,539594.BO,X,INE094S01041,None,417.04,INE094S01041
539596,Delta Industrial Resources Ltd,BSE,539596.BO,X,INE681Q01015,None,7.4,INE681Q01015
539598,Credent Global Finance Ltd,BSE,539598.BO,X,INE727C01024,None,171.48,INE727C01024
539599,Kotia Enterprises Ltd,BSE,539599.BO,X,INE079C01012,None,17.87,INE079C01012
539607,Blue Cloud Softech Solutions Ltd,BSE,539607.BO,B,INE373T01047,None,1373.62,INE373T01047
539620,Kanoria Energy & Infrastructure Ltd,BSE,539620.BO,X,INE534E01020,None,139.02,INE534E01020
539659,Vikram Kamats Hospitality Ltd,BSE,539659.BO,B,INE564S01019,None,73.72,INE564S01019
539661,Ace Men Engg Works Ltd,BSE,539661.BO,X,INE023R01018,None,125.48,INE023R01018
539662,BFL Asset Finvest Ltd,BSE,539662.BO,X,INE948Q01018,None,6.93,INE948Q01018
539669,RGF Capital Markets Ltd,BSE,539669.BO,X,INE684D01025,None,30.45,INE684D01025
539884,Darshan Orna Ltd,BSE,539884.BO,X,INE671T01028,None,23.51,INE671T01028
540204,Eiko Lifesciences Ltd,BSE,540204.BO,X,INE666Q01016,None,76.18,INE666Q01016
540132,Sabrimala Industries India Ltd,BSE,540132.BO,X,INE400R01018,None,12.19,INE400R01018
540144,DRA Consultants Ltd,BSE,540144.BO,M,INE746V01016,None,21.28,INE746V01016
540143,Sagarsoft (India) Ltd,BSE,540143.BO,X,INE184B01012,None,43.78,INE184B01012
540135,ARC Finance Ltd,BSE,540135.BO,X,INE202R01026,None,47.93,INE202R01026
540097,Gamco Ltd,BSE,540097.BO,X,INE890S01026,None,234.28,INE890S01026
540082,Riddhi Steel and Tube Ltd,BSE,540082.BO,MT,INE367U01013,None,329.54,INE367U01013
540146,Aditya Consumer Marketing Ltd,BSE,540146.BO,M,INE427V01013,None,50.47,INE427V01013
540147,Shashijit Infraprojects Ltd,BSE,540147.BO,X,INE700V01021,None,18.75,INE700V01021
540148,Bindal Exports Ltd,BSE,540148.BO,MT,INE564V01013,None,12.24,INE564V01013
540150,Mewar Hi-Tech Engineering Ltd,BSE,540150.BO,MT,INE957U01011,None,24.36,INE957U01011
540151,Diksat Transworld Ltd,BSE,540151.BO,MT,INE942P01013,None,219.46,INE942P01013
540154,Bandhan S&P BSE SENSEX ETF,BSE,540154.BO,A,INF194KA1T91,None,,INF194KA1T91
540159,Purple Agrotech Industries Ltd,BSE,540159.BO,X,INE905R01016,None,5.46,INE905R01016
540168,Supra Pacific Financial Services Ltd,BSE,540168.BO,X,INE268T01015,None,156.17,INE268T01015
540174,Southern Infoconsultants Ltd,BSE,540174.BO,X,INE298B01010,None,11.14,INE298B01010
540175,Regency Fincorp Ltd,BSE,540175.BO,X,INE964R01013,None,270.18,INE964R01013
540181,Salem Erode Investments Ltd,BSE,540181.BO,X,INE894E01028,None,41.26,INE894E01028
540198,Osiajee Texfab Ltd,BSE,540198.BO,X,INE186R01013,None,216.0,INE186R01013
540199,Corporate Merchant Bankers Ltd,BSE,540199.BO,X,INE850R01014,None,330.08,INE850R01014
539521,Navigant Corporate Advisors Ltd,BSE,539521.BO,MT,INE364T01012,None,25.47,INE364T01012
540079,Sprayking Ltd,BSE,540079.BO,B,INE537U01037,None,25.15,INE537U01037
539980,ICICI Prudential BSE Midcap Select ETF,BSE,539980.BO,B,INF109KC10W0,None,,INF109KC10W0
539895,Spice Lounge Food Works Ltd,BSE,539895.BO,B,INE631E01024,None,1675.19,INE631E01024
539900,Dalmia Industrial Development Ltd,BSE,539900.BO,X,INE642P01019,None,23.55,INE642P01019
539911,Svarnim Trade Udyog Ltd,BSE,539911.BO,X,INE730R01042,None,22.49,INE730R01042
539927,Likhami Consulting Ltd,BSE,539927.BO,X,INE920T01011,None,323.38,INE920T01011
539938,Medico Intercontinental Ltd,BSE,539938.BO,X,INE858Q01019,None,25.13,INE858Q01019
539939,Yash Chemex Ltd,BSE,539939.BO,X,INE571U01010,None,49.83,INE571U01010
539945,ICICI Prudential Nifty50 Value 20 ETF,BSE,539945.BO,B,INF109KC11V0,None,,INF109KC11V0
539946,Bazel International Ltd,BSE,539946.BO,X,INE217E01014,None,19.18,INE217E01014
539985,Titaanium Ten Enterprise Ltd,BSE,539985.BO,M,INE120V01014,None,18.13,INE120V01014
540072,Shiva Granito Export Ltd,BSE,540072.BO,MT,INE191V01015,None,17.84,INE191V01015
539991,Confidence Futuristic Energetech Ltd,BSE,539991.BO,X,INE700F01024,None,99.3,INE700F01024
540008,Aditya Birla Sun Life BSE Sensex ETF,BSE,540008.BO,A,INF209KB10E8,None,,INF209KB10E8
540023,Colorchips New Media Ltd,BSE,540023.BO,X,INE621I01042,None,21.59,INE621I01042
540026,Ladam Affordable Housing Ltd,BSE,540026.BO,X,INE213U01019,None,13.23,INE213U01019
540062,Golden Crest Education & Services Ltd,BSE,540062.BO,X,INE222U01010,None,186.01,INE222U01010
540980,The Yamuna Syndicate Ltd,BSE,540980.BO,X,INE868X01014,None,872.61,INE868X01014
542747,Nippon India ETF S&P BSE Sensex Next 50,BSE,542747.BO,A,INF204KB15D0,None,,INF204KB15D0
541006,Angel Fibers Ltd,BSE,541006.BO,M,INE339Z01011,None,30.0,INE339Z01011
543144,NIPPON INDIA EQUITY SAVINGS FUND -  SEGREGATED PORTFOLIO 2 - MONTHLY DIVIDEND PLAN(Issue Price: 0.01),BSE,543144.BO,B,INF204KB11T5,None,,INF204KB11T5
543150,NIPPON INDIA EQUITY SAVINGS FUND -  SEGREGATED PORTFOLIO 2 - GROWTH PLAN(Issue Price: 0.01),BSE,543150.BO,B,INF204KB16S6,None,,INF204KB16S6
543149,NIPPON INDIA EQUITY SAVINGS FUND -  SEGREGATED PORTFOLIO 2 - BONUS PLAN(Issue Price: 0.01),BSE,543149.BO,B,INF204KB15S8,None,,INF204KB15S8
543148,NIPPON INDIA EQUITY SAVINGS FUND -  SEGREGATED PORTFOLIO 2 - DIRECT MONTHLY DIVIDEND PLAN(Issue Price: 0.01),BSE,543148.BO,B,INF204KB14S1,None,,INF204KB14S1
543147,NIPPON INDIA EQUITY SAVINGS FUND -  SEGREGATED PORTFOLIO 2 - DIRECT MONTHLY DIVIDEND PLAN(Issue Price: 0.01),BSE,543147.BO,B,INF204KB13S3,None,,INF204KB13S3
543146,NIPPON INDIA EQUITY SAVINGS FUND -  SEGREGATED PORTFOLIO 2 - MONTHLY DIVIDEND PLAN(Issue Price: 0.01),BSE,543146.BO,B,INF204KB12T3,None,,INF204KB12T3
543145,NIPPON INDIA EQUITY SAVINGS FUND -  SEGREGATED PORTFOLIO 2 - DIRECT DIVIDEND PLAN(Issue Price: 0.01),BSE,543145.BO,B,INF204KB12S5,None,,INF204KB12S5
543180,NIPPON INDIA EQUITY HYBRID FUND -  SEGREGATED PORTFOLIO 2DIRECT PLAN DIVIDEND PLANDIVIDEND REINVESTMENT,BSE,543180.BO,B,INF204KB17T2,None,,INF204KB17T2
543065,SM Auto Stamping Ltd,BSE,543065.BO,MT,INE0C4I01011,None,33.64,INE0C4I01011
542938,Octavius Plantations Ltd,BSE,542938.BO,X,INE117S01016,None,15.06,INE117S01016
542934,Chandra Bhagat Pharma Ltd,BSE,542934.BO,M,INE07QQ01016,None,33.19,INE07QQ01016
542923,Tranway21 Technologies Ltd,BSE,542923.BO,MS,INE0BIW01023,None,4.24,INE0BIW01023
543151,NIPPON INDIA EQUITY SAVINGS FUND -  SEGREGATED PORTFOLIO 2 - DIRECT BONUS PLAN(Issue Price: 0.01),BSE,543151.BO,B,INF204KB17R6,None,,INF204KB17R6
543152,NIPPON INDIA EQUITY SAVINGS FUND -  SEGREGATED PORTFOLIO 2 - QUARTERLY DIVIDEND PLAN(Issue Price: 0.01),BSE,543152.BO,B,INF204KB17S4,None,,INF204KB17S4
543153,NIPPON INDIA EQUITY SAVINGS FUND -  SEGREGATED PORTFOLIO 2 - DIRECT GROWTH PLAN(Issue Price: 0.01),BSE,543153.BO,B,INF204KB18R4,None,,INF204KB18R4
543154,NIPPON INDIA EQUITY SAVINGS FUND -  SEGREGATED PORTFOLIO 2 - QUARTERLY DIVIDEND PLAN(Issue Price: 0.01),BSE,543154.BO,B,INF204KB18S2,None,,INF204KB18S2
543155,NIPPON INDIA EQUITY SAVINGS FUND -  SEGREGATED PORTFOLIO 2 - DIRECT QUARTERLY DIVIDEND PLAN(Issue Price: 0.01),BSE,543155.BO,B,INF204KB19R2,None,,INF204KB19R2
543156,NIPPON INDIA EQUITY SAVINGS FUND -  SEGREGATED PORTFOLIO 2 - DIVIDEND PLAN(Issue Price: 0.01),BSE,543156.BO,B,INF204KB19S0,None,,INF204KB19S0
543168,NIPPON INDIA EQUITY SAVINGS FUND -  SEGREGATED PORTFOLIO 2 - DIRECT QUARTERLY DIVIDEND PLAN(Issue Price: 0.01),BSE,543168.BO,B,INF204KB10S9,None,,INF204KB10S9
543169,NIPPON INDIA EQUITY SAVINGS FUND -  SEGREGATED PORTFOLIO 2 - DIVIDEND PLAN(Issue Price: 0.01),BSE,543169.BO,B,INF204KB10T7,None,,INF204KB10T7
543170,NIPPON INDIA EQUITY SAVINGS FUND -  SEGREGATED PORTFOLIO 2 - DIRECT DIVIDEND PLAN(Issue Price: 0.01),BSE,543170.BO,B,INF204KB11S7,None,,INF204KB11S7
543171,RO Jewels Ltd,BSE,543171.BO,B,INE0BDU01028,None,8.37,INE0BDU01028
543172,Cospower Engineering Ltd,BSE,543172.BO,MT,INE0CQB01010,None,330.85,INE0CQB01010
543173,NIPPON INDIA EQUITY HYBRID FUND -  SEGREGATED PORTFOLIO 2DIVIDEND PLANDIVIDEND REINVESTMENT,BSE,543173.BO,B,INF204KB14U7,None,,INF204KB14U7
543174,NIPPON INDIA EQUITY HYBRID FUND -  SEGREGATED PORTFOLIO 2GROWTH PLAN GROWTH OPTIONGROWTH,BSE,543174.BO,B,INF204KB10U5,None,,INF204KB10U5
543175,NIPPON INDIA EQUITY HYBRID FUND -  SEGREGATED PORTFOLIO 2MONTHLY DIVIDEND PLANDIVIDEND PAYOUT,BSE,543175.BO,B,INF204KB15U4,None,,INF204KB15U4
543176,NIPPON INDIA EQUITY HYBRID FUND -  SEGREGATED PORTFOLIO 2MONTHLY DIVIDEND PLANREINVESTMENT,BSE,543176.BO,B,INF204KB16U2,None,,INF204KB16U2
543177,NIPPON INDIA EQUITY HYBRID FUND -  SEGREGATED PORTFOLIO 2QUARTERLY DIVIDEND PLANDIVIDEND PAYOUT,BSE,543177.BO,B,INF204KB11U3,None,,INF204KB11U3
543178,NIPPON INDIA EQUITY HYBRID FUND -  SEGREGATED PORTFOLIO 2QUARTERLY DIVIDEND PLANREINVESTMENT,BSE,543178.BO,B,INF204KB12U1,None,,INF204KB12U1
542922,Mirae Asset Nifty Next 50 ETF (MANXT50ETF),BSE,542922.BO,B,INF769K01FN2,None,,INF769K01FN2
542921,ICICI Prudential Nifty Midcap 150 ETF,BSE,542921.BO,B,INF109KC11W8,None,,INF109KC11W8
542802,Galactico Corporate Services Ltd,BSE,542802.BO,B,INE906Y01028,None,36.11,INE906Y01028
542728,SK International Export Ltd,BSE,542728.BO,MT,INE04ST01013,None,24.03,INE04ST01013
542730,ICICI Prudential Nifty Bank ETF,BSE,542730.BO,B,INF109KC15I8,None,,INF109KC15I8
542758,ICICI Prudential Nifty Private Bank ETF,BSE,542758.BO,B,INF109KC18U7,None,,INF109KC18U7
542765,Transpact Enterprises Ltd,BSE,542765.BO,TS,INE06YD01010,None,7.75,INE06YD01010
542770,Alphalogic Techsys Ltd,BSE,542770.BO,T,INE08E401029,None,378.57,INE08E401029
542771,Novateor Research Laboratories Ltd,BSE,542771.BO,MT,INE08JY01013,None,19.88,INE08JY01013
542801,Misquita Engineering Ltd,BSE,542801.BO,M,INE957W01025,None,42.19,INE957W01025
542803,Vaxfab Enterprises Ltd,BSE,542803.BO,X,INE560T01015,None,49.76,INE560T01015
542850,Goblin India Ltd,BSE,542850.BO,MT,INE492Z01018,None,12.51,INE492Z01018
542862,Shahlon Silk Industries Ltd,BSE,542862.BO,X,INE052001026,None,197.89,INE052001026
542863,Aditya Birla Sun Life Nifty Bank ETF,BSE,542863.BO,B,INF209KB17D5,None,,INF209KB17D5
542865,Anuroop Packaging Ltd,BSE,542865.BO,B,INE490Z01012,None,15.39,INE490Z01012
542910,Valencia Nutrition Ltd,BSE,542910.BO,MS,INE08RT01016,None,106.26,INE08RT01016
542911,Assam Entrade Ltd,BSE,542911.BO,X,INE165G01010,None,90.85,INE165G01010
543179,NIPPON INDIA EQUITY HYBRID FUND -  SEGREGATED PORTFOLIO 2DIRECT PLAN DIVIDEND PLANDIVIDEND PAYOUT,BSE,543179.BO,B,INF204KB16T4,None,,INF204KB16T4
543181,NIPPON INDIA EQUITY HYBRID FUND -  SEGREGATED PORTFOLIO 2DIRECT GROWTH PLAN GROWTH OPTIONGROWTH,BSE,543181.BO,B,INF204KB13T1,None,,INF204KB13T1
543247,Net Pix Shorts Digital Media Ltd,BSE,543247.BO,TS,INE0D5F01013,None,10.75,INE0D5F01013
543246,Mirae Asset Nifty 100 ESG Sector Leaders ETF,BSE,543246.BO,B,INF769K01GS9,None,,INF769K01GS9
543182,NIPPON INDIA EQUITY HYBRID FUND -  SEGREGATED PORTFOLIO 2DIRECT MONTHLY DIVIDEND PLANDIVIDEND PAYOUT,BSE,543182.BO,B,INF204KB18T0,None,,INF204KB18T0
543244,Shine Fashions (India) Ltd,BSE,543244.BO,MT,INE0BLY01023,None,59.38,INE0BLY01023
543241,Veer Global Infraconstruction Ltd,BSE,543241.BO,T,INE244W01010,None,229.03,INE244W01010
543255,Nippon India ETF Nifty Infrastructure BeES,BSE,543255.BO,B,INF732E01268,None,,INF732E01268
543256,Rita Finance and Leasing Ltd,BSE,543256.BO,X,INE018S01016,None,16.75,INE018S01016
543262,MRP Agro Ltd,BSE,543262.BO,M,INE0D7801012,None,99.97,INE0D7801012
539518,Uday Jewellery Industries Ltd,BSE,539518.BO,X,INE551B01012,None,371.5,INE551B01012
543239,G M Polyplast Ltd,BSE,543239.BO,M,INE0E2801015,None,91.98,INE0E2801015
543183,NIPPON INDIA EQUITY HYBRID FUND -  SEGREGATED PORTFOLIO 2DIRECT MONTHLY DIVIDEND PLANREINVESTMENT,BSE,543183.BO,B,INF204KB19T8,None,,INF204KB19T8
543184,NIPPON INDIA EQUITY HYBRID FUND -  SEGREGATED PORTFOLIO 2DIRECT QUARTERLY DIVIDEND PLANDIVIDEND PAYOUT,BSE,543184.BO,B,INF204KB14T9,None,,INF204KB14T9
543185,NIPPON INDIA EQUITY HYBRID FUND -  SEGREGATED PORTFOLIO 2DIRECT QUARTERLY DIVIDEND PLANREINVESTMENT,BSE,543185.BO,B,INF204KB15T6,None,,INF204KB15T6
543186,NIPPON INDIA EQUITY HYBRID FUND -  SEGREGATED PORTFOLIO 2DIVIDEND PLANDIVIDEND PAYOUT,BSE,543186.BO,B,INF204KB13U9,None,,INF204KB13U9
543194,Nirmitee Robotics India Ltd,BSE,543194.BO,MS,INE0CPQ01010,None,41.41,INE0CPQ01010
543208,Regis Industries Ltd,BSE,543208.BO,X,INE745R01024,None,58.59,INE745R01024
543209,Billwin Industries Ltd,BSE,543209.BO,M,INE0CRS01012,None,10.41,INE0CRS01012
543219,ICICI Prudential Nifty Alpha Low- Volatility 30 ETF,BSE,543219.BO,B,INF109KC17V7,None,,INF109KC17V7
543221,ICICI Prudential Nifty IT ETF,BSE,543221.BO,B,INF109KC16I6,None,,INF109KC16I6
543224,HDFC Nifty Banking ETF,BSE,543224.BO,B,INF179KC1HY0,None,,INF179KC1HY0
543226,UTI NIFTY BANK ETF,BSE,543226.BO,B,INF789F1AUV1,None,,INF789F1AUV1
543229,Samrat Forgings Ltd,BSE,543229.BO,X,INE412J01010,None,133.5,INE412J01010
542727,City Pulse Multiventures Ltd,BSE,542727.BO,M,INE056001014,None,2277.78,INE056001014
541701,Supershakti Metaliks Ltd,BSE,541701.BO,M,INE00SY01011,None,276.61,INE00SY01011
541634,Raw Edge Industrial Solutions Ltd,BSE,541634.BO,B,INE960Z01014,None,22.02,INE960Z01014
541627,Gujarat Winding Systems Ltd,BSE,541627.BO,X,INE173V01013,None,3.55,INE173V01013
541601,Rajnish Wellness Ltd,BSE,541601.BO,B,INE685Z01033,None,44.68,INE685Z01033
542721,Anand Rayons Ltd,BSE,542721.BO,B,INE02GA01012,None,91.93,INE02GA01012
541503,Unick Fix-A-Form And Printers Ltd,BSE,541503.BO,X,INE250G01010,None,27.97,INE250G01010
541445,Waa Solar Ltd,BSE,541445.BO,M,INE799N01012,None,69.65,INE799N01012
541444,Palm Jewels Ltd,BSE,541444.BO,B,INE838Z01012,None,16.05,INE838Z01012
541702,Ashnisha Industries Ltd,BSE,541702.BO,X,INE694W01024,None,89.35,INE694W01024
541703,Raconteur Global Resources Ltd,BSE,541703.BO,M,INE00WY01013,None,14.55,INE00WY01013
541735,Vivanta Industries Ltd,BSE,541735.BO,X,INE299W01022,None,23.19,INE299W01022
541741,Fratelli Vineyards Ltd,BSE,541741.BO,X,INE401Z01019,None,429.12,INE401Z01019
541778,Deep Polymers Ltd,BSE,541778.BO,B,INE00IY01012,None,94.18,INE00IY01012
541799,Sungold Media and Entertainment Ltd,BSE,541799.BO,MT,INE266S01011,None,12.58,INE266S01011
541809,ICICI Prudential Nifty Next 50 ETF,BSE,541809.BO,B,INF109KC1NS5,None,,INF109KC1NS5
541865,Add-Shop ERetail Ltd,BSE,541865.BO,B,INE01B501018,None,19.9,INE01B501018
541890,Space Incubatrics Technologies Ltd,BSE,541890.BO,X,INE797Z01028,None,7.27,INE797Z01028
541945,Ranjeet Mechatronics Ltd,BSE,541945.BO,M,INE01A501027,None,25.2,INE01A501027
541972,SBI - ETF - SENSEX NEXT 50,BSE,541972.BO,A,INF200KA1VQ2,None,,INF200KA1VQ2
541973,Mac Hotels Ltd,BSE,541973.BO,M,INE004Z01011,None,48.43,INE004Z01011
541228,Taylormade Renewables Ltd,BSE,541228.BO,B,INE459Z01017,None,111.28,INE459Z01017
541083,Inflame Appliances Ltd,BSE,541083.BO,M,INE464Z01017,None,182.86,INE464Z01017
541096,Bharat Parenterals Ltd,BSE,541096.BO,X,INE365Y01019,None,913.36,INE365Y01019
541112,Shreeshay Engineers Ltd,BSE,541112.BO,M,INE452Z01012,None,36.97,INE452Z01012
541144,Active Clothing Co Ltd,BSE,541144.BO,B,INE380Z01015,None,205.15,INE380Z01015
541178,Benara Bearings and Pistons Ltd,BSE,541178.BO,MT,INE495Z01011,None,18.5,INE495Z01011
541196,Lex Nimble Solutions Ltd,BSE,541196.BO,MT,INE860Y01019,None,34.84,INE860Y01019
541358,Unifinz Capital India Ltd,BSE,541358.BO,X,INE926R01012,None,326.74,INE926R01012
541299,Dr Lalchandani Labs Ltd,BSE,541299.BO,M,INE871Z01013,None,7.92,INE871Z01013
541313,ICICI Prudential BSE 500 ETF,BSE,541313.BO,A,INF109KC1V59,None,,INF109KC1V59
541337,Milestone Furniture Ltd,BSE,541337.BO,MT,INE424Z01011,None,23.1,INE424Z01011
541338,U. H. Zaveri Ltd,BSE,541338.BO,B,INE556Z01010,None,39.6,INE556Z01010
541347,Parvati Sweetners and Power Ltd,BSE,541347.BO,X,INE295Z01015,None,104.25,INE295Z01015
541353,Innovators Facade Systems Ltd,BSE,541353.BO,M,INE870Z01015,None,263.49,INE870Z01015
541983,Innovative Ideals and Services (India) Ltd,BSE,541983.BO,MT,INE492Y01011,None,29.92,INE492Y01011
542477,Glaam Up Jwel Ltd,BSE,542477.BO,MT,INE03CM01014,None,16.48,INE03CM01014
542503,Mahip Industries Ltd,BSE,542503.BO,MT,INE00CX01017,None,42.56,INE00CX01017
542513,UTI BSE Sensex Next 50 ETF,BSE,542513.BO,A,INF789F1AUU3,None,,INF789F1AUU3
542524,Ambassador Intra Holdings Ltd,BSE,542524.BO,X,INE342U01016,None,8.16,INE342U01016
542579,Ashapuri Gold Ornament Ltd,BSE,542579.BO,B,INE05FR01029,None,135.99,INE05FR01029
542592,Humming Bird Education Ltd,BSE,542592.BO,MT,INE02PC01027,None,14.12,INE02PC01027
542599,Roopshri Resorts Ltd,BSE,542599.BO,MT,INE03WT01017,None,49.23,INE03WT01017
542627,Chandni Machines Ltd,BSE,542627.BO,X,INE01GZ01011,None,22.54,INE01GZ01011
542628,Northern Spirits Ltd,BSE,542628.BO,B,INE01BL01012,None,201.28,INE01BL01012
542446,Jonjua Overseas Ltd,BSE,542446.BO,MT,INE793Z01027,None,9.57,INE793Z01027
542654,V R Films & Studios Ltd,BSE,542654.BO,B,INE06LG01010,None,15.53,INE06LG01010
542666,G. K. P. Printing & Packaging Ltd,BSE,542666.BO,B,INE05QJ01015,None,13.51,INE05QJ01015
542668,Evans Electric Ltd,BSE,542668.BO,M,INE06TD01010,None,34.94,INE06TD01010
542669,BMW Industries Ltd,BSE,542669.BO,B,INE374E01021,None,1424.8,INE374E01021
542678,Cian Healthcare Ltd,BSE,542678.BO,MT,INE05BN01027,None,20.65,INE05BN01027
542679,Dhanashree Electronics Ltd,BSE,542679.BO,X,INE413F01016,None,264.36,INE413F01016
542682,Harish Textile Engineers Ltd,BSE,542682.BO,X,INE01K301012,None,22.04,INE01K301012
542694,Parshva Enterprises Ltd,BSE,542694.BO,B,INE05MV01019,None,175.16,INE05MV01019
542459,Kranti Industries Ltd,BSE,542459.BO,B,INE911T01010,None,77.83,INE911T01010
542155,Diksha Greens Ltd,BSE,542155.BO,MT,INE01GR01018,None,1.11,INE01GR01018
542012,A-1 Ltd,BSE,542012.BO,B,INE911Z01025,None,373.98,INE911Z01025
542013,Dolfin Rubbers Ltd,BSE,542013.BO,B,INE666Y01010,None,169.15,INE666Y01010
542019,Shubham Polyspin Ltd,BSE,542019.BO,X,INE01J501010,None,54.27,INE01J501010
542025,Sun Retail Ltd,BSE,542025.BO,M,INE206Z01020,None,5.12,INE206Z01020
542034,S. M. Gold Ltd,BSE,542034.BO,B,INE00Q901014,None,16.15,INE00Q901014
542046,Vivid Mercantile Ltd,BSE,542046.BO,B,INE647Z01025,None,71.98,INE647Z01025
542123,The Phosphate Company Ltd,BSE,542123.BO,X,INE398C01016,None,52.29,INE398C01016
542131,MIRAE ASSET NIFTY 50 ETF (MAN50ETF),BSE,542131.BO,B,INF769K01EG9,None,,INF769K01EG9
542145,Roni Households Ltd,BSE,542145.BO,M,INE02AP01013,None,48.27,INE02AP01013
542146,Shree Krishna Infrastructure Ltd,BSE,542146.BO,MT,INE951Z01013,None,12.65,INE951Z01013
542176,Aryan Share and Stock Brokers Ltd,BSE,542176.BO,X,INE016X01010,None,6.28,INE016X01010
542206,Nivaka Fashions Ltd,BSE,542206.BO,X,INE139E01028,None,7.6,INE139E01028
542230,Aditya Birla Sun Life Nifty Next 50 ETF,BSE,542230.BO,B,INF209KB16D7,None,,INF209KB16D7
542248,Deccan Health Care Ltd,BSE,542248.BO,B,INE452W01019,None,27.99,INE452W01019
539519,Sattva Sukun Lifecare Ltd,BSE,539519.BO,X,INE280E01038,None,29.15,INE280E01038
539517,HDFC BSE SENSEX ETF,BSE,539517.BO,A,INF179KC1HX2,None,,INF179KC1HX2
533289,Kesar Terminals & Infrastructure Ltd,BSE,533289.BO,X,INE096L01025,None,69.93,INE096L01025
533285,RDB Infrastructure And Power Ltd,BSE,533285.BO,X,INE245L01028,None,498.98,INE245L01028
533427,VMS Industries Ltd,BSE,533427.BO,X,INE932K01015,None,51.57,INE932K01015
533477,Enkei Wheels (India) Ltd,BSE,533477.BO,X,INE130L01014,None,716.75,INE130L01014
533212,GKB Ophthalmics Ltd,BSE,533212.BO,X,INE265D01015,None,31.71,INE265D01015
533268,Sea TV Network Ltd,BSE,533268.BO,X,INE351L01016,None,3.99,INE351L01016
534659,Jointeca Education Solutions Ltd,BSE,534659.BO,MT,INE131N01018,None,5.51,INE131N01018
534639,Vinayak Polycon International Ltd,BSE,534639.BO,X,INE581M01016,None,6.88,INE581M01016
534612,Advance Metering Technology Ltd,BSE,534612.BO,X,INE436N01029,None,29.5,INE436N01029
534535,String Metaverse Ltd,BSE,534535.BO,T,INE958L01034,None,1242.33,INE958L01034
534708,Shanti Guru Industries Ltd,BSE,534708.BO,M,INE892L01019,None,10.73,INE892L01019
534733,Aerpace Industries Ltd,BSE,534733.BO,X,INE175N01023,None,343.26,INE175N01023
534741,Virtual Global Education Ltd,BSE,534741.BO,X,INE247C01023,None,30.57,INE247C01023
535204,Mukta Agriculture Ltd,BSE,535204.BO,X,INE160O01031,None,5.75,INE160O01031
535205,Mystic Electronics Ltd,BSE,535205.BO,X,INE159O01033,None,50.31,INE159O01033
535267,Comfort Fincap Ltd,BSE,535267.BO,X,INE274M01026,None,63.81,INE274M01026
535276,SBI Mutual Fund - SBI Sensex ETF,BSE,535276.BO,A,INF200K01VT2,None,,INF200K01VT2
535279,Bothra Metals & Alloys Ltd,BSE,535279.BO,M,INE583M01012,None,13.52,INE583M01012
535387,Lakhotia Polyesters (India) Ltd,BSE,535387.BO,X,INE191O01010,None,57.78,INE191O01010
535431,GCM Securities Ltd,BSE,535431.BO,B,INE168O01026,None,12.35,INE168O01026
534422,Looks Health Services Ltd,BSE,534422.BO,X,INE204N01013,None,9.5,INE204N01013
533602,Lesha Industries Ltd,BSE,533602.BO,X,INE050L01048,None,24.13,INE050L01048
533608,RDB Rasayans Ltd,BSE,533608.BO,X,INE123M01017,None,259.52,INE123M01017
534338,Max heights Infrastucture Ltd,BSE,534338.BO,X,INE393F01010,None,17.15,INE393F01010
533896,Fervent Synergies Ltd,BSE,533896.BO,X,INE258M01011,None,79.9,INE258M01011
534060,PMC Fincorp Ltd,BSE,534060.BO,X,INE793G01035,None,138.86,INE793G01035
534063,Futuristic Solutions Ltd,BSE,534063.BO,X,INE241F01011,None,54.46,INE241F01011
534064,Alliance Integrated Metaliks Ltd,BSE,534064.BO,X,INE123D01024,None,65.96,INE123D01024
534109,Pyxis Finvest Ltd,BSE,534109.BO,MT,INE883L01018,None,11.23,INE883L01018
534190,Olympic Cards Ltd,BSE,534190.BO,X,INE550L01013,None,5.35,INE550L01013
533167,Coromandel Engineering Company Ltd,BSE,533167.BO,X,INE312J01012,None,192.66,INE312J01012
539516,HDFC NIFTY 50 ETF,BSE,539516.BO,B,INF179KC1965,None,,INF179KC1965
532893,VTM Ltd,BSE,532893.BO,X,INE222F01029,None,594.06,INE222F01029
532918,Rathi Bars Ltd,BSE,532918.BO,X,INE575I01016,None,33.98,INE575I01016
532933,Porwal Auto Components Ltd,BSE,532933.BO,X,INE386I01018,None,75.35,INE386I01018
532829,Lehar Footwears Ltd,BSE,532829.BO,X,INE976H01018,None,480.33,INE976H01018
532855,Haryana Capfin Ltd,BSE,532855.BO,X,INE928H01019,None,73.31,INE928H01019
533100,Premier Energy and Infrastructure Ltd,BSE,533100.BO,X,INE429K01012,None,28.04,INE429K01012
533110,Shree Precoated Steels Ltd,BSE,533110.BO,X,INE318K01025,None,5.69,INE318K01025
533101,Suryaamba Spinning Mills Ltd,BSE,533101.BO,X,INE360J01011,None,35.18,INE360J01011
533149,Yunik Managing Advisors Ltd,BSE,533149.BO,X,INE143K01019,None,9.64,INE143K01019
533056,VEDAVAAG Systems Ltd,BSE,533056.BO,X,INE359B01010,None,46.53,INE359B01010
532957,Gokak Textiles Ltd,BSE,532957.BO,X,INE642I01014,None,39.0,INE642I01014
532985,Kotak S&P BSE Sensex ETF,BSE,532985.BO,A,INF174KA1JD7,None,17.59,INF174KA1JD7
532992,CHL Ltd,BSE,532992.BO,X,INE790D01020,None,159.03,INE790D01020
533019,Simplex Papers Ltd,BSE,533019.BO,X,INE456H01029,None,3.81,INE456H01029
535514,Prime Capital Market Ltd,BSE,535514.BO,X,INE748D01010,None,5.94,INE748D01010
535566,KIFS Financial Services Ltd,BSE,535566.BO,X,INE902D01013,None,128.9,INE902D01013
539119,Jain Marmo Industries Ltd,BSE,539119.BO,X,INE780Q01015,None,6.9,INE780Q01015
539132,Wardwizard Foods and Beverages Ltd,BSE,539132.BO,X,INE761D01021,None,285.43,INE761D01021
539124,Sarvottam Finvest Ltd,BSE,539124.BO,X,INE822Q01015,None,15.71,INE822Q01015
539123,V B Industries Ltd,BSE,539123.BO,X,INE334E01017,None,9.06,INE334E01017
539122,Bodhtree Consulting Ltd,BSE,539122.BO,X,INE104F01029,None,36.65,INE104F01029
539121,Palco Metals Ltd,BSE,539121.BO,X,INE239L01013,None,54.48,INE239L01013
539220,Mishka Exim Ltd,BSE,539220.BO,X,INE540S01019,None,60.69,INE540S01019
539117,Sujala Trading & Holdings Ltd,BSE,539117.BO,X,INE029H01016,None,9.03,INE029H01016
539116,O. P. Chains Ltd,BSE,539116.BO,MT,INE118Q01018,None,20.38,INE118Q01018
539115,Alan Scott Enterprises Ltd,BSE,539115.BO,X,INE273F01022,None,159.09,INE273F01022
539112,SAB Industries Ltd,BSE,539112.BO,X,INE137M01017,None,250.97,INE137M01017
539111,Sheshadri Industries Ltd,BSE,539111.BO,X,INE193R01019,None,8.85,INE193R01019
539149,Integrated Capital Services Ltd,BSE,539149.BO,X,INE682B01023,None,16.9,INE682B01023
539174,Helpage Finlease Ltd,BSE,539174.BO,X,INE738P01015,None,21.87,INE738P01015
539176,Hawa Engineers Ltd,BSE,539176.BO,X,INE230I01018,None,27.41,INE230I01018
539189,Adhbhut Infrastructure Ltd,BSE,539189.BO,X,INE578L01014,None,15.4,INE578L01014
539190,Decillion Finance Ltd,BSE,539190.BO,X,INE848N01017,None,15.4,INE848N01017
539195,POCL Enterprises Ltd,BSE,539195.BO,X,INE035S01028,None,510.87,INE035S01028
539196,Amba Enterprises Ltd,BSE,539196.BO,X,INE829P01020,None,139.71,INE829P01020
539206,Genomic Valley Biotech Ltd,BSE,539206.BO,X,INE574D01010,None,8.34,INE574D01010
539216,Garment Mantra Lifestyle Ltd,BSE,539216.BO,X,INE653S01028,None,67.07,INE653S01028
539217,Srestha Finvest Ltd,BSE,539217.BO,X,INE606K01049,None,39.36,INE606K01049
539218,Saumya Consultants Ltd,BSE,539218.BO,X,INE563C01015,None,101.05,INE563C01015
539099,Athena Constructions Ltd,BSE,539099.BO,M,INE291R01011,None,3.08,INE291R01011
539098,Filtra Consultants and Engineers Ltd,BSE,539098.BO,M,INE541R01019,None,55.4,INE541R01019
539097,UR Sugar Industries Ltd,BSE,539097.BO,B,INE904R01027,None,14.81,INE904R01027
539011,Chennai Ferrous Industries Ltd,BSE,539011.BO,X,INE777O01016,None,32.08,INE777O01016
538926,Naturite Agro Products Ltd,BSE,538926.BO,X,INE223R01014,None,97.26,INE223R01014
538928,Karnavati Finance Ltd,BSE,538928.BO,X,INE554R01020,None,13.17,INE554R01020
538952,Abhinav Leasing & Finance Ltd,BSE,538952.BO,X,INE211D01027,None,5.5,INE211D01027
538964,Mercury Laboratories Ltd,BSE,538964.BO,X,INE947G01011,None,93.31,INE947G01011
538965,Concord Drugs Ltd,BSE,538965.BO,X,INE858L01010,None,104.21,INE858L01010
538987,Talbros Engineering Ltd,BSE,538987.BO,X,INE717E01013,None,346.29,INE717E01013
538992,SAR Auto Products Ltd,BSE,538992.BO,X,INE002E01010,None,1239.69,INE002E01010
538993,Purohit Construction Ltd,BSE,538993.BO,X,INE147J01012,None,6.01,INE147J01012
539012,Megri Soft Ltd,BSE,539012.BO,X,INE756R01013,None,25.44,INE756R01013
539091,Consecutive Commodities Ltd,BSE,539091.BO,X,INE187R01029,None,65.98,INE187R01029
539013,Gita Renewable Energy Ltd,BSE,539013.BO,X,INE776O01018,None,34.0,INE776O01018
539014,Kalpa Commercial Ltd,BSE,539014.BO,X,INE059Q01014,None,10.9,INE059Q01014
539016,Neil Industries Ltd,BSE,539016.BO,X,INE396C01010,None,12.69,INE396C01010
539026,SSPN Finance Ltd,BSE,539026.BO,M,INE820R01017,None,3.81,INE820R01017
539031,SBI Mutual Fund - SBI - ETF BSE 100,BSE,539031.BO,A,INF200KA1572,None,,INF200KA1572
539041,Ganesha Ecoverse Ltd,BSE,539041.BO,M,INE369Q01017,None,61.49,INE369Q01017
539090,Rajputana Investment and Finance Ltd,BSE,539090.BO,X,INE751R01014,None,10.32,INE751R01014
539219,Mauria Udyog Ltd,BSE,539219.BO,X,INE150D01027,None,120.41,INE150D01027
539405,Decorous Investment & Trading Co Ltd,BSE,539405.BO,X,INE183R01010,None,5.39,INE183R01010
539435,Richfield Financial Services Ltd,BSE,539435.BO,X,INE201C01012,None,26.84,INE201C01012
539434,Brilliant Portfolios Ltd,BSE,539434.BO,X,INE661F01010,None,3.03,INE661F01010
539428,Tejnaksh Healthcare Ltd,BSE,539428.BO,X,INE030T01027,None,27.97,INE030T01027
539409,Neeraj Paper Marketing Ltd,BSE,539409.BO,X,INE894J01019,None,23.1,INE894J01019
539406,Swagtam Trading & Services Ltd,BSE,539406.BO,X,INE150R01019,None,7.86,INE150R01019
539222,Growington Ventures India Ltd,BSE,539222.BO,T,INE451S01027,None,46.24,INE451S01027
539402,Naksh Precious Metals Ltd,BSE,539402.BO,T,INE256S01012,None,4.42,INE256S01012
539401,Patdiam Jewellery Ltd,BSE,539401.BO,M,INE473T01011,None,108.64,INE473T01011
539398,Vishal Bearings Ltd,BSE,539398.BO,B,INE060T01024,None,65.83,INE060T01024
539449,IGC Industries Ltd,BSE,539449.BO,X,INE099S01016,None,8.06,INE099S01016
539455,Aryavan Enterprise Ltd,BSE,539455.BO,X,INE360S01012,None,34.77,INE360S01012
539468,Typhoon Financial Services Ltd,BSE,539468.BO,X,INE761R01013,None,13.05,INE761R01013
539469,Panorama Studios International Ltd,BSE,539469.BO,B,INE258R01028,None,1296.43,INE258R01028
539470,Shree Ganesh Biotech (India) Ltd,BSE,539470.BO,X,INE051N01026,None,23.92,INE051N01026
539479,GTV Engineering Ltd,BSE,539479.BO,X,INE910R01024,None,360.25,INE910R01024
539480,LIC MF EXCHANGE TRADED FUND- NIFTY 50,BSE,539480.BO,B,INF767K01OS7,None,,INF767K01OS7
539487,LIC MF EXCHANGE TRADED FUND- SENSEX,BSE,539487.BO,A,INF767K01OT5,None,,INF767K01OT5
539492,Garbi Finvest Ltd,BSE,539492.BO,X,INE721C01019,None,11.89,INE721C01019
539494,Smart Finsec Ltd,BSE,539494.BO,X,INE766D01020,None,24.03,INE766D01020
539495,Rajkot Investment Trust Ltd,BSE,539495.BO,X,INE176R01014,None,4.3,INE176R01014
539506,Adcon Capital Services Ltd,BSE,539506.BO,X,INE805Q01028,None,9.92,INE805Q01028
539354,Polyspin Exports Ltd,BSE,539354.BO,X,INE914G01029,None,31.88,INE914G01029
539353,Sal Automotive Ltd,BSE,539353.BO,X,INE724G01014,None,89.51,INE724G01014
539352,P. B. Films Ltd,BSE,539352.BO,MT,INE212Q01019,None,0.98,INE212Q01019
539278,Symbiox Investment & Trading Company Ltd,BSE,539278.BO,X,INE653R01012,None,4.97,INE653R01012
539227,Loyal Equipments Ltd,BSE,539227.BO,X,INE876S01017,None,172.05,INE876S01017
539230,Chemiesynth (Vapi) Ltd,BSE,539230.BO,X,INE829R01018,None,20.52,INE829R01018
539253,Surya India Ltd,BSE,539253.BO,X,INE446E01019,None,12.75,INE446E01019
539255,Star Delta Transformers Ltd,BSE,539255.BO,X,INE541K01014,None,177.22,INE541K01014
539265,Amrapali Fincap Ltd,BSE,539265.BO,MT,INE990S01016,None,29.16,INE990S01016
539267,Samsrita Labs Ltd,BSE,539267.BO,X,INE579N01018,None,31.83,INE579N01018
539273,Pecos Hotels and Pubs Ltd,BSE,539273.BO,M,INE484S01010,None,31.44,INE484S01010
539275,Mangalam Seeds Ltd,BSE,539275.BO,X,INE829S01016,None,138.24,INE829S01016
539300,Sunrakshakk Industries India Ltd,BSE,539300.BO,X,INE671K01027,None,1020.59,INE671K01027
539312,UTI BSE SENSEX ETF,BSE,539312.BO,A,INF789FB1X58,None,,INF789FB1X58
539313,UTI NIFTY 50 ETF,BSE,539313.BO,B,INF789F1AZC0,None,,INF789F1AZC0
539314,Universal Autofoundry Ltd,BSE,539314.BO,B,INE203T01012,None,64.9,INE203T01012
539337,Waaree Technologies Ltd,BSE,539337.BO,MT,INE725P01012,None,269.9,INE725P01012
538923,Sofcom Systems Ltd,BSE,538923.BO,X,INE499Q01012,None,47.71,INE499Q01012
538922,COSYN Ltd,BSE,538922.BO,X,INE029B01019,None,15.3,INE029B01019
538921,Raghuvansh Agrofarms Ltd,BSE,538921.BO,M,INE865P01016,None,50.05,INE865P01016
537707,Laddu Gopal Online Services Ltd,BSE,537707.BO,X,INE546I01025,None,7.82,INE546I01025
537800,Mangalam Industrial Finance Ltd,BSE,537800.BO,X,INE717C01025,None,88.36,INE717C01025
537784,Karnimata Cold Storage Ltd,BSE,537784.BO,M,INE576P01019,None,4.74,INE576P01019
537766,B.C. Power Controls Ltd,BSE,537766.BO,X,INE905P01028,None,13.47,INE905P01028
537708,Kotak Nifty 50 ETF,BSE,537708.BO,B,INF174K014P6,None,,INF174K014P6
537669,Laxmipati Engineering Works Ltd,BSE,537669.BO,M,INE920P01019,None,146.68,INE920P01019
537582,Unishire Urban Infra Ltd,BSE,537582.BO,MT,INE210P01015,None,3.41,INE210P01015
537573,Polymac Thermoformers Ltd,BSE,537573.BO,M,INE826P01018,None,6.54,INE826P01018
537536,Denis Chem Lab Ltd,BSE,537536.BO,X,INE051G01012,None,99.84,INE051G01012
537483,NIPPON INDIA ETF NIFTY 100,BSE,537483.BO,B,INF204K014N5,None,,INF204K014N5
537326,Chemtech Industrial Valves Ltd,BSE,537326.BO,X,INE212P01011,None,122.53,INE212P01011
537839,HBG Hotels Ltd,BSE,537839.BO,X,INE977M01024,None,199.04,INE977M01024
537840,Raunaq International Ltd,BSE,537840.BO,X,INE523K01012,None,9.24,INE523K01012
537985,Infronics Systems Ltd,BSE,537985.BO,X,INE463B01036,None,12.57,INE463B01036
538057,CPSE ETF,BSE,538057.BO,A,INF457M01133,None,,INF457M01133
538081,Haria Apparels Ltd,BSE,538081.BO,X,INE493N01012,None,8.41,INE493N01012
538092,Shri Vasuprada Plantations Ltd,BSE,538092.BO,X,INE574G01013,None,81.59,INE574G01013
538212,Sharp Investments Ltd,BSE,538212.BO,X,INE909D01026,None,9.44,INE909D01026
538273,Response Informatics Ltd,BSE,538273.BO,X,INE401B01010,None,19.01,INE401B01010
538319,GCM Capital Advisors Ltd,BSE,538319.BO,MT,INE191P01017,None,6.56,INE191P01017
538382,West Leisure Resorts Ltd,BSE,538382.BO,X,INE266P01017,None,26.15,INE266P01017
538395,Nam Securities Ltd,BSE,538395.BO,X,INE792G01011,None,44.68,INE792G01011
538401,Maestros Electronics & Telecommunications Systems Ltd,BSE,538401.BO,X,INE318N01011,None,75.44,INE318N01011
538422,Jackson Investments Ltd,BSE,538422.BO,X,INE508N01025,None,13.08,INE508N01025
537253,Sunil Healthcare Ltd,BSE,537253.BO,X,INE671C01016,None,65.02,INE671C01016
535917,GCM Commodity & Derivatives Ltd,BSE,535917.BO,M,INE200P01016,None,3.35,INE200P01016
535620,Binny Mills Ltd,BSE,535620.BO,X,INE160L01011,None,93.98,INE160L01011
535621,S V Global Mill Ltd,BSE,535621.BO,X,INE159L01013,None,254.61,INE159L01013
535647,SDC Techmedia Ltd,BSE,535647.BO,MT,INE807O01011,None,11.72,INE807O01011
535657,ObjectOne Information Systems Ltd,BSE,535657.BO,X,INE860E01011,None,7.82,INE860E01011
535667,India Finsec Ltd,BSE,535667.BO,X,INE474O01010,None,560.48,INE474O01010
535693,Brahmaputra Infrastructure Ltd,BSE,535693.BO,X,INE320I01017,None,480.4,INE320I01017
535730,Khoobsurat Ltd,BSE,535730.BO,X,INE731G01027,None,24.45,INE731G01027
535910,Money Masters Leasing & Finance Ltd,BSE,535910.BO,B,INE340O01021,None,7.33,INE340O01021
535916,Alacrity Securities Ltd,BSE,535916.BO,B,INE030P01017,None,316.68,INE030P01017
537069,Arnold Holdings Ltd,BSE,537069.BO,X,INE185K01036,None,31.62,INE185K01036
536073,Julien Agro Infratech Ltd,BSE,536073.BO,X,INE890N01027,None,17.4,INE890N01027
536493,JK Agri Genetics Ltd,BSE,536493.BO,X,INE690O01011,None,146.57,INE690O01011
536565,Novelix Pharmaceuticals Ltd,BSE,536565.BO,X,INE314I01036,None,160.04,INE314I01036
536659,PVV Infra Ltd,BSE,536659.BO,X,INE428B01021,None,46.04,INE428B01021
536710,SRG Fingrow Finance Ltd,BSE,536710.BO,M,INE326P01019,None,10.75,INE326P01019
536737,Amrapali Capital and Finance Services Ltd,BSE,536737.BO,MT,INE218P01018,None,35.11,INE218P01018
536738,Stellar Capital Services Ltd,BSE,536738.BO,M,INE325P01011,None,14.9,INE325P01011
536846,Yuranus Infrastructure Ltd,BSE,536846.BO,X,INE156M01017,None,42.0,INE156M01017
536960,Motilal Oswal Nifty Midcap 100 ETF,BSE,536960.BO,B,INF247L01023,None,,INF247L01023
536974,Captain Polyplast Ltd,BSE,536974.BO,X,INE536P01021,None,429.2,INE536P01021
537007,ICICI Prudential Nifty 50 ETF,BSE,537007.BO,B,INF109K012R6,None,,INF109K012R6
537008,ICICI Prudential Nifty 100 ETF,BSE,537008.BO,B,INF109KC16V9,None,,INF109KC16V9
538464,Thirani Projects Ltd,BSE,538464.BO,X,INE901C01017,None,7.8,INE901C01017
538465,Amarnath Securities Ltd,BSE,538465.BO,X,INE745P01010,None,3.93,INE745P01010
538834,JMJ Fintech Ltd,BSE,538834.BO,X,INE242Q01016,None,35.72,INE242Q01016
538716,Aryaman Capital Markets Ltd,BSE,538716.BO,B,INE229R01011,None,508.73,INE229R01011
538731,Hanman Fit Ltd,BSE,538731.BO,M,INE982Q01017,None,4.28,INE982Q01017
538742,Panabyte Technologies Ltd,BSE,538742.BO,X,INE516E01019,None,11.54,INE516E01019
538743,Mudunuru Ltd,BSE,538743.BO,X,INE491C01027,None,24.15,INE491C01027
538765,JLA Infraville Shoppers Ltd,BSE,538765.BO,M,INE401Q01018,None,3.92,INE401Q01018
538770,Crane Infrastructure Ltd,BSE,538770.BO,X,INE176L01017,None,10.13,INE176L01017
538772,Niyogin Fintech Ltd,BSE,538772.BO,X,INE480D01010,None,512.85,INE480D01010
538788,Gilada Finance & Investments Ltd,BSE,538788.BO,X,INE918C01029,None,17.31,INE918C01029
538794,Jet Solar Ltd,BSE,538794.BO,M,INE155R01018,None,14.05,INE155R01018
538817,Captain Pipes Ltd,BSE,538817.BO,B,INE513R01026,None,154.26,INE513R01026
538833,Kaizen Agro Infrabuild Ltd,BSE,538833.BO,X,INE891N01017,None,46.27,INE891N01017
538714,Sangam Finserv Ltd,BSE,538714.BO,X,INE475D01010,None,179.51,INE475D01010
538837,Jeevan Scientific Technology Ltd,BSE,538837.BO,X,INE237B01018,None,154.41,INE237B01018
538857,Scintilla Commercial & Credit Ltd,BSE,538857.BO,X,INE892C01018,None,10.44,INE892C01018
538862,My Money Securities Ltd,BSE,538862.BO,X,INE232L01018,None,68.29,INE232L01018
538863,Sri Amarnath Finance Ltd,BSE,538863.BO,X,INE985Q01010,None,7.75,INE985Q01010
538868,Continental Securities Ltd,BSE,538868.BO,X,INE183Q01020,None,43.58,INE183Q01020
538874,Nexus Surgical And Medicare Ltd,BSE,538874.BO,X,INE370Q01015,None,10.95,INE370Q01015
538882,Emerald Finance Ltd,BSE,538882.BO,X,INE030Q01015,None,183.96,INE030Q01015
538890,M.K. Exim (India) Ltd,BSE,538890.BO,X,INE227F01010,None,206.52,INE227F01010
538894,Octal Credit Capital Ltd,BSE,538894.BO,X,INE513C01010,None,10.5,INE513C01010
538918,Vani Commercials Ltd,BSE,538918.BO,X,INE661Q01017,None,25.5,INE661Q01017
538715,Dhabriya Polywood Ltd,BSE,538715.BO,X,INE260R01016,None,378.2,INE260R01016
538713,Atishay Ltd,BSE,538713.BO,X,INE011R01013,None,231.28,INE011R01013
538476,Capital Trade Links Ltd,BSE,538476.BO,X,INE172D01021,None,205.63,INE172D01021
538598,Vishal Fabrics Ltd,BSE,538598.BO,B,INE755Q01025,None,501.16,INE755Q01025
538496,Tarini International Ltd,BSE,538496.BO,M,INE849M01017,None,11.05,INE849M01017
538521,Yaan Enterprises Ltd,BSE,538521.BO,X,INE969E01010,None,29.76,INE969E01010
538539,Annvrridhhi  Ventures Ltd,BSE,538539.BO,X,INE075K01013,None,16.75,INE075K01013
538546,Bansal Roofing Products Ltd,BSE,538546.BO,B,INE319Q01012,None,162.75,INE319Q01012
538556,Arman Holdings Ltd,BSE,538556.BO,X,INE510P01018,None,56.64,INE510P01018
538564,James Warren Tea Ltd,BSE,538564.BO,X,INE718P01017,None,118.12,INE718P01017
538565,Vistar Amar Ltd,BSE,538565.BO,X,INE878P01019,None,102.87,INE878P01019
538568,Fruition Venture Ltd,BSE,538568.BO,X,INE836C01015,None,13.22,INE836C01015
538569,Triveni Enterprises Ltd,BSE,538569.BO,X,INE916P01025,None,6.24,INE916P01025
538576,Bhanderi Infracon Ltd,BSE,538576.BO,MT,INE336Q01016,None,36.35,INE336Q01016
538579,Zinema Media And Entertainment Ltd,BSE,538579.BO,MT,INE641Q01019,None,13.3,INE641Q01019
538596,Cemantic Infra-Tech Ltd,BSE,538596.BO,X,INE222B01028,None,13.28,INE222B01028
538607,Toyam Sports Ltd,BSE,538607.BO,X,INE457P01020,None,41.02,INE457P01020
538708,Econo Trade (India) Ltd,BSE,538708.BO,X,INE937K01014,None,14.69,INE937K01014
538609,Gajanan Securities Services Ltd,BSE,538609.BO,X,INE868G01019,None,17.37,INE868G01019
538610,Unison Metals Ltd,BSE,538610.BO,X,INE099D01026,None,26.36,INE099D01026
538634,Vasundhara Rasayans Ltd,BSE,538634.BO,X,INE406F01010,None,51.47,INE406F01010
538646,QGO Finance Ltd,BSE,538646.BO,X,INE837C01013,None,30.94,INE837C01013
538647,Purshottam Investofin Ltd,BSE,538647.BO,X,INE729C01020,None,26.47,INE729C01020
538652,Hind Commerce Ltd,BSE,538652.BO,X,INE691J01019,None,1.2,INE691J01019
538667,Sirohia & Sons Ltd,BSE,538667.BO,MT,INE785O01019,None,8.21,INE785O01019
538668,Meghna Infracon Infrastructure Ltd,BSE,538668.BO,B,INE898Q01015,None,1684.03,INE898Q01015
538683,Nippon India ETF S&P BSE Sensex,BSE,538683.BO,A,INF204KA1UN7,None,,INF204KA1UN7
538706,Ultracab (India) Ltd,BSE,538706.BO,X,INE010R01023,None,91.36,INE010R01023
538707,Rajasthan Cylinders & Containers Ltd,BSE,538707.BO,X,INE929D01016,None,10.57,INE929D01016
544453,Monarch Surveyors and Engineering Consultants Ltd,BSE,544453.BO,MT,INE0V0L01028,None,309.52,INE0V0L01028
544452,Swastika Castal Ltd,BSE,544452.BO,M,INE0PTF01017,None,33.92,INE0PTF01017
544451,Monika Alcobev Ltd,BSE,544451.BO,M,INE0LCG01010,None,485.84,INE0LCG01010
544474,BLT Logistics Ltd,BSE,544474.BO,M,INE0W4K01013,None,14.39,INE0W4K01013
544445,Asston Pharmaceuticals Ltd,BSE,544445.BO,M,INE0SJX01015,None,61.03,INE0SJX01015
544444,Glen Industries Ltd,BSE,544444.BO,M,INE0UMC01019,None,168.38,INE0UMC01019
544442,Chemkart India Ltd,BSE,544442.BO,MT,INE0VWL01017,None,169.39,INE0VWL01017
544441,Meta Infotech Ltd,BSE,544441.BO,MT,INE162901016,None,131.98,INE162901016
544458,Shree Refrigerations Ltd,BSE,544458.BO,M,INE0FMZ01045,None,1084.09,INE0FMZ01045
544460,Patel Chem Specialities Ltd,BSE,544460.BO,M,INE161701011,None,218.86,INE161701011
544463,Repono Ltd,BSE,544463.BO,M,INE15WN01014,None,66.3,INE15WN01014
544464,Umiya Mobile Ltd,BSE,544464.BO,M,INE1P1A01018,None,73.92,INE1P1A01018
544467,National Securities Depository Ltd,BSE,544467.BO,B,INE301O01023,None,16482.0,INE301O01023
544468,B. D. Industries (Pune) Ltd,BSE,544468.BO,M,INE1LJ801017,None,160.57,INE1LJ801017
544471,Takyon Networks Ltd,BSE,544471.BO,M,INE14OX01013,None,33.51,INE14OX01013
544472,Mehul Colours Ltd,BSE,544472.BO,M,INE1KH601014,None,70.52,INE1KH601014
544440,Cryogenic Ogs Ltd,BSE,544440.BO,M,INE0TL001013,None,343.93,INE0TL001013
544438,Mirae Asset Nifty India Internet ETF,BSE,544438.BO,B,INF769K01PB6,None,,INF769K01PB6
544409,Astonea Labs Ltd,BSE,544409.BO,MT,INE0TG901011,None,255.42,INE0TG901011
544412,3B Films Ltd,BSE,544412.BO,MT,INE0TE101010,None,57.55,INE0TE101010
544415,Nippon India BSE Sensex Next 30 ETF,BSE,544415.BO,B,INF204KC1EZ3,None,,INF204KC1EZ3
544417,Aten Papers & Foam Ltd,BSE,544417.BO,MT,INE0XCV01014,None,23.69,INE0XCV01014
544422,Abram Food Ltd,BSE,544422.BO,M,INE0ZDY01011,None,41.39,INE0ZDY01011
544437,Marc Loire Fashions Ltd,BSE,544437.BO,M,INE0TBQ01014,None,30.79,INE0TBQ01014
544425,AJC Jewel Manufacturers Ltd,BSE,544425.BO,M,INE0XRR01010,None,56.13,INE0XRR01010
544426,Icon Facilitators Ltd,BSE,544426.BO,MT,INE0Y0E01012,None,47.24,INE0Y0E01012
544427,ICICI Prudential Nifty Top 15 Equal Weight ETF,BSE,544427.BO,B,INF109K1A344,None,,INF109K1A344
544428,Supertech Ev Ltd,BSE,544428.BO,M,INE0SC101013,None,48.61,INE0SC101013
544431,Ace Alpha Tech Ltd,BSE,544431.BO,M,INE0S9X01011,None,213.86,INE0S9X01011
544433,Valencia India Ltd,BSE,544433.BO,M,INE130701019,None,22.55,INE130701019
544434,Neetu Yoshi Ltd,BSE,544434.BO,MT,INE0UZO01024,None,553.27,INE0UZO01024
544435,Adcounty Media India Ltd,BSE,544435.BO,M,INE0W1601012,None,230.07,INE0W1601012
544436,Vandan Foods Ltd,BSE,544436.BO,M,INE0RDJ01019,None,26.66,INE0RDJ01019
544473,Groww BSE Power ETF,BSE,544473.BO,B,INF666M01LM6,None,,INF666M01LM6
544475,Essex Marine Ltd,BSE,544475.BO,MT,INE1IBY01019,None,65.79,INE1IBY01019
544546,Chatterbox Technologies Ltd,BSE,544546.BO,MT,INE1B4801017,None,77.79,INE1B4801017
544524,JD Cables Ltd,BSE,544524.BO,M,INE14VP01014,None,457.0,INE14VP01014
544520,Sampat Aluminium Ltd,BSE,544520.BO,M,INE10XS01012,None,33.08,INE10XS01012
544518,L. T. Elevator Ltd,BSE,544518.BO,M,INE0TJ801010,None,456.66,INE0TJ801010
544516,Airfloa Rail Technology Ltd,BSE,544516.BO,M,INE0XBS01012,None,775.31,INE0XBS01012
544514,Jay Ambe Supermarkets Ltd,BSE,544514.BO,MT,INE1DRH01011,None,132.27,INE1DRH01011
544529,Aptus Pharma Ltd,BSE,544529.BO,MT,INE15XJ01010,None,393.68,INE15XJ01010
544531,True Colors Ltd,BSE,544531.BO,M,INE1LDV01015,None,338.01,INE1LDV01015
544535,Bharatrohan Airborne Innovations Ltd,BSE,544535.BO,M,INE0QMV01017,None,229.21,INE0QMV01017
544538,Praruh Technologies Ltd,BSE,544538.BO,M,INE0TI501017,None,77.31,INE0TI501017
544539,Solvex Edibles Ltd,BSE,544539.BO,MT,INE1IIQ01028,None,27.34,INE1IIQ01028
544541,Systematic Industries Ltd,BSE,544541.BO,MT,INE1KLZ01011,None,400.85,INE1KLZ01011
544542,Justo Realfintech Ltd,BSE,544542.BO,M,INE0W5Q01017,None,178.54,INE0W5Q01017
544544,Telge Projects Ltd,BSE,544544.BO,M,INE0SRP01014,None,104.07,INE0SRP01014
544511,Karbonsteel Engineering Ltd,BSE,544511.BO,M,INE0V8A01016,None,141.42,INE0V8A01016
544494,Globtier Infotech Ltd,BSE,544494.BO,MT,INE12P601017,None,24.1,INE12P601017
544482,Star Imaging And Path Lab Ltd,BSE,544482.BO,MT,INE0YG001013,None,142.84,INE0YG001013
544483,Icodex Publishing Solutions Ltd,BSE,544483.BO,M,INE111601014,None,70.37,INE111601014
544489,LGT Business Connextions Ltd,BSE,544489.BO,M,INE191201016,None,44.11,INE191201016
544493,Nippon India Nifty India Manufacturing ETF,BSE,544493.BO,B,INF204KC1GH6,None,,INF204KC1GH6
544495,NIS Management Ltd,BSE,544495.BO,M,INE0M3X01010,None,99.0,INE0M3X01010
544510,Nilachal Carbo Metalicks Ltd,BSE,544510.BO,M,INE346R01013,None,239.05,INE346R01013
544498,Oval Projects Engineering Ltd,BSE,544498.BO,M,INE0RTI01017,None,130.85,INE0RTI01017
544500,Abril Paper Tech Ltd,BSE,544500.BO,M,INE15MX01014,None,30.57,INE15MX01014
544501,Sugs Lloyd Ltd,BSE,544501.BO,MT,INE0XX801016,None,284.26,INE0XX801016
544503,Rachit Prints Ltd,BSE,544503.BO,MT,INE0ZN101029,None,100.86,INE0ZN101029
544504,Goel Construction Company Ltd,BSE,544504.BO,M,INE0ZOM01013,None,615.84,INE0ZOM01013
544505,Austere Systems Ltd,BSE,544505.BO,M,INE104201012,None,49.25,INE104201012
544506,Sharvaya Metals Ltd,BSE,544506.BO,M,INE0UJF01018,None,86.66,INE0UJF01018
544507,Zerodha Nifty Smallcap 100 ETF,BSE,544507.BO,B,INF0R8F01141,None,,INF0R8F01141
544508,Vashishtha Luxury Fashion Ltd,BSE,544508.BO,M,INE0WRP01016,None,17.44,INE0WRP01016
544509,Krupalu Metals Ltd,BSE,544509.BO,M,INE0XZB01017,None,20.55,INE0XZB01017
544406,Unified Data Tech Solutions Ltd,BSE,544406.BO,M,INE1ABX01018,None,808.02,INE1ABX01018
544304,Jungle Camps India Ltd,BSE,544304.BO,M,INE0WCH01015,None,79.04,INE0WCH01015
544303,Toss The Coin Ltd,BSE,544303.BO,M,INE0XAY01012,None,46.49,INE0XAY01012
544296,Nisus Finance Services Co Ltd,BSE,544296.BO,M,INE0DQN01013,None,478.28,INE0DQN01013
544291,Rajesh Power Services Ltd,BSE,544291.BO,M,INE0VN801010,None,1535.4,INE0VN801010
544287,Mangal Compusolution Ltd,BSE,544287.BO,M,INE0RU901015,None,62.04,INE0RU901015
544308,Hilltone Software and Gases Ltd,BSE,544308.BO,X,INE168C01013,None,59.77,INE168C01013
544310,Yash Highvoltage Ltd,BSE,544310.BO,M,INE00GK01023,None,2141.32,INE00GK01023
544312,Hamps Bio Ltd,BSE,544312.BO,MT,INE0QBD01018,None,22.65,INE0QBD01018
544313,NACDAC Infrastructure Ltd,BSE,544313.BO,M,INE0LB101011,None,28.63,INE0LB101011
544265,Nexxus Petro Industries Ltd,BSE,544265.BO,M,INE0QUL01011,None,50.65,INE0QUL01011
544251,Share Samadhan Ltd,BSE,544251.BO,M,INE0LY301010,None,41.72,INE0LY301010
544257,Sodhani Academy of Fintech Enablers Ltd,BSE,544257.BO,M,INE0Q3401017,None,101.37,INE0Q3401017
544259,Popular Foundations Ltd,BSE,544259.BO,M,INE0PZB01013,None,57.87,INE0PZB01013
544266,Mirae Asset Nifty PSU Bank ETF,BSE,544266.BO,B,INF769K01LZ4,None,,INF769K01LZ4
544267,Subam Papers Ltd,BSE,544267.BO,M,INE0U6201010,None,622.54,INE0U6201010
544268,Mirae Asset Nifty Metal ETF,BSE,544268.BO,B,INF769K01LY7,None,,INF769K01LY7
544269,Neopolitan Pizza And Foods Ltd,BSE,544269.BO,M,INE471R01019,None,13.21,INE471R01019
544270,Khyati Global Ventures Ltd,BSE,544270.BO,M,INE0S9501014,None,37.02,INE0S9501014
544272,Shiv Texchem Ltd,BSE,544272.BO,MT,INE0YRO01015,None,281.08,INE0YRO01015
544275,ICICI Prudential Nifty200 Value 30 ETF,BSE,544275.BO,B,INF109KC16X5,None,,INF109KC16X5
544323,Mirae Asset Nifty India New Age Consumption ETF,BSE,544323.BO,B,INF769K01NS5,None,,INF769K01NS5
544324,Citichem India Ltd,BSE,544324.BO,M,INE0A8401016,None,11.7,INE0A8401016
544368,Swasth Foodtech India Ltd,BSE,544368.BO,M,INE0TIR01017,None,9.39,INE0TIR01017
544369,Beezaasan Explotech Ltd,BSE,544369.BO,M,INE13VU01016,None,449.7,INE13VU01016
544370,Nukleus Office Solutions Ltd,BSE,544370.BO,M,INE0VYX01018,None,86.28,INE0VYX01018
544371,Vikram Aroma Ltd,BSE,544371.BO,X,INE0NR501012,None,20.18,INE0NR501012
544372,Shreenath Paper Products Ltd,BSE,544372.BO,M,INE0RXS01018,None,26.34,INE0RXS01018
544373,NAPS Global India Ltd,BSE,544373.BO,M,INE0VNH01014,None,17.74,INE0VNH01014
544376,Mirae Asset BSE Select IPO ETF,BSE,544376.BO,B,INF769K01ON4,None,,INF769K01ON4
544377,Mirae Asset BSE 200 Equal Weight ETF,BSE,544377.BO,B,INF769K01OA1,None,,INF769K01OA1
544378,PDP Shipping & Projects Ltd,BSE,544378.BO,M,INE0ABU01016,None,17.55,INE0ABU01016
544381,Super Iron Foundry Ltd,BSE,544381.BO,MT,INE16IQ01014,None,106.7,INE16IQ01014
544382,Axis Nifty500 Value 50 ETF,BSE,544382.BO,B,INF846KA1119,None,,INF846KA1119
544383,Paradeep Parivahan Ltd,BSE,544383.BO,M,INE0SMW01011,None,252.46,INE0SMW01011
544385,SBI BSE PSU BANK ETF,BSE,544385.BO,B,INF200KB1712,None,,INF200KB1712
544387,Desco Infratech Ltd,BSE,544387.BO,MT,INE0TGG01014,None,161.2,INE0TGG01014
544366,L.K.Mehta Polymers Ltd,BSE,544366.BO,M,INE0FFF01017,None,16.3,INE0FFF01017
544388,Identixweb Ltd,BSE,544388.BO,M,INE0PA401012,None,71.52,INE0PA401012
544391,Retaggio Industries Ltd,BSE,544391.BO,MT,INE0KWJ01014,None,95.39,INE0KWJ01014
544392,Spinaroo Commercial Ltd,BSE,544392.BO,M,INE10XX01012,None,41.96,INE10XX01012
544393,Infonative Solutions Ltd,BSE,544393.BO,M,INE12IB01015,None,30.8,INE12IB01015
544394,ICICI Prudential Nifty EV & New Age Automotive ETF,BSE,544394.BO,B,INF109K1A153,None,,INF109K1A153
544398,Kenrik Industries Ltd,BSE,544398.BO,M,INE0AOG01018,None,11.45,INE0AOG01018
544399,Srigee Dlm Ltd,BSE,544399.BO,M,INE0RJ901010,None,53.76,INE0RJ901010
544400,Manoj Jewellers Ltd,BSE,544400.BO,M,INE0MV001018,None,35.13,INE0MV001018
544401,Mirae Asset Nifty50 Equal Weight ETF,BSE,544401.BO,B,INF769K01OO2,None,,INF769K01OO2
544365,Shanmuga Hospital Ltd,BSE,544365.BO,M,INE0TD301017,None,48.16,INE0TD301017
544326,Edelweiss BSE Capital Markets & Insurance ETF,BSE,544326.BO,B,INF754K01TX4,None,,INF754K01TX4
544327,Technichem Organics Ltd,BSE,544327.BO,M,INE0ZHT01012,None,66.77,INE0ZHT01012
544329,Leo Dryfruits & Spices Trading Ltd,BSE,544329.BO,M,INE0RH001011,None,98.05,INE0RH001011
544330,Parmeshwar Metal Ltd,BSE,544330.BO,MT,INE0QQJ01021,None,306.12,INE0QQJ01021
544331,Davin Sons Retail Ltd,BSE,544331.BO,M,INE0Q2L01013,None,25.15,INE0Q2L01013
544332,Fabtech Technologies Cleanrooms Ltd,BSE,544332.BO,MT,INE0HSD01011,None,484.77,INE0HSD01011
544334,Indobell Insulations Ltd,BSE,544334.BO,MT,INE0FK501019,None,31.22,INE0FK501019
544335,B.R.Goyal Infrastructure Ltd,BSE,544335.BO,M,INE00ST01011,None,290.3,INE00ST01011
544337,Avax Apparels and Ornaments Ltd,BSE,544337.BO,MT,INE0NQ401024,None,41.57,INE0NQ401024
544340,Rikhav Securities Ltd,BSE,544340.BO,M,INE0CFH01028,None,178.06,INE0CFH01028
544341,Landmark Global Learning Ltd,BSE,544341.BO,M,INE12QA01010,None,35.66,INE12QA01010
544343,Capitalnumbers Infotech Ltd,BSE,544343.BO,M,INE0WXM01011,None,273.09,INE0WXM01011
544346,RDB Real Estate Constructions Ltd,BSE,544346.BO,X,INE0AK901016,None,394.63,INE0AK901016
544347,CLN Energy Ltd,BSE,544347.BO,M,INE0WDX01010,None,421.07,INE0WDX01010
544348,GB Logistics Commerce Ltd,BSE,544348.BO,M,INE0RWU01016,None,30.59,INE0RWU01016
544349,H.M. Electro Mech Ltd,BSE,544349.BO,M,INE0DZD01015,None,74.39,INE0DZD01015
544351,Malpani Pipes And Fittings Ltd,BSE,544351.BO,M,INE0YON01014,None,66.82,INE0YON01014
544352,DSP BSE Sensex Next 30 ETF,BSE,544352.BO,B,INF740KA1VE5,None,,INF740KA1VE5
544353,Amwill Health Care Ltd,BSE,544353.BO,MT,INE0U2L01017,None,82.01,INE0U2L01017
544354,Solarium Green Energy Ltd,BSE,544354.BO,M,INE0W0H01017,None,361.89,INE0W0H01017
544248,Mach Travel Solutions Ltd,BSE,544248.BO,M,INE0UYT01018,None,305.04,INE0UYT01018
544745,SBI Nifty Midcap 150 ETF,BSE,544745.BO,B,INF200KB1AK8,None,,INF200KB1AK8
544751,Mehul Telecom Ltd,BSE,544751.BO,M,INE1K0V01011,None,99.29,INE1K0V01011
544749,Arudha Hybrid Long- Short Fund Direct Plan-Annual IDCW,BSE,544749.BO,B,INF194K30259,None,,INF194K30259
544747,Emiac Technologies Ltd,BSE,544747.BO,M,INE1OSW01015,None,120.6,INE1OSW01015
544746,Safety Controls & Devices Ltd,BSE,544746.BO,M,INE0UMH01018,None,161.15,INE0UMH01018
544773,Merritronix Ltd,BSE,544773.BO,MT,INE1RQS01010,None,545.7,INE1RQS01010
544741,Highness Microelectronics Ltd,BSE,544741.BO,M,INE1KI801019,None,85.2,INE1KI801019
544740,Tipco Engineering India Ltd,BSE,544740.BO,MT,INE1U6D01014,None,306.32,INE1U6D01014
544738,Speciality Medicines Ltd,BSE,544738.BO,MT,INE0R0M01014,None,188.89,INE0R0M01014
544755,Recode Studios Ltd,BSE,544755.BO,M,INE2B6701015,None,207.03,INE2B6701015
544759,Goldline Pharmaceutical Ltd,BSE,544759.BO,M,INE1CLW01015,None,41.42,INE1CLW01015
544760,DSP Nifty FMCG ETF,BSE,544760.BO,B,INF740KA1ZA4,None,,INF740KA1ZA4
544761,Edelweiss Nifty Next 50 ETF,BSE,544761.BO,B,INF754K01XF3,None,,INF754K01XF3
544762,SBI Nifty200 Value 30 ETF,BSE,544762.BO,B,INF200KB1AX1,None,,INF200KB1AX1
544763,SBI Nifty Smallcap 250 ETF,BSE,544763.BO,B,INF200KB1AY9,None,,INF200KB1AY9
544765,Vegorama Punjabi Angithi Ltd,BSE,544765.BO,MT,INE1L3801017,None,253.07,INE1L3801017
544766,360 ONE MSCI India ETF,BSE,544766.BO,B,INF579M01BP5,None,,INF579M01BP5
544767,Autofurnish Ltd,BSE,544767.BO,MT,INE18HI01019,None,61.83,INE18HI01019
544768,M.R.Maniveni Foods Ltd,BSE,544768.BO,MT,INE0YD301010,None,77.43,INE0YD301010
544769,Harikanta Overseas Ltd,BSE,544769.BO,MT,INE1UYW01010,None,86.3,INE1UYW01010
544770,Yaashvi Jewellers Ltd,BSE,544770.BO,MT,INE1T6L01010,None,147.72,INE1T6L01010
544771,Rajnandini Fashion India Ltd,BSE,544771.BO,MT,INE1GM501015,None,53.15,INE1GM501015
544737,Mirae Asset Nifty 500 Value 50 ETF,BSE,544737.BO,B,INF769K01QV2,None,,INF769K01QV2
544735,Novus Loyalty Ltd,BSE,544735.BO,M,INE1TFS01019,None,224.47,INE1TFS01019
544708,Yashhtej Industries (India) Ltd,BSE,544708.BO,MT,INE1O6P01016,None,119.25,INE1O6P01016
544694,Accretion Nutraveda Ltd,BSE,544694.BO,MT,INE1KVQ01019,None,187.52,INE1KVQ01019
544695,Msafe Equipments Ltd,BSE,544695.BO,M,INE2B5L01011,None,331.09,INE2B5L01011
544696,iSIF Hybrid Long-Short Fund - Growth,BSE,544696.BO,B,INF109K30018,None,,INF109K30018
544697,iSIF Hybrid Long-Short Fund - Direct Plan - Growth,BSE,544697.BO,B,INF109K30026,None,,INF109K30026
544698,PAN HR Solution Ltd,BSE,544698.BO,MT,INE1N9E01015,None,46.64,INE1N9E01015
544701,Mirae Asset Nifty 500 Healthcare ETF,BSE,544701.BO,B,INF769K01QA6,None,,INF769K01QA6
544704,Mirae Asset Nifty India Infrastructure & LogisticsETF,BSE,544704.BO,B,INF769K01QB4,None,,INF769K01QB4
544705,Mirae Asset BSE India Defence ETF,BSE,544705.BO,B,INF769K01QC2,None,,INF769K01QC2
544706,Aditya Birla Sun Life MSCI India ETF,BSE,544706.BO,B,INF209KC1662,None,,INF209KC1662
544707,Fractal Industries Ltd,BSE,544707.BO,M,INE1W3Q01011,None,157.37,INE1W3Q01011
544710,Accord Transformer & Switchgear Ltd,BSE,544710.BO,M,INE132201018,None,119.04,INE132201018
544711,Kiaasa Retail Ltd,BSE,544711.BO,M,INE1C3F01018,None,75.75,INE1C3F01018
544719,Aditya Birla Sun Life BSE Top 10 Banks ETF,BSE,544719.BO,B,INF209KC1670,None,,INF209KC1670
544721,Groww BSE Hospitals ETF,BSE,544721.BO,B,INF666M01OD9,None,,INF666M01OD9
544722,SBI Nifty Midcap 150 Momentum 50 ETF,BSE,544722.BO,B,INF200KB1AJ0,None,,INF200KB1AJ0
544724,Elfin Agro India Ltd,BSE,544724.BO,MT,INE1FEW01013,None,133.06,INE1FEW01013
544725,DSP BSE Top 10 Banks ETF,BSE,544725.BO,B,INF740KA1YH2,None,,INF740KA1YH2
544772,Aureate Tradde Ltd,BSE,544772.BO,MT,INE1KVL01010,None,86.36,INE1KVL01010
544774,SMR Jewels Ltd,BSE,544774.BO,MT,INE11XK01017,None,182.62,INE11XK01017
544548,Gujarat Peanut And Agri Products Ltd,BSE,544548.BO,M,INE0SIK01014,None,87.23,INE0SIK01014
590141,Nippon India ETF Nifty IT,BSE,590141.BO,B,INF204KB15V2,None,,INF204KB15V2
590151,Motilal Oswal Nifty 500 Momentum 50 ETF,BSE,590151.BO,B,INF247L01DK8,None,,INF247L01DK8
590150,Motilal Oswal Nifty Realty ETF,BSE,590150.BO,B,INF247L01CI4,None,,INF247L01CI4
590149,Motilal Oswal Nifty Capital Market ETF,BSE,590149.BO,B,INF247L01EV3,None,,INF247L01EV3
590148,Motilal Oswal Nifty Smallcap 250 ETF,BSE,590148.BO,B,INF247L01CH6,None,,INF247L01CH6
590144,Nippon India ETF Nifty Midcap 150,BSE,590144.BO,B,INF204KB1V68,None,,INF204KB1V68
590142,Nippon India Nifty Pharma ETF,BSE,590142.BO,B,INF204KC1089,None,,INF204KC1089
590139,Kotak Nifty 1D Rate Liquid ETF,BSE,590139.BO,B,INF174KA1LV5,None,,INF174KA1LV5
555555,ICICI Prudential BSE Sensex ETF,BSE,555555.BO,A,INF346A01034,None,475.1,INF346A01034
590138,SBI-ETF NIFTY 50,BSE,590138.BO,B,INF200KA1FS1,None,,INF200KA1FS1
590137,SBI-ETF NIFTY BANK,BSE,590137.BO,B,INF200KA1580,None,,INF200KA1580
590136,Kotak Nifty Bank ETF,BSE,590136.BO,B,INF174KA1ZB7,None,,INF174KA1ZB7
590115,Motilal Oswal Nifty 50 ETF,BSE,590115.BO,B,INF247L01536,None,1248.17,INF247L01536
590110,Quantum Nifty 50 ETF,BSE,590110.BO,B,INF082J01499,None,0.64,INF082J01499
590152,Motilal Oswal Nifty India Defence ETF,BSE,590152.BO,B,INF247L01DJ0,None,,INF247L01DJ0
590153,Motilal Oswal Nifty 500 ETF,BSE,590153.BO,B,INF247L01BU1,None,,INF247L01BU1
590154,Kotak Nifty Alpha 50 ETF,BSE,590154.BO,B,INF174KA1IA5,None,,INF174KA1IA5
590157,Groww Nifty India Defence ETF,BSE,590157.BO,B,INF666M01IO8,None,,INF666M01IO8
590158,Groww Nifty India Railways PSU ETF,BSE,590158.BO,B,INF666M01JJ6,None,,INF666M01JJ6
590160,Tata Nifty 50 Exchange Traded Fund,BSE,590160.BO,B,INF277K015R5,None,,INF277K015R5
750942,Dhanlaxmi Bank Ltd,BSE,750942.BO,R,INE680A20011,None,,INE680A20011
780014,Has Lifestyle Ltd,BSE,780014.BO,IP,INE888Q01016,None,,INE888Q01016
780016,Web Element Solutions Ltd,BSE,780016.BO,IP,INE562Q01017,None,,INE562Q01017
780018,Adhiraj Distributors Ltd,BSE,780018.BO,IP,INE067R01015,None,,INE067R01015
890221,Spandana Sphoorty Financial Ltd,BSE,890221.BO,B,IN9572J01019,None,202.03,IN9572J01019
890226,Suraj Industries Ltd,BSE,890226.BO,X,IN9170U01035,None,58.86,IN9170U01035
890228,Allcargo Terminals Ltd,BSE,890228.BO,B,IN90NN701011,None,39.16,IN90NN701011
890229,ANNVRRIDHHI VENTURES Ltd,BSE,890229.BO,X,IN9075K01029,None,32.85,IN9075K01029
890230,Ace Software Exports ltd,BSE,890230.BO,X,IN9849B01026,None,21.52,IN9849B01026
890232,KRISHIVAL FOODS Ltd,BSE,890232.BO,B,IN90GGO01013,None,43.18,IN90GGO01013
590109,Nippon India ETF Nifty 50 Shariah BeES,BSE,590109.BO,B,INF732E01128,None,4.67,INF732E01128
590108,Nippon India ETF Nifty PSU Bank BeES,BSE,590108.BO,B,INF204KB16I7,None,80.44,INF204KB16I7
590107,Kotak Nifty PSU Bank ETF,BSE,590107.BO,B,INF373I01023,None,135.55,INF373I01023
590106,Nippon India ETF Nifty Bank BeES,BSE,590106.BO,B,INF204KB15I9,None,94.36,INF204KB15I9
590103,Nippon India ETF Nifty 50 BeES,BSE,590103.BO,B,INF204KB14I2,None,125.04,INF204KB14I2
590104,Nippon India ETF Nifty Next 50 Junior BeES,BSE,590104.BO,B,INF732E01045,None,412.01,INF732E01045
544693,Kanishk Aluminium India Ltd,BSE,544693.BO,MT,INE163401016,None,42.34,INE163401016
544692,Arudha Hybrid Long- Short Fund Direct Plan-Half yearly IDCW,BSE,544692.BO,B,INF194K30242,None,,INF194K30242
544691,Arudha Hybrid Long- Short Fund Direct Plan-Growth,BSE,544691.BO,B,INF194K30184,None,,INF194K30184
544592,SBI Mutual Fund,BSE,544592.BO,B,INF200K30056,None,,INF200K30056
544596,Safecure Services Ltd,BSE,544596.BO,M,INE0SVZ01015,None,27.35,INE0SVZ01015
544594,Game Changers Texfab Ltd,BSE,544594.BO,M,INE1GUJ01014,None,182.51,INE1GUJ01014
544593,SBI Mutual Fund,BSE,544593.BO,B,INF200K30064,None,,INF200K30064
544591,SBI Mutual Fund,BSE,544591.BO,B,INF200K30049,None,,INF200K30049
544690,Arudha Hybrid Long- Short Fund Regular Plan-Monthly IDCW,BSE,544690.BO,B,INF194K30051,None,,INF194K30051
544590,SBI Mutual Fund,BSE,544590.BO,B,INF200K30031,None,,INF200K30031
544589,SBI Mutual Fund,BSE,544589.BO,B,INF200K30023,None,,INF200K30023
544588,SBI Mutual Fund,BSE,544588.BO,B,INF200K30015,None,,INF200K30015
544586,Zerodha Nifty 50 ETF,BSE,544586.BO,B,INF0R8F01166,None,,INF0R8F01166
544585,Sihora Industries Ltd,BSE,544585.BO,M,INE0SFA01011,None,32.92,INE0SFA01011
544604,Mirae Asset Nifty Energy ETF,BSE,544604.BO,B,INF769K01PR2,None,,INF769K01PR2
544605,Mirae Asset Nifty Smallcap 250 ETF,BSE,544605.BO,B,INF769K01PQ4,None,,INF769K01PQ4
544607,Shining Tools Ltd,BSE,544607.BO,MT,INE0D8001018,None,44.14,INE0D8001018
544610,Workmates Core2Cloud Solution Ltd,BSE,544610.BO,M,INE1I1301016,None,387.56,INE1I1301016
544611,Mahamaya Lifesciences Ltd,BSE,544611.BO,M,INE0U9D01019,None,414.27,INE0U9D01019
544616,Gallard Steel Ltd,BSE,544616.BO,M,INE0BUQ01012,None,148.96,INE0BUQ01012
544584,SK Minerals & Additives Ltd,BSE,544584.BO,MT,INE13YH01017,None,487.15,INE13YH01017
544582,Shlokka Dyes Ltd,BSE,544582.BO,MT,INE1EUB01016,None,51.38,INE1EUB01016
544563,Zelio E Mobility Ltd,BSE,544563.BO,MT,INE1B3501014,None,1095.89,INE1B3501014
544549,Earkart Ltd,BSE,544549.BO,M,INE1A8F01035,None,163.67,INE1A8F01035
544551,Bhavik Enterprises Ltd,BSE,544551.BO,M,INE18PB01017,None,327.76,INE18PB01017
544552,Rukmani Devi Garg Agro Impex Ltd,BSE,544552.BO,M,INE0S5T01017,None,92.31,INE0S5T01017
544553,M P K Steels (I) Ltd,BSE,544553.BO,M,INE1PJP01015,None,120.49,INE1PJP01015
544554,KVS Castings Ltd,BSE,544554.BO,M,INE163701019,None,129.04,INE163701019
544555,Ameenji Rubber Ltd,BSE,544555.BO,M,INE14QA01016,None,152.67,INE14QA01016
544556,Dhillon Freight Carrier Ltd,BSE,544556.BO,M,INE0SPJ01011,None,13.09,INE0SPJ01011
544559,Om Metallogic Ltd,BSE,544559.BO,MT,INE0R8Q01018,None,14.71,INE0R8Q01018
544560,Sodhani Capital Ltd,BSE,544560.BO,M,INE0QU501030,None,46.41,INE0QU501030
544561,Chiraharit Ltd,BSE,544561.BO,MT,INE12P101018,None,56.88,INE12P101018
544581,DSP Nifty500 Flexicap Quality 30 ETF,BSE,544581.BO,B,INF740KA1WU9,None,,INF740KA1WU9
544565,Valplast Technologies Ltd,BSE,544565.BO,M,INE0QP701017,None,86.17,INE0QP701017
544566,Sunsky Logistics Ltd,BSE,544566.BO,M,INE10CM01027,None,57.08,INE10CM01027
544567,Infinity Infoway Ltd,BSE,544567.BO,M,INE16XA01017,None,200.67,INE16XA01017
544568,DSM Fresh Foods Ltd,BSE,544568.BO,M,INE0SUM01015,None,190.56,INE0SUM01015
544571,NSB BPO Solutions Ltd,BSE,544571.BO,M,INE0SLP01017,None,131.62,INE0SLP01017
544575,Mittal Sections Ltd,BSE,544575.BO,MT,INE833Q01012,None,39.1,INE833Q01012
544618,Edelweiss BSE Sensex ETF,BSE,544618.BO,B,INF754K01VY8,None,,INF754K01VY8
544620,MSCIADD,BSE,544620.BO,B,INF740KA1WV7,None,,INF740KA1WV7
544674,DSP Nifty Next 50 ETF,BSE,544674.BO,B,INF740KA1XU7,None,,INF740KA1XU7
544659,Stanbik Agro Ltd,BSE,544659.BO,M,INE16QA01011,None,43.31,INE16QA01011
544660,Mirae Asset Nifty Top 20 Equal Weight ETF,BSE,544660.BO,B,INF769K01PZ5,None,,INF769K01PZ5
544661,Mirae Asset BSE 500 Dividend Leaders 50 ETF,BSE,544661.BO,B,INF769K01PY8,None,,INF769K01PY8
544663,Neptune Logitek Ltd,BSE,544663.BO,M,INE1NQ501012,None,47.95,INE1NQ501012
544665,Global Ocean Logistics India Ltd,BSE,544665.BO,M,INE1ITY01011,None,218.08,INE1ITY01011
544667,Dachepalli Publishers Ltd,BSE,544667.BO,MT,INE1F9M01018,None,113.79,INE1F9M01018
544668,Nanta Tech Ltd,BSE,544668.BO,MT,INE0YJA01011,None,210.34,INE0YJA01011
544669,Admach Systems Ltd,BSE,544669.BO,MT,INE0XLO01010,None,199.12,INE0XLO01010
544670,Bai-Kakaji Polymers Ltd,BSE,544670.BO,M,INE1IJQ01026,None,342.79,INE1IJQ01026
544671,Apollo Techno Industries Ltd,BSE,544671.BO,M,INE0X4A01013,None,121.82,INE0X4A01013
544673,Modern Diagnostic & Research Centre Ltd,BSE,544673.BO,M,INE1HK501016,None,87.58,INE1HK501016
544675,Gabion Technologies India Ltd,BSE,544675.BO,M,INE1H1501013,None,85.32,INE1H1501013
544656,HRS Aluglaze Ltd,BSE,544656.BO,M,INE1E1V01017,None,455.06,INE1E1V01017
544676,Yajur Fibres Ltd,BSE,544676.BO,M,INE0CNJ01010,None,88.69,INE0CNJ01010
544677,Defrail Technologies Ltd,BSE,544677.BO,M,INE0ZE201010,None,54.09,INE0ZE201010
544680,Narmadesh Brass Industries Ltd,BSE,544680.BO,MT,INE0S1B01014,None,101.5,INE0S1B01014
544681,INDO SMC Ltd,BSE,544681.BO,MT,INE0WKY01013,None,642.01,INE0WKY01013
544682,GRE Renew Enertech Ltd,BSE,544682.BO,MT,INE0U8P01015,None,217.18,INE0U8P01015
544683,Aritas Vinyl Ltd,BSE,544683.BO,MT,INE1D8001016,None,27.09,INE1D8001016
544684,Digilogic Systems Ltd,BSE,544684.BO,M,INE1OOT01028,None,330.33,INE1OOT01028
544686,Shayona Engineering Ltd,BSE,544686.BO,M,INE0UCL01011,None,50.79,INE0UCL01011
544687,Hannah Joseph Hospital Ltd,BSE,544687.BO,MT,INE0JVH01012,None,233.79,INE0JVH01012
544688,Kasturi Metal Composite Ltd,BSE,544688.BO,M,INE0T1301023,None,53.54,INE0T1301023
544689,Arudha Hybrid Long- Short Fund Regular Plan-Growth,BSE,544689.BO,B,INF194K30010,None,,INF194K30010
544657,Pajson Agro India Ltd,BSE,544657.BO,M,INE14LM01012,None,466.67,INE14LM01012
544655,DSP Nifty Midcap 150 ETF,BSE,544655.BO,B,INF740KA1WW5,None,,INF740KA1WW5
544621,SSMD Agrotech India Ltd,BSE,544621.BO,MT,INE1U2R01013,None,50.3,INE1U2R01013
544636,Western Overseas Study Abroad Ltd,BSE,544636.BO,MT,INE1MF401019,None,10.57,INE1MF401019
544623,Mother Nutri Foods Ltd,BSE,544623.BO,M,INE0UH001016,None,201.81,INE0UH001016
544624,K K Silk Mills Ltd,BSE,544624.BO,M,INE0EOJ01014,None,24.68,INE0EOJ01014
544625,Logiciel Solutions Ltd,BSE,544625.BO,MT,INE1BA901016,None,31.59,INE1BA901016
544626,Exato Technologies Ltd,BSE,544626.BO,M,INE1E4401010,None,376.85,INE1E4401010
544627,Purple Wave Infocom Ltd,BSE,544627.BO,M,INE0VDK01019,None,106.33,INE0VDK01019
544628,Astron Multigrain Ltd,BSE,544628.BO,MT,INE0RUY01012,None,13.82,INE0RUY01012
544629,Ravelcare Ltd,BSE,544629.BO,M,INE0W4D01018,None,81.62,INE0W4D01018
544630,Helloji Holidays Ltd,BSE,544630.BO,M,INE1FJE01010,None,44.59,INE1FJE01010
544635,Luxury Time Ltd,BSE,544635.BO,MT,INE1CJB01013,None,61.21,INE1CJB01013
544637,Methodhub Software Ltd,BSE,544637.BO,M,INE0QZR01017,None,170.43,INE0QZR01017
544654,DSP Nifty Smallcap 250 ETF,BSE,544654.BO,B,INF740KA1WX3,None,,INF740KA1WX3
544640,Riddhi Display Equipments Ltd,BSE,544640.BO,MT,INE1DKT01011,None,31.16,INE1DKT01011
544641,K. V. Toys India Ltd,BSE,544641.BO,M,INE1IE301018,None,169.56,INE1IE301018
544643,Prodocs Solutions Ltd,BSE,544643.BO,M,INE10XK01019,None,116.54,INE10XK01019
544646,Shipwaves Online Ltd,BSE,544646.BO,MT,INE0O9L01010,None,49.1,INE0O9L01010
544648,Unisem Agritech Ltd,BSE,544648.BO,M,INE1FHV01026,None,60.63,INE1FHV01026
544649,Titanium Hybrid Long-Short Fund Direct Plan Growth,BSE,544649.BO,B,INF277K30047,None,,INF277K30047
544650,Titanium Hybrid Long-Short Fund Direct Plan IDCW Reinvestment,BSE,544650.BO,B,INF277K30054,None,,INF277K30054
544651,Titanium Hybrid Long-Short Fund Regular Plan Growth,BSE,544651.BO,B,INF277K30013,None,,INF277K30013
544652,Titanium Hybrid Long-Short Fund Regular Plan IDCW Payout,BSE,544652.BO,B,INF277K30039,None,,INF277K30039
544653,Titanium Hybrid Long-Short Fund Regular Plan IDCW Reinvestment,BSE,544653.BO,B,INF277K30021,None,,INF277K30021
544247,DSP Nifty Top 10 Equal Weight ETF,BSE,544247.BO,B,INF740KA1UR9,None,,INF740KA1UR9
543598,Shantidoot Infra Services Ltd,BSE,543598.BO,MT,INE0LU301014,None,106.08,INE0LU301014
543597,Virtuoso Optoelectronics Ltd,BSE,543597.BO,M,INE0I0T01010,None,1121.96,INE0I0T01010
543595,EP Biocomposites Ltd,BSE,543595.BO,M,INE0D2I01014,None,15.81,INE0D2I01014
543594,Dipna Pharmachem Ltd,BSE,543594.BO,M,INE0MC401013,None,20.43,INE0MC401013
543628,HDFC NIFTY200 Momentum 30 ETF,BSE,543628.BO,B,INF179KC1HV6,None,,INF179KC1HV6
543578,Olatech Solutions Ltd,BSE,543578.BO,M,INE0M3901015,None,46.59,INE0M3901015
543577,Motilal Oswal BSE Quality ETF,BSE,543577.BO,B,INF247L01BH8,None,,INF247L01BH8
543576,Motilal Oswal BSE Enhanced Value ETF,BSE,543576.BO,B,INF247L01BE5,None,,INF247L01BE5
543575,Aditya Birla Sun Life Nifty 200 Momentum 30 ETF,BSE,543575.BO,B,INF209KB14K7,None,,INF209KB14K7
543574,Aditya Birla Sun Life Nifty 200 Quality 30 ETF,BSE,543574.BO,B,INF209KB15K4,None,,INF209KB15K4
543605,HDFC NIFTY100 Quality 30 ETF,BSE,543605.BO,B,INF179KC1DL6,None,,INF179KC1DL6
543606,Containe Technologies Ltd,BSE,543606.BO,MT,INE0M8901010,None,16.16,INE0M8901010
543607,HDFC NIFTY Growth Sectors 15 ETF,BSE,543607.BO,B,INF179KC1DJ0,None,,INF179KC1DJ0
543608,HDFC NIFTY50 Value 20 ETF,BSE,543608.BO,B,INF179KC1DK8,None,,INF179KC1DK8
543613,Mafia Trends Ltd,BSE,543613.BO,M,INE0KQQ01011,None,2.59,INE0KQQ01011
543615,Silicon Rental Solutions Ltd,BSE,543615.BO,MT,INE0MNV01014,None,84.9,INE0MNV01014
543616,Trident Lifeline Ltd,BSE,543616.BO,M,INE0MKA01014,None,294.33,INE0MKA01014
543617,Reetech International Ltd,BSE,543617.BO,M,INE0MKO01015,None,9.62,INE0MKO01015
543618,Cargotrans Maritime Ltd,BSE,543618.BO,M,INE0M4L01013,None,54.57,INE0M4L01013
543619,Concord Control Systems Ltd,BSE,543619.BO,M,INE0N0J01014,None,2986.32,INE0N0J01014
543621,Cargosol Logistics Ltd,BSE,543621.BO,M,INE0KZM01011,None,18.36,INE0KZM01011
543622,Steelman Telecom Ltd,BSE,543622.BO,M,INE0MSK01016,None,66.04,INE0MSK01016
543623,Vedant Asset Ltd,BSE,543623.BO,MT,INE0NC801013,None,11.05,INE0NC801013
543571,ICICI Prudential Nifty Infrastructure ETF,BSE,543571.BO,B,INF109KC16E5,None,,INF109KC16E5
543570,HDFC Mutual Fund,BSE,543570.BO,B,INF179KC1HS2,None,,INF179KC1HS2
543520,Global Longlife Hospital and Research Ltd,BSE,543520.BO,MT,INE0J2K01014,None,13.23,INE0J2K01014
543521,Fone4 Communications (India) Ltd,BSE,543521.BO,M,INE0L3H01014,None,10.73,INE0L3H01014
543522,Nanavati Ventures Ltd,BSE,543522.BO,M,INE0E5R01017,None,48.52,INE0E5R01017
543531,Tierra Agrotech Ltd,BSE,543531.BO,X,INE05CY01014,None,266.64,INE05CY01014
543569,HDFC NIFTY 100 ETF,BSE,543569.BO,B,INF179KC1HR4,None,,INF179KC1HR4
543536,Silver Pearl Hospitality & Luxury Spaces Ltd,BSE,543536.BO,M,INE0KXN01014,None,4.0,INE0KXN01014
543537,Scarnose International Ltd,BSE,543537.BO,M,INE0IXR01019,None,23.94,INE0IXR01019
543538,Goel Food Products Ltd,BSE,543538.BO,MT,INE0K6L01010,None,25.92,INE0K6L01010
543540,Pearl Green Clubs and Resorts Ltd,BSE,543540.BO,M,INE0GTX01019,None,35.85,INE0GTX01019
543541,Sailani Tours N Travels Ltd,BSE,543541.BO,M,INE0KHQ01010,None,6.9,INE0KHQ01010
543542,Kesar India Ltd,BSE,543542.BO,M,INE0L1C01019,None,3504.08,INE0L1C01019
543543,B-Right Realestate Ltd,BSE,543543.BO,M,INE0IZQ01016,None,908.94,INE0IZQ01016
543544,Jayant Infratech Ltd,BSE,543544.BO,M,INE0KR801019,None,56.23,INE0KR801019
543545,Veerkrupa Jewellers Ltd,BSE,543545.BO,M,INE0ID001024,None,7.21,INE0ID001024
543546,Healthy Life Agritec Ltd,BSE,543546.BO,M,INE0L3501015,None,35.48,INE0L3501015
543563,Motilal Oswal BSE Healthcare ETF,BSE,543563.BO,B,INF247L01BB1,None,,INF247L01BB1
543568,ICICI Prudential Nifty 200 Momentum 30 ETF,BSE,543568.BO,B,INF109KC17C7,None,,INF109KC17C7
543627,HDFC NIFTY100 Low Volatility 30 ETF,BSE,543627.BO,B,INF179KC1HU8,None,,INF179KC1HU8
543746,Logica Infoway Ltd,BSE,543746.BO,M,INE0BSU01018,None,284.76,INE0BSU01018
543765,Earthstahl & Alloys Ltd,BSE,543765.BO,M,INE0O4V01010,None,19.87,INE0O4V01010
543754,Transvoy Logistics India Ltd,BSE,543754.BO,M,INE0MPU01011,None,23.7,INE0MPU01011
543753,Dharni Capital Services Ltd,BSE,543753.BO,M,INE0M9Q01011,None,132.61,INE0M9Q01011
543745,SVS Ventures Ltd,BSE,543745.BO,M,INE0MID01012,None,12.28,INE0MID01012
543744,Rex Sealing and Packing Industries Ltd,BSE,543744.BO,M,INE0MFT01014,None,36.76,INE0MFT01014
543738,DSP Nifty Bank ETF,BSE,543738.BO,B,INF740KA1RX3,None,,INF740KA1RX3
543737,Aveer Foods Ltd,BSE,543737.BO,X,INE09BN01011,None,246.51,INE09BN01011
543769,Indong Tea Company Ltd,BSE,543769.BO,M,INE0KN201016,None,17.09,INE0KN201016
543774,HDFC BSE 500 ETF,BSE,543774.BO,B,INF179KC1EZ4,None,,INF179KC1EZ4
543775,HDFC NIFTY Smallcap 250 ETF,BSE,543775.BO,B,INF179KC1FB2,None,,INF179KC1FB2
543776,HDFC NIFTY Midcap 150 ETF,BSE,543776.BO,B,INF179KC1HT0,None,,INF179KC1HT0
543782,Sealmatic India Ltd,BSE,543782.BO,M,INE0O4601016,None,412.68,INE0O4601016
543787,Macfos Ltd,BSE,543787.BO,M,INE0OLH01013,None,1300.51,INE0OLH01013
543798,Patron Exim Ltd,BSE,543798.BO,MT,INE0NPA01011,None,5.54,INE0NPA01011
543799,S. V. J. ENTERPRISES Ltd,BSE,543799.BO,M,INE0JZS01010,None,199.3,INE0JZS01010
543804,Amanaya Ventures Ltd,BSE,543804.BO,M,INE0G1V01016,None,7.1,INE0G1V01016
543805,Resgen Ltd,BSE,543805.BO,M,INE0NYN01016,None,113.27,INE0NYN01016
543806,ITCONS E-Solutions Ltd,BSE,543806.BO,MT,INE0O6A01019,None,254.22,INE0O6A01019
543814,Prospect Consumer Products Ltd,BSE,543814.BO,M,INE0OKG01017,None,27.0,INE0OKG01017
543819,ICICI Prudential Nifty PSU Bank ETF,BSE,543819.BO,B,INF109KC10S8,None,,INF109KC10S8
543713,Droneacharya Aerial Innovations Ltd,BSE,543713.BO,M,INE0MQD01015,None,101.66,INE0MQD01015
543665,HDFC NIFTY IT ETF,BSE,543665.BO,B,INF179KC1IA8,None,,INF179KC1IA8
543637,Pace E-Commerce Ventures Ltd,BSE,543637.BO,MT,INE0N1L01018,None,36.37,INE0N1L01018
543651,DAPS Advertising Ltd,BSE,543651.BO,MT,INE975Z01012,None,12.1,INE975Z01012
543656,Technopack Polymers Ltd,BSE,543656.BO,M,INE0MXP01015,None,11.56,INE0MXP01015
543666,HDFC NIFTY Private Bank ETF,BSE,543666.BO,B,INF179KC1HZ7,None,,INF179KC1HZ7
543677,ICICI Prudential Nifty Financial Services Ex-Bank ETF,BSE,543677.BO,B,INF109KC17L8,None,,INF109KC17L8
543678,Ambo Agritec Ltd,BSE,543678.BO,M,INE0N6V01016,None,29.77,INE0N6V01016
543709,PNGS Gargi Fashion Jewellery Ltd,BSE,543709.BO,M,INE0NT601018,None,840.77,INE0NT601018
543710,ICICI Prudential Nifty Commodities ETF,BSE,543710.BO,B,INF109KC19O8,None,,INF109KC19O8
543519,Shashwat Furnishing Solutions Ltd,BSE,543519.BO,M,INE0JMN01019,None,16.79,INE0JMN01019
543518,Eighty Jewellers Ltd,BSE,543518.BO,MT,INE0KSN01014,None,42.84,INE0KSN01014
543348,Axis NIFTY Healthcare ETF,BSE,543348.BO,B,INF846K01Z12,None,,INF846K01Z12
543347,Axis NIFTY IT ETF,BSE,543347.BO,B,INF846K01Y96,None,,INF846K01Y96
543346,Aashka Hospitals Ltd,BSE,543346.BO,M,INE0EAX01014,None,175.5,INE0EAX01014
543341,Sharpline Broadcast Ltd,BSE,543341.BO,X,INE647W01014,None,18.98,INE647W01014
543516,Dhyaani Tradeventtures Ltd,BSE,543516.BO,M,INE0K5F01014,None,7.95,INE0K5F01014
543351,Naapbooks Ltd,BSE,543351.BO,MS,INE0GOA01018,None,81.25,INE0GOA01018
543352,PlatinumOne Business Services Ltd,BSE,543352.BO,M,INE0DTJ01015,None,25.35,INE0DTJ01015
543357,Axis NIFTY India Consumption ETF,BSE,543357.BO,B,INF846K016C7,None,,INF846K016C7
543363,Prevest Denpro Ltd,BSE,543363.BO,M,INE0GAO01018,None,441.71,INE0GAO01018
543365,Mirae Asset S&P 500 Top 50 ETF,BSE,543365.BO,B,INF769K01HP3,None,,INF769K01HP3
543366,SBL Infratech Ltd,BSE,543366.BO,MT,INE0DLM01024,None,3.39,INE0DLM01024
543372,Getalong Enterprise Ltd,BSE,543372.BO,M,INE0H1201020,None,9.84,INE0H1201020
543373,Shri Venkatesh Refineries Ltd,BSE,543373.BO,MT,INE0HLJ01013,None,552.98,INE0HLJ01013
543375,Promax Power Ltd,BSE,543375.BO,M,INE0I2F01015,None,34.98,INE0I2F01015
543376,Samor Reality Ltd,BSE,543376.BO,B,INE0GD201014,None,215.04,INE0GD201014
543377,Adishakti Loha and Ispat Ltd,BSE,543377.BO,M,INE0CWK01019,None,14.19,INE0CWK01019
543378,CWD Ltd,BSE,543378.BO,MS,INE0H8H01019,None,736.81,INE0H8H01019
543326,ICICI Prudential Nifty FMCG ETF,BSE,543326.BO,B,INF109KC19V3,None,,INF109KC19V3
543282,Niks Technology Ltd,BSE,543282.BO,TS,INE0GX601011,None,17.91,INE0GX601011
543284,EKI Energy Services Ltd,BSE,543284.BO,B,INE0CPR01018,None,235.64,INE0CPR01018
543285,Rajeshwari Cans Ltd,BSE,543285.BO,M,INE0CQ101015,None,18.89,INE0CQ101015
543286,Jetmall Spices and Masala Ltd,BSE,543286.BO,MT,INE0D9X01018,None,40.13,INE0D9X01018
543289,Kuberan Global Edu Solutions Ltd,BSE,543289.BO,TS,INE04CO01018,None,5.99,INE04CO01018
543291,Mirae Asset NYSE FANG+ ETF,BSE,543291.BO,B,INF769K01HF4,None,,INF769K01HF4
543292,ICICI Prudential Nifty Healthcare ETF,BSE,543292.BO,B,INF109KC1Q72,None,,INF109KC1Q72
543309,Adeshwar Meditex Ltd,BSE,543309.BO,M,INE0H8J01015,None,23.16,INE0H8J01015
543310,Times Green Energy (India) Ltd,BSE,543310.BO,M,INE0B6101012,None,25.08,INE0B6101012
543312,Focus Business Solution Ltd,BSE,543312.BO,M,INE0DXR01010,None,126.07,INE0DXR01010
543319,AA Plus Tradelink Ltd,BSE,543319.BO,M,INE0C5901022,None,24.32,INE0C5901022
543323,Mirae Asset Nifty Financial Services ETF,BSE,543323.BO,B,INF769K01HI8,None,,INF769K01HI8
543383,ICICI Prudential Nifty India Consumption ETF,BSE,543383.BO,B,INF109KC1V42,None,,INF109KC1V42
543473,Aditya Birla Sun Life Nifty Healthcare ETF,BSE,543473.BO,B,INF209KB10C2,None,,INF209KB10C2
543444,Fabino Enterprises Ltd,BSE,543444.BO,MT,INE0DRT01018,None,4.27,INE0DRT01018
543450,ICICI Prudential Nifty Auto ETF,BSE,543450.BO,B,INF109KC10V2,None,,INF109KC10V2
543453,Alkosign Ltd,BSE,543453.BO,M,INE0KA601012,None,60.59,INE0KA601012
543454,Mirae Asset Nifty India Manufacturing ETF,BSE,543454.BO,B,INF769K01IB1,None,,INF769K01IB1
543460,Quality RO Industries Ltd,BSE,543460.BO,M,INE0KAF01018,None,17.47,INE0KAF01018
543461,Safa Systems & Technologies Ltd,BSE,543461.BO,M,INE0JNA01014,None,57.82,INE0JNA01014
543464,Maruti Interior Products Ltd,BSE,543464.BO,MT,INE0JSJ01014,None,444.85,INE0JSJ01014
543465,Motilal Oswal Nifty 200 Momentum 30 ETF,BSE,543465.BO,B,INF247L01BK2,None,,INF247L01BK2
543472,Aditya Birla Sunlife Nifty IT ETF,BSE,543472.BO,B,INF209KB11D8,None,,INF209KB11D8
543474,Aditya Birla Sun Life Nifty 50 ETF,BSE,543474.BO,B,INF209KB19D1,None,,INF209KB19D1
543475,Ekennis Software Service Ltd,BSE,543475.BO,MT,INE0KCM01010,None,17.1,INE0KCM01010
543481,Mirae Asset Nifty Midcap 150 ETF,BSE,543481.BO,B,INF769K01IC9,None,,INF769K01IC9
543497,Bhatia Colour Chem Ltd,BSE,543497.BO,M,INE0KQ001017,None,62.86,INE0KQ001017
543499,Achyut Healthcare Ltd,BSE,543499.BO,B,INE0K1401020,None,159.54,INE0K1401020
543500,Evoq Remedies Ltd,BSE,543500.BO,M,INE0JVD01011,None,7.05,INE0JVD01011
543501,Motilal Oswal BSE Low Volatility ETF,BSE,543501.BO,B,INF247L01BL0,None,,INF247L01BL0
543515,Sunrise Efficient Marketing Ltd,BSE,543515.BO,M,INE0KPY01017,None,82.91,INE0KPY01017
543443,Ascensive Educare Ltd,BSE,543443.BO,MS,INE0E4I01027,None,78.31,INE0E4I01027
543414,Mirae Asset Hang Seng TECH ETF,BSE,543414.BO,B,INF769K01HS7,None,,INF769K01HS7
543388,DSP Nifty 50 Equal Weight ETF,BSE,543388.BO,B,INF740KA1QK2,None,,INF740KA1QK2
543391,Suyog Gurbaxani Funicular Ropeways Ltd,BSE,543391.BO,M,INE07GA01011,None,223.76,INE07GA01011
543400,Omnipotent Industries Ltd,BSE,543400.BO,M,INE0JFE01012,None,1.71,INE0JFE01012
543410,DMR Engineering Ltd,BSE,543410.BO,M,INE07L501010,None,35.34,INE07L501010
543440,DSP Nifty 50 ETF,BSE,543440.BO,B,INF740KA1CL0,None,,INF740KA1CL0
543435,Clara Industries Ltd,BSE,543435.BO,M,INE0JJS01014,None,96.27,INE0JJS01014
543436,Wherrelz IT Solutions Ltd,BSE,543436.BO,TS,INE0IM001015,None,6.1,INE0IM001015
543437,Motilal Oswal Nasdaq Q 50 ETF,BSE,543437.BO,B,INF247L01AU3,None,,INF247L01AU3
543438,DSP Nifty Midcap 150 Quality 50 ETF,BSE,543438.BO,B,INF740KA1QL0,None,,INF740KA1QL0
543828,Sudarshan Pharma Industries Ltd,BSE,543828.BO,MT,INE00TV01023,None,842.31,INE00TV01023
543830,Labelkraft Technologies Ltd,BSE,543830.BO,M,INE0NLJ01011,None,18.82,INE0NLJ01011
544143,Royal Sense Ltd,BSE,544143.BO,M,INE0QQG01019,None,57.25,INE0QQG01019
544141,Pune E - Stock Broking Ltd,BSE,544141.BO,MT,INE510U01018,None,441.02,INE510U01018
544139,Koura Fine Diamond Jewelry Ltd,BSE,544139.BO,M,INE0M8R01011,None,22.46,INE0M8R01011
544130,Mirae Asset Nifty Smallcap 250 Momentum Quality 100 ETF,BSE,544130.BO,B,INF769K01LC3,None,,INF769K01LC3
544150,KP Green Engineering Ltd,BSE,544150.BO,M,INE0QVH01025,None,1842.5,INE0QVH01025
544151,Chatha Foods Ltd,BSE,544151.BO,M,INE0AH901011,None,173.39,INE0AH901011
544156,Gconnect Logitech and Supply Chain Ltd,BSE,544156.BO,M,INE0QHY01011,None,4.58,INE0QHY01011
544157,Vruddhi Engineering Works Ltd,BSE,544157.BO,M,INE0OMZ01013,None,58.04,INE0OMZ01013
544160,Jay Kailash Namkeen Ltd,BSE,544160.BO,MT,INE0MSS01019,None,23.25,INE0MSS01019
544163,Greenhitech Ventures Ltd,BSE,544163.BO,M,INE0S0701019,None,72.66,INE0S0701019
544164,Faalcon Concepts Ltd,BSE,544164.BO,M,INE0Q9W01015,None,37.03,INE0Q9W01015
544165,Shivam Chemicals Ltd,BSE,544165.BO,M,INE0SGR01013,None,177.51,INE0SGR01013
544166,Emmforce Autotech Ltd,BSE,544166.BO,M,INE0SDC01012,None,228.98,INE0SDC01012
544168,Varyaa Creations Ltd,BSE,544168.BO,M,INE0R6801013,None,14.37,INE0R6801013
544169,Amkay Products Ltd,BSE,544169.BO,M,INE0QSB01016,None,50.12,INE0QSB01016
544170,Dolphin Kitchen Utensils and Appliances Ltd,BSE,544170.BO,M,INE0QXT01018,None,12.28,INE0QXT01018
544123,LIC MF Nifty Midcap 100 ETF,BSE,544123.BO,B,INF767K01RN1,None,,INF767K01RN1
544072,AIK Pipes and Polymers Ltd,BSE,544072.BO,MT,INE0QFT01015,None,15.24,INE0QFT01015
544073,Manoj Ceramic Ltd,BSE,544073.BO,MT,INE0A6N01026,None,125.2,INE0A6N01026
544074,Shri Balaji Valve Components Ltd,BSE,544074.BO,M,INE0RNZ01014,None,88.13,INE0RNZ01014
544080,Sayaji Hotels (Indore) Ltd,BSE,544080.BO,X,INE0MGS01014,None,335.13,INE0MGS01014
544082,New Swan Multitech Ltd,BSE,544082.BO,M,INE0GEN01012,None,79.87,INE0GEN01012
544083,Shree Marutinandan Tubes Ltd,BSE,544083.BO,M,INE0QIS01011,None,23.49,INE0QIS01011
544090,Sayaji Hotels (Pune) Ltd,BSE,544090.BO,X,INE07G501017,None,243.73,INE07G501017
544091,Qualitek Labs Ltd,BSE,544091.BO,M,INE0Q1R01012,None,475.4,INE0Q1R01012
544092,Bajaj Finserv Nifty 50 ETF,BSE,544092.BO,B,INF0QA701722,None,,INF0QA701722
544093,Bajaj Finserv Nifty Bank ETF,BSE,544093.BO,B,INF0QA701714,None,,INF0QA701714
544094,Euphoria Infotech (India) Ltd,BSE,544094.BO,M,INE0PYT01018,None,9.36,INE0PYT01018
544121,Rudra Gas Enterprise Ltd,BSE,544121.BO,M,INE0OYK01010,None,67.79,INE0OYK01010
544101,Brisk Technovision Ltd,BSE,544101.BO,M,INE0Q6L01014,None,18.7,INE0Q6L01014
544102,UTI NIFTY IT ETF,BSE,544102.BO,B,INF789F1AZD8,None,,INF789F1AZD8
544105,Harshdeep Hortico Ltd,BSE,544105.BO,M,INE0OLZ01015,None,128.99,INE0OLZ01015
544106,Mayank Cattle Food Ltd,BSE,544106.BO,M,INE0R5Z01015,None,108.57,INE0R5Z01015
544108,Gabriel Pet Straps Ltd,BSE,544108.BO,M,INE0QZF01012,None,75.62,INE0QZF01012
544109,DSP Nifty Healthcare ETF,BSE,544109.BO,B,INF740KA1UF4,None,,INF740KA1UF4
544110,HDFC Nifty PSU Bank ETF,BSE,544110.BO,B,INF179KC1HW4,None,,INF179KC1HW4
544112,Jasch Gauging Technologies Ltd,BSE,544112.BO,X,INE0QXV01014,None,235.66,INE0QXV01014
544171,Storage Technologies and Automation Ltd,BSE,544171.BO,M,INE0RGM01016,None,36.85,INE0RGM01016
544173,Finelistings Technologies Ltd,BSE,544173.BO,MT,INE0QOQ01013,None,7.99,INE0QOQ01013
543831,Bright Outdoor Media Ltd,BSE,543831.BO,M,INE0OMI01019,None,818.37,INE0OMI01019
544221,Kizi Apparels Ltd,BSE,544221.BO,M,INE0RMR01013,None,11.42,INE0RMR01013
544224,Afcom Holdings Ltd,BSE,544224.BO,M,INE0OXY01013,None,2500.08,INE0OXY01013
544220,Clinitech Laboratory Ltd,BSE,544220.BO,M,INE0QMR01015,None,8.63,INE0QMR01015
544219,VVIP Infratech Ltd,BSE,544219.BO,M,INE0MNP01016,None,308.88,INE0MNP01016
544218,Aditya Birla Sun Life Nifty PSE ETF,BSE,544218.BO,B,INF209KB19Z4,None,,INF209KB19Z4
544216,ICICI Prudential Nifty Oil & Gas ETF,BSE,544216.BO,B,INF109KC18W3,None,,INF109KC18W3
544215,SBI NIFTY50 EQUAL WEIGHT ETF,BSE,544215.BO,B,INF200KB1282,None,,INF200KB1282
544214,Three M Paper Boards Ltd,BSE,544214.BO,M,INE0UK501010,None,50.02,INE0UK501010
544229,ICICI Prudential Nifty Metal ETF,BSE,544229.BO,B,INF109KC19W1,None,,INF109KC19W1
544231,Broach Lifecare Hospital Ltd,BSE,544231.BO,M,INE0SFZ01018,None,10.31,INE0SFZ01018
544236,Resourceful Automobile Ltd,BSE,544236.BO,MT,INE0SK201011,None,12.16,INE0SK201011
544237,Rapid Multimodal logistics Ltd,BSE,544237.BO,M,INE0QA901010,None,50.5,INE0QA901010
544241,Mirae Asset Nifty500 Multicap 50:25:25 ETF,BSE,544241.BO,B,INF769K01LX9,None,,INF769K01LX9
544242,Travels & Rentals Ltd,BSE,544242.BO,MT,INE0SG001011,None,29.17,INE0SG001011
544245,Naturewings Holidays Ltd,BSE,544245.BO,M,INE0N4701016,None,28.76,INE0N4701016
544213,Aelea Commodities Ltd,BSE,544213.BO,M,INE0T3401029,None,303.39,INE0T3401029
544212,Mirae Asset Nifty EV and New Age Automotive ETF,BSE,544212.BO,B,INF769K01LQ3,None,,INF769K01LQ3
544190,3C IT Solutions and Telecoms (India) Ltd,BSE,544190.BO,M,INE0R7D01018,None,10.96,INE0R7D01018
544175,TGIF Agribusiness Ltd,BSE,544175.BO,M,INE0SMU01015,None,25.88,INE0SMU01015
544177,Aztec Fluids & Machinery Ltd,BSE,544177.BO,M,INE0SCB01016,None,114.24,INE0SCB01016
544178,Piotex Industries Ltd,BSE,544178.BO,M,INE0R4W01015,None,17.35,INE0R4W01015
544180,Mirae Asset Nifty Midsmallcap400 Momentum Quality 100 ETF,BSE,544180.BO,B,INF769K01LJ8,None,,INF769K01LJ8
544183,Associated Coaters Ltd,BSE,544183.BO,M,INE0RIQ01013,None,11.76,INE0RIQ01013
544185,Adtech Systems Ltd,BSE,544185.BO,X,INE257C01014,None,70.54,INE257C01014
544186,Forbes Precision Tools and Machine Parts Ltd,BSE,544186.BO,X,INE0TT901016,None,764.11,INE0TT901016
544188,Magenta Lifecare Ltd,BSE,544188.BO,M,INE0QZ901011,None,6.25,INE0QZ901011
544189,Sattrix Information Security Ltd,BSE,544189.BO,M,INE0QUV01010,None,406.16,INE0QUV01010
544191,Purple Finance Ltd,BSE,544191.BO,X,INE0CYK01015,None,393.79,INE0CYK01015
544193,ZERODHA NIFTY MIDCAP 150 ETF,BSE,544193.BO,B,INF0R8F01059,None,,INF0R8F01059
544194,ZERODHA NIFTY 100 ETF,BSE,544194.BO,B,INF0R8F01067,None,,INF0R8F01067
544195,United Cotfab Ltd,BSE,544195.BO,M,INE0S0I01011,None,30.32,INE0S0I01011
544196,Baroda BNP Paribas Nifty Bank ETF,BSE,544196.BO,B,INF251K01TL6,None,,INF251K01TL6
544199,GEM Enviro Management Ltd,BSE,544199.BO,M,INE0RUJ01013,None,94.71,INE0RUJ01013
544201,Dindigul Farm Product Ltd,BSE,544201.BO,MT,INE0S6R01027,None,44.14,INE0S6R01027
543939,Kaka Industries Ltd,BSE,543939.BO,M,INE0P3N01018,None,236.66,INE0P3N01018
543944,Mirae Asset Nifty Bank ETF,BSE,543944.BO,B,INF769K01KR3,None,,INF769K01KR3
543943,Asarfi Hospital Ltd,BSE,543943.BO,M,INE0DN001027,None,426.8,INE0DN001027
543941,Ahasolar Technologies Ltd,BSE,543941.BO,M,INE0NEV01011,None,23.76,INE0NEV01011
543938,Acceleratebs India Ltd,BSE,543938.BO,M,INE0POP01017,None,35.62,INE0POP01017
543937,Alphalogic Industries Ltd,BSE,543937.BO,M,INE0NZF01019,None,166.08,INE0NZF01019
543935,DSP Nifty IT ETF,BSE,543935.BO,B,INF740KA1SX1,None,,INF740KA1SX1
543934,Machhar Industries Ltd,BSE,543934.BO,X,INE01BT01015,None,25.93,INE01BT01015
543947,DSP BSE Sensex ETF,BSE,543947.BO,A,INF740KA1SZ6,None,,INF740KA1SZ6
543948,DSP Nifty PSU Bank ETF,BSE,543948.BO,B,INF740KA1SY9,None,,INF740KA1SY9
543949,DSP Nifty Private Bank ETF,BSE,543949.BO,B,INF740KA1TA7,None,,INF740KA1TA7
543953,Khazanchi Jewellers Ltd,BSE,543953.BO,M,INE0OWC01011,None,1547.92,INE0OWC01011
543956,ICICI Prudential Nifty 200 Quality 30 ETF,BSE,543956.BO,B,INF109KC18V5,None,,INF109KC18V5
543963,Shelter Pharma Ltd,BSE,543963.BO,M,INE013V01011,None,50.49,INE013V01011
543931,Veefin Solutions Ltd,BSE,543931.BO,M,INE0Q0M01015,None,801.43,INE0Q0M01015
543905,Innokaiz India Ltd,BSE,543905.BO,MT,INE0LDI01022,None,15.92,INE0LDI01022
543843,Command Polymers Ltd,BSE,543843.BO,MT,INE0LKQ01012,None,21.57,INE0LKQ01012
543848,Dev Labtech Venture Ltd,BSE,543848.BO,MT,INE0NIJ01025,None,121.0,INE0NIJ01025
543853,AXIS S&P BSE SENSEX ETF,BSE,543853.BO,B,INF846K010Q0,None,,INF846K010Q0
543858,Mirae Asset Nifty 100 Low Volatility 30 ETF,BSE,543858.BO,B,INF769K01JU9,None,,INF769K01JU9
543860,J.A. Finance Ltd,BSE,543860.BO,X,INE825B01010,None,95.84,INE825B01010
543874,Maiden Forgings Ltd,BSE,543874.BO,M,INE0O1T01010,None,115.12,INE0O1T01010
543895,Exhicon Events Media Solutions Ltd,BSE,543895.BO,M,INE0O8901016,None,641.38,INE0O8901016
543897,Sancode Technologies Ltd,BSE,543897.BO,MT,INE0P7001013,None,95.31,INE0P7001013
543902,Retina Paints Ltd,BSE,543902.BO,M,INE0NTC01019,None,70.41,INE0NTC01019
543928,Cosmic CRF Ltd,BSE,543928.BO,MT,INE0ORA01015,None,938.15,INE0ORA01015
543914,Swati Projects Ltd,BSE,543914.BO,X,INE210F01016,None,34.76,INE210F01016
543916,Hemant Surgical Industries Ltd,BSE,543916.BO,MT,INE0GYI01028,None,481.12,INE0GYI01028
543920,CFF Fluid Control Ltd,BSE,543920.BO,M,INE0NJ001013,None,1484.86,INE0NJ001013
543921,Comrade Appliances Ltd,BSE,543921.BO,M,INE0NXA01015,None,24.89,INE0NXA01015
543924,Sonalis Consumer Products Ltd,BSE,543924.BO,M,INE0N5O01013,None,24.88,INE0N5O01013
543926,Bizotic Commercial Ltd,BSE,543926.BO,MT,INE0OJ401014,None,741.95,INE0OJ401014
543927,Asian Warehousing Ltd,BSE,543927.BO,X,INE04Z101016,None,12.36,INE04Z101016
543970,Shoora Designs Ltd,BSE,543970.BO,MT,INE0OJZ01019,None,33.2,INE0OJZ01019
543971,Bondada Engineering Ltd,BSE,543971.BO,M,INE0Q8P01029,None,3597.5,INE0Q8P01029
544035,Swashthik Plascon Ltd,BSE,544035.BO,M,INE0RDR01012,None,41.86,INE0RDR01012
544013,KK Shah Hospitals Ltd,BSE,544013.BO,M,INE0OH401016,None,29.48,INE0OH401016
544015,Mish Designs Ltd,BSE,544015.BO,M,INE0QI101019,None,10.06,INE0QI101019
544023,Kalyani Cast-Tech Ltd,BSE,544023.BO,MT,INE0N6U01018,None,409.4,INE0N6U01018
544025,Arrowhead Seperation Engineering Ltd,BSE,544025.BO,M,INE0PP401015,None,13.1,INE0PP401015
544036,Deepak Chemtex Ltd,BSE,544036.BO,M,INE0RDM01013,None,87.26,INE0RDM01013
544037,Amic Forging Ltd,BSE,544037.BO,M,INE0P9J01013,None,1819.99,INE0P9J01013
544047,Siyaram Recycling Industries Ltd,BSE,544047.BO,MT,INE0QSK01017,None,74.3,INE0QSK01017
544052,Benchmark Computer Solutions Ltd,BSE,544052.BO,MT,INE0Q2Z01013,None,26.14,INE0Q2Z01013
544056,Sahara Maritime Ltd,BSE,544056.BO,M,INE0PSJ01011,None,5.62,INE0PSJ01011
544059,Shanti Spintex Ltd,BSE,544059.BO,M,INE0QZQ01019,None,72.62,INE0QZQ01019
544011,Vrundavan Plantation Ltd,BSE,544011.BO,M,INE0Q6901013,None,19.87,INE0Q6901013
543975,UTI NIFTY MIDCAP 150 ETF,BSE,543975.BO,B,INF789F1AYX9,None,,INF789F1AYX9
543976,Shradha AI Technologies Ltd,BSE,543976.BO,X,INE489B01031,None,170.36,INE489B01031
543979,Kahan Packaging Ltd,BSE,543979.BO,M,INE04T901017,None,10.88,INE04T901017
543982,Quest Flow Controls Ltd,BSE,543982.BO,MT,INE0OYE01013,None,227.21,INE0OYE01013
543991,Techknowgreen Solutions Ltd,BSE,543991.BO,M,INE0P4P01011,None,102.58,INE0P4P01011
544007,Mirae Asset Nifty 200 Alpha 30 ETF,BSE,544007.BO,B,INF769K01KU7,None,,INF769K01KU7
543993,ARCL Organics Ltd,BSE,543993.BO,X,INE372M01010,None,142.36,INE372M01010
543997,Organic Recycling Systems Ltd,BSE,543997.BO,M,INE0MIO01019,None,203.28,INE0MIO01019
543999,Mirae Asset S&P BSE Sensex ETF,BSE,543999.BO,A,INF769K01KT9,None,,INF769K01KT9
544000,City Crops Agro Ltd,BSE,544000.BO,MT,INE0M7501019,None,39.42,INE0M7501019
544001,Sunita Tools Ltd,BSE,544001.BO,MT,INE0Q1S01010,None,420.01,INE0Q1S01010
544002,Vivaa Tradecom Ltd,BSE,544002.BO,M,INE0PA601017,None,21.07,INE0PA601017
544006,Mirae Asset Nifty IT ETF,BSE,544006.BO,B,INF769K01KV5,None,,INF769K01KV5
532825,Jagjanani Textiles Ltd,BSE,532825.BO,X,INE702H01018,None,7.41,INE702H01018
512109,Aviva Industries Ltd,BSE,512109.BO,X,INE461H01011,None,159.96,INE461H01011
512157,Terraform Realstate Ltd,BSE,512157.BO,P,INE123V01018,None,,INE123V01018
512149,Avance Technologies Ltd,BSE,512149.BO,X,INE758A01072,None,198.19,INE758A01072
512115,Rose Merc Ltd,BSE,512115.BO,X,INE649C01012,None,39.82,INE649C01012
512097,Saianand Commercial Ltd,BSE,512097.BO,X,INE092G01024,None,5.23,INE092G01024
512399,Sera Investments & Finance India Ltd,BSE,512399.BO,X,INE017I01027,None,273.63,INE017I01027
512064,Vishvprabha Ventures Ltd,BSE,512064.BO,X,INE762D01011,None,11.9,INE762D01011
512063,Wardwizard Healthcare Ltd,BSE,512063.BO,P,INE048E01013,None,1.11,INE048E01013
512060,Ventura Guaranty Ltd,BSE,512060.BO,P,INE139J01019,None,,INE139J01019
512048,Dhansafal Finserve Ltd,BSE,512048.BO,X,INE195E01020,None,56.79,INE195E01020
512175,Vama Industries Ltd,BSE,512175.BO,X,INE685D01022,None,20.18,INE685D01022
512195,Bentley Commercial Enterprises Ltd,BSE,512195.BO,P,INE496M01017,None,,INE496M01017
512245,Nivi Trading Ltd,BSE,512245.BO,P,INE552F01011,None,,INE552F01011
512247,Ashirwad Capital Ltd,BSE,512247.BO,X,INE894A01026,None,24.21,INE894A01026
512257,Swasti Vinayaka Art And Heritage Corporation Ltd,BSE,512257.BO,X,INE895A01023,None,33.48,INE895A01023
512277,Autoriders International Ltd,BSE,512277.BO,X,INE340U01010,None,114.52,INE340U01010
512291,Speedage Commercials Ltd,BSE,512291.BO,P,INE497M01015,None,0.93,INE497M01015
512303,Mansoon Trading Company Ltd,BSE,512303.BO,P,INE776V01013,None,,INE776V01013
512344,Aravali Securities & Finance Ltd,BSE,512344.BO,X,INE068C01015,None,6.23,INE068C01015
512367,Sheraton Properties & Finance Ltd,BSE,512367.BO,P,INE495M01019,None,1.38,INE495M01019
512379,Cressanda Railway Solutions Ltd,BSE,512379.BO,X,INE716D01033,None,110.02,INE716D01033
512036,Skybiotech Healthcare Ltd,BSE,512036.BO,X,INE393H01016,None,35.62,INE393H01016
512025,Asgard Alcobev Ltd,BSE,512025.BO,X,INE767M01029,None,1007.5,INE767M01029
511626,RR Financial Consultants Ltd,BSE,511626.BO,X,INE229D01011,None,58.96,INE229D01011
511636,DJS Stock & Shares Ltd,BSE,511636.BO,X,INE234E01027,None,13.81,INE234E01027
511654,Sugal & Damani Share Brokers Ltd,BSE,511654.BO,X,INE309D01011,None,36.56,INE309D01011
511658,Nettlinx Ltd,BSE,511658.BO,X,INE027D01019,None,40.91,INE027D01019
511664,BGIL Films & Technologies Ltd,BSE,511664.BO,X,INE443D01018,None,7.93,INE443D01018
511692,Ajcon Global Services Ltd,BSE,511692.BO,X,INE759C01027,None,37.8,INE759C01027
511696,Chartered Capital & Investment Ltd,BSE,511696.BO,X,INE953B01010,None,78.3,INE953B01010
511700,Standard Capital Markets Ltd,BSE,511700.BO,X,INE625D01028,None,93.27,INE625D01028
511702,YOGI Ltd,BSE,511702.BO,X,INE290E01011,None,745.37,INE290E01011
511712,Relic Technologies Ltd,BSE,511712.BO,X,INE452B01013,None,39.13,INE452B01013
511716,Invigorated Business Consulting Ltd,BSE,511716.BO,X,INE359A01012,None,24.31,INE359A01012
511728,KZ Leasing & Finance Ltd,BSE,511728.BO,X,INE006C01015,None,5.3,INE006C01015
511738,Mehta Securities Ltd,BSE,511738.BO,X,INE241B01010,None,8.06,INE241B01010
511758,Mansi Finance (Chennai) Ltd,BSE,511758.BO,X,INE094E01017,None,21.92,INE094E01017
511764,Aastamangalam Finance Ltd,BSE,511764.BO,X,INE819K01014,None,52.35,INE819K01014
512004,Nilkanth Engineering Ltd,BSE,512004.BO,P,INE582V01015,None,,INE582V01015
512014,Sobhagya Mercantile Ltd,BSE,512014.BO,X,INE754D01018,None,840.47,INE754D01018
512018,Tomorrow Technologies Global Innovations Ltd,BSE,512018.BO,X,INE135H01029,None,96.89,INE135H01029
512404,Bengal Steel Industries Ltd,BSE,512404.BO,P,INE523W01017,None,0.02,INE523W01017
511609,ISL Consulting Ltd,BSE,511609.BO,X,INE569B01022,None,51.12,INE569B01022
513252,Jay Ushin Ltd,BSE,513252.BO,X,INE289D01015,None,349.83,INE289D01015
513173,Steel Strips Infrastructures Ltd,BSE,513173.BO,X,INE205F01016,None,17.51,INE205F01016
513149,Acrow India Ltd,BSE,513149.BO,X,INE950D01012,None,57.53,INE950D01012
513117,Amforge Industries Ltd,BSE,513117.BO,X,INE991A01020,None,11.12,INE991A01020
512415,Mercury Trade Links Ltd,BSE,512415.BO,X,INE319T01016,None,8.63,INE319T01016
513063,Trans Freight Containers Ltd,BSE,513063.BO,X,INE360D01014,None,17.27,INE360D01014
513059,GS Auto International Ltd,BSE,513059.BO,X,INE736H01024,None,56.96,INE736H01024
513043,Remi Edelstahl Tubulars Ltd,BSE,513043.BO,X,INE158G01015,None,249.58,INE158G01015
513295,Imec Services Ltd,BSE,513295.BO,X,INE611C01020,None,29.56,INE611C01020
513303,Modern Steels Ltd-$,BSE,513303.BO,X,INE001F01019,None,18.19,INE001F01019
513307,Belding India Ltd,BSE,513307.BO,X,INE363L01045,None,1960.51,INE363L01045
513337,Gujarat Toolroom Ltd,BSE,513337.BO,B,INE145J01032,None,76.58,INE145J01032
513353,Cochin Minerals & Rutiles Ltd-$,BSE,513353.BO,X,INE105D01013,None,198.61,INE105D01013
513369,Krishanveer Forge Ltd,BSE,513369.BO,X,INE013J01016,None,145.06,INE013J01016
513397,Vallabh Steels Ltd-$,BSE,513397.BO,X,INE457E01016,None,5.16,INE457E01016
513418,Smiths & Founders (India) Ltd,BSE,513418.BO,X,INE728B01032,None,76.91,INE728B01032
513422,Bloom Industries Ltd,BSE,513422.BO,X,INE373E01015,None,21.45,INE373E01015
513456,Kanishk Steel Industries Ltd,BSE,513456.BO,X,INE791E01018,None,152.67,INE791E01018
513472,Simplex Castings Ltd,BSE,513472.BO,X,INE658D01011,None,400.33,INE658D01011
513488,Shree Steel Wire Ropes Ltd,BSE,513488.BO,X,INE387D01025,None,6.68,INE387D01025
513005,Chrome Silicon Ltd-$,BSE,513005.BO,X,INE114E01013,None,18.48,INE114E01013
512634,Savera Industries Ltd,BSE,512634.BO,X,INE104E01014,None,185.18,INE104E01014
512425,Nirav Commercials Ltd,BSE,512425.BO,X,INE242B01018,None,33.65,INE242B01018
512433,Asutosh Enterprise Ltd,BSE,512433.BO,P,INE508W01018,None,,INE508W01018
512437,Apollo Finvest India Ltd,BSE,512437.BO,X,INE412D01013,None,117.5,INE412D01013
512441,Enbee Trade & Finance Ltd,BSE,512441.BO,X,INE993I01029,None,25.1,INE993I01029
512443,Ganon Products Ltd,BSE,512443.BO,X,INE162L01017,None,13.77,INE162L01017
512453,Shri Jagdamba Polymers Ltd,BSE,512453.BO,X,INE564J01026,None,494.74,INE564J01026
512461,Punctual Trading Ltd,BSE,512461.BO,P,INE07NX01019,None,,INE07NX01019
512477,Betex India Ltd,BSE,512477.BO,X,INE765L01017,None,70.5,INE765L01017
512493,Garnet International Ltd,BSE,512493.BO,X,INE590B01010,None,131.99,INE590B01010
512499,Shalimar Productions Ltd,BSE,512499.BO,X,INE435E01020,None,42.33,INE435E01020
512527,Super Sales India Ltd-$,BSE,512527.BO,X,INE091C01017,None,257.47,INE091C01017
512624,Regent Enterprises Ltd,BSE,512624.BO,X,INE769D01016,None,19.81,INE769D01016
512565,Neelkanth Ltd-$,BSE,512565.BO,X,INE581D01015,None,16.35,INE581D01015
512587,Zodiac-JRD-MKJ Ltd,BSE,512587.BO,X,INE077B01018,None,40.01,INE077B01018
512589,Sita Enterprises Ltd,BSE,512589.BO,X,INE579D01019,None,44.37,INE579D01019
512591,Pulsar International Ltd,BSE,512591.BO,X,INE183U01022,None,25.7,INE183U01022
512595,Manbro Industries Ltd,BSE,512595.BO,X,INE348N01042,None,393.89,INE348N01042
512600,Astal Laboratories Ltd,BSE,512600.BO,X,INE307N01014,None,301.84,INE307N01014
512604,Haria Exports Ltd-$,BSE,512604.BO,X,INE772B01014,None,6.66,INE772B01014
512618,RLF Ltd,BSE,512618.BO,X,INE629C01014,None,8.87,INE629C01014
509472,Cravatex Ltd,BSE,509472.BO,X,INE145E01017,None,91.83,INE145E01017
509470,Bombay Oxygen Investments Ltd,BSE,509470.BO,X,INE01TL01014,None,288.83,INE01TL01014
509449,Bhagawati Oxygen Ltd,BSE,509449.BO,X,INE026I01010,None,7.69,INE026I01010
509438,Benares Hotels Ltd,BSE,509438.BO,B,INE664D01019,None,1335.1,INE664D01019
509423,Sanathnagar Enterprises Ltd,BSE,509423.BO,X,INE367E01033,None,47.68,INE367E01033
509196,MM Rubber Company Ltd,BSE,509196.BO,X,INE159E01026,None,39.07,INE159E01026
509762,Mapro Industries Ltd,BSE,509762.BO,X,INE848M01019,None,37.75,INE848M01019
509162,Indag Rubber Ltd-$,BSE,509162.BO,X,INE802D01023,None,225.78,INE802D01023
509073,Hathway Bhawani Cabletel & Datacom Ltd,BSE,509073.BO,X,INE525B01016,None,10.32,INE525B01016
509486,Caprihans India Ltd-$,BSE,509486.BO,X,INE479A01018,None,116.25,INE479A01018
509525,Empire Industries Ltd,BSE,509525.BO,X,INE515H01014,None,602.61,INE515H01014
509563,Garware Marine Industries Ltd,BSE,509563.BO,X,INE925D01014,None,12.56,INE925D01014
509597,Hardcastle & Waud Manufacturing Company Ltd,BSE,509597.BO,X,INE722D01015,None,53.0,INE722D01015
509053,Banas Finance Ltd,BSE,509053.BO,X,INE521L01030,None,61.0,INE521L01030
509051,Indian Infotech & Software Ltd,BSE,509051.BO,X,INE300B01022,None,105.49,INE300B01022
508905,Nexome Capital Markets Ltd,BSE,508905.BO,X,INE641A01013,None,120.61,INE641A01013
507966,Ras Resorts & Apart Hotels Ltd,BSE,507966.BO,X,INE651D01016,None,20.66,INE651D01016
507970,Paramount Cosmetics India Ltd,BSE,507970.BO,X,INE143I01013,None,16.75,INE143I01013
507981,Jindal Hotels Ltd,BSE,507981.BO,X,INE726D01016,None,42.78,INE726D01016
507987,Jupiter Industries & Leasing Ltd,BSE,507987.BO,P,INE990E01016,None,0.4,INE990E01016
508494,Warren Tea Ltd-$,BSE,508494.BO,X,INE712A01012,None,55.28,INE712A01012
508571,Cochin Malabar Estates & Industries Ltd,BSE,508571.BO,X,INE788M01017,None,24.15,INE788M01017
508664,Best Eastern Hotels Ltd,BSE,508664.BO,X,INE553F01035,None,19.8,INE553F01035
508807,I S T Ltd,BSE,508807.BO,B,INE684B01029,None,773.33,INE684B01029
508875,Nitin Castings Ltd,BSE,508875.BO,X,INE861H01020,None,295.63,INE861H01020
509040,Netlink Solutions India Ltd,BSE,509040.BO,X,INE040F01033,None,51.24,INE040F01033
508918,Ironwood Education Ltd,BSE,508918.BO,X,INE791H01011,None,73.15,INE791H01011
508941,Panasonic Carbon India Company Ltd-$,BSE,508941.BO,X,INE013E01017,None,228.29,INE013E01017
508956,HB Leasing & Finance Company Ltd,BSE,508956.BO,X,INE549B01016,None,14.05,INE549B01016
508969,Sulabh Engineers & Services Ltd,BSE,508969.BO,X,INE673M01029,None,27.33,INE673M01029
508980,Frontier Capital Ltd,BSE,508980.BO,X,INE977E01013,None,11.58,INE977E01013
509015,Thakral Services India Ltd,BSE,509015.BO,X,INE190F01028,None,16.9,INE190F01028
509024,Golden Legand Leasing & finance Ltd,BSE,509024.BO,X,INE088E01019,None,13.46,INE088E01019
509026,VJTF Eduservices Ltd,BSE,509026.BO,X,INE117F01013,None,106.76,INE117F01013
509038,Voltaire Leasing & Finance Ltd,BSE,509038.BO,X,INE763D01019,None,5.43,INE763D01019
509760,Modern Shares & Stockbrokers Ltd,BSE,509760.BO,X,INE370A01019,None,10.26,INE370A01019
511601,Yash Management & Satellite Ltd,BSE,511601.BO,X,INE216B01012,None,16.9,INE216B01012
511501,Bharat Bhushan Finance & Commodity Brokers Ltd,BSE,511501.BO,X,INE900A01013,None,16.5,INE900A01013
511493,Shrydus Industries Ltd,BSE,511493.BO,X,INE488C01015,None,10.02,INE488C01015
511463,Alexander Stamps And Coin Ltd,BSE,511463.BO,X,INE191N01012,None,7.64,INE191N01012
511451,Dharani Finance Ltd,BSE,511451.BO,X,INE899D01011,None,6.09,INE899D01011
511441,Gujarat Credit Corporation Ltd,BSE,511441.BO,X,INE034B01019,None,7.13,INE034B01019
509835,Premier Synthetics Ltd,BSE,509835.BO,X,INE940N01012,None,7.34,INE940N01012
511411,Shristi Infrastructure Development Corporation Ltd,BSE,511411.BO,X,INE472C01027,None,74.17,INE472C01027
511401,Munoth Communication Ltd,BSE,511401.BO,X,INE410E01015,None,5.39,INE410E01015
511391,Inter Globe Finance Ltd,BSE,511391.BO,X,INE661M01016,None,82.72,INE661M01016
511377,Mehta Integrated Finance Ltd,BSE,511377.BO,X,INE240B01012,None,15.25,INE240B01012
511359,Ad-Manum Finance Ltd,BSE,511359.BO,X,INE556D01017,None,47.78,INE556D01017
511355,India Cements Capital Ltd,BSE,511355.BO,X,INE429D01017,None,32.49,INE429D01017
511507,Ushakiran Finance Ltd,BSE,511507.BO,X,INE697C01011,None,9.39,INE697C01011
511509,Vivo Bio Tech Ltd,BSE,511509.BO,X,INE380K01017,None,54.12,INE380K01017
511523,Veerhealth Care Ltd,BSE,511523.BO,X,INE882C01035,None,48.92,INE882C01035
511525,Pan India Corporation Ltd,BSE,511525.BO,X,INE376A01032,None,23.73,INE376A01032
511533,Sahara Housingfina Corporation Ltd,BSE,511533.BO,X,INE135C01012,None,28.74,INE135C01012
511535,NDA Securities Ltd,BSE,511535.BO,X,INE026C01013,None,19.2,INE026C01013
511539,Supra Trends Ltd,BSE,511539.BO,X,INE533B01028,None,34.4,INE533B01028
511543,GSB Finance Ltd,BSE,511543.BO,X,INE777C01011,None,23.23,INE777C01011
511549,Morarka Finance Ltd,BSE,511549.BO,X,INE367A01015,None,33.58,INE367A01015
511571,Crescentis Capital Ltd,BSE,511571.BO,X,INE754C01010,None,200.42,INE754C01010
511577,Mantra Capital Ltd,BSE,511577.BO,X,INE304E01010,None,57.01,INE304E01010
511585,Befound Movement Ltd,BSE,511585.BO,X,INE425F01028,None,3.8,INE425F01028
511593,Libord Finance Ltd,BSE,511593.BO,X,INE212B01011,None,25.83,INE212B01011
511260,Iconik Sports And Events Ltd,BSE,511260.BO,X,INE088P01015,None,145.83,INE088P01015
511246,Bombay Talkies Ltd,BSE,511246.BO,X,INE910D01024,None,19.22,INE910D01024
511066,Sakthi Finance Ltd,BSE,511066.BO,X,INE302E01014,None,176.58,INE302E01014
509845,RJ Shah & Company Ltd,BSE,509845.BO,P,INE712Z01019,None,12.71,INE712Z01019
509870,Shah Construction Company Ltd,BSE,509870.BO,X,INE02C301011,None,0.98,INE02C301011
509895,Hindoostan Mills Ltd,BSE,509895.BO,X,INE832D01020,None,27.06,INE832D01020
509910,Southern Gas Ltd,BSE,509910.BO,P,INE532U01012,None,0.06,INE532U01012
509960,UP Hotels Ltd,BSE,509960.BO,X,INE726E01014,None,772.2,INE726E01014
510245,Swasti Vinayaka Synthetics Ltd,BSE,510245.BO,X,INE804A01025,None,34.2,INE804A01025
511000,Madhusudan Securities Ltd,BSE,511000.BO,X,INE856D01011,None,38.62,INE856D01011
511016,Premier Capital Services Ltd,BSE,511016.BO,X,INE946K01023,None,15.75,INE946K01023
511018,Milgrey Finance & Investments Ltd,BSE,511018.BO,X,INE679T01013,None,91.61,INE679T01013
511092,JMD Ventures Ltd,BSE,511092.BO,X,INE047E01031,None,15.01,INE047E01031
511110,V B Desai Financial Services Ltd,BSE,511110.BO,X,INE848D01018,None,7.92,INE848D01018
511122,First Custodian Fund India Ltd,BSE,511122.BO,X,INE609B01018,None,10.95,INE609B01018
511131,Kamanwala Housing Construction Ltd,BSE,511131.BO,X,INE344D01018,None,23.78,INE344D01018
511147,WSFx Global Pay Ltd,BSE,511147.BO,X,INE549D01012,None,77.98,INE549D01012
511153,Anjani Foods Ltd,BSE,511153.BO,X,INE096I01021,None,47.51,INE096I01021
511176,Parshwanath Corporation Ltd,BSE,511176.BO,X,INE635I01018,None,23.18,INE635I01018
511185,Rajvi Logitrade Ltd,BSE,511185.BO,X,INE381N01019,None,11.6,INE381N01019
511187,Millennium Online Solutions ( India ) Ltd,BSE,511187.BO,X,INE570N01025,None,7.85,INE570N01025
513498,Southern Magnesium & Chemicals Ltd,BSE,513498.BO,X,INE308N01012,None,23.2,INE308N01012
513502,Baroda Extrusion Ltd,BSE,513502.BO,X,INE927K01023,None,166.0,INE927K01023
513507,Gujarat Containers Ltd,BSE,513507.BO,P,INE276I01011,None,103.21,INE276I01011
519475,Chordia Food Products Ltd,BSE,519475.BO,X,INE975C01011,None,28.8,INE975C01011
519506,NCC Bluewater Products Ltd,BSE,519506.BO,P,INE630N01019,None,16.16,INE630N01019
519500,BKV Industries Ltd,BSE,519500.BO,X,INE356C01022,None,16.96,INE356C01022
519479,Omega Ag-Seeds Punjab Ltd,BSE,519479.BO,X,INE112B01013,None,7.27,INE112B01013
519477,CIAN Agro Industries & Infrastructure Ltd,BSE,519477.BO,T,INE052V01019,None,4000.02,INE052V01019
519471,Ambar Protein Industries Ltd,BSE,519471.BO,X,INE072V01017,None,90.85,INE072V01017
520081,Eastcoast Steel Ltd,BSE,520081.BO,P,INE315F01013,None,9.2,INE315F01013
519457,Virat Crane Industries Ltd,BSE,519457.BO,X,INE295C01014,None,72.63,INE295C01014
519421,KSE Ltd-$,BSE,519421.BO,X,INE953E01022,None,604.96,INE953E01022
519415,KMG Milk Food Ltd,BSE,519415.BO,P,INE873N01015,None,26.52,INE873N01015
519413,Datiware Maritime Infra Ltd,BSE,519413.BO,P,INE673U01014,None,13.64,INE673U01014
519532,Asian Tea & Exports Ltd-$,BSE,519532.BO,X,INE822B01017,None,24.64,INE822B01017
519566,Simran Farms Ltd,BSE,519566.BO,X,INE354D01017,None,73.11,INE354D01017
519574,Hindustan Agrigenetics Ltd,BSE,519574.BO,X,INE092301014,None,19.03,INE092301014
519604,Suryo Foods & Industries Ltd,BSE,519604.BO,X,INE565E01016,None,13.96,INE565E01016
519612,Lake Shore Realty Ltd,BSE,519612.BO,X,INE734D01010,None,22.61,INE734D01010
519367,Transglobe Foods Ltd,BSE,519367.BO,X,INE213P01027,None,6.29,INE213P01027
519359,Poona Dal & Oil Industries Ltd,BSE,519359.BO,X,INE809E01018,None,36.53,INE809E01018
519331,VSF Projects Ltd,BSE,519331.BO,X,INE923K01014,None,57.38,INE923K01014
518011,Keerthi Industries Ltd,BSE,518011.BO,X,INE145L01012,None,32.04,INE145L01012
518053,Sri Chakra Cement Ltd,BSE,518053.BO,X,INE827D01020,None,43.07,INE827D01020
519014,Prashant India Ltd,BSE,519014.BO,X,INE100E01012,None,8.25,INE100E01012
519097,Ritesh International Ltd,BSE,519097.BO,X,INE534D01014,None,44.89,INE534D01014
519295,Bambino Agro Industries Ltd,BSE,519295.BO,X,INE921D01013,None,169.71,INE921D01013
519152,Vadilal Enterprises Ltd,BSE,519152.BO,X,INE693D01018,None,847.64,INE693D01018
519214,Williamson Financial Services Ltd,BSE,519214.BO,X,INE188E01017,None,6.27,INE188E01017
519216,Ajanta Soya Ltd,BSE,519216.BO,X,INE601B01023,None,176.74,INE601B01023
519230,Kisaan Parivar Industries Ltd,BSE,519230.BO,X,INE102C01020,None,14.94,INE102C01020
519234,Superior Industrial Enterprises Ltd,BSE,519234.BO,X,INE843L01012,None,41.59,INE843L01012
519238,Saptarishi Agro Industries Ltd,BSE,519238.BO,X,INE233P01017,None,104.41,INE233P01017
519262,Prima Agro Ltd,BSE,519262.BO,X,INE297D01018,None,7.83,INE297D01018
519287,Modern Dairies Ltd,BSE,519287.BO,X,INE617B01011,None,98.39,INE617B01011
520075,Samkrg Pistons & Rings Ltd-$,BSE,520075.BO,X,INE706B01012,None,119.61,INE706B01012
521232,Sunil Industries Ltd,BSE,521232.BO,P,INE124M01015,None,36.65,INE124M01015
521244,MKP Mobility Ltd,BSE,521244.BO,X,INE676G01024,None,39.4,INE676G01024
521242,Kandagiri Spinning Mills Ltd-$,BSE,521242.BO,X,INE292D01019,None,15.29,INE292D01019
521240,Sambandam Spinning Mills Ltd-$,BSE,521240.BO,X,INE304D01012,None,45.61,INE304D01012
521238,Bharat Global Developers Ltd,BSE,521238.BO,B,INE893C01032,None,1006.01,INE893C01032
521234,Sri Nachammai Cotton Mills Ltd-$,BSE,521234.BO,X,INE443E01016,None,13.19,INE443E01016
521228,Tatia Global Vennture Ltd,BSE,521228.BO,X,INE083G01031,None,36.39,INE083G01031
521226,Uniroyal Industries Ltd,BSE,521226.BO,X,INE980D01019,None,16.13,INE980D01019
521216,Dhanalaxmi Roto Spinners Ltd,BSE,521216.BO,X,INE220C01012,None,61.74,INE220C01012
521210,Cityman Ltd,BSE,521210.BO,X,INE117C01010,None,18.66,INE117C01010
521206,Samtex Fashions Ltd-$,BSE,521206.BO,X,INE931D01020,None,10.58,INE931D01020
522001,Cranex Ltd,BSE,522001.BO,X,INE608B01010,None,51.24,INE608B01010
522005,Austin Engineering Company Ltd,BSE,522005.BO,X,INE759F01012,None,44.36,INE759F01012
522017,Fluidomat Ltd,BSE,522017.BO,X,INE459C01016,None,401.03,INE459C01016
522036,Miven Machine Tools Ltd,BSE,522036.BO,X,INE338P01014,None,29.73,INE338P01014
522122,Voith Paper Fabrics India Ltd-$,BSE,522122.BO,X,INE285C01015,None,658.88,INE285C01015
521048,Advance Lifestyles Ltd,BSE,521048.BO,X,INE900E01015,None,17.98,INE900E01015
520121,Arcee Industries Ltd,BSE,520121.BO,X,INE276D01012,None,7.34,INE276D01012
520123,ABC India Ltd-$,BSE,520123.BO,X,INE125D01011,None,33.37,INE125D01011
520127,Balurghat Technologies Ltd,BSE,520127.BO,X,INE654B01014,None,24.06,INE654B01014
520131,Coastal Roadways Ltd,BSE,520131.BO,P,INE229E01019,None,10.68,INE229E01019
520141,Sibar Auto Parts Ltd,BSE,520141.BO,X,INE441C01014,None,13.37,INE441C01014
520155,Starlog Enterprises Ltd,BSE,520155.BO,X,INE580C01019,None,55.47,INE580C01019
521003,Shiva Suitings Ltd,BSE,521003.BO,P,INE02Z901011,None,8.07,INE02Z901011
521005,Titan Intech Ltd,BSE,521005.BO,X,INE807M01031,None,93.23,INE807M01031
521054,Kakatiya Textiles Ltd,BSE,521054.BO,X,INE092E01011,None,5.23,INE092E01011
521161,Sri Lakshmi Saraswathi Textiles Arni Ltd-$,BSE,521161.BO,X,INE456D01010,None,7.84,INE456D01010
521062,Perfect-Octave Media Projects Ltd,BSE,521062.BO,X,INE814L01013,None,14.3,INE814L01013
521068,Hisar Spinning Mills Ltd,BSE,521068.BO,P,INE689E01014,None,18.79,INE689E01014
521080,Pasari Spinning Mills Ltd,BSE,521080.BO,X,INE604F01010,None,9.95,INE604F01010
521097,Amarjothi Spinning Mills Ltd,BSE,521097.BO,X,INE484D01012,None,112.73,INE484D01012
521105,Olympia Industries Ltd,BSE,521105.BO,X,INE482O01021,None,18.11,INE482O01021
521113,Suditi Industries Ltd,BSE,521113.BO,X,INE691D01012,None,428.29,INE691D01012
521131,Shree Bhavya Fabrics Ltd,BSE,521131.BO,X,INE363D01018,None,21.73,INE363D01018
521133,Gem Spinners India Ltd,BSE,521133.BO,P,INE165F01020,None,37.68,INE165F01020
521141,Aditya Spinners Ltd,BSE,521141.BO,X,INE122D01026,None,25.25,INE122D01026
521149,Prime Urban Development India Ltd,BSE,521149.BO,X,INE419E01024,None,23.47,INE419E01024
521151,Dhanlaxmi Fabrics Ltd,BSE,521151.BO,X,INE953D01016,None,43.25,INE953D01016
517494,Accel Ltd,BSE,517494.BO,X,INE258C01038,None,74.79,INE258C01038
517477,Elnet Technologies Ltd-$,BSE,517477.BO,X,INE033C01019,None,133.24,INE033C01019
514272,Bhilwara Spinners Ltd,BSE,514272.BO,X,INE436C01014,None,112.17,INE436C01014
514312,Jaihind Industries Ltd,BSE,514312.BO,X,INE156E01014,None,23.98,INE156E01014
514302,Vippy Spinpro Ltd,BSE,514302.BO,X,INE660D01017,None,105.04,INE660D01017
514280,Sanrhea Technical Textiles Ltd,BSE,514280.BO,X,INE589J01015,None,77.73,INE589J01015
514266,Zenith Fibres Ltd-$,BSE,514266.BO,X,INE106C01013,None,21.26,INE106C01013
514264,Seasons Textiles Ltd-$,BSE,514264.BO,X,INE707B01010,None,13.21,INE707B01010
514248,Sreechem Resins Ltd,BSE,514248.BO,P,INE377C01010,None,15.04,INE377C01010
514240,Kush Industries Ltd,BSE,514240.BO,X,INE979D01011,None,10.77,INE979D01011
514238,Mkventures Capital Ltd,BSE,514238.BO,X,INE874A01010,None,365.13,INE874A01010
514223,Ramgopal Polytex Ltd,BSE,514223.BO,X,INE410D01017,None,22.24,INE410D01017
514316,Raghuvir Synthetics Ltd,BSE,514316.BO,X,INE969C01022,None,395.25,INE969C01022
514318,Jattashankar Industries Ltd,BSE,514318.BO,X,INE722N01014,None,179.87,INE722N01014
514326,Patspin India Ltd,BSE,514326.BO,X,INE790C01014,None,20.87,INE790C01014
514330,One Global Service Provider Ltd,BSE,514330.BO,X,INE670O01013,None,1151.08,INE670O01013
514332,Neo Infracon Ltd,BSE,514332.BO,X,INE216I01017,None,21.76,INE216I01017
514358,Everlon Financials Ltd,BSE,514358.BO,X,INE339D01034,None,63.43,INE339D01034
514360,K&R Rail Engineering Ltd,BSE,514360.BO,X,INE078T01026,None,107.28,INE078T01026
514378,Yarn Syndicate Ltd,BSE,514378.BO,X,INE564C01013,None,35.19,INE564C01013
514400,Garware Synthetics Ltd,BSE,514400.BO,X,INE340D01016,None,10.35,INE340D01016
514412,Sarup Industries Ltd-$,BSE,514412.BO,X,INE305D01019,None,37.03,INE305D01019
514428,Hindustan Adhesives Ltd,BSE,514428.BO,X,INE074C01013,None,156.05,INE074C01013
514440,Blue Pearl Agriventures Ltd,BSE,514440.BO,B,INE439N01031,None,721.26,INE439N01031
514442,Sri KPR Industries Ltd,BSE,514442.BO,X,INE009C01019,None,41.88,INE009C01019
514448,Jyoti Resins & Adhesives Ltd,BSE,514448.BO,B,INE577D01013,None,1062.96,INE577D01013
513709,Shilp Gravures Ltd-$,BSE,513709.BO,X,INE960A01017,None,90.49,INE960A01017
513511,Panchmahal Steel Ltd,BSE,513511.BO,X,INE798F01010,None,575.97,INE798F01010
513513,Aditya Ispat Ltd,BSE,513513.BO,X,INE570B01012,None,4.82,INE570B01012
513544,Mardia Samyoung Capillary Tubes Company Ltd,BSE,513544.BO,X,INE277E01026,None,34.91,INE277E01026
513548,Sharda Ispat Ltd,BSE,513548.BO,X,INE385M01012,None,88.89,INE385M01012
513566,Nova Iron & Steel Ltd,BSE,513566.BO,X,INE608C01026,None,43.37,INE608C01026
513642,Axel Polymers Ltd,BSE,513642.BO,X,INE197C01012,None,50.56,INE197C01012
513699,Solid Stone Company Ltd,BSE,513699.BO,X,INE584G01012,None,14.2,INE584G01012
513713,White Organic Agro Ltd,BSE,513713.BO,X,INE146C01019,None,13.48,INE146C01019
514171,Ceeta Industries Ltd,BSE,514171.BO,X,INE760J01012,None,58.29,INE760J01012
514010,Rudra Ecovation Ltd,BSE,514010.BO,X,INE723D01021,None,257.75,INE723D01021
514028,Rajkamal Synthetics Ltd,BSE,514028.BO,X,INE376L01013,None,22.28,INE376L01013
514030,Deepak Spinners Ltd-$,BSE,514030.BO,X,INE272C01013,None,80.7,INE272C01013
514060,Newtrac Foods & Beverages Ltd,BSE,514060.BO,X,INE229N01010,None,29.03,INE229N01010
514087,PBM Polytex Ltd-$,BSE,514087.BO,X,INE501F01018,None,39.89,INE501F01018
514165,Indian Acrylics Ltd,BSE,514165.BO,X,INE862B01013,None,78.76,INE862B01013
514454,Southern Latex Ltd,BSE,514454.BO,X,INE410M01018,None,20.66,INE410M01018
514470,Winsome Textile Industries Ltd-$,BSE,514470.BO,B,INE837B01031,None,177.98,INE837B01031
517336,Modern Malleables Ltd,BSE,517336.BO,P,INE834C01028,None,886.17,INE834C01028
517201,Switching Technologies Gunther Ltd,BSE,517201.BO,X,INE311D01017,None,22.03,INE311D01017
517236,Calcom Vision Ltd,BSE,517236.BO,X,INE216C01010,None,110.71,INE216C01010
517238,Dynavision Ltd,BSE,517238.BO,X,INE083E01010,None,69.93,INE083E01010
517258,Precision Electronics Ltd,BSE,517258.BO,X,INE143C01024,None,217.42,INE143C01024
517264,Fine Line Circuits Ltd,BSE,517264.BO,X,INE087E01011,None,31.14,INE087E01011
517288,Gujarat Poly Electronics Ltd,BSE,517288.BO,X,INE541F01022,None,49.13,INE541F01022
517356,ACI Infocom Ltd,BSE,517356.BO,X,INE167B01025,None,13.15,INE167B01025
517360,SBEC Systems India Ltd,BSE,517360.BO,X,INE689V01018,None,20.51,INE689V01018
517370,Incap Ltd,BSE,517370.BO,X,INE437C01012,None,38.12,INE437C01012
517372,Gujarat Intrux Ltd-$,BSE,517372.BO,X,INE877E01015,None,147.79,INE877E01015
517397,Pan Electronics India Ltd,BSE,517397.BO,X,INE648E01010,None,10.4,INE648E01010
517415,Lee & Nee Softwares Exports Ltd,BSE,517415.BO,X,INE791B01014,None,40.88,INE791B01014
517431,Narmada Macplast Drip Irrigation Systems Ltd,BSE,517431.BO,X,INE060D01028,None,75.0,INE060D01028
517437,Dutron Polymers Ltd-$,BSE,517437.BO,X,INE940C01015,None,60.6,INE940C01015
517166,SPEL Semiconductor Ltd,BSE,517166.BO,X,INE252A01019,None,711.13,INE252A01019
517119,PCS Technology Ltd,BSE,517119.BO,X,INE834B01012,None,41.23,INE834B01012
515043,Saint Gobain Sekurit India Ltd,BSE,515043.BO,B,INE068B01017,None,1173.44,INE068B01017
515059,Madhusudan Industries Ltd,BSE,515059.BO,X,INE469C01023,None,21.37,INE469C01023
515085,Restile Ceramics Ltd,BSE,515085.BO,X,INE298E01022,None,74.0,INE298E01022
516003,Duroply Industries Ltd,BSE,516003.BO,X,INE932D01010,None,140.87,INE932D01010
516020,Agio Paper & Industries Ltd-$,BSE,516020.BO,X,INE112C01011,None,6.68,INE112C01011
516032,Tahmar Enterprises Ltd,BSE,516032.BO,X,INE385D01029,None,102.35,INE385D01029
516038,KS Smart Technologies Ltd,BSE,516038.BO,X,INE737E01011,None,1933.64,INE737E01011
517077,Ind Agiv Commerce Ltd,BSE,517077.BO,X,INE115E01010,None,16.66,INE115E01010
516078,Jumbo Bag Ltd,BSE,516078.BO,X,INE699D01015,None,46.57,INE699D01015
516096,Sangal Papers Ltd,BSE,516096.BO,X,INE384D01022,None,20.77,INE384D01022
516098,Ventura Textiles Ltd,BSE,516098.BO,X,INE810C01044,None,17.59,INE810C01044
516106,Shree Karthik Papers Ltd,BSE,516106.BO,X,INE538D01015,None,12.42,INE538D01015
516108,South India Paper Mills Ltd,BSE,516108.BO,X,INE088G01014,None,176.25,INE088G01014
516110,Family Care Hospitals Ltd,BSE,516110.BO,X,INE146N01016,None,17.39,INE146N01016
517035,RIR Power Electronics Ltd,BSE,517035.BO,B,INE302D01024,None,1347.16,INE302D01024
517044,International Data Management Ltd,BSE,517044.BO,X,INE649R01010,None,6.5,INE649R01010
517063,Jetking Infotrain Ltd,BSE,517063.BO,X,INE919C01019,None,62.29,INE919C01019
507962,Fynx Capital Ltd,BSE,507962.BO,X,INE455H01021,None,90.0,INE455H01021
507960,Gujarat Hotels Ltd,BSE,507960.BO,X,INE621C01011,None,69.52,INE621C01011
507948,Key Corporation Ltd,BSE,507948.BO,X,INE130F01016,None,39.5,INE130F01016
500388,Shree Krishna Paper Mills & Industries Ltd,BSE,500388.BO,X,INE970C01012,None,147.42,INE970C01012
500370,Salora International Ltd,BSE,500370.BO,X,INE924A01013,None,24.11,INE924A01013
500449,Hindustan Organic Chemicals Ltd,BSE,500449.BO,T,INE048A01011,None,259.76,INE048A01011
500360,Rapicut Carbides Ltd,BSE,500360.BO,X,INE350D01015,None,104.74,INE350D01015
500421,TPI India Ltd,BSE,500421.BO,X,INE578C01021,None,61.27,INE578C01021
500426,UTL Industries Ltd,BSE,500426.BO,X,INE184E01024,None,5.64,INE184E01024
500346,Punjab Communications Ltd-$,BSE,500346.BO,B,INE609A01010,None,59.81,INE609A01010
500285,Spicejet Ltd,BSE,500285.BO,A,INE285B01017,None,1851.16,INE285B01017
500298,Naperol Investments Ltd,BSE,500298.BO,X,INE585A01020,None,356.8,INE585A01020
500319,Indian Sucrose Ltd,BSE,500319.BO,X,INE557C01017,None,137.05,INE557C01017
501477,Muller & Phipps India Ltd,BSE,501477.BO,X,INE003F01015,None,12.49,INE003F01015
500458,Team24 Consumer Products Ltd,BSE,500458.BO,X,INE601A01017,None,74.41,INE601A01017
501314,Prismx Global Ventures Ltd,BSE,501314.BO,X,INE286N01028,None,27.22,INE286N01028
501370,Walchand Peoplefirst Ltd,BSE,501370.BO,X,INE695D01021,None,41.19,INE695D01021
501391,WH Brady & Company Ltd,BSE,501391.BO,X,INE855A01019,None,135.15,INE855A01019
501430,Bombay Cycle & Motor Agency Ltd,BSE,501430.BO,X,INE691K01017,None,64.2,INE691K01017
500277,Mid India Industries Ltd,BSE,500277.BO,X,INE401C01018,None,10.04,INE401C01018
500142,FGP Ltd,BSE,500142.BO,X,INE512A01016,None,14.39,INE512A01016
500012,Andhra Petrochemicals Ltd,BSE,500012.BO,X,INE714B01016,None,458.51,INE714B01016
500014,Utique Enterprises Ltd,BSE,500014.BO,X,INE096A01010,None,22.1,INE096A01010
500016,Aruna Hotels Ltd,BSE,500016.BO,X,INE957C01019,None,25.87,INE957C01019
500028,ATV Projects India Ltd,BSE,500028.BO,X,INE447A01015,None,149.58,INE447A01015
500058,Bihar Sponge Iron Ltd,BSE,500058.BO,X,INE819C01011,None,110.77,INE819C01011
500069,Quest Capital Markets Ltd,BSE,500069.BO,X,INE418C01012,None,265.2,INE418C01012
500248,Krishna Filament Industries Ltd,BSE,500248.BO,X,INE073A01019,None,4.46,INE073A01019
500220,Jasch Industries Ltd,BSE,500220.BO,X,INE711C01028,None,158.67,INE711C01028
500239,KG Denim Ltd,BSE,500239.BO,X,INE104A01012,None,40.35,INE104A01012
500240,Kinetic Engineering Ltd,BSE,500240.BO,X,INE266B01017,None,537.77,INE266B01017
500270,Baroda Rayon Corporation Ltd,BSE,500270.BO,X,INE461A01024,None,291.43,INE461A01024
500213,International Travel House Ltd-$,BSE,500213.BO,X,INE262B01016,None,239.8,INE262B01016
500166,Goodricke Group Ltd,BSE,500166.BO,X,INE300A01016,None,380.92,INE300A01016
500170,GTN Industries Ltd,BSE,500170.BO,X,INE537A01013,None,41.76,INE537A01013
500192,Prag Bosimi Synthetics Ltd,BSE,500192.BO,X,INE962B01011,None,12.87,INE962B01011
500202,India Lease Development Ltd,BSE,500202.BO,X,INE333C01013,None,11.77,INE333C01013
500206,Margo Finance Ltd,BSE,500206.BO,X,INE680B01019,None,29.16,INE680B01019
501479,Springform Technology Ltd,BSE,501479.BO,P,INE02ZA01012,None,11.13,INE02ZA01012
507946,Kiduja India Ltd,BSE,507946.BO,X,INE845A01028,None,38.06,INE845A01028
506365,Star Source Multi Trade Ltd,BSE,506365.BO,X,INE320M01019,None,17.09,INE320M01019
506186,Galaxy Supermarket Ltd-$,BSE,506186.BO,X,INE403B01016,None,90.94,INE403B01016
506166,Apis India Ltd,BSE,506166.BO,X,INE070K01014,None,852.0,INE070K01014
506520,Jayshree Chemicals Ltd,BSE,506520.BO,X,INE693E01016,None,20.24,INE693E01016
506530,Kemp & Company Ltd,BSE,506530.BO,X,INE060E01018,None,114.19,INE060E01018
506543,MP Agro Industries Ltd,BSE,506543.BO,X,INE468C01017,None,6.98,INE468C01017
506579,AG Ventures Ltd-$,BSE,506579.BO,X,INE321D01016,None,120.83,INE321D01016
506597,Amal Ltd,BSE,506597.BO,B,INE841D01013,None,668.02,INE841D01013
506605,Polychem Ltd,BSE,506605.BO,X,INE752B01024,None,75.56,INE752B01024
506162,Terraform Magnum Ltd,BSE,506162.BO,P,INE122V01010,None,,INE122V01010
506128,Parnax Lab Ltd,BSE,506128.BO,X,INE383L01019,None,152.76,INE383L01019
505690,Brady & Morris Engineering Company Ltd,BSE,505690.BO,X,INE856A01017,None,185.83,INE856A01017
505693,La Tim Metal & Industries Ltd,BSE,505693.BO,X,INE501N01020,None,112.86,INE501N01020
505712,Him Teknoforge Ltd,BSE,505712.BO,X,INE705G01021,None,212.15,INE705G01021
505720,Hercules Investments Ltd,BSE,505720.BO,X,INE688E01024,None,393.28,INE688E01024
505737,International Combustion India Ltd,BSE,505737.BO,X,INE403C01014,None,114.52,INE403C01014
505750,Josts Engineering Company Ltd,BSE,505750.BO,X,INE636D01041,None,297.44,INE636D01041
506120,Alna Trading & Exports Ltd,BSE,506120.BO,P,INE07I701011,None,0.58,INE07I701011
505807,Rolcon Engineering Company Ltd,BSE,505807.BO,P,INE775R01013,None,41.01,INE775R01013
505827,SNL Bearings Ltd,BSE,505827.BO,X,INE568F01017,None,140.27,INE568F01017
505840,Jaipan Industries Ltd,BSE,505840.BO,X,INE058D01030,None,15.89,INE058D01030
505893,Hindustan Hardy Ltd,BSE,505893.BO,X,INE724D01011,None,119.4,INE724D01011
505978,Triton Valves Ltd,BSE,505978.BO,X,INE440G01017,None,528.6,INE440G01017
506003,Sudal Industries Ltd,BSE,506003.BO,X,INE618D01015,None,32.56,INE618D01015
506105,Stanrose Mafatlal Investments & Finance Ltd,BSE,506105.BO,X,INE441L01015,None,26.18,INE441L01015
501700,IndiaNivesh Ltd,BSE,501700.BO,X,INE131H01028,None,28.58,INE131H01028
507759,Lime Chemicals Ltd,BSE,507759.BO,X,INE891G01011,None,9.24,INE891G01011
507753,TGV Sraac Ltd,BSE,507753.BO,B,INE284B01028,None,1171.03,INE284B01028
506734,Mysore Petro Chemicals Ltd-$,BSE,506734.BO,X,INE741A01011,None,65.23,INE741A01011
507690,Orient Beverages Ltd,BSE,507690.BO,X,INE247F01018,None,39.91,INE247F01018
507663,Signature Green Corporation Ltd,BSE,507663.BO,X,INE131O01024,None,1.55,INE131O01024
507645,Polson Ltd,BSE,507645.BO,X,INE339F01021,None,146.75,INE339F01021
507621,Milkfood Ltd,BSE,507621.BO,X,INE588G01021,None,168.31,INE588G01021
507609,Olympic Oil Industries Ltd,BSE,507609.BO,X,INE286E01019,None,6.44,INE286E01019
507808,United Leasing & Industries Ltd,BSE,507808.BO,P,INE357P01014,None,10.26,INE357P01014
507813,National Oxygen Ltd,BSE,507813.BO,X,INE296D01010,None,34.57,INE296D01010
507817,Wires & Fabriks SA Ltd,BSE,507817.BO,X,INE469D01013,None,45.16,INE469D01013
507828,Ansal Housing Ltd-$,BSE,507828.BO,X,INE880B01015,None,46.93,INE880B01015
507833,Computer Point Ltd,BSE,507833.BO,X,INE607B01012,None,12.09,INE607B01012
507852,Addi Industries Ltd-$,BSE,507852.BO,X,INE757C01021,None,103.59,INE757C01021
507872,Ashnoor Textile Mills Ltd,BSE,507872.BO,X,INE372I01018,None,60.56,INE372I01018
507912,Gyftr Ltd,BSE,507912.BO,B,INE724A01017,None,1357.2,INE724A01017
507917,East Buildtech Ltd,BSE,507917.BO,X,INE706N01017,None,11.69,INE706N01017
507938,Manipal Finance Corporation Ltd,BSE,507938.BO,P,INE798E01013,None,19.27,INE798E01013
507598,Kovilpatti Lakshmi Roller Flour Mills Ltd,BSE,507598.BO,X,INE014E01015,None,85.08,INE014E01015
507180,Kesar Enterprises Ltd-$,BSE,507180.BO,X,INE133B01027,None,60.88,INE133B01027
506808,Tuticorin Alkali Chemicals And Fertilizers Ltd,BSE,506808.BO,X,INE400A01014,None,661.2,INE400A01014
506854,TANFAC Industries Ltd-$,BSE,506854.BO,B,INE639B01023,None,3825.51,INE639B01023
506858,Gujarat Petrosynthese Ltd,BSE,506858.BO,X,INE636P01011,None,33.43,INE636P01011
506919,Makers Laboratories Ltd-$,BSE,506919.BO,X,INE987A01010,None,83.87,INE987A01010
506935,Continental Chemicals Ltd,BSE,506935.BO,X,INE423K01015,None,14.39,INE423K01015
506945,Indo Gulf Industries Ltd,BSE,506945.BO,P,INE684U01011,None,2.48,INE684U01011
506975,Rajasthan Petro Synthetics Ltd,BSE,506975.BO,P,INE374C01017,None,12.45,INE374C01017
506981,Bluechip Tex Industries Ltd,BSE,506981.BO,X,INE472D01017,None,23.84,INE472D01017
507155,Jagatjit Industries Ltd,BSE,507155.BO,X,INE574A01016,None,598.92,INE574A01016
507543,Coromandel Agro Products & Oils Ltd,BSE,507543.BO,P,INE495D01018,None,0.2,INE495D01018
507265,Emerald Leisures Ltd,BSE,507265.BO,X,INE044N01021,None,255.09,INE044N01021
507300,The Ravalgaon Sugar Farm Ltd,BSE,507300.BO,X,INE615A01025,None,32.24,INE615A01025
507474,Kothari Fermentation & Biochem Ltd,BSE,507474.BO,X,INE991B01010,None,62.1,INE991B01010
507486,Caprolactam Chemicals Ltd,BSE,507486.BO,X,INE470N01010,None,22.54,INE470N01010
507498,Piccadily Sugar & Allied Industries Ltd,BSE,507498.BO,X,INE544C01023,None,88.74,INE544C01023
507515,CJ Gelatine Products Ltd,BSE,507515.BO,X,INE557D01015,None,11.65,INE557D01015
507530,Thakkers Group Ltd,BSE,507530.BO,X,INE04VT01017,None,4.45,INE04VT01017
505685,Taparia Tools Ltd,BSE,505685.BO,X,INE614R01014,None,42.03,INE614R01014
505650,Skyline Millars Ltd,BSE,505650.BO,X,INE178E01026,None,66.65,INE178E01026
503624,Svaraj Trading & Agencies Ltd,BSE,503624.BO,X,INE406N01014,None,12.32,INE406N01014
503772,Modella Woollens Ltd,BSE,503772.BO,X,INE380D01012,None,4.7,INE380D01012
503675,Wagend Infra Venture Ltd,BSE,503675.BO,X,INE786K01023,None,5.23,INE786K01023
503657,Veer Energy & Infrastructure Ltd,BSE,503657.BO,X,INE255E01030,None,18.85,INE255E01030
503626,Manglam Global Corporations Ltd,BSE,503626.BO,X,INE733N01011,None,14.03,INE733N01011
503349,Victoria Mills Ltd,BSE,503349.BO,X,INE203D01016,None,52.52,INE203D01016
503229,Simplex Realty Ltd,BSE,503229.BO,X,INE167H01014,None,40.02,INE167H01014
503127,Raja Bahadur International Ltd,BSE,503127.BO,X,INE491N01016,None,131.33,INE491N01016
503804,Shri Dinesh Mills Ltd-$,BSE,503804.BO,X,INE204C01024,None,172.55,INE204C01024
503816,Swadeshi Polytex Ltd,BSE,503816.BO,X,INE243N01029,None,138.76,INE243N01029
503837,Shree Rajasthan Syntex Ltd-$,BSE,503837.BO,X,INE796C01011,None,69.82,INE796C01011
503863,Shree Manufacturing Company Ltd,BSE,503863.BO,X,INE632A01012,None,11.04,INE632A01012
504028,GEE Ltd,BSE,504028.BO,X,INE064H01021,None,441.44,INE064H01021
504076,Jyoti Ltd-$,BSE,504076.BO,X,INE511D01012,None,100.6,INE511D01012
504080,JSL Industries Ltd,BSE,504080.BO,X,INE581L01018,None,117.39,INE581L01018
504084,Kaycee Industries Ltd,BSE,504084.BO,X,INE813G01023,None,266.76,INE813G01023
504092,Indokem Ltd,BSE,504092.BO,B,INE716F01012,None,1391.62,INE716F01012
504093,Panasonic Energy India Company Ltd-$,BSE,504093.BO,X,INE795A01017,None,214.35,INE795A01017
503092,Pasupati Spinning & Weaving Mills Ltd,BSE,503092.BO,X,INE909B01020,None,25.86,INE909B01020
501833,Chowgule Steamships Ltd,BSE,501833.BO,X,INE490A01015,None,77.41,INE490A01015
501848,Garware Offshore Services Ltd-$,BSE,501848.BO,X,INE446C01013,None,139.45,INE446C01013
502015,ASI Industries Ltd,BSE,502015.BO,X,INE443A01030,None,216.18,INE443A01030
502281,Triveni Glass Ltd-$,BSE,502281.BO,X,INE094C01011,None,8.33,INE094C01011
502294,Nilachal Refractories Ltd,BSE,502294.BO,X,INE416N01013,None,88.57,INE416N01013
502445,Citadel Realty and Developers Ltd,BSE,502445.BO,X,INE906D01014,None,35.01,INE906D01014
502587,Nath Industries Ltd,BSE,502587.BO,X,INE777A01023,None,93.39,INE777A01023
502589,Vapi Enterprise Ltd,BSE,502589.BO,X,INE464D01014,None,21.69,INE464D01014
502850,Gaekwar Mills Ltd,BSE,502850.BO,X,INE837X01027,None,3.01,INE837X01027
502865,Forbes & Company Ltd-$,BSE,502865.BO,X,INE518A01013,None,411.27,INE518A01013
502873,HP Cotton Textile Mills Ltd,BSE,502873.BO,X,INE950C01014,None,39.4,INE950C01014
502893,United Interactive Ltd,BSE,502893.BO,X,INE706D01018,None,13.73,INE706D01018
502901,Jamshri Realty Ltd-$,BSE,502901.BO,X,INE462D01034,None,55.36,INE462D01034
502933,Katare Spinning Mills Ltd,BSE,502933.BO,X,INE498G01015,None,28.22,INE498G01015
502958,Lakshmi Mills Company Ltd-$,BSE,502958.BO,X,INE938C01019,None,502.73,INE938C01019
504132,Permanent Magnets Ltd-$,BSE,504132.BO,X,INE418E01018,None,698.67,INE418E01018
504176,High Energy Batteries India Ltd,BSE,504176.BO,X,INE783E01023,None,456.04,INE783E01023
505299,KPT Industries Ltd,BSE,505299.BO,X,INE731D01024,None,155.38,INE731D01024
505036,Automobile Corporation of Goa Ltd-$,BSE,505036.BO,B,INE451C01013,None,1347.66,INE451C01013
505212,Jainex Aamcol Ltd,BSE,505212.BO,X,INE280F01019,None,26.93,INE280F01019
505216,Alfred Herbert India Ltd,BSE,505216.BO,X,INE782D01027,None,203.8,INE782D01027
505250,G. G. Dandekar Properties Ltd,BSE,505250.BO,X,INE631D01026,None,29.91,INE631D01026
505302,Lakshmi Engineering And Warehousing Ltd,BSE,505302.BO,X,INE718M01022,None,157.29,INE718M01022
505343,Monotype India Ltd,BSE,505343.BO,X,INE811D01024,None,28.12,INE811D01024
505504,GHV Infra Projects Ltd,BSE,505504.BO,X,INE809Q01020,None,1543.85,INE809Q01020
505515,Shyamkamal Investments Ltd,BSE,505515.BO,X,INE203N01015,None,34.55,INE203N01015
505523,Maharashtra Corporation Ltd,BSE,505523.BO,X,INE272E01027,None,21.73,INE272E01027
505585,Kovalam Investment & Trading Company Ltd,BSE,505585.BO,X,INE735U01011,None,3.14,INE735U01011
504998,Western Ministil Ltd,BSE,504998.BO,P,INE187U01015,None,0.34,INE187U01015
504180,Standard Batteries Ltd,BSE,504180.BO,X,INE502C01039,None,25.89,INE502C01039
504240,Delton Cables Ltd,BSE,504240.BO,X,INE872E01016,None,350.65,INE872E01016
504258,Lakshmi Electrical Control Systems Ltd,BSE,504258.BO,X,INE284C01018,None,184.5,INE284C01018
504340,Longspur International Ventures Ltd,BSE,504340.BO,X,INE180M01033,None,9.86,INE180M01033
504369,Grandma Trading & Agencies Ltd,BSE,504369.BO,X,INE927M01029,None,5.62,INE927M01029
504375,IDream Film Infrastructure Company Ltd,BSE,504375.BO,P,INE459E01012,None,5.1,INE459E01012
504378,Nyssa Corporation Ltd,BSE,504378.BO,X,INE812K01027,None,7.59,INE812K01027
504380,Flomic Global Logistics Ltd,BSE,504380.BO,X,INE952M01019,None,91.17,INE952M01019
504392,Krishna Ventures Ltd,BSE,504392.BO,X,INE537L01010,None,27.16,INE537L01010
504605,Uni Abex Alloy Products Ltd,BSE,504605.BO,X,INE361D01012,None,892.09,INE361D01012
504646,Bhagwati Autocast Ltd,BSE,504646.BO,X,INE106G01014,None,142.62,INE106G01014
504988,Welcast Steels Ltd,BSE,504988.BO,X,INE380G01015,None,44.74,INE380G01015
504648,Bombay Wire Ropes Ltd,BSE,504648.BO,X,INE089T01023,None,26.54,INE089T01023
504731,Azad India Mobility Ltd,BSE,504731.BO,X,INE566M01017,None,565.39,INE566M01017
504746,Indian Link Chain Manufacturers Ltd,BSE,504746.BO,X,INE359D01024,None,240.94,INE359D01024
504810,Informed Technologies India Ltd,BSE,504810.BO,X,INE123E01014,None,35.23,INE123E01014
504840,Kaira Can Company Ltd,BSE,504840.BO,X,INE375D01012,None,126.36,INE375D01012
504903,Rathi Steel & Power Ltd-$,BSE,504903.BO,X,INE336C01016,None,163.31,INE336C01016
504908,Duncan Engineering Ltd-$,BSE,504908.BO,X,INE340F01011,None,139.75,INE340F01011
504959,Stovec Industries Ltd,BSE,504959.BO,X,INE755D01015,None,351.56,INE755D01015
522134,Artson Ltd,BSE,522134.BO,X,INE133D01023,None,572.63,INE133D01023
522152,Solitaire Machine Tools Ltd,BSE,522152.BO,X,INE410A01013,None,43.47,INE410A01013
531739,Gennex Laboratories Ltd,BSE,531739.BO,X,INE509C01026,None,237.91,INE509C01026
531758,GK Consultants Ltd,BSE,531758.BO,X,INE131D01019,None,16.46,INE131D01019
531752,Biogen Pharmachem Industries Ltd,BSE,531752.BO,X,INE703D01023,None,37.91,INE703D01023
531744,Gini Silk Mills Ltd-$,BSE,531744.BO,X,INE548B01018,None,29.92,INE548B01018
531743,Hira Automobiles Ltd,BSE,531743.BO,P,INE258Z01013,None,56.17,INE258Z01013
531737,Greencrest Financial Services Ltd,BSE,531737.BO,X,INE414C01045,None,18.28,INE414C01045
531859,Oriental Rail Infrastructure Ltd,BSE,531859.BO,B,INE457G01029,None,910.66,INE457G01029
531735,Prism Finance Ltd,BSE,531735.BO,P,INE429Q01019,None,17.52,INE429Q01019
531726,Panchsheel Organics Ltd,BSE,531726.BO,X,INE316G01019,None,164.52,INE316G01019
531762,Unjha Formulations Ltd,BSE,531762.BO,X,INE576D01015,None,8.94,INE576D01015
531771,Shraddha Prime Projects Ltd,BSE,531771.BO,X,INE311M01018,None,653.69,INE311M01018
531778,Kachchh Minerals Ltd,BSE,531778.BO,X,INE059E01010,None,16.04,INE059E01010
531779,Padmanabh Alloys & Polymers Ltd,BSE,531779.BO,X,INE630U01014,None,8.68,INE630U01014
531784,KCL Infra Projects Ltd,BSE,531784.BO,X,INE469F01026,None,21.28,INE469F01026
531802,Prerna Infrabuild Ltd,BSE,531802.BO,X,INE426H01014,None,95.77,INE426H01014
531810,Metal Coatings India Ltd,BSE,531810.BO,X,INE161E01014,None,40.13,INE161E01014
531812,SGN Telecoms Ltd,BSE,531812.BO,X,INE266C01023,None,4.85,INE266C01023
531813,Ganga Papers India Ltd,BSE,531813.BO,X,INE278O01015,None,69.16,INE278O01015
531814,Tirupati Sarjan Ltd,BSE,531814.BO,X,INE297J01023,None,29.53,INE297J01023
531822,Rodium Realty Ltd,BSE,531822.BO,X,INE513E01024,None,58.22,INE513E01024
531840,IEC Education Ltd,BSE,531840.BO,X,INE172B01017,None,38.07,INE172B01017
531846,Trinity League India Ltd,BSE,531846.BO,X,INE884X01011,None,9.22,INE884X01011
531694,Rainbow Foundations Ltd,BSE,531694.BO,X,INE230F01014,None,198.12,INE230F01014
531692,Khyati Multimedia Entertainment Ltd,BSE,531692.BO,X,INE593B01030,None,3.54,INE593B01030
531688,Prithvi Exchange (India) Ltd,BSE,531688.BO,X,INE621B01021,None,91.57,INE621B01021
531568,Ashutosh Paper Mills Ltd,BSE,531568.BO,X,INE723K01018,None,3.92,INE723K01018
531569,Sanjivani Paranteral Ltd,BSE,531569.BO,X,INE860D01013,None,184.26,INE860D01013
531578,KMF Builders & Developers Ltd,BSE,531578.BO,X,INE580H01026,None,7.74,INE580H01026
531583,Rap Corp Ltd,BSE,531583.BO,X,INE483D01014,None,22.82,INE483D01014
531585,Devine Impex Ltd,BSE,531585.BO,X,INE455C01014,None,7.86,INE455C01014
531591,Bampsl Securities Ltd,BSE,531591.BO,X,INE802A01037,None,60.7,INE802A01037
531592,Genpharmasec Ltd,BSE,531592.BO,X,INE861N01036,None,61.46,INE861N01036
531594,Incon Engineers Ltd,BSE,531594.BO,X,INE507D01010,None,6.49,INE507D01010
531600,Gogia Capital Growth Ltd,BSE,531600.BO,X,INE832C01014,None,33.5,INE832C01014
531609,KG Petrochem Ltd,BSE,531609.BO,X,INE902G01016,None,91.79,INE902G01016
531613,Meyer Apparel Ltd,BSE,531613.BO,X,INE100C01024,None,16.26,INE100C01024
531616,Starcom Information Technology Ltd,BSE,531616.BO,X,INE347I01010,None,26.5,INE347I01010
531626,Orosil Smiths India Ltd-$,BSE,531626.BO,X,INE628B01034,None,25.82,INE628B01034
531681,Amerise Biosciences Ltd,BSE,531681.BO,X,INE673C01020,None,4.49,INE673C01020
531635,Silver Oak India Ltd,BSE,531635.BO,X,INE870J01019,None,30.09,INE870J01019
531640,Suvidha Infraestate Corporation Ltd,BSE,531640.BO,P,INE936N01010,None,12.31,INE936N01010
531644,Tokyo Finance Ltd,BSE,531644.BO,X,INE546D01018,None,13.44,INE546D01018
531652,UVS Hospitality And Services Ltd,BSE,531652.BO,X,INE528C01018,None,351.5,INE528C01018
531658,Abate As Industries Ltd,BSE,531658.BO,X,INE454E01013,None,167.22,INE454E01013
531661,Hittco Tools Ltd,BSE,531661.BO,X,INE863C01019,None,6.47,INE863C01019
531667,RR MetalMakers India Ltd,BSE,531667.BO,X,INE117K01013,None,36.7,INE117K01013
531668,Vision Corporation Ltd,BSE,531668.BO,X,INE661D01015,None,5.15,INE661D01015
531673,Anka India Ltd,BSE,531673.BO,X,INE067C01025,None,107.16,INE067C01025
531680,Mayur Leather Products Ltd,BSE,531680.BO,X,INE799E01011,None,8.7,INE799E01011
531861,Joindre Capital Services Ltd,BSE,531861.BO,X,INE024B01010,None,68.97,INE024B01010
532159,Trescon Ltd,BSE,532159.BO,X,INE088D01011,None,65.77,INE088D01011
532070,Gujjubhai Industries Ltd,BSE,532070.BO,X,INE311N01016,None,292.79,INE311N01016
532057,Abhinav Capital Services Ltd,BSE,532057.BO,X,INE516F01016,None,76.97,INE516F01016
532056,Trustedge Capital Ltd,BSE,532056.BO,X,INE398H01015,None,134.73,INE398H01015
532053,Wallfort Financial Services Ltd,BSE,532053.BO,X,INE121B01014,None,74.05,INE121B01014
532042,Frontline Corporation Ltd,BSE,532042.BO,X,INE092D01013,None,16.58,INE092D01013
531862,Bharat Agri Fert & Realty Ltd,BSE,531862.BO,X,INE842D01029,None,162.85,INE842D01029
532039,Zenotech Laboratories Ltd,BSE,532039.BO,X,INE486F01012,None,272.38,INE486F01012
532024,Aarcon Facilities Ltd,BSE,532024.BO,P,INE056J01015,None,8.99,INE056J01015
532016,Espire Hospitality Limited,BSE,532016.BO,X,INE176O01011,None,310.69,INE176O01011
532078,Monind Ltd,BSE,532078.BO,X,INE407E01029,None,8.96,INE407E01029
532092,Epuja Spiritech Ltd,BSE,532092.BO,X,INE807D01030,None,15.72,INE807D01030
532100,Indo City Infotech Ltd-$,BSE,532100.BO,X,INE456B01014,None,14.2,INE456B01014
532102,SBEC Sugar Ltd,BSE,532102.BO,X,INE948G01019,None,286.73,INE948G01019
532113,Brijlaxmi Leasing & Finance Ltd,BSE,532113.BO,X,INE957E01031,None,6.3,INE957E01031
532123,BSEL Algo Ltd,BSE,532123.BO,X,INE395A01016,None,39.24,INE395A01016
532124,Reliable Ventures India Ltd,BSE,532124.BO,X,INE419H01019,None,37.21,INE419H01019
532140,Mohite Industries Ltd,BSE,532140.BO,X,INE154B01023,None,45.63,INE154B01023
532145,H S India Ltd,BSE,532145.BO,X,INE731B01010,None,18.93,INE731B01010
532154,Johnson Pharmacare Ltd,BSE,532154.BO,X,INE560F01022,None,28.6,INE560F01022
532007,Shree Vatsaa Finance & leasing Ltd,BSE,532007.BO,X,INE981C01019,None,33.93,INE981C01019
532005,Sam Industries Ltd,BSE,532005.BO,X,INE653D01012,None,47.68,INE653D01012
532001,Inducto Steel Ltd,BSE,532001.BO,X,INE146H01018,None,21.58,INE146H01018
531925,Shantanu Sheorey Aquakult Ltd,BSE,531925.BO,X,INE545N01019,None,5.2,INE545N01019
531869,Sacheta Metals Ltd,BSE,531869.BO,X,INE433G01020,None,48.38,INE433G01020
531870,Popular Estate Management Ltd,BSE,531870.BO,X,INE370C01015,None,27.78,INE370C01015
531878,Anjani Finance Ltd,BSE,531878.BO,X,INE283D01018,None,10.99,INE283D01018
531885,SVA India Ltd,BSE,531885.BO,P,INE763K01014,None,2.69,INE763K01014
531889,Nurture Well Industries Ltd,BSE,531889.BO,X,INE882B01037,None,484.54,INE882B01037
531893,Sawaca Enterprises Ltd,BSE,531893.BO,X,INE248B01023,None,20.59,INE248B01023
531900,CCL International Ltd,BSE,531900.BO,X,INE778E01031,None,47.0,INE778E01031
531902,Gallops Enterprise Ltd,BSE,531902.BO,X,INE755J01012,None,13.52,INE755J01012
531909,Croissance Ltd,BSE,531909.BO,X,INE587J01027,None,8.23,INE587J01027
531910,JOJO Ltd,BSE,531910.BO,X,INE312M01016,None,536.88,INE312M01016
531911,Galaxy Agrico Exports Ltd,BSE,531911.BO,X,INE803L01016,None,105.51,INE803L01016
531923,Dhampure Specialty Sugars Ltd,BSE,531923.BO,X,INE956B01013,None,103.46,INE956B01013
531930,Sarthak Industries Ltd,BSE,531930.BO,X,INE074H01012,None,24.16,INE074H01012
531996,Odyssey Corporation Ltd,BSE,531996.BO,X,INE839E01023,None,60.91,INE839E01023
531931,Sai Capital Ltd,BSE,531931.BO,X,INE531X01018,None,42.74,INE531X01018
531944,Lexoraa Industries Ltd,BSE,531944.BO,X,INE185D01015,None,7.56,INE185D01015
531946,Chadha Papers Ltd,BSE,531946.BO,X,INE669W01018,None,8.93,INE669W01018
531950,Vertex Securities Ltd,BSE,531950.BO,X,INE316D01024,None,25.83,INE316D01024
531952,Riba Textiles Ltd,BSE,531952.BO,X,INE811H01017,None,67.27,INE811H01017
531959,Newtime Infrastructure Ltd,BSE,531959.BO,X,INE997D01021,None,103.39,INE997D01021
531962,Shree Metalloys Ltd,BSE,531962.BO,X,INE914B01012,None,21.8,INE914B01012
531968,IITL Projects Ltd,BSE,531968.BO,X,INE786E01018,None,21.09,INE786E01018
531977,Chartered Logistics Ltd,BSE,531977.BO,X,INE558F01026,None,84.93,INE558F01026
531979,Hind Aluminium Industries Ltd-$,BSE,531979.BO,X,INE227B01019,None,65.4,INE227B01019
531982,Spectrum Foods Ltd,BSE,531982.BO,X,INE547C01018,None,29.31,INE547C01018
531989,Deccan Polypacks Ltd,BSE,531989.BO,X,INE132E01015,None,7.4,INE132E01015
531991,Amraworld Agrico Ltd,BSE,531991.BO,X,INE735C01027,None,6.26,INE735C01027
531557,Amit Securities Ltd,BSE,531557.BO,X,INE137E01014,None,36.53,INE137E01014
531552,Raghunath Tobacco Company Ltd,BSE,531552.BO,X,INE754B01012,None,17.41,INE754B01012
531234,Scoobee Day Garments (India) Ltd,BSE,531234.BO,X,INE962E01015,None,118.29,INE962E01015
531257,Pratiksha Chemicals Ltd,BSE,531257.BO,X,INE530D01012,None,10.82,INE530D01012
531255,Paragon Finance Ltd,BSE,531255.BO,X,INE015E01012,None,21.0,INE015E01012
531254,Optimus Finance Ltd,BSE,531254.BO,X,INE031G01022,None,98.34,INE031G01022
531253,India Gelatine & Chemicals Ltd-$,BSE,531253.BO,X,INE342D01012,None,255.46,INE342D01012
531246,Prima Industries Ltd,BSE,531246.BO,X,INE723N01012,None,17.16,INE723N01012
531233,Rasi Electrodes Ltd,BSE,531233.BO,X,INE822D01021,None,39.66,INE822D01021
531550,Jhaveri Credits & Capital Ltd,BSE,531550.BO,X,INE865D01012,None,156.42,INE865D01012
531228,Rander Corporation Ltd,BSE,531228.BO,X,INE821D01031,None,11.66,INE821D01031
531227,Deco Mica Ltd,BSE,531227.BO,X,INE907E01010,None,23.05,INE907E01010
531223,Anjani Synthetics Ltd-$,BSE,531223.BO,X,INE364D01032,None,32.77,INE364D01032
531219,Shyama Computronics and Services Ltd,BSE,531219.BO,P,INE861E01019,None,4.66,INE861E01019
531262,Equilateral Enterprises Ltd,BSE,531262.BO,X,INE060N01019,None,27.12,INE060N01019
531268,B2B Software Technologies Ltd,BSE,531268.BO,X,INE151B01011,None,44.18,INE151B01011
531272,Nikki Global Finance Ltd,BSE,531272.BO,X,INE526C01012,None,7.45,INE526C01012
531273,Radhe Developers India Ltd,BSE,531273.BO,X,INE986B01044,None,96.6,INE986B01044
531274,Kinetic Trust Ltd,BSE,531274.BO,X,INE674M01019,None,11.27,INE674M01019
531278,Elixir Capital Ltd,BSE,531278.BO,X,INE785D01012,None,62.62,INE785D01012
531279,Trishakti Industries Ltd,BSE,531279.BO,X,INE238C01022,None,256.54,INE238C01022
531281,Marble City India Ltd,BSE,531281.BO,X,INE807H01023,None,224.86,INE807H01023
531283,Cindrella Financial Services Ltd,BSE,531283.BO,X,INE897D01015,None,4.37,INE897D01015
531287,National Plastic Technologies Ltd,BSE,531287.BO,X,INE896D01017,None,119.99,INE896D01017
531288,Lead Financial Services Ltd,BSE,531288.BO,X,INE531D01010,None,6.37,INE531D01010
531289,National Fittings Ltd,BSE,531289.BO,X,INE643C01015,None,138.43,INE643C01015
531297,Artefact Projects Ltd,BSE,531297.BO,X,INE885B01014,None,40.68,INE885B01014
531304,Nutech Global Ltd,BSE,531304.BO,X,INE960H01012,None,8.2,INE960H01012
531306,DHP India Ltd,BSE,531306.BO,X,INE590D01016,None,151.95,INE590D01016
531215,RTS Power Corporation Ltd,BSE,531215.BO,X,INE005C01017,None,101.22,INE005C01017
531212,Nalin Lease Finance Ltd,BSE,531212.BO,X,INE606C01012,None,26.44,INE606C01012
531155,Epsom Properties Ltd,BSE,531155.BO,X,INE601F01016,None,6.93,INE601F01016
531099,Centuple Global Ltd,BSE,531099.BO,X,INE396H01019,None,23.51,INE396H01019
531111,Gothi Plascon India Ltd,BSE,531111.BO,P,INE538G01018,None,40.24,INE538G01018
531119,Ceenik Exports India Ltd,BSE,531119.BO,X,INE418D01010,None,72.64,INE418D01010
531126,Kati Patang Lifestyle Ltd,BSE,531126.BO,X,INE237C01016,None,79.17,INE237C01016
531127,Mena Mani Industries Ltd,BSE,531127.BO,X,INE148B01033,None,78.79,INE148B01033
531129,Inani Marbles & Industries Ltd,BSE,531129.BO,X,INE635D01027,None,20.83,INE635D01027
531137,Gemstone Investments Ltd,BSE,531137.BO,X,INE503D01027,None,11.81,INE503D01027
531144,El Forge Ltd-$,BSE,531144.BO,X,INE158F01017,None,34.88,INE158F01017
531153,Diligent Industries Ltd,BSE,531153.BO,X,INE650C01036,None,50.55,INE650C01036
531157,Organic Coatings Ltd,BSE,531157.BO,X,INE412E01011,None,16.54,INE412E01011
531210,Colinz Laboratories Ltd,BSE,531210.BO,X,INE923C01011,None,14.82,INE923C01011
531158,Catvision Ltd,BSE,531158.BO,X,INE660B01011,None,10.62,INE660B01011
531163,Kemistar Corporation Ltd,BSE,531163.BO,X,INE971L01029,None,57.97,INE971L01029
531168,Associated Ceramics Ltd,BSE,531168.BO,X,INE771E01010,None,51.25,INE771E01010
531169,SKP Securities Ltd,BSE,531169.BO,X,INE709B01016,None,69.69,INE709B01016
531173,Syschem India Ltd,BSE,531173.BO,X,INE121D01036,None,210.41,INE121D01036
531176,Mefcom Capital Markets Ltd,BSE,531176.BO,X,INE186C01023,None,51.55,INE186C01023
531190,Eforu Entertainment Ltd,BSE,531190.BO,X,INE355H01015,None,62.09,INE355H01015
531199,Glance Finance Ltd,BSE,531199.BO,X,INE580D01017,None,37.0,INE580D01017
531203,Tradewell Holdings Ltd,BSE,531203.BO,X,INE819G01012,None,12.33,INE819G01012
531310,Available Finance Ltd,BSE,531310.BO,B,INE325G01010,None,157.14,INE325G01010
531314,Integra Capital  Ltd,BSE,531314.BO,X,INE366H01012,None,7.05,INE366H01012
531436,Saffron Industries Ltd,BSE,531436.BO,X,INE474D01013,None,21.96,INE474D01013
531437,Prakash Woollen & Synthetic Mills Ltd,BSE,531437.BO,X,INE523I01016,None,24.18,INE523I01016
531441,Lyons Corporate Market Ltd,BSE,531441.BO,X,INE100F01019,None,8.84,INE100F01019
531454,Polylink Polymers India Ltd,BSE,531454.BO,X,INE323D01020,None,46.43,INE323D01020
531456,Minaxi Textiles Ltd,BSE,531456.BO,X,INE952C01028,None,7.17,INE952C01028
531460,Continental Controls Ltd,BSE,531460.BO,X,INE545B01022,None,4.7,INE545B01022
531465,Nouveau Global Ventures Ltd,BSE,531465.BO,X,INE317B01042,None,7.98,INE317B01042
531472,Cybele Industries Ltd,BSE,531472.BO,X,INE183D01010,None,53.1,INE183D01010
531489,CG Vak Software & Exports Ltd,BSE,531489.BO,X,INE084D01010,None,94.14,INE084D01010
531502,Esaar India Ltd,BSE,531502.BO,X,INE404L01039,None,24.45,INE404L01039
531432,Systematix Securities Ltd,BSE,531432.BO,X,INE07P301011,None,5.63,INE07P301011
531503,Maris Spinners Ltd-$,BSE,531503.BO,X,INE866D01010,None,24.79,INE866D01010
531505,Indergiri Finance Ltd,BSE,531505.BO,X,INE628F01019,None,9.2,INE628F01019
531509,Step Two Corporation Ltd,BSE,531509.BO,X,INE623D01015,None,19.16,INE623D01015
531512,Orient Tradelink Ltd,BSE,531512.BO,X,INE681D01039,None,19.77,INE681D01039
531521,Desh Rakshak Aushdhalaya Ltd,BSE,531521.BO,P,INE971E01016,None,19.94,INE971E01016
531525,ACE Software Exports Ltd-$,BSE,531525.BO,X,INE849B01010,None,148.91,INE849B01010
531529,Softrak Venture Investment Ltd,BSE,531529.BO,X,INE562E01021,None,52.29,INE562E01021
531533,Accedere Ltd,BSE,531533.BO,X,INE578B01015,None,25.58,INE578B01015
531537,Mizzen Ventures Ltd,BSE,531537.BO,X,INE681K01026,None,310.89,INE681K01026
531539,Rishabh Digha Steel & Allied Products Ltd-$,BSE,531539.BO,X,INE864D01015,None,17.78,INE864D01015
531433,Sungold Capital Ltd,BSE,531433.BO,X,INE271D01013,None,4.99,INE271D01013
531323,Jayatma Industries Ltd,BSE,531323.BO,X,INE250D01017,None,7.74,INE250D01017
531324,Roselabs Finance Ltd,BSE,531324.BO,X,INE475C01012,None,22.0,INE475C01012
531334,Vikalp Securities Ltd,BSE,531334.BO,X,INE186E01011,None,6.34,INE186E01011
531338,Milestone Global Ltd,BSE,531338.BO,X,INE151H01018,None,9.05,INE151H01018
531340,Bervin Investment & Leasing Ltd,BSE,531340.BO,X,INE348I01018,None,24.68,INE348I01018
531341,Gujarat Investa Ltd,BSE,531341.BO,X,INE373D01017,None,13.46,INE373D01017
531346,Eastern Treads Ltd,BSE,531346.BO,X,INE500D01015,None,14.36,INE500D01015
531352,Peeti Securities Ltd,BSE,531352.BO,X,INE328D01011,None,7.58,INE328D01011
531359,Shriram Asset Management Company Ltd,BSE,531359.BO,X,INE777G01012,None,486.58,INE777G01012
531364,Ekansh Concepts Ltd,BSE,531364.BO,X,INE005E01013,None,325.77,INE005E01013
531380,Centenial Surgical Suture Ltd,BSE,531380.BO,X,INE405H01018,None,29.55,INE405H01018
531387,Hasti Finance Ltd,BSE,531387.BO,X,INE671D01014,None,6.85,INE671D01014
531390,Upsurge Investment & Finance Ltd,BSE,531390.BO,X,INE890B01014,None,131.75,INE890B01014
531395,Padam Cotton Yarns Ltd,BSE,531395.BO,X,INE448D01025,None,21.51,INE448D01025
531396,Women Networks Ltd,BSE,531396.BO,X,INE905B01010,None,3.31,INE905B01010
531397,Polycon International Ltd,BSE,531397.BO,X,INE262C01014,None,9.24,INE262C01014
531398,Source Natural Foods and Herbal Supplements Ltd,BSE,531398.BO,X,INE679C01027,None,67.65,INE679C01027
531399,GG Automotive Gears Ltd,BSE,531399.BO,X,INE493B01017,None,136.91,INE493B01017
531402,LWS Knitwear Ltd,BSE,531402.BO,X,INE281M01013,None,22.75,INE281M01013
531406,ANS Industries Ltd,BSE,531406.BO,X,INE234J01018,None,13.1,INE234J01018
531411,Tuni Textile Mills Ltd,BSE,531411.BO,X,INE560D01027,None,13.85,INE560D01027
531416,Narendra Properties Ltd,BSE,531416.BO,X,INE603F01012,None,26.66,INE603F01012
531420,BMB Music & Magnetics Ltd,BSE,531420.BO,X,INE644K01016,None,6.1,INE644K01016
532160,Gujarat State Financial Corporation,BSE,532160.BO,B,INE944A01011,None,94.73,INE944A01011
531091,United Credit Ltd,BSE,531091.BO,X,INE858C01027,None,15.25,INE858C01027
532656,Facor Alloys Ltd,BSE,532656.BO,X,INE828G01013,None,59.45,INE828G01013
532676,PBA Infrastructure Ltd,BSE,532676.BO,X,INE160H01019,None,12.0,INE160H01019
532645,Beeyu Overseas Ltd,BSE,532645.BO,X,INE052B01011,None,3.76,INE052B01011
532806,AI Champdany Industries Ltd,BSE,532806.BO,X,INE768E01024,None,110.65,INE768E01024
532820,E-Land Apparel Ltd,BSE,532820.BO,X,INE311H01018,None,64.79,INE311H01018
532723,MPDL Ltd,BSE,532723.BO,X,INE493H01014,None,27.08,INE493H01014
532744,GTN Textiles Ltd,BSE,532744.BO,X,INE302H01017,None,9.86,INE302H01017
532323,Shiva Cement Ltd,BSE,532323.BO,X,INE555C01029,None,523.63,INE555C01029
532320,Vaarad Ventures Ltd,BSE,532320.BO,X,INE418B01048,None,253.15,INE418B01048
532315,Groarc Industries India Ltd,BSE,532315.BO,X,INE042B01012,None,13.92,INE042B01012
532304,KJMC Corporate Advisors (India) Ltd,BSE,532304.BO,X,INE602C01011,None,21.56,INE602C01011
532333,HB Portfolio Ltd,BSE,532333.BO,X,INE638B01025,None,65.45,INE638B01025
532340,Omni AXs Software Ltd,BSE,532340.BO,X,INE369B01019,None,3.35,INE369B01019
532344,Madala Holdings Ltd,BSE,532344.BO,X,INE002B01016,None,281.69,INE002B01016
532362,Nagpur Power & Industries Ltd,BSE,532362.BO,X,INE099E01016,None,194.47,INE099E01016
532284,TCFC Finance Ltd,BSE,532284.BO,X,INE389D01013,None,28.0,INE389D01013
532167,Omkar Pharmachem Ltd,BSE,532167.BO,X,INE501C01015,None,21.44,INE501C01015
532183,Gayatri Sugars Ltd,BSE,532183.BO,X,INE622E01023,None,60.85,INE622E01023
532217,CMX Holdings Ltd,BSE,532217.BO,X,INE027F01014,None,18.39,INE027F01014
532230,Bengal Tea & Fabrics Ltd,BSE,532230.BO,X,INE665D01016,None,126.17,INE665D01016
532262,TCI Industries Ltd,BSE,532262.BO,X,INE920B01019,None,131.82,INE920B01019
532275,Landmarc Leisure Corporation Ltd,BSE,532275.BO,X,INE394C01023,None,192.08,INE394C01023
532455,Shalimar Wires Industries Ltd,BSE,532455.BO,X,INE655D01025,None,76.96,INE655D01025
532467,Hazoor Multi Projects Ltd-$,BSE,532467.BO,B,INE550F01049,None,733.16,INE550F01049
532444,T Spiritual World Ltd,BSE,532444.BO,X,INE541C01037,None,2.84,INE541C01037
532373,WEP Solutions Ltd,BSE,532373.BO,X,INE434B01029,None,95.9,INE434B01029
532378,Universal Arts Ltd,BSE,532378.BO,X,INE464B01018,None,5.22,INE464B01018
532379,First Fintec Ltd,BSE,532379.BO,X,INE683B01047,None,8.2,INE683B01047
532380,Baba Arts Ltd-$,BSE,532380.BO,X,INE893A01036,None,70.09,INE893A01036
532384,Tyche Industries Ltd,BSE,532384.BO,X,INE443B01012,None,131.2,INE443B01012
532397,Konndor Industries Ltd,BSE,532397.BO,X,INE971A01014,None,9.94,INE971A01014
532404,Saven Technologies Ltd,BSE,532404.BO,X,INE856B01023,None,38.71,INE856B01023
532410,Transcorp International Ltd,BSE,532410.BO,X,INE330E01023,None,82.12,INE330E01023
531083,Nihar Info Global Ltd,BSE,531083.BO,X,INE876E01033,None,6.13,INE876E01033
522165,Indsil Hydro Power and Manganese Ltd-$,BSE,522165.BO,X,INE867D01018,None,113.89,INE867D01018
524582,Tirupati Starch & Chemicals Ltd,BSE,524582.BO,X,INE314D01011,None,117.76,INE314D01011
524580,Priya Ltd-$,BSE,524580.BO,X,INE686C01014,None,7.88,INE686C01014
524576,Vivid Global Industries Ltd,BSE,524576.BO,X,INE737C01023,None,20.08,INE737C01023
524572,Pharmaids Pharmaceuticals Ltd,BSE,524572.BO,X,INE117D01018,None,98.61,INE117D01018
524564,Gayatri BioOrganics Ltd,BSE,524564.BO,X,INE052E01015,None,63.82,INE052E01015
524548,Sharma East India Hospitals & Medical Research Ltd,BSE,524548.BO,X,INE465H01012,None,42.47,INE465H01012
524522,Laffans Petrochemicals Ltd-$,BSE,524522.BO,X,INE919B01011,None,22.6,INE919B01011
524520,KMC Speciality Hospitals (India) Ltd,BSE,524520.BO,B,INE879K01018,None,1855.91,INE879K01018
524516,Bacil Pharma Ltd,BSE,524516.BO,X,INE711D01018,None,74.56,INE711D01018
524506,Coral Laboratories Ltd,BSE,524506.BO,X,INE683E01017,None,178.7,INE683E01017
524592,Jaysynth Orgochem Ltd,BSE,524592.BO,X,INE263B01022,None,168.36,INE263B01022
524594,Aeonx Digital Technology Ltd,BSE,524594.BO,X,INE994D01010,None,56.12,INE994D01010
524602,Bandaram Pharma Packtech Ltd,BSE,524602.BO,X,INE875N01036,None,49.48,INE875N01036
524604,Adline Chem Lab Ltd,BSE,524604.BO,P,INE276T01018,None,8.01,INE276T01018
524606,Beryl Drugs Ltd,BSE,524606.BO,X,INE415H01017,None,12.3,INE415H01017
524614,IEL Ltd,BSE,524614.BO,X,INE056E01024,None,72.89,INE056E01024
524628,Parker Agrochem Exports Ltd-$,BSE,524628.BO,X,INE750B01010,None,7.82,INE750B01010
524632,Shukra Pharmaceuticals Ltd,BSE,524632.BO,B,INE551C01044,None,1347.79,INE551C01044
524634,Alufluoride Ltd,BSE,524634.BO,X,INE058F01019,None,356.11,INE058F01019
524636,Oxygenta Pharmaceutical Ltd,BSE,524636.BO,X,INE102E01018,None,183.07,INE102E01018
524640,Archit Organosys Ltd,BSE,524640.BO,X,INE078I01011,None,112.1,INE078I01011
524642,Sikozy Realtors Ltd,BSE,524642.BO,X,INE528E01022,None,6.15,INE528E01022
524661,Welcure Drugs & Pharmaceuticals Ltd,BSE,524661.BO,X,INE331C01025,None,33.37,INE331C01025
524663,Bharat Immunologicals & Biologicals Corporation Ltd-$,BSE,524663.BO,B,INE994B01014,None,75.35,INE994B01014
524502,Raaj Medisafe India Ltd,BSE,524502.BO,P,INE548H01015,None,123.67,INE548H01015
524336,Shree Hari Chemicals Export Ltd,BSE,524336.BO,X,INE065E01017,None,60.36,INE065E01017
524204,Teesta Agro Industries Ltd,BSE,524204.BO,X,INE757D01011,None,66.98,INE757D01011
524210,Pentokey Organy India Ltd,BSE,524210.BO,X,INE702E01015,None,23.28,INE702E01015
524218,Resonance Specialties Ltd-$,BSE,524218.BO,X,INE486D01017,None,151.46,INE486D01017
524288,Aimco Pesticides Ltd,BSE,524288.BO,X,INE008B01013,None,50.04,INE008B01013
524314,Gujarat Terce Laboratories Ltd,BSE,524314.BO,X,INE499G01013,None,27.26,INE499G01013
524322,Kabra Drugs Ltd,BSE,524322.BO,X,INE323K01017,None,50.36,INE323K01017
524488,SVC INDUSTRIES Ltd,BSE,524488.BO,X,INE038B01010,None,38.65,INE038B01010
524400,Ishita Drugs & Industries Ltd,BSE,524400.BO,X,INE806D01016,None,22.17,INE806D01016
524408,Universal Starch Chem Allied Ltd,BSE,524408.BO,X,INE113E01015,None,86.08,INE113E01015
524414,Norris Medicines Ltd,BSE,524414.BO,X,INE744C01029,None,14.18,INE744C01029
524434,Asian Petroproducts & Exports Ltd,BSE,524434.BO,X,INE810M01019,None,23.8,INE810M01019
524440,Camex Ltd,BSE,524440.BO,X,INE198C01010,None,42.5,INE198C01010
524458,Indo Euro Indchem Ltd,BSE,524458.BO,X,INE319N01019,None,9.69,INE319N01019
524687,Basant Agro Tech India Ltd-$,BSE,524687.BO,X,INE473E01021,None,113.56,INE473E01021
526468,Euro Leder Fashion Ltd,BSE,526468.BO,X,INE940E01011,None,7.83,INE940E01011
526231,Standard Surfactants Ltd,BSE,526231.BO,X,INE307D01015,None,38.29,INE307D01015
526315,Divyashakti Ltd,BSE,526315.BO,X,INE410G01010,None,49.13,INE410G01010
526241,Amrapali Industries Ltd,BSE,526241.BO,X,INE762C01021,None,130.22,INE762C01021
526237,Morgan Ventures Ltd,BSE,526237.BO,X,INE902C01015,None,49.0,INE902C01015
524703,Sandu Pharmaceuticals Ltd,BSE,524703.BO,X,INE751D01014,None,40.64,INE751D01014
526211,Suraj Industries Ltd,BSE,526211.BO,X,INE170U01011,None,293.13,INE170U01011
526193,Royal Cushion Vinyl Products Ltd-$,BSE,526193.BO,X,INE618A01011,None,53.68,INE618A01011
526187,Ashram Online.Com Ltd,BSE,526187.BO,X,INE293C01019,None,6.0,INE293C01019
526173,Andrew Yule & Company Ltd,BSE,526173.BO,B,INE449C01025,None,1148.06,INE449C01025
526169,Multibase India Ltd,BSE,526169.BO,X,INE678F01014,None,237.26,INE678F01014
526335,Shreyas Intermediates Ltd,BSE,526335.BO,X,INE115F01017,None,44.99,INE115F01017
526345,Panjon Ltd,BSE,526345.BO,X,INE744D01019,None,34.9,INE744D01019
526355,Duro Pack Ltd,BSE,526355.BO,X,INE138B01018,None,30.69,INE138B01018
526365,Swarnsarita Jewels India Ltd,BSE,526365.BO,X,INE967A01012,None,67.66,INE967A01012
526373,Cindrella Hotels Ltd-$,BSE,526373.BO,X,INE908C01012,None,17.1,INE908C01012
526407,Hampton Sky Realty Ltd,BSE,526407.BO,X,INE299D01022,None,252.82,INE299D01022
526409,Kkalpana Industries (India) Ltd,BSE,526409.BO,X,INE301C01028,None,65.76,INE301C01028
526433,ASM Technologies Ltd,BSE,526433.BO,B,INE867C01010,None,4825.41,INE867C01010
526435,Perfectpac Ltd,BSE,526435.BO,X,INE759I01024,None,45.12,INE759I01024
526439,Ambitious Plastomac Company Ltd,BSE,526439.BO,X,INE267C01013,None,5.12,INE267C01013
526441,Vision Cinemas Ltd,BSE,526441.BO,X,INE515B01025,None,8.27,INE515B01025
526161,Spenta International Ltd,BSE,526161.BO,X,INE175C01018,None,26.97,INE175C01018
526159,Nikhil Adhesives Ltd-$,BSE,526159.BO,X,INE926C01022,None,402.32,INE926C01022
526143,Mpl Plastics Ltd,BSE,526143.BO,X,INE343A01016,None,7.65,INE343A01016
524711,Vista Pharmaceuticals Ltd,BSE,524711.BO,X,INE427C01021,None,45.49,INE427C01021
524731,Jenburkt Pharmaceuticals Ltd,BSE,524731.BO,X,INE354A01013,None,513.36,INE354A01013
524748,Link Pharma Chem Ltd,BSE,524748.BO,X,INE302F01011,None,12.22,INE302F01011
524752,Decipher Labs Ltd,BSE,524752.BO,X,INE643N01012,None,6.97,INE643N01012
524768,Emmessar Biotech & Nutrition Ltd,BSE,524768.BO,X,INE634B01016,None,13.26,INE634B01016
524790,Everest Organics Ltd,BSE,524790.BO,X,INE334C01029,None,243.73,INE334C01029
524808,Phyto Chem India Ltd,BSE,524808.BO,X,INE037C01010,None,9.88,INE037C01010
524818,Dynamic Industries Ltd-$,BSE,524818.BO,X,INE457C01010,None,34.19,INE457C01010
526139,Transgene Biotek Ltd,BSE,526139.BO,X,INE773D01018,None,20.13,INE773D01018
524828,BDH Industries Ltd,BSE,524828.BO,X,INE278D01018,None,232.57,INE278D01018
526025,Globus Constructors & Developers Ltd,BSE,526025.BO,X,INE064L01015,None,135.56,INE064L01015
526043,Polymechplast Machines Ltd,BSE,526043.BO,X,INE809B01014,None,28.29,INE809B01014
526073,Galaxy Bearings Ltd,BSE,526073.BO,X,INE020S01012,None,169.81,INE020S01012
526081,SC Agrotech Ltd,BSE,526081.BO,X,INE895E01017,None,138.31,INE895E01017
526113,Uniroyal Marine Exports Ltd,BSE,526113.BO,X,INE602H01010,None,7.94,INE602H01010
526115,Karan Woo Sin Ltd,BSE,526115.BO,X,INE327D01013,None,6.65,INE327D01013
526117,Shervani Industrial Syndicate Ltd,BSE,526117.BO,X,INE011D01013,None,79.25,INE011D01013
526133,Supertex Industries Ltd,BSE,526133.BO,X,INE881B01054,None,6.35,INE881B01054
526137,Shetron Ltd,BSE,526137.BO,X,INE278C01010,None,83.78,INE278C01010
524202,Lactose India Ltd,BSE,524202.BO,X,INE058I01013,None,134.07,INE058I01013
524174,Kesar Petroproducts Ltd,BSE,524174.BO,X,INE133C01033,None,158.54,INE133C01033
523248,Machino Plastics Ltd-$,BSE,523248.BO,X,INE082B01018,None,151.0,INE082B01018
523242,NB Footwear Ltd,BSE,523242.BO,P,INE006F01018,None,9.22,INE006F01018
523232,Continental Petroleums Ltd,BSE,523232.BO,X,INE369D01023,None,77.46,INE369D01023
523186,B&A Packaging India Ltd,BSE,523186.BO,X,INE00FM01013,None,39.45,INE00FM01013
523160,Foseco Crucible (India) Ltd,BSE,523160.BO,X,INE599F01020,None,657.27,INE599F01020
523144,Medi Caps Ltd-$,BSE,523144.BO,X,INE442D01010,None,33.48,INE442D01010
523120,Thrive Future Habitats Ltd,BSE,523120.BO,X,INE628D01014,None,103.23,INE628D01014
523116,Sanco Trans Ltd,BSE,523116.BO,X,INE391G01012,None,125.04,INE391G01012
523289,Rama Vision Ltd,BSE,523289.BO,X,INE763B01013,None,151.13,INE763B01013
523309,Shri Gang Industries & Allied Products Ltd,BSE,523309.BO,X,INE241V01018,None,129.47,INE241V01018
523315,Purity Flexpack Ltd,BSE,523315.BO,P,INE898O01010,None,0.25,INE898O01010
523351,Standard Shoe Sole and Mould (India) Ltd,BSE,523351.BO,P,INE888N01013,None,8.77,INE888N01013
523373,Mini Diamonds India Ltd,BSE,523373.BO,X,INE281E01028,None,164.98,INE281E01028
523113,Futuristic Securities Ltd,BSE,523113.BO,X,INE425D01015,None,6.6,INE425D01015
523105,Cropster Agro Ltd,BSE,523105.BO,B,INE293E01031,None,477.96,INE293E01031
523062,JJ Finance Corporation Ltd,BSE,523062.BO,X,INE584C01011,None,13.39,INE584C01011
522183,ITL Industries Ltd-$,BSE,522183.BO,X,INE478D01014,None,85.8,INE478D01014
522207,Rasandik Engineering Industries India Ltd-$,BSE,522207.BO,X,INE682D01011,None,40.86,INE682D01011
522229,Taneja Aerospace & Aviation Ltd-$,BSE,522229.BO,X,INE692C01020,None,721.54,INE692C01020
522231,Conart Engineers Ltd-$,BSE,522231.BO,X,INE714D01020,None,60.04,INE714D01020
522235,Minal Industries Ltd,BSE,522235.BO,X,INE097E01028,None,44.71,INE097E01028
522237,Shivagrico Implements Ltd,BSE,522237.BO,X,INE092H01014,None,13.18,INE092H01014
522251,Cenlub Industries Ltd,BSE,522251.BO,X,INE627F01011,None,109.97,INE627F01011
522267,Veejay Lakshmi Engineering Works Ltd-$,BSE,522267.BO,X,INE466D01019,None,17.75,INE466D01019
522289,NMS Global Ltd,BSE,522289.BO,X,INE169F01014,None,26.14,INE169F01014
522292,Candour Techtex Ltd,BSE,522292.BO,X,INE713D01055,None,184.89,INE713D01055
522294,T & I Global Ltd,BSE,522294.BO,X,INE811B01010,None,83.62,INE811B01010
522650,Bemco Hydraulics Ltd,BSE,522650.BO,X,INE142E01022,None,382.24,INE142E01022
523007,Ansal Buildwell Ltd-$,BSE,523007.BO,X,INE030C01015,None,67.02,INE030C01015
523019,BN Rathi Securities Ltd,BSE,523019.BO,X,INE710D01028,None,68.47,INE710D01028
523021,Rishi Techtex Ltd,BSE,523021.BO,X,INE989D01010,None,29.5,INE989D01010
523844,Constronics Infra Ltd,BSE,523844.BO,X,INE537B01011,None,58.87,INE537B01011
523732,Ecoboard Industries Ltd,BSE,523732.BO,X,INE866A01016,None,152.76,INE866A01016
523752,Trans India House Impex Ltd,BSE,523752.BO,X,INE502D01011,None,32.12,INE502D01011
523782,Mitshi India Ltd,BSE,523782.BO,X,INE844D01017,None,14.04,INE844D01017
523790,Shukra Jewellery Ltd,BSE,523790.BO,P,INE344E01016,None,12.19,INE344E01016
523826,Sovereign Diamonds Ltd,BSE,523826.BO,X,INE959D01013,None,12.11,INE959D01013
523840,Innovative Tech Pack Ltd,BSE,523840.BO,X,INE965C01038,None,31.02,INE965C01038
523842,Super Tannery Ltd,BSE,523842.BO,X,INE460D01038,None,77.09,INE460D01038
523850,Axtel Industries Ltd,BSE,523850.BO,X,INE767C01012,None,730.68,INE767C01012
524031,Patidar Buildcon Ltd,BSE,524031.BO,X,INE637N01014,None,4.55,INE637N01014
524038,Venlon Enterprises Ltd,BSE,524038.BO,X,INE204D01022,None,25.6,INE204D01022
524080,Haryana Leather Chemicals Ltd,BSE,524080.BO,X,INE681F01018,None,31.4,INE681F01018
524136,Pee Cee Cosma Sope Ltd,BSE,524136.BO,X,INE417E01010,None,79.26,INE417E01010
524156,TCM Ltd,BSE,524156.BO,X,INE034F01010,None,36.08,INE034F01010
523425,Sunraj Diamond Exports Ltd,BSE,523425.BO,X,INE459D01014,None,7.7,INE459D01014
523465,Ind Bank Housing Ltd,BSE,523465.BO,B,INE969D01012,None,48.98,INE969D01012
523467,Jai Mata Glass Ltd,BSE,523467.BO,X,INE250C01027,None,17.0,INE250C01027
523475,Lotus Chocolate Company Ltd,BSE,523475.BO,B,INE026D01011,None,898.55,INE026D01011
523483,Pacific Industries Ltd,BSE,523483.BO,X,INE883C01025,None,94.08,INE883C01025
523489,Chennai Meenakshi Multispeciality Hospital Ltd-$,BSE,523489.BO,X,INE889F01017,None,28.38,INE889F01017
523537,APM Industries Ltd-$,BSE,523537.BO,X,INE170D01025,None,97.25,INE170D01025
523550,Krypton Industries Ltd,BSE,523550.BO,X,INE951B01014,None,51.15,INE951B01014
523558,Swiss Military Consumer Goods Ltd,BSE,523558.BO,X,INE010C01025,None,392.7,INE010C01025
523566,Martin Burn Ltd,BSE,523566.BO,X,INE199D01016,None,22.16,INE199D01016
523586,Indian Toners & Developers Ltd-$,BSE,523586.BO,X,INE826B01018,None,257.97,INE826B01018
523594,Kunststoffe Industries Ltd,BSE,523594.BO,X,INE638D01021,None,16.47,INE638D01021
523620,Phaarmasia Ltd,BSE,523620.BO,X,INE486I01016,None,68.97,INE486I01016
523638,IP Rings Ltd-$,BSE,523638.BO,X,INE558A01019,None,152.55,INE558A01019
523650,Yash Innoventures Ltd,BSE,523650.BO,X,INE823D01011,None,73.74,INE823D01011
523652,Kkalpana Plastick Ltd,BSE,523652.BO,X,INE465K01016,None,15.41,INE465K01016
523660,Waterbase Ltd,BSE,523660.BO,X,INE054C01015,None,186.67,INE054C01015
523672,Flex Foods Ltd-$,BSE,523672.BO,X,INE954B01018,None,50.4,INE954B01018
523676,Golkunda Diamonds & Jewellery Ltd,BSE,523676.BO,X,INE798D01015,None,163.97,INE798D01015
523696,Fortis Malar Hospitals Ltd,BSE,523696.BO,X,INE842B01015,None,101.21,INE842B01015
526443,Artificial Electronics Intelligent Material Ltd,BSE,526443.BO,X,INE072B01027,None,297.17,INE072B01027
526471,Winsome Breweries Ltd,BSE,526471.BO,X,INE391C01011,None,62.75,INE391C01011
530459,Valson Industries Ltd-$,BSE,530459.BO,X,INE808A01018,None,21.49,INE808A01018
530521,Virat Industries Ltd,BSE,530521.BO,X,INE467D01017,None,587.61,INE467D01017
530477,Vikram Thermo India Ltd,BSE,530477.BO,X,INE337E01010,None,577.3,INE337E01010
530461,Saboo Sodium Chloro Ltd,BSE,530461.BO,X,INE440C01016,None,49.78,INE440C01016
530457,GTT Data Solutions Ltd,BSE,530457.BO,X,INE959B01017,None,171.87,INE959B01017
530643,Eco Recycling Ltd,BSE,530643.BO,T,INE316A01038,None,815.67,INE316A01038
530449,Rungta Irrigation Ltd,BSE,530449.BO,X,INE347C01013,None,98.25,INE347C01013
530445,Sumeru Industries Ltd,BSE,530445.BO,X,INE764B01029,None,11.66,INE764B01029
530443,Kiran Syntex Ltd,BSE,530443.BO,X,INE293D01017,None,6.42,INE293D01017
530439,Siddha Ventures Ltd,BSE,530439.BO,X,INE140C01012,None,4.5,INE140C01012
530433,Shiva Global Agro Industries Ltd,BSE,530433.BO,X,INE960E01019,None,41.18,INE960E01019
530429,Ashish Polyplast Ltd,BSE,530429.BO,X,INE831C01016,None,10.12,INE831C01016
530525,Rajnish Retail Ltd,BSE,530525.BO,X,INE786J01033,None,41.7,INE786J01033
530533,Terai Tea Company Ltd,BSE,530533.BO,X,INE390D01011,None,73.06,INE390D01011
530545,Cosco India Ltd-$,BSE,530545.BO,X,INE949B01018,None,78.23,INE949B01018
530547,Ken Financial Services Ltd,BSE,530547.BO,X,INE395E01018,None,4.08,INE395E01018
530557,NCL Research & Financial Services Ltd,BSE,530557.BO,X,INE132F01038,None,54.59,INE132F01038
530571,Explicit Finance Ltd,BSE,530571.BO,X,INE335G01019,None,8.9,INE335G01019
530577,Ladderup Finance Ltd,BSE,530577.BO,X,INE519D01015,None,54.71,INE519D01015
530585,Swastika Investmart Ltd,BSE,530585.BO,X,INE691C01022,None,123.67,INE691C01022
530589,Prima Plastics Ltd,BSE,530589.BO,X,INE573B01016,None,148.12,INE573B01016
530595,TeleCanor Global Ltd,BSE,530595.BO,X,INE381G01013,None,16.81,INE381G01013
530601,Jagsonpal Services Ltd,BSE,530601.BO,X,INE582C01015,None,98.22,INE582C01015
530615,Garg Furnace Ltd,BSE,530615.BO,X,INE194E01015,None,57.15,INE194E01015
530617,Sampre Nutritions Ltd,BSE,530617.BO,X,INE375C01022,None,104.79,INE375C01022
530621,Akar Auto Industries Ltd,BSE,530621.BO,X,INE864E01021,None,97.74,INE864E01021
530421,Kuwer Industries Ltd,BSE,530421.BO,X,INE430F01010,None,10.89,INE430F01010
530419,Sumedha Fiscal Services Ltd,BSE,530419.BO,X,INE886B01012,None,31.27,INE886B01012
530407,EPIC Energy Ltd-$,BSE,530407.BO,X,INE932F01015,None,24.5,INE932F01015
530245,Aryaman Financial Services Ltd,BSE,530245.BO,X,INE032E01017,None,727.47,INE032E01017
530249,Bridge Securities Ltd,BSE,530249.BO,X,INE958C01025,None,57.19,INE958C01025
530251,Risa International Ltd,BSE,530251.BO,X,INE001O01029,None,7.98,INE001O01029
530253,Rajasthan Tube Manufacturing Company Ltd,BSE,530253.BO,X,INE497E01020,None,70.14,INE497E01020
530255,Kay Power and Paper Ltd,BSE,530255.BO,X,INE961B01013,None,34.94,INE961B01013
530259,Inter State Oil Carrier Ltd,BSE,530259.BO,X,INE003B01014,None,19.85,INE003B01014
530263,Global Capital Markets Ltd,BSE,530263.BO,X,INE062C01042,None,19.52,INE062C01042
530265,Sainik Finance & Industries Ltd,BSE,530265.BO,X,INE584B01013,None,39.91,INE584B01013
530281,Quantum Digital Vision India Ltd,BSE,530281.BO,X,INE373C01019,None,7.44,INE373C01019
530289,SP Capital Financing Ltd,BSE,530289.BO,X,INE102F01015,None,31.88,INE102F01015
530295,Shree Rajiv Lochan Oil Extraction Ltd,BSE,530295.BO,X,INE418K01015,None,8.61,INE418K01015
530313,Kimia Biosciences Ltd,BSE,530313.BO,X,INE285U01025,None,156.18,INE285U01025
530405,Jindal Capital Ltd,BSE,530405.BO,X,INE356F01017,None,23.61,INE356F01017
530315,Hindustan Tin Works Ltd-$,BSE,530315.BO,X,INE428D01019,None,111.95,INE428D01019
530341,Mukesh Babu Financial Services Ltd,BSE,530341.BO,X,INE596B01017,None,92.57,INE596B01017
530357,KBS India Ltd,BSE,530357.BO,X,INE883D01023,None,14.5,INE883D01023
530361,Prabhhans Industries Ltd,BSE,530361.BO,X,INE428P01013,None,17.71,INE428P01013
530369,Vamshi Rubber Ltd,BSE,530369.BO,X,INE380C01014,None,16.43,INE380C01014
530401,Vinyoflex Ltd,BSE,530401.BO,X,INE526H01011,None,23.31,INE526H01011
530627,Vipul Organics Ltd,BSE,530627.BO,X,INE834D01018,None,546.39,INE834D01018
526473,Elegant Floriculture & Agrotech India Ltd,BSE,526473.BO,X,INE152E01013,None,10.46,INE152E01013
530973,Alfa Ica India Ltd,BSE,530973.BO,X,INE042C01010,None,31.91,INE042C01010
530959,Diana Tea Company Ltd,BSE,530959.BO,X,INE012E01035,None,40.03,INE012E01035
530953,Sunil Agro Foods Ltd-$,BSE,530953.BO,X,INE224D01012,None,25.22,INE224D01012
530951,Raminfo Ltd,BSE,530951.BO,X,INE357B01022,None,36.61,INE357B01022
530931,Stanpacks India Ltd,BSE,530931.BO,X,INE457D01018,None,6.77,INE457D01018
530663,Goyal Associates Ltd,BSE,530663.BO,X,INE912B01032,None,3.97,INE912B01032
530921,Integrated Thermoplastics Ltd,BSE,530921.BO,P,INE038N01015,None,4.58,INE038N01015
530917,RR Securities Ltd,BSE,530917.BO,P,INE474H01014,None,4.75,INE474H01014
530909,ERP Soft Systems Ltd,BSE,530909.BO,X,INE308B01017,None,23.72,INE308B01017
530907,SI Capital & Financial Services Ltd,BSE,530907.BO,X,INE417F01017,None,14.39,INE417F01017
530899,Asia Pack Ltd,BSE,530899.BO,X,INE784M01016,None,13.48,INE784M01016
530977,Shri Keshav Cements And Infra Ltd,BSE,530977.BO,X,INE260E01014,None,245.27,INE260E01014
530979,India Home Loan Ltd,BSE,530979.BO,X,INE274E01015,None,44.1,INE274E01015
530991,Roopa Industries Ltd,BSE,530991.BO,X,INE443C01010,None,38.54,INE443C01010
530997,Unique Organics Ltd,BSE,530997.BO,X,INE333E01019,None,54.11,INE333E01019
531003,Swarna Securities Ltd,BSE,531003.BO,X,INE595G01018,None,23.66,INE595G01018
531015,Venmax Drugs and Pharmaceuticals Ltd,BSE,531015.BO,X,INE154G01022,None,23.71,INE154G01022
531017,Arihants Securities Ltd,BSE,531017.BO,X,INE190D01015,None,10.19,INE190D01015
531025,Visagar Financial Services Ltd,BSE,531025.BO,X,INE309H01038,None,21.02,INE309H01038
531027,Libord Securities Ltd,BSE,531027.BO,X,INE267E01019,None,9.88,INE267E01019
531033,Regal Entertainment & Consultants Ltd,BSE,531033.BO,X,INE101E01010,None,15.68,INE101E01010
531039,Swadha Nature Ltd,BSE,531039.BO,X,INE0P4R01017,None,2.76,INE0P4R01017
531041,Competent Automobiles Company Ltd,BSE,531041.BO,X,INE823B01015,None,233.95,INE823B01015
531043,Dhanvantri Jeevan Rekha Ltd,BSE,531043.BO,X,INE239F01015,None,8.24,INE239F01015
531051,Vintage Securities Ltd,BSE,531051.BO,X,INE153C01015,None,6.34,INE153C01015
531067,Contil India Ltd,BSE,531067.BO,X,INE080G01029,None,36.9,INE080G01029
530897,NG Industries Ltd-$,BSE,530897.BO,X,INE825C01018,None,39.45,INE825C01018
530883,Super Crop Safe Ltd,BSE,530883.BO,X,INE366G01022,None,38.12,INE366G01022
530881,Arunjyoti Bio Ventures Ltd,BSE,530881.BO,X,INE485K01022,None,104.93,INE485K01022
530665,Zenith Healthcare Ltd,BSE,530665.BO,X,INE812B01026,None,17.09,INE812B01026
530675,York Exports Ltd,BSE,530675.BO,X,INE057Q01018,None,19.07,INE057Q01018
530689,Lykis Ltd,BSE,530689.BO,X,INE624M01014,None,92.71,INE624M01014
530709,Gowra Leasing & Finance Ltd,BSE,530709.BO,X,INE225G01012,None,62.25,INE225G01012
530711,Jagan Lamps Ltd,BSE,530711.BO,X,INE144C01014,None,36.53,INE144C01014
530723,Asit C Mehta Financial Services Ltd,BSE,530723.BO,X,INE041B01014,None,99.41,INE041B01014
530733,Encode Packaging India Ltd,BSE,530733.BO,X,INE900O01014,None,3.89,INE900O01014
530735,Super Bakers India Ltd,BSE,530735.BO,X,INE897A01011,None,9.08,INE897A01011
530741,Ovobel Foods Ltd,BSE,530741.BO,X,INE812S01012,None,160.42,INE812S01012
530747,Challani Capital Ltd,BSE,530747.BO,X,INE807A01010,None,27.42,INE807A01010
530755,Coral Newsprints Ltd,BSE,530755.BO,X,INE715D01019,None,4.8,INE715D01019
530765,Agarwal Fortune India Ltd,BSE,530765.BO,X,INE510B01018,None,8.0,INE510B01018
530779,Dynamic Portfolio Management & Services Ltd,BSE,530779.BO,X,INE118C01018,None,21.52,INE118C01018
530789,Ceejay Finance Ltd,BSE,530789.BO,X,INE358C01010,None,58.79,INE358C01010
530795,Suncity Synthetics Ltd,BSE,530795.BO,X,INE584D01019,None,3.72,INE584D01019
530797,Shree Ganesh Elastoplast Ltd,BSE,530797.BO,X,INE400N01017,None,9.91,INE400N01017
530799,Anna Infrastructures Ltd,BSE,530799.BO,X,INE336D01014,None,12.1,INE336D01014
530809,BNR Udyog Ltd,BSE,530809.BO,X,INE355C01016,None,9.6,INE355C01016
530821,SSPDL Ltd-$,BSE,530821.BO,X,INE838C01011,None,28.96,INE838C01011
530825,Daikaffil Chemicals India Ltd,BSE,530825.BO,X,INE789B01018,None,25.4,INE789B01018
530829,Cil Securities Ltd,BSE,530829.BO,X,INE830A01012,None,19.21,INE830A01012
530845,Sunshield Chemicals Ltd,BSE,530845.BO,X,INE199E01014,None,919.9,INE199E01014
530235,KJMC Financial Services Ltd,BSE,530235.BO,X,INE533C01018,None,25.64,INE533C01018
530233,Auro Laboratories Ltd,BSE,530233.BO,X,INE292C01011,None,161.98,INE292C01011
530217,Swojas Foods Ltd,BSE,530217.BO,X,INE295B01016,None,31.16,INE295B01016
526751,Gratex Industries Ltd,BSE,526751.BO,X,INE915E01013,None,7.8,INE915E01013
526747,PG Foils Ltd,BSE,526747.BO,X,INE078D01012,None,246.16,INE078D01012
526739,Narmada Gelatines Ltd,BSE,526739.BO,X,INE869A01010,None,291.05,INE869A01010
526731,Bright Brothers Ltd-$,BSE,526731.BO,X,INE630D01010,None,133.29,INE630D01010
526727,Garnet Construction Ltd,BSE,526727.BO,X,INE797D01017,None,109.06,INE797D01017
526723,NTC Industries Ltd,BSE,526723.BO,X,INE920C01017,None,225.77,INE920C01017
530215,Kings Infra Ventures Ltd,BSE,530215.BO,X,INE050N01010,None,312.08,INE050N01010
526721,Nicco Parks & Resorts Ltd-$,BSE,526721.BO,X,INE653C01022,None,353.25,INE653C01022
526711,Adarsh Plant Protect Ltd,BSE,526711.BO,X,INE627D01016,None,29.13,INE627D01016
526709,Bits Ltd,BSE,526709.BO,X,INE839A01021,None,90.62,INE839A01021
526705,Elegant Marbles & Grani Industries Ltd,BSE,526705.BO,X,INE095B01010,None,56.59,INE095B01010
526703,Ecoplast Ltd-$,BSE,526703.BO,X,INE423D01010,None,165.47,INE423D01010
526755,Velan Hotels Ltd,BSE,526755.BO,X,INE548D01014,None,19.27,INE548D01014
526761,Howard Hotels Ltd,BSE,526761.BO,X,INE931B01016,None,22.33,INE931B01016
526775,Valiant Communications Ltd-$,BSE,526775.BO,X,INE760B01019,None,1423.34,INE760B01019
526813,Raghunath International Ltd,BSE,526813.BO,X,INE753B01014,None,5.6,INE753B01014
526827,Spice Islands Industries Ltd-$,BSE,526827.BO,X,INE882D01017,None,281.75,INE882D01017
526839,Shelter Infra Projects Ltd-$,BSE,526839.BO,X,INE413C01013,None,6.78,INE413C01013
526847,Ashirwad Steels & Industries Ltd,BSE,526847.BO,X,INE338C01012,None,29.99,INE338C01012
526851,Arex Industries Ltd,BSE,526851.BO,X,INE480H01011,None,38.97,INE480H01011
526859,ISF Ltd,BSE,526859.BO,X,INE973B01026,None,7.32,INE973B01026
526675,Tirth Plastic Ltd,BSE,526675.BO,X,INE008N01018,None,13.12,INE008N01018
526570,Midwest Gold Ltd,BSE,526570.BO,T,INE519N01014,None,4821.23,INE519N01014
526479,Sky Industries Ltd-$,BSE,526479.BO,X,INE765B01018,None,66.13,INE765B01018
526481,Phoenix International Ltd,BSE,526481.BO,X,INE245B01011,None,47.03,INE245B01011
526490,Pratik Panels Ltd,BSE,526490.BO,X,INE206C01029,None,43.07,INE206C01029
526492,Rishiroop Ltd,BSE,526492.BO,X,INE582D01013,None,80.83,INE582D01013
526494,Promact Plastics Ltd,BSE,526494.BO,X,INE818D01011,None,6.33,INE818D01011
526500,Sterling Green Woods Ltd,BSE,526500.BO,X,INE398F01019,None,8.06,INE398F01019
526508,Shahi Shipping Ltd-$,BSE,526508.BO,X,INE825D01016,None,19.06,INE825D01016
526519,Alpine Housing Development Corporation Ltd,BSE,526519.BO,X,INE840D01015,None,167.49,INE840D01015
526525,Worldwide Aluminium Ltd,BSE,526525.BO,X,INE550D01010,None,6.82,INE550D01010
526530,IIRM Holdings India Ltd,BSE,526530.BO,X,INE670C01026,None,745.84,INE670C01026
526532,Square Four Projects India Ltd,BSE,526532.BO,X,INE716K01020,None,18.24,INE716K01020
526554,Salguti Industries Ltd,BSE,526554.BO,X,INE159C01012,None,23.55,INE159C01012
526574,Enterprise International Ltd,BSE,526574.BO,X,INE439G01019,None,7.03,INE439G01019
526588,Photoquip India Ltd,BSE,526588.BO,X,INE813B01016,None,7.91,INE813B01016
526614,Expo Engineering And Projects Ltd,BSE,526614.BO,X,INE561D01025,None,159.57,INE561D01025
526616,National Plastic Industries Ltd,BSE,526616.BO,X,INE233D01013,None,38.95,INE233D01013
526622,MFL India Ltd,BSE,526622.BO,X,INE244C01020,None,14.41,INE244C01020
526628,Ajwa Fun World & Resort Ltd,BSE,526628.BO,P,INE863E01015,None,21.09,INE863E01015
526638,Texel Industries Ltd,BSE,526638.BO,X,INE594V01028,None,83.02,INE594V01028
526640,Royale Manor Hotels & Industries Ltd,BSE,526640.BO,X,INE008C01011,None,63.32,INE008C01011
526861,Rishi Laser Ltd,BSE,526861.BO,X,INE988D01012,None,126.61,INE988D01012
526865,Jainco Projects India Ltd,BSE,526865.BO,X,INE966C01010,None,4.72,INE966C01010
526869,Kumbhat Financial Services Ltd,BSE,526869.BO,X,INE795E01019,None,12.31,INE795E01019
530133,Amco India Ltd-$,BSE,530133.BO,X,INE924B01011,None,26.3,INE924B01011
530057,Vivanza Biosciences Ltd,BSE,530057.BO,X,INE984E01035,None,7.0,INE984E01035
530065,Lords Ishwar Hotels Ltd,BSE,530065.BO,X,INE689J01013,None,10.48,INE689J01013
530077,Puretrop Fruits  Ltd,BSE,530077.BO,X,INE795D01011,None,123.45,INE795D01011
530109,Anupam Finserv Ltd,BSE,530109.BO,X,INE069B01023,None,38.52,INE069B01023
530111,Raj Packaging Industries Ltd,BSE,530111.BO,X,INE639C01013,None,14.17,INE639C01013
530119,Natraj Proteins Ltd,BSE,530119.BO,X,INE444D01016,None,14.23,INE444D01016
530125,Samrat Pharmachem Ltd-$,BSE,530125.BO,X,INE103E01016,None,64.51,INE103E01016
530127,NPR Finance Ltd,BSE,530127.BO,X,INE446D01011,None,13.91,INE446D01011
530045,Titan Securities Ltd,BSE,530045.BO,X,INE090D01017,None,109.62,INE090D01017
530139,Kreon Finnancial Services Ltd,BSE,530139.BO,X,INE302C01018,None,109.04,INE302C01018
530145,Kisan Mouldings Ltd-$,BSE,530145.BO,X,INE017C01012,None,407.13,INE017C01012
530163,Kerala Ayurveda Ltd,BSE,530163.BO,X,INE817B01025,None,229.95,INE817B01025
530167,Moongipa Capital Finance Ltd,BSE,530167.BO,X,INE153K01018,None,16.04,INE153K01018
530169,Mohit Paper Mills Ltd,BSE,530169.BO,X,INE388C01017,None,39.2,INE388C01017
530171,Daulat Securities Ltd,BSE,530171.BO,X,INE108C01019,None,13.53,INE108C01019
530175,Odyssey Technologies Ltd-$,BSE,530175.BO,X,INE213B01019,None,58.05,INE213B01019
530177,VK Global Industries Ltd,BSE,530177.BO,X,INE758B01013,None,8.07,INE758B01013
530179,RSC International Ltd,BSE,530179.BO,X,INE015F01019,None,15.7,INE015F01019
530185,Surat Trade and Mercantile Ltd,BSE,530185.BO,X,INE936A01025,None,98.82,INE936A01025
530187,Atharv Enterprises Ltd,BSE,530187.BO,X,INE354E01031,None,6.12,INE354E01031
530207,Brawn Biotech Ltd,BSE,530207.BO,X,INE899B01015,None,6.02,INE899B01015
530213,Fortune International Ltd,BSE,530213.BO,X,INE501D01013,None,54.75,INE501D01013
530053,Real Eco-Energy Ltd,BSE,530053.BO,X,INE055E01034,None,43.6,INE055E01034
530043,Acknit Industries Ltd,BSE,530043.BO,X,INE326C01017,None,85.2,INE326C01017
526871,Intec Capital Ltd,BSE,526871.BO,X,INE017E01018,None,29.83,INE017E01018
526965,Gujarat Craft Industries Ltd,BSE,526965.BO,X,INE372D01019,None,48.39,INE372D01019
526873,Rajasthan Securities Ltd,BSE,526873.BO,X,INE184D01026,None,362.0,INE184D01026
526877,Siddheswari Garments Ltd,BSE,526877.BO,X,INE797C01019,None,8.14,INE797C01019
526891,Market Creators Ltd,BSE,526891.BO,X,INE944C01017,None,7.65,INE944C01017
526899,Himalaya Food International Ltd,BSE,526899.BO,X,INE552B01010,None,80.21,INE552B01010
526901,Sonal Adhesives Ltd,BSE,526901.BO,X,INE344I01017,None,25.12,INE344I01017
526931,Hariyana Ship Breakers Ltd-$,BSE,526931.BO,X,INE400G01011,None,59.29,INE400G01011
526941,Vaishno Cement Company Ltd,BSE,526941.BO,P,INE116E01018,None,3.8,INE116E01018
526945,Tyroon Tea Company Ltd,BSE,526945.BO,X,INE945B01016,None,29.94,INE945B01016
526967,Heera Ispat Ltd,BSE,526967.BO,X,INE025D01013,None,4.53,INE025D01013
530037,Sparkle Gold Rock Ltd,BSE,530037.BO,X,INE618F01010,None,29.33,INE618F01010
526971,Dhoot Industrial Finance Ltd,BSE,526971.BO,X,INE313G01016,None,139.25,INE313G01016
526977,Crimson Metal Engineering Company Ltd,BSE,526977.BO,P,INE318P01016,None,21.38,INE318P01016
527005,Shree Pacetronix Ltd,BSE,527005.BO,X,INE847D01010,None,51.65,INE847D01010
530025,Samyak International Ltd,BSE,530025.BO,X,INE607G01011,None,12.4,INE607G01011
530027,Aadi Industries Ltd,BSE,530027.BO,X,INE563D01013,None,9.6,INE563D01013
890234,Vertex Securities Ltd,BSE,890234.BO,X,IN9316D01014,None,5.77,IN9316D01014
523031,A D S Diagnostics Ltd,BSE,523031.BO,Y,,None,2.55,
531562,Pushpsons Industries Ltd,BSE,531562.BO,Y,NA,None,,NA
